:020000040800F2
:1048000000400020758F0008658D0008678D000846
:104810000000000000000000000000000000000098
:10482000000000000000000000000000698D00088A
:1048300000000000000000006B8D00086D8D000876
:10484000C58F0008C58F0008C58F0008C58F0008F8
:10485000C58F0008C58F0008C58F00086F8D000840
:10486000C58F0008C58F0008C58F0008C58F0008D8
:10487000C58F0008C58F0008C58F0008C58F0008C8
:10488000C58F0008C58F0008C58F0008798D000806
:10489000898D0008C58F0008C58F0008C58F0008E6
:1048A000C58F0008C58F0008C58F0008C58F000898
:1048B000C58F0008C58F0008998D0008A98D0008D4
:1048C00010B5064C2378002B07D1054B002B02D0E6
:1048D000044800E000BF0123237010BDD80300206E
:1048E000000000009CD10008044B10B5002B03D041
:1048F0000349044800E000BF10BDC04600000000AE
:10490000DC0300209CD100080023C25C0133002A94
:10491000FBD1581E7047000002B471464908490097
:10492000095C49008E4402BC7047C04603B471461E
:10493000490840004900095A49008E4403BC7047A9
:10494000002243088B4274D303098B425FD3030ACE
:104950008B4244D3030B8B4228D3030C8B420DD3E1
:10496000FF22090212BA030C8B4202D3121209026F
:1049700065D0030B8B4219D300E0090AC30B8B42AD
:1049800001D3CB03C01A5241830B8B4201D38B035B
:10499000C01A5241430B8B4201D34B03C01A524100
:1049A000030B8B4201D30B03C01A5241C30A8B4243
:1049B00001D3CB02C01A5241830A8B4201D38B022E
:1049C000C01A5241430A8B4201D34B02C01A5241D2
:1049D000030A8B4201D30B02C01A5241CDD2C30944
:1049E0008B4201D3CB01C01A524183098B4201D3C0
:1049F0008B01C01A524143098B4201D34B01C01AAB
:104A0000524103098B4201D30B01C01A5241C30822
:104A10008B4201D3CB00C01A524183088B4201D391
:104A20008B00C01A524143088B4201D34B00C01A7D
:104A30005241411A00D20146524110467047FFE7E9
:104A400001B5002000F0F0F802BDC0460029F7D003
:104A500076E7704703460B437FD4002243088B421E
:104A600074D303098B425FD3030A8B4244D3030BF5
:104A70008B4228D3030C8B420DD3FF22090212BABA
:104A8000030C8B4202D31212090265D0030B8B4236
:104A900019D300E0090AC30B8B4201D3CB03C01A20
:104AA0005241830B8B4201D38B03C01A5241430BFB
:104AB0008B4201D34B03C01A5241030B8B4201D3EB
:104AC0000B03C01A5241C30A8B4201D3CB02C01A56
:104AD0005241830A8B4201D38B02C01A5241430ACE
:104AE0008B4201D34B02C01A5241030A8B4201D3BD
:104AF0000B02C01A5241CDD2C3098B4201D3CB0164
:104B0000C01A524183098B4201D38B01C01A524112
:104B100043098B4201D34B01C01A524103098B4216
:104B200001D30B01C01A5241C3088B4201D3CB0001
:104B3000C01A524183088B4201D38B00C01A5241E4
:104B400043088B4201D34B00C01A5241411A00D294
:104B500001465241104670475DE0CA0F00D04942FD
:104B6000031000D34042534000229C4603098B426D
:104B70002DD3030A8B4212D3FC22890112BA030AF5
:104B80008B420CD3890192118B4208D38901921177
:104B90008B4204D389013AD0921100E08909C309FC
:104BA0008B4201D3CB01C01A524183098B4201D3FE
:104BB0008B01C01A524143098B4201D34B01C01AE9
:104BC000524103098B4201D30B01C01A5241C30861
:104BD0008B4201D3CB00C01A524183088B4201D3D0
:104BE0008B00C01A5241D9D243088B4201D34B00EB
:104BF000C01A5241411A00D20146634652415B102D
:104C0000104601D34042002B00D54942704763460D
:104C10005B1000D3404201B5002000F005F802BD52
:104C20000029F8D016E770477047C046D0400B0007
:104C3000D1409C46203AD3401843524263469340A9
:104C400018437047F0B5DE46454657464E46E0B538
:104C500087B0009201930B031B0B9B46CA0F4B00BE
:104C6000040080465B0D029200D16AE1D44A93426F
:104C700000D18CE15946420FC9000A438021090442
:104C80001143C2009046CF4A894692469A44002377
:104C900000240393009E019F3B031B0B9B467B005C
:104CA00030005B0DFD0F002B00D128E1C44A934278
:104CB00000D177E15946720FC9000A4380210904E7
:104CC00011438B46BF49F2008C4651466344CB1AD0
:104CD0009A460023029E6E400F2C27D8BA49A400A2
:104CE00009598F46CB464246029E039B022B16D0A3
:104CF000032B00D1A6E2012B00D0DFE0002200232D
:104D0000002490461B052343F60733434046190011
:104D100007B0F0BCBB46B246A946A046F0BD002293
:104D200000249046A64BEDE72E00DFE7CB4500D2EE
:104D3000D4E100D1CFE101235B429C464446484682
:104D40000027E2445B46150E1B021D43190C2B0481
:104D5000120200951D0C914602910395FFF776FE15
:104D600002006A430B04210C804619438A4209D988
:104D7000009D0123AC465B4261449C46E0448D4269
:104D800000D8FBE1881A0299FFF760FE039A240419
:104D900042430904240C03000C43A24206D90099A3
:104DA000013B8C466444A14200D8E1E1A01A42468E
:104DB00012041A4393464B4659461B0C1D0004939C
:104DC0000B0449460904090C0C001B0C5C43120C33
:104DD0006B43884651436A43250CAC465B186344D9
:104DE000994203D9802149028C466244190C24045B
:104DF0001B04240C8A181C19904202D316D1A74216
:104E000014D25B46009D013B4F4405934F459B41A7
:104E1000AC465B426344C018854200D3A1E18242A4
:104E200000D9F6E100D1F1E1059B9B463C1BA7426E
:104E3000BF41009D801A7F42C01B854200D1D0E156
:104E40000299FFF703FE039A0B044243210C07006B
:104E500019438A4200D978E1881A0299FFF7F6FDD2
:104E6000039A240442430904240C03000C43A24285
:104E700000D95DE14146A41A3A041A43049D130483
:104E80001B0C594347466B439C46100C47430B0C85
:104E9000BC44634468439F4203D980256D02AC46FD
:104EA00060441F0C09041B04090C3F185B18BC422A
:104EB00000D202E100D1FDE001231A43434B5344E9
:104EC000002B00DCAEE0510700D098E15946C90143
:104ED00006D559463E4B194080238B46DB00534490
:104EE0003C498B4200DD1AE75946D2084907114375
:104EF0005A465B0554028846240B5B0D02E75A466E
:104F0000009B1A4300D17EE05B46002B00D100E1FC
:104F1000584600F0E3FC020003000B3A1D27009EF8
:104F2000BA1A19005846D640083988403200024360
:104F30009346009A8A40284953448A469A4400235B
:104F4000C8E65B460343994656D05B46002B00D12A
:104F5000CDE0584600F0C2FC0B235B429C460200A9
:104F6000844466461D239B1B260011005846DE40E4
:104F70000839884033000343994623008B40984604
:104F8000164B00249B1A9A460023039382E65A4646
:104F9000024391462AD100229A46022390460824D1
:104FA000039377E65A46009B1A430D4B9C46E24416
:104FB000002A17D102231C4300239B46023389E6B3
:104FC000FF07000001FCFFFFB4D10008FF03000051
:104FD000FFFFFFFEFE070000F30300000DFCFFFFD4
:104FE00001F8FFFF032332001C4373E69A460323B4
:104FF000D9460C2403934DE6002398469A46013384
:105000000424039346E601231C4300239B460133FB
:1050100060E60023802498460026924B240371E624
:10502000012252420121C91A382900DD66E61F29F2
:1050300000DCABE01F204042C31A5846D8400300B2
:10504000202904D058468849514488400243511EC3
:105050008A411A43072319000024114013420CD03F
:105060000F231340042B00D1F9E0111D91429B4105
:105070000A005B4259075B021C0BD2080A439046A8
:1050800000233FE680244B462403234209D05B469D
:10509000234206D11C4324032E009046714B240B5F
:1050A00030E680244B4624031C432403029E6D4BB0
:1050B000240B27E6002B00D100E70098511E844600
:1050C0006444844200D284E0BC4200D2AEE000D10D
:1050D000C1E00A00F0E6424500D92CE64B46DC0769
:1050E000580843465B081C434346DF072AE600F0A6
:1050F000F5FB15239C4684440200634620321C2B9A
:1051000000DC2EE7230008388340994600239846A8
:1051100036E700F0E3FB02000300153220331C2ABF
:1051200000DCFBE600990838814000228B4602E74C
:105130000099013B8C466444A14200D99AE6A24200
:1051400000D897E6831E644494E6AC466144013F70
:105150008D4200D980E68A4200D87DE6871E6144F0
:105160007AE6854200D05FE6B94500D95CE656E6AE
:10517000A24200D81AE6831E644417E68A4200D889
:1051800000E6AC46831E98466144FBE537481400B0
:10519000504482405B4617008340CC407A1E9741C2
:1051A00023433B431A005B46CB40510709D00F21F4
:1051B0001140042905D0111D9142924152429B1881
:1051C0000A00190200D455E700220123002490466A
:1051D00098E50A00BC4200D06EE64B4500D06BE675
:1051E0006CE6234B234A5344924500DA18E7012129
:1051F00049420A1D8A42894149428B4466E60F2191
:105200001140042900D161E61100F2E7BC4200D848
:105210000AE602235B429C4600994F444F459B415E
:10522000E3448C465B426344C018FFE54946009D59
:10523000480048458941AC46494261448146023AAA
:105240006418C7E780245B4624031C43240390466C
:10525000044B240B56E59945E8D30A00BDE700232B
:1052600008E7C046FF0700003E0400001E040000DF
:10527000FF03000002FCFFFFF0B55746DE464E4636
:105280004546E0B51F000B031B0B16009A46CA0FDC
:105290004B000400934687B05B0D00D1D5E0BB4ABC
:1052A000934200D1F8E05146420FC9000A438021E1
:1052B00009041143C2009146B54A8A469D1800234D
:1052C000984602933C037B00FA0F3000240B5B0DE1
:1052D000009200D196E0AD4A934231D0720FE400C3
:1052E0002243802424041443A94AF00094466344D2
:1052F0005B195A1C0192424600260A2A42DC5A4691
:1053000000994A4093464246022A32DC013A012A79
:1053100000D949E1022E00D1CAE0012E3DD100237F
:105320000024002210005A461B052343D2071343D2
:10533000190007B0F0BCBB46B246A946A046F0BD76
:10534000924B2643EB18002E00D1BBE003224146CE
:1053500011435A46884600994A40802109018C46EB
:1053600029006144019141460A2900DD33E2934658
:105370000326424601279740A6213A00C9000A4069
:105380000F4231D0029E022E00D135E2032E00D111
:10539000D2E154464846012EC1D0019A7D4B944635
:1053A0006344002B00DCC0E0420709D00F2202401A
:1053B000042A05D0021D8242804140422418100078
:1053C000E20106D5744B019A1C4080239446DB0011
:1053D0006344724A93426BDC6207C00864025B0557
:1053E0000243240B5B0D9DE7902189000F4263D19E
:1053F00088223A4200D1D7E0009BA2469B468146D4
:105400000296BFE72300334300D17FE0002C00D198
:10541000ADE1200000F062FA020003000B3A1D200B
:105420001900821A30000839D0408C400443300003
:1054300088405B4AEB1A944663445A1C01924246E8
:1054400000260A2A00DC5AE79CE7534603439946A4
:1054500054D05346002B00D177E1504600F03EFA7D
:105460000B235B429C4602008444110050460839DD
:1054700088401D23804660461B1A2000D840030048
:10548000404603439A4623008B4099460023444DEF
:105490009846AD1A029315E752460243914626D12B
:1054A00000221D000223924608329046029309E72B
:1054B00000240022354B35E7002380249B4624033B
:1054C000324B2FE7022241461143802212019446BB
:1054D0002A006244884601920A2900DD52E75A46B2
:1054E0000020009904004A40934602260BE70C2254
:1054F0001D000323814690460293E3E600239A466B
:1055000004339846033B00250293DBE64246013311
:105510001A432B0090465A1C019242460024002058
:1055200001260A2A00DCEAE62CE70122D21A382AF0
:1055300000DDF4E61F2A00DC2AE11F214942CB1AD4
:105540002100D9400B00202A05D0164A019D94461F
:105550006544AC402043421E904118430723190084
:105560000024014003420CD00F230340042B00D140
:1055700040E1031D8342A4411800644261076402B4
:10558000240BC20800230A43CCE6C046FF070000F4
:1055900001FCFFFFFF030000FFFFFFFEFE0700000E
:1055A0000DFCFFFF3E04000049464A460904090C71
:1055B0000D00160C020C0004000C4543AC4605001F
:1055C0007543A84615000F007543009202952A0006
:1055D000009D6F4365462D0CA94647444F44B8458E
:1055E00005D91500802252029046454402953D0C93
:1055F000039565462D043F042D0CAC463D006544E3
:105600000495250C2404240CAC4625007543A846BB
:1056100065460F006943414489466743390C494454
:105620006E43884503D980225202904646440D0CB1
:10563000A846350045440595039D3F04A8463F0C08
:105640000904C91988444546039555462E04360C6D
:105650002F0C35004543784381463800A8462D0C71
:10566000AA46009A504372434A445244914503D992
:1056700080256D02A9464844150CA94645462D04CF
:105680002D0CA84665467D43120448449044A94623
:105690003200654662436E437C43170C3619BF19CE
:1056A000BC4203D980246402A446E144029C039EC8
:1056B000A446059D66448E428941AC4612043C04D2
:1056C000120CA2186244494254184644A446464566
:1056D000A44182466442A046AA4292418C45894137
:1056E000E244D044494252420A43A045A441824583
:1056F0008941644249420C4341463F0CD219121978
:10570000CC0D049970020843411E884141464A4429
:10571000F60D52023043490214430843D20135D5F5
:105720000122430802401343E0071843640834E6AB
:10573000009BA2469B4681468024534624031C437B
:1057400024034A462E4B240BECE500F0C7F8152342
:105750009C4684440200634620321C2B00DC84E615
:10576000002399462300083883409A468EE600F0CD
:10577000B5F802000300153220331C2A00DC4EE687
:1057800002003400083A0020944052E6019304E6F7
:105790001C4B21009C460300019DD3406544A94059
:1057A00019430300AB40581E834119430800D440FD
:1057B0004B0709D00F230B40042B05D00B1D8B4248
:1057C0008041404224181800230200D4D6E6012369
:1057D00000240022A6E50F29AAD1802352461B03EC
:1057E0001A42A9D01C42A7D11C43009B02009B4631
:1057F000034B97E50024C1E60024014B220091E50C
:10580000FF0700001E0400000B00020070B5164DDB
:105810000C0382B04900002000920193240B490D33
:10582000DE0FA94204DD1148814203DD104BF01860
:1058300002B070BD8020400320430E4C641A1F2C20
:1058400008DD0D4B5B1AD84003005842002EEFD103
:105850001800EDE7094B009A9C46030061448B4019
:10586000E2401343F1E7C046FE0300001D040000C0
:10587000FFFFFF7F3304000013040000EDFBFFFF78
:1058800070B5002816D0C317C5185D40C40F280096
:1058900000F024F8104B1B1A5B055B0D0A2814DC82
:1058A00002002E00153296400B22121AD5402D030D
:1058B0002D0B03E000240023002500261B052B43AD
:1058C000E40723433000190070BD0B3885402D03D9
:1058D00000262D0BF2E7C0461E0400001C21012308
:1058E0001B04984201D3000C10391B0A984201D3C3
:1058F000000A08391B09984201D30009043902A2A1
:10590000105C40187047C046040302020101010107
:1059100000000000000000007FB5244E00900191BF
:1059200005B20121041430000292039302F0FCFD41
:10593000281A0A2819DD1E4B1E4A196C126891425A
:1059400002D91A6C013A1A640321300002F0ECFD0E
:10595000201A0A2819DD164B174AD96B1268914292
:1059600002D2DA6B0A32DA637FBD0121300002F025
:10597000DBFD2D1A0A35E7DA0D4B104A196C126857
:105980009142E1D21A6C0132DDE70321300002F0CE
:10599000CBFD241A0A34E7DA054B094AD96B1268A1
:1059A0009142E1D9DA6B013ADDE7C04614050020E7
:1059B00000040040740400200402002000020020C3
:1059C000700400200122234B70B51B7C224C050083
:1059D0001021200013421AD002F0A6FD01280AD19E
:1059E0002021200002F0A0FD0422024320212000FB
:1059F00092B202F063FD2021200002F095FD042305
:105A0000984382B22021200002F058FD70BD02F0C0
:105A100055FD2021200002F087FD0423984382B227
:105A20002021200002F04AFDAA891821200002F05E
:105A300067FD1121200002F077FD0C23EA5E33237D
:105A40005A435212193A504343435B125B426B81F3
:105A5000DCE7C0460C04002014050020064A074974
:105A6000136C64330B60116C0023642901D9136C2F
:105A7000643B034A136070470004004000020020AA
:105A80007404002010B58010642800D26420034BF9
:105A900064381864FFF7E2FF10BDC0460004004000
:105AA00010B50C4C0021200002F03EFD9623DB00D7
:105AB00098420DD30021200002F036FD064B98429B
:105AC00006D80021200002F02FFD00B2FFF7DAFF18
:105AD00010BDC04614050020DC050000064A074939
:105AE000D36BC8330B60D16B0023C82901D9D36BAA
:105AF000C83B034A136070470004004004020020C2
:105B000070040020A02362229B0043435B120133F8
:105B100053430649002210B58B4202D8044ADB09E0
:105B2000D21A044BDA63FFF7D9FF10BDFF2A020037
:105B3000560400000004004010B5084C022120006B
:105B400002F0F2FC96239B00984206D80221200026
:105B500002F0EAFC00B2FFF7D5FF10BD14050020EB
:105B600010B5084C0321200002F0DEFC96239B00B8
:105B7000984206D80321200002F0D6FC00B2FFF7BD
:105B8000C1FF10BD14050020014B18787047C046B6
:105B900008020020014B18707047C0460802002020
:105BA00010B5084B1B78012B05D0042B03D0012224
:105BB000002B01D010BD002290200421C00504F06C
:105BC000ADFBF7E70802002084B0039303B2019114
:105BD0000120002B0ED06B469B89074A9033FF3380
:105BE0009BB2934206D86B460620185E9638434215
:105BF0005841C0B204B070476A07000070B5E12692
:105C00000022835E0500264CF600B34219DB00211A
:105C1000244A200002F052FCAF220421120120008D
:105C200002F04CFC0022AB5EB3421CDB20212000C2
:105C300002F07AFCDF2220210240200002F03EFC2C
:105C400011E0C826F600B34217DC0021164A2000F6
:105C500002F034FC154A0421200002F02FFC00223F
:105C6000AB5EB342E2DD00220D21200002F026FCF3
:105C700001F062FF02F04AF870BD96220021D200C6
:105C8000200002F01BFC094A0421200002F016FC4F
:105C90002021200002F048FC2021084382B2CCE7FA
:105CA00014050020C80A000064050000AA050000D1
:105CB000F8B5464C05001C21200002F035FC0128F7
:105CC0000BD100220A21200002F0F8FB0023404AF9
:105CD0001360404A1360404A13600A21200002F01A
:105CE00023FC012822D0022845D0002866D1384A5A
:105CF00030211368200001331360364A13680133E2
:105D00001360202202F0DAFB02223121200002F08F
:105D1000D5FB032120000223ED5E02F005FCF323F6
:105D2000434301221B129D4220DDF8BD284A2A4D23
:105D300013683021013313602B68202201332000C7
:105D40002B6002F0BBFB02223121200002F0B6FBE7
:105D5000204B2A681B685B089342E6D80521200087
:105D600002F0E2FB2B689842DFD802220A212000D1
:105D700002F0A4FBD9E7164D164F174E2A683B6870
:105D8000316801325B182A605B009A42CDD306214C
:105D9000200002F0C9FB2B689842C6D80B212000D6
:105DA00002F0C2FB0128C0D100220A21200002F02B
:105DB00085FB00232B603B603360B6E75022302127
:105DC000200002F07BFB02223121D0E714050020E5
:105DD00078040020800400207C04002070B501229B
:105DE0000D00040040211E4804F098FA0122102101
:105DF0001B4804F093FA01222021194804F08EFA7E
:105E0000022D08D0402C1DD006D8202C25D0302CB7
:105E100015D0102C0BD070BD602C19D0702C09D06F
:105E2000502CF8D1002240210D4804F077FA0022CE
:105E3000102109E000224021094804F06FFA0022F5
:105E4000102107E000222100054804F067FAE2E78C
:105E500000224021024804F061FA00222021F3E7E9
:105E6000000400480321034A13688B430343136073
:105E70007047C04600000140044BDA68002902D098
:105E80000243DA6070478243FBE7C04600100240DD
:105E900000234360037070470223002901DD416045
:105EA000013B0370704743680278002B04D1012A3C
:105EB00001D1023303707047012AFCD1013B4360DA
:105EC000F9E70381002310B502AC2478C160C474E3
:105ED000028283744360037010BD10B5C37C04005C
:105EE000002B0BD1C36800229A5E1021435E9A42B8
:105EF0000DDB0023A374636023701AE0012BF8D13B
:105F0000C36800229A5E1021435E9A42F1DD237835
:105F1000002B03D120002189FFF7BEFF2378012B3E
:105F200002D12000FFF7BFFF2378022B01D1013BF4
:105F3000A37410BD036810B51B880824025F9B1A68
:105F40000A24025F0F2453438289134142689B0154
:105F500062439B181A119B121BB24260C3810B80D3
:105F600010BD0000224B10B500241C5F214B002007
:105F7000185E001BFFF784FC02000B0000201E4986
:105F8000FEF760FE00221D4BFFF776F9FFF73CFCA1
:105F90001B4B1C4A1A601C4A9A600B229A811B4BAD
:105FA0001B4A1A601B4A9A600C229A811A4B1B4AA0
:105FB0001C811A600A2258819A81194B194A1A6069
:105FC000194A9A6005229A81184B194A1A60194A8F
:105FD0009A6006229A81197C053A0A431A74164B74
:105FE000164A1A60FA2252049A6008229A8110BD59
:105FF000B8F7FF1FC2F7FF1F000054400000904099
:106000005C0400200E050020000017074804002053
:10601000100500200000E3093404002012050020D0
:106020002004002008050020C012FFFF0C040020FF
:106030000A050020E8023800F80300200C050020C3
:10604000414B70B500241C5F404B0020185E001BC4
:10605000FFF716FC02000B0000203D49FEF7F2FDA1
:1060600000223C4BFFF708F9FFF7CEFB3A4B3B4AC7
:106070001C811A600A223A4C5881382120009A81EA
:1060800002F052FA39210600200002F04DFA3A21BE
:106090000500200002F048FA324B334A98813B2138
:1060A00020001A601E815D8102F03EFA3C2106004C
:1060B000200002F039FA3D210500200002F034FAF8
:1060C0002A4B2B4A9881412120001A601E815D8154
:1060D00002F02AFA42210600200002F025FA4321AC
:1060E0000500200002F020FA224B234A9881472124
:1060F00020001A601E815D8102F016FA4821060018
:10610000200002F011FA49210500200002F00CFAEB
:106110001A4B1B4A9881442120001A601E815D8120
:1061200002F002FA45210600200002F0FDF94621A6
:106130000500200002F0F8F9124B134A1E815D8120
:106140001A60988170BDC046B8F7FF1FC2F7FF1FE5
:10615000000054400000904034040020120500204C
:10616000140500205C0400200E05002048040020D7
:106170001005002020040020080500200C04002049
:106180000A050020F80300200C050020F7B57C4E1E
:10619000010005003000FFF7CDFE3368794C1A8806
:1061A000212192B2200002F089F933684B212000AE
:1061B0001F8802F0B9F9BFB20123874209D33368BF
:1061C0004C2120001F8802F0AFF9BFB2B8429B41BA
:1061D0005B420127327CA91CBA43134333746A4ED5
:1061E0003000FFF7A7FE336822211A88200092B200
:1061F00002F064F933684D211B8820009BB20193A3
:1062000002F092F9019A3B00824209D333684E2191
:1062100020001F8802F088F9BFB2B842BF417B421C
:106220000127327C291DBA4313433374574E300083
:10623000FFF780FE336823211A88200092B202F013
:106240003DF9336855211B8820009BB2019302F071
:106250006BF9019B834209D33368562120001F88C4
:1062600002F062F9BFB2B842BF417F420122337CE3
:10627000474993433B433374464E474B37681B882B
:10628000388801934843FEF75BFB019BC01A5023FB
:106290005843424B1988019BC91AFEF7DBFB1E309D
:1062A00028813A88262192B2200002F007F933684B
:1062B0004F211B8820009BB21F0002F035F90123FB
:1062C00087420AD3336850211B8820009BB21F00ED
:1062D00002F02AF9B8429B415B420127327CA91D9A
:1062E000BA43134333742E4E3000FFF723FE336856
:1062F00025211A88200092B202F0E0F8336851217B
:106300001B8820009BB2019302F00EF9019A3B001A
:10631000824209D33368522120001F8802F004F919
:10632000BFB2B842BF417B4201272900327C0C3109
:10633000BA43134333741B4E3000FFF7FBFD336841
:1063400024211A88200092B202F0B8F83368532151
:106350001D882000ADB202F0E7F8854209D333680A
:10636000542120001D8802F0DFF8ADB2A842BF41E1
:106370007F420122337C93433B433374F7BDC046D5
:106380005C0400201405002048040020F8030020CD
:10639000E40C000034040020B8F7FF1FC2F7FF1F11
:1063A000200400200C040020F8B507000E001500A2
:1063B000294B2A4C4B2818D8002203211A702000A0
:1063C0002A0002F07BF82021200002F0ADF8FD2227
:1063D00020210240200002F071F801222E2120002D
:1063E00002F06CF801F054FD23E002004C3A092A57
:1063F00022D81A78002A1FD12021200002F094F818
:1064000002220243202192B2200002F057F86420B9
:10641000134B144A7B439B1831005843FEF71AFB79
:1064200082B2AA4206D80321200002F047F8FFF703
:1064300097FBF8BD2A00F6E70122202120001A7000
:1064400002F072F80222024392B22021200002F0F0
:1064500035F80022C2E7C046F403002014050020EE
:1064600089FEFFFF298B000010B50C4B0C490D4A2B
:106470001868C85004339342FAD101210800FFF78D
:10648000FBFC0320FFF7EEFC074B1B78012B04D12C
:10649000064B1B78012B00D1C04610BD00480008F8
:1064A00000B8FF17C0480008FCEF0008FCF7000820
:1064B0007FB5684603F0FAFD6B461B7BBB2B0DD006
:1064C00003F010FC03F02CFC02236A46009368469C
:1064D000B933137303F034FD03F0B4FC03F036FC5E
:1064E00003F014FC07B000BD10B5054C200002F00D
:1064F000ADFF06222000034902F08CFE10BDC0460D
:106500009C0900200805002010B5054C082120003A
:1065100005F0F6F80C21200005F0F2F810BDC04699
:10652000980A002070B50225164804F063FE16484C
:10653000FFF7AEFC154C2000FFF7AAFCC821200095
:10654000FFF7AAFC124C2000FFF7A2FC2570114CAB
:106550002000FFF79DFC20000F49FFF79DFC2570F0
:106560000E4C2000FFF794FC0A212000FFF794FC5A
:106570000B4C2000FFF78CFC20000A49FFF78CFC35
:1065800070BDC046500A0020FC040020F404002026
:10659000EC040020E404002060EA0000DC04002099
:1065A000D4040020002E930270B5444C0022312107
:1065B000200001F083FF40223021200001F07EFF07
:1065C0003021200001F0B0FF3D4E3E4D0021C0B211
:1065D000FFF704FC2E60C82002F018FD2E6001F0C9
:1065E00047FA394D38212A89200001F067FF6A896E
:1065F0003921200001F062FFAA893A21200001F030
:106600005DFF324D3B212A89200001F057FF6A8946
:106610003C21200001F052FFAA893D21200001F019
:106620004DFF2B4D3E212A89200001F047FF6A894A
:106630003F21200001F042FFAA894021200001F003
:106640003DFF244D41212A89200001F037FF6A894E
:106650004221200001F032FFAA894321200001F0ED
:106660002DFF1D4D44212A89200001F027FF6A8952
:106670004521200001F022FFAA894621200001F0D7
:106680001DFF164D47212A89200001F017FF6A8956
:106690004821200001F012FFAA894921200001F0C1
:1066A0000DFF02220A21200001F008FF01222E2105
:1066B000200001F003FF01F0EBFB70BD140500208A
:1066C000AAAA0000003000405C040020480400201A
:1066D0003404002020040020F80300200C040020D3
:1066E00010B5024801F0E2FD10BDC04614050020BF
:1066F00070B581260024B6001A4D1B4BEB5AA342FD
:1067000008D84A21280001F00FFF012827D1FFF700
:1067100097FC70BD2100280001F0BAFE134B98428F
:106720000ED0AB5900011B185B7A2100012B0AD057
:10673000280002F029F821000200280001F0BEFE26
:106740000134A4B2D8E70A4800F0F6FE21000200A6
:10675000280001F0B3FE0028F2D02100E8E7FFF79F
:1067600001FCD6E71405002012020000FFFF000024
:1067700000F8000837B5FFF7BBFF234C2C212000A1
:1067800001F0D2FE002828D1FFF7D6F9FFF788F9EB
:106790000421200001F0C8FE0124643002B21B492C
:1067A0001B481C4B0094FFF78CFB23001A491B4825
:1067B0001B4A0094FFF785FBFA23AF2219491A48B8
:1067C00000949B009200FFF77CFB4B22174918486E
:1067D000104B0094FFF775FB37BD2C21200001F012
:1067E000A3FE0128D4D12A21200001F09DFE114DE5
:1067F0002864FFF733F92B21200001F095FEE863B0
:10680000FFF76CF9C4E7C04614050020D807002044
:10681000C0040020B80B0000DC0700209804002012
:1068200014050000DA070020AC040020E007002077
:10683000840400200004004070B5434B434C9B7C13
:106840001F212000002B60D001F06EFE01220243C8
:1068500092B21F21200001F031FE3D4B1F219B7C95
:106860002000002B57D001F05FFE0222024392B2BB
:106870001F21200001F022FE364B1F219B7C2000AF
:10688000002B4ED001F050FE0422024392B21F2191
:10689000200001F013FE304D132120000C23EE5E8A
:1068A00001F042FE2021864208DC122120000C2348
:1068B000EE5E01F039FE2021864238DD200001F035
:1068C00033FE0822024392B22021200001F0F6FD9F
:1068D00068882B88E98800041843AB886A89090412
:1068E00019432B8912041A43AB89FFF76DF9202154
:1068F00005002000012D21D101F016FE0543AAB2AA
:106900002021200001F0DAFD70BD01F00DFE012311
:10691000984382B29DE701F007FE0223984382B2BA
:10692000A6E701F001FE0423984382B2AFE72000FE
:1069300001F0FAFD0823984382B2C5E701F0F4FDA7
:10694000FE220240DCE7C046980400201405002027
:1069500084040020C0040020D807002010B5174987
:106960000223CA5E05235343154A5B12134004D524
:106970001022013B5242134301331A1CDBB20A2B93
:1069800000D90A220F48D3B29B001A5801321A507C
:106990000823CA5E3323002053435A12834203DB89
:1069A0006430824200DC10B20A21FEF753F8064A36
:1069B00000B2800083580133835010BDD8070020F7
:1069C0000F000080880700203807002070B50024E1
:1069D0002600A8B0282268461A4900F030FD1A4A5D
:1069E0001A486946A300C958156881421DD16946F5
:1069F000CD50013440C2142CF3D10026144A69460C
:106A0000A300C9581568814215D16946CD5001349B
:106A100040C2282CF3D11E2000F03AFD2200684627
:106A2000084900F017FD28B070BD6946C9584919DA
:106A30006D46E950DDE76946C95849196D46E95088
:106A4000E5E7C04600F0000888070020FFFF0000CF
:106A50003807002010B5A8B0684628227A4900F00F
:106A6000EEFC7A4C009A5B212000120C01F026FD0E
:106A7000009A5C21200092B201F020FD019A5D2174
:106A80002000120C01F01AFD019A5E21200092B242
:106A900001F014FD029A5F212000120C01F00EFD9E
:106AA000029A6021200092B201F008FD039A612150
:106AB0002000120C01F002FD039A6221200092B224
:106AC00001F0FCFC049A63212000120C01F0F6FC9A
:106AD000049A6421200092B201F0F0FC059A65212D
:106AE0002000120C01F0EAFC059A6621200092B207
:106AF00001F0E4FC069A67212000120C01F0DEFC94
:106B0000069A6821200092B201F0D8FC079A692108
:106B10002000120C01F0D2FC079A6A21200092B2E8
:106B200001F0CCFC089A6B212000120C01F0C6FC8D
:106B3000089A6C21200092B201F0C0FC099A6D21E4
:106B40002000120C01F0BAFC099A6E21200092B2CA
:106B500001F0B4FC149A6F212000120C01F0AEFC7D
:106B6000149A7021200092B201F0A8FC159A7121AC
:106B70002000120C01F0A2FC159A7221200092B2A2
:106B800001F09CFC169A73212000120C01F096FC77
:106B9000169A7421200092B201F090FC179A752188
:106BA0002000120C01F08AFC179A7621200092B284
:106BB00001F084FC189A77212000120C01F07EFC71
:106BC000189A7821200092B201F078FC199A792164
:106BD0002000120C01F072FC199A7A21200092B266
:106BE00001F06CFC1A9A7B212000120C01F066FC6B
:106BF0001A9A7C21200092B201F060FC1B9A7D2140
:106C00002000120C01F05AFC1B9A7E21200092B247
:106C100001F054FC1C9A7F212000120C01F04EFC64
:106C20001C9A8021200092B201F048FC1D9A81211B
:106C30002000120C01F042FC1D9A8221200092B229
:106C400001F03CFC28B010BD00F000081405002045
:106C500070B5474C0C21200001F066FC002821D0C3
:106C6000012800D07BE000223121200001F026FC29
:106C70000021200001F058FCE123DB00984205D3FD
:106C800030221100200001F019FC14E00021200046
:106C900001F04AFCC8231022DB00984200D9602290
:106CA0003021EFE70D21200001F03EFC012803D147
:106CB0003048FEF7A3FF70BD0D21200001F034FC29
:106CC000051EF8D10A21200001F02EFC0228F2D185
:106CD0002A003121200001F0F1FB29002000E126EB
:106CE00001F022FCF600B04211D330222000110046
:106CF00001F0E4FB1F4B00229B5EB342DBDB202153
:106D0000200001F011FCDF2220210240BAE7290017
:106D10002000C82601F008FCF600B04212D8290075
:106D2000200001F001FC9623DB0098420AD91022D2
:106D30003021200001F0C2FB0E4B00229B5EB342CB
:106D4000B9DCDCE760223021200001F0B7FB202114
:106D5000200001F0E9FB2021084382B292E7502293
:106D60003021200001F0AAFB002231218AE7C04631
:106D700014050020D8070020F0B5B64BB64CB74A32
:106D800085B01A600A21200001F0CEFB1E2102000E
:106D9000200001F093FBB24E3000FFF7F7F9152108
:106DA0003288200001F08AFB16217288200001F051
:106DB00085FB1921F288200001F080FB1B21B2889D
:106DC000200001F07BFB1A213289200001F076FBC4
:106DD0001821B289200001F093FBFFF72DFDFFF78A
:106DE00037FF2C21200001F09FFB00280CD19D4D86
:106DF0002A212A6C200092B201F060FBEA6B2B2161
:106E0000200092B201F05AFB142120000623F55E07
:106E100001F08AFB854204DD14212000F28801F094
:106E20004DFB914B0093914B0193009B9D7C019BEB
:106E30009B7C1D438E4B9B7C1D438E4B9B7C1D433B
:106E40002DD0FEF7A1FE032802D00420FEF7A2FEFB
:106E5000FEF7A6FE88480378022B5AD10A21FFF7D5
:106E60001BF80C21200001F05FFB012800D093E00B
:106E70000E21200001F058FB012816D10F2120001F
:106E80000223F75E01F050FB00210290200001F088
:106E90004BFB029B5F43FF11C21B92B20AE0FEF75D
:106EA00073FE0328D4D02800D0E70021200001F091
:106EB0003BFB02000121200001F000FB6F48057838
:106EC000022D11D16E49FEF7E7FF00212000F7885F
:106ED00001F02AFB29000290200001F025FB029915
:106EE00002003800FFF760FA2C21200001F01CFBA3
:106EF00000280ED170883388F18800041843B388C5
:106F0000728909041943338912041A43B389FEF7BD
:106F100003FD5C4B5C4D1F780293022F00D0B5E05F
:106F20000C21200001F000FB0390002800D0ADE010
:106F30000298FEF7ADFF90202021C00503F0E8F98C
:106F40000122002808D090202021C00503F0E0F99C
:106F5000012800D09AE0039A1C21200001F0AEFA2B
:106F60002F7028004649FEF797FF0C21200001F002
:106F7000DBFA002802D13000FEF79AFE0C21200037
:106F800001F0D2FA002802D13000FEF71BFDFFF716
:106F9000E5FCFFF75FFD7DE00C21200001F0C4FA65
:106FA000071E8BD10E21200001F0BEFA012822D14C
:106FB0000A21200001F0B8FA02281CD10222B35E97
:106FC0000F212000029301F0AFFA39000390200056
:106FD00001F0AAFA029B039F5F43FB11C21A92B20F
:106FE0000121200001F06AFA0121200001F09CFA41
:106FF0007289821851E70E21200001F095FA0128CC
:1070000015D10A21200001F08FFA02280FD00F219C
:1070100020000223F75E01F087FA0421029020008D
:1070200001F082FA029B5F43FF11C21BD7E70E21DA
:10703000200001F079FA002806D10A21200001F091
:1070400073FA0421022800D10021200001F06CFA1B
:107050000200C5E70030004014050020AAAA000085
:10706000D80700200004004098040020AC04002051
:1070700084040020C0040020DC040020E40400207C
:1070800060EA0000FC040020EC0400202B78022BB6
:1070900000D166E738480578022D35D1C821FEF7C2
:1070A000FBFE009B9B7C002B39D04022302120002E
:1070B00001F004FA00223121200001F0FFF92F4AEB
:1070C000138801339DB20A2D00D9002531212000FB
:1070D000158001F029FA2A4E4000854204DA3378FF
:1070E000002B3DD0002333703121200001F01CFA29
:1070F000002837D1012333703021200001F014FA29
:107100000021C0B2FEF76AFE1E480378022B04D1AC
:107110001D49FEF7C1FEFFF759FC05B0F0BD1B4B42
:107120009B7C002B06D040223021200001F0C6F9C4
:107130000122C0E7164B9B7C002B06D04022302159
:10714000200001F0BBF92A00B5E7019B9B7C002BD6
:10715000B5D040223021200001F0B0F90322AAE787
:107160000123C0E73378002BC6D13021200001F085
:10717000DBF90221C0B2C5E7F404002006050020B7
:1071800004050020D4040020002E9302C004002037
:107190008404002010B54B4B4B4C1A8820004B49FF
:1071A00001F08CF900222000494901F087F9494B90
:1071B00020001A88484901F081F92000474A4849CF
:1071C00001F07CF9474B20001A88474901F076F915
:1071D000464B20001A88464901F070F9454B2000C3
:1071E0001A88454901F06AF9444B20001A8844493D
:1071F00001F064F9434B20001A88434901F05EF91D
:10720000424B20001A88424901F058F90022200020
:10721000404901F053F9002220003F4901F04EF9A6
:10722000002220003D4901F049F9002220003C499C
:1072300001F044F9002220003A4901F03FF9002210
:107240002000394901F03AF900222000374901F0C5
:1072500035F900222000364901F030F92000354A86
:10726000354901F02BF92000344A354901F026F95F
:1072700000222000334901F021F900222000324988
:1072800001F01CF900222000304901F017F900221A
:1072900020002F4901F012F9002220002D4901F0B1
:1072A0000DF9002220002C4901F008F900222000ED
:1072B0002A4901F003F900222000294901F0FEF8D3
:1072C00010BDC046C2FF000814050020F4260000CF
:1072D000F5260000C0FF0008F6260000D7070000D2
:1072E000F7260000ACF7FF1FF8260000AEF7FF1FDF
:1072F000F9260000B0F7FF1FFA260000B2F7FF1FC3
:10730000FB260000B4F7FF1FFC260000B6F7FF1FA6
:10731000FD260000EA260000E9260000E82600001D
:10732000E7260000F1260000F2260000EF2600000C
:10733000F026000044420000052700004332000010
:107340000627000007270000082700000927000083
:107350000A2700000B2700000C2700000D27000063
:107360000E27000010B5FFF7BFF8FFF7B9F9FFF7D8
:1073700001FAFFF70FFFFFF7C7F8FFF7D3F8FFF7A2
:1073800013F9044800F072F900F0B6FD00F0A8FD12
:1073900010BDC046DC09002010B51248FEF79DFD67
:1073A0001148FEF79AFD1148FEF797FD1048FEF7C9
:1073B00094FD1048FEF777FD0F48FEF774FD0F4867
:1073C000FEF771FD0E48FEF76EFD0E48FEF76BFDF1
:1073D0000D48FEF768FD0D4801F0E6F900F068F988
:1073E00010BDC046C0040020AC040020980400205A
:1073F00084040020EC040020E4040020FC040020AD
:10740000DC040020F4040020D40400201405002033
:1074100010B5202803D164210148FEF73DFD10BDC1
:10742000FC0400200B0010B55C1AA24200D810BD6D
:107430001C7804705C78023344700230F4E710B5B5
:1074400092005218401A914200D110BD431810C941
:107450001C60F8E7F8B50B6807000D001600012066
:10746000013307D102F03EFC0024B44203D102F004
:107470004DFC0020F8BDA1007B181A686918002394
:10748000022002F099FC642002F06CFC0134ECE76D
:1074900013B5040002F026FC002811D18022E4027A
:1074A0001205A4180122074B0190186001A91800C9
:1074B0005C609A6002F024FE002801D102F026FCF4
:1074C00016BDC046E80700200B68F7B506000F00A0
:1074D0001400012001330DD102F004FC03231C42EF
:1074E00001D09C4304343500AB1B9C4203D802F00E
:1074F0000DFC0020FEBD002301932B78019A64202F
:10750000134301936B78019A1B0213430193AB78E9
:10751000019A1B0413430193EB78019A1B06134352
:10752000019302F01FFCB91B491900230220019AA4
:1075300002F042FC0435D7E74900085A70470000C2
:10754000F0B593B016006A465C00E31DDB08DB0073
:10755000D31A00AF9D462200684679601149FFF7B3
:1075600061FF08236D46F81840220F49FFF75AFFC4
:107570001F20FFF78DFF7B68310A5B005A1CA9545E
:10758000F2B2EA54684622000649FFF79DFF08233D
:1075900040220549F818FFF797FF0020BD4613B0B9
:1075A000F0BDC04600F8000800FF0008F7B5540021
:1075B0006A46E31DDB08DB00D31A00AF9D460E00D0
:1075C0000B4D2200290078606846FFF72BFF1F2033
:1075D000FFF75EFF290022006846FFF775FF3200C3
:1075E00078680449FFF770FFBD460020FEBDC04625
:1075F00000F8000800FF0008F0B593B055006A4697
:10760000EB1DDB08DB00D31A00AF9D462A0068465D
:1076100079601449FFF706FF082340221249F81841
:107620006E46FFF7FFFE0024AC4211D11F20FFF78A
:107630002FFF220030000B49FFF746FF08234022AE
:107640000949F818FFF740FF0020BD4613B0F0BD10
:107650007B68621C1B5B190ADBB2B15433550234E0
:10766000E2E7C04600F8000800FF000870B50E4CC5
:1076700005000100200000F002F900230322200091
:107680000A4900F0ADF90021200000F0DDF90123E6
:107690006434227828001343237002F028F828006D
:1076A000032102F034F970BDF4070020F4D1000882
:1076B00010B5024800F01AF910BDC046F4070020CA
:1076C000022310B5044A054811780B4300211370BA
:1076D00000F06EF910BDC04658080020F4070020E5
:1076E000012310B5034A044811780B43137000F0CE
:1076F000D6F810BD58080020F4070020094B0A49AD
:107700009A89131C12B28A4200DA0B1C1AB20323A4
:1077100053435B112833037100234371C38083609B
:107720007047C046D807002070FEFFFF064B0222BC
:107730009A5E33235343C8221B12D2009B188380C6
:107740000023C38083607047D8070020002110B554
:10775000084C01710223E25E0523183253435B1487
:1077600043710023E25E0D2353439B11C38081606C
:1077700010BDC046D8070020F7B5009308AB150030
:107780001A7809AB1F78831CDB8F04000120032BC0
:1077900039D807263540AC461801035D2518B34398
:1077A0000193009B6B80D30000936346019A1A43B8
:1077B0001300009A3340134303550B9B6F70EB602B
:1077C00002290CD003291FD0012913D1002304352D
:1077D0000A9AD25CEA540133082BF9D10AE004304A
:1077E0000822FF21201805F089FC0B9B002B01D0FB
:1077F000280098470234E38F01339BB2032B00D952
:1078000000230020E387FEBD002304350A9AD25CE2
:10781000EA540133082BF9D1ECE710B5811C041DA3
:10782000E38FC98F02000020994207D0591C89B20A
:10783000032900D901001B01E187D01810BD1FB535
:10784000069C009303940024130002940A00019400
:107850000221DC30FFF790FF1FBD30B585B00A9DD7
:1078600008AC24780395099D0093029513000194B8
:107870000A0098300121FFF77FFF05B030BD0200FC
:10788000002368320160043A9380138093700422CD
:1078900002659218436582655C300370704770B56D
:1078A0000500012664352B78040033421DD0DC30FE
:1078B000FFF7B3FF021E18D02B780432B3432B70AE
:1078C0000378DB08A365037841885B070902DB08BE
:1078D0000B4321006531097820680B43E3642100E4
:1078E00023004831603301F02EFF70BDF7B507006B
:1078F00005000400002668373B88743501333B805F
:10790000AB79022B16D12988002913D03888FDF7CE
:107910009DF889B200290DD10C237343E31870330D
:107920009979A868CB06AA88DB0E00904909200047
:10793000FFF785FF01360C35032EE1D12000FFF75C
:10794000AEFFF7BDF0B50600020004006A36330052
:107950002C320021006885B001F052FF2300002581
:10796000206B7833020A070C92B2FFB29978012992
:1079700012D11988914216D10C277D436519E36B0A
:10798000ED6F810EC0B20090DBB22000029501962F
:10799000FFF763FF05B0F0BD032904D11988090A78
:1079A00079400F29E8D901350C33032DDED1F1E7F9
:1079B00070B50500022664352B780400334204D0EC
:1079C000FFF7C0FF2B78B3432B7020009830FFF7F0
:1079D00024FF002803D0C368002B00D0984770BD57
:1079E000F0B585B003920C220190944600201F2729
:1079F0000291039A904201D305B0F0BD61466546FD
:107A00004143029A5118C2186A43019D8C68AA1812
:107A1000D467140016008D88783425808D797036EF
:107A2000A5708D78B4793D40BC432C43B4718D78FA
:107A3000E4B26D096D013C402C43B4710988743285
:107A400001301180C0B2D4E70023012210B5836158
:107A500043608360C3600361C36143610E330262AC
:107A600042628362011D006801F0CEFD10BD00007E
:107A700070B52B4C00212000C82500F055FDED000D
:107A8000A84220D802212000FA2500F04DFD6D000B
:107A9000A84205D8234A1D21200000F00FFD70BD2B
:107AA0000221200000F040FDA84209D90221200057
:107AB00000F03AFDFA239B00984201D81A4AEAE7FF
:107AC0009622D200E7E70021200000F02DFDA84219
:107AD00023D90021200000F027FD144B98421CD828
:107AE00002212000FA2500F01FFD6D00A84201D8F8
:107AF0000F4AD0E70221200000F016FDA84209D964
:107B00000221200000F010FDFA239B00984201D8CA
:107B1000084AC0E796221201BDE70022BBE7C04633
:107B200014050020B5040000BA040000B80B0000E2
:107B3000650900006A09000070B5244C002120008E
:107B400000F0F2FC9623DB00984236D29622002108
:107B50002000D20000F0B2FCFDF7A2FF00222C2191
:107B6000200000F0ABFC0021200000F0DDFC022131
:107B70000500200000F0D8FC6843154B984207DD53
:107B8000FA2202215200200000F098FCFDF7D4FFF9
:107B90000421200000F0C8FC0E4B643018822C2118
:107BA000200000F075FC0C4B01000022E35A0B484A
:107BB000FFF7C6FCFFF75CFF70BD0021200000F05E
:107BC000B3FC074B9842C1D8C6E7C0461405002055
:107BD000A0BB0D00C00400201202000000F8000845
:107BE000DC05000070B51E4C0221200000F09CFC5A
:107BF00096229200904203D90221200000F05EFC00
:107C0000FDF79AFF00222C21200000F057FC0021F4
:107C1000200000F089FC02210500200000F084FC17
:107C20006843104B984207DD96220021D2002000C5
:107C300000F044FCFDF734FF0221200000F074FC4A
:107C4000094B2C211882200000F022FC074B010078
:107C50000022E35A0648FFF773FCFFF709FF70BDE7
:107C600014050020A0BB0D00AC040020120200008F
:107C700000F8000810B50D4C2A21200000F054FC3B
:107C80000B4B1864FDF7EAFE01222C21200000F0C6
:107C900015FC2C21200000F0FBFB064B010001220B
:107CA000E35A0548FFF74CFC10BDC0461405002000
:107CB000000400401202000000F8000810B50D4C4E
:107CC0002B21200000F030FC0B4BD863FDF706FFA2
:107CD00001222C21200000F0F1FB2C21200000F0DB
:107CE000D7FB064B01000122E35A0548FFF728FCA9
:107CF00010BDC04614050020000400401202000020
:107D000000F8000810B501F053FF10BD70B51C4C11
:107D10000421200000F008FC9623DB00984227D2C3
:107D2000962204212000D20000F0C8FB042120008C
:107D300000F0FAFB02210500200000F0F5FB68438B
:107D4000104B984207DDFA2202215200200000F079
:107D5000B5FBFDF7F1FE0421200000F0E5FB0A4B26
:107D60006430188200222C21200000F0A7FB70BD97
:107D70000421200000F0D8FB044B9842D0D8D5E76E
:107D800014050020A0BB0D00C0040020DC0500008D
:107D900010B50C4C2F21200000F0C6FB021E08D1AC
:107DA00090200421C00502F0B9FA0320FDF7F2FE8D
:107DB00006E02F21200000F0B7FB02000128EFD0E1
:107DC00010BDC0461405002010B5FEF739F901F0CA
:107DD000EFFE10BD10B50648FEF75AF830210548F1
:107DE00000F0A2FB0021C0B2FDF7F8FF10BDC046B5
:107DF000F40400201405002010B5C8210148FEF746
:107E00004BF810BDF404002070B50C4D3221280051
:107E100000F08AFB01000A4C0A4823785A0001331B
:107E2000DBB281522370202B06D1074B4021EA5A46
:107E3000FFF7BCFB0023237070BDC0461405002073
:107E400054090020140900201202000070B500241B
:107E50000C4D0D4BEA5AA24207D80A3BE9580B4891
:107E6000FFF7CAFB01F0A4FE70BD2100280000F05E
:107E70008BFC210002000134280000F01FFBA4B29B
:107E8000E6E7C046140500201202000000F80008D2
:107E900010B5124C2E21200000F046FB012808D11D
:107EA00090204021C00502F033FA002201280ED0B4
:107EB00010BD2E21200000F037FB0028F8D19020C3
:107EC0004021C00502F024FA0028F1D101229020BF
:107ED0004021C00502F022FAEAE7C046140500205E
:107EE00010B53521024800F01FFB024B187010BD81
:107EF000140500205A08002010B53421024800F073
:107F000013FB024B187010BD140500205908002007
:107F100010B53921024800F007FB024B588110BD13
:107F2000140500205C04002010B53C21024800F03C
:107F3000FBFA024B588110BD1405002048040020B4
:107F400010B54521024800F0EFFA024B588110BDF0
:107F500014050020F803002010B53F21024800F06E
:107F6000E3FA024B588110BD1405002034040020B0
:107F700010B54221024800F0D7FA024B588110BDDB
:107F8000140500202004002010B54821024800F00C
:107F9000CBFA024B588110BD140500200C040020C0
:107FA00010B53821024800F0BFFA024B188110BD0D
:107FB000140500205C04002010B53B21024800F0AD
:107FC000B3FA024B188110BD1405002048040020AC
:107FD00010B54421024800F0A7FA024B188110BDE9
:107FE00014050020F803002010B53E21024800F0DF
:107FF0009BFA024B188110BD1405002034040020A8
:1080000010B54121024800F08FFA024B188110BDD3
:10801000140500202004002010B54721024800F07C
:1080200083FA024B188110BD140500200C040020B7
:1080300010B53A21024800F077FA024B988110BD42
:10804000140500205C04002010B53D21024800F01A
:108050006BFA024B988110BD1405002048040020E3
:1080600010B54621024800F05FFA024B988110BD1E
:1080700014050020F803002010B54021024800F04C
:1080800053FA024B988110BD1405002034040020DF
:1080900010B54321024800F047FA024B988110BD09
:1080A000140500202004002010B54921024800F0EA
:1080B0003BFA024B988110BD140500200C040020EF
:1080C00010B5094C0949200000F02EFA084B052292
:1080D000984200D1043A85239B0020000349E254D2
:1080E00000F0ECF910BDC04614050020D5260000B4
:1080F000D204000010B50D4C0D49200000F014FA18
:108100000C4B0222984208D04D330132984204D0E1
:10811000094BC218531E9A41043285239B0020004C
:108120000349E25400F0CAF910BDC046140500200E
:10813000D62600008307000048F4FFFFF0B5254C69
:1081400085B02549200000F0EFF924490500200002
:1081500000F0EAF922490190200000F0E5F92149F8
:108160000600200000F0E0F91F490700200000F0A1
:10817000DBF91C490290200000F0D6F91B4903905E
:10818000200000F0D1F9F61975402DB285421CD1BE
:108190002000174900F0C8F9039A029B9446019AFF
:1081A00063445A4013B283420FD1852301229B00BE
:1081B0000E49E2542000002200F080F90022200045
:1081C0000B4900F07BF905B0F0BD852305229B002B
:1081D000E254F8E714050020F1260000F226000022
:1081E000022700000427000003270000EF260000FC
:1081F000F0260000704770477047704770470000D6
:1082000010B51D4C1D49200000F08EF91C4A0123B9
:10821000904219D020001B4900F086F91A4A022327
:10822000904211D02000194900F07EF9FA22032370
:10823000D200904208D02000154900F075F9154B86
:10824000C3185A1E9341043385229200A354200080
:1082500000220A4900F032F900222000094900F00A
:108260002DF900222000094900F028F90022200001
:10827000074900F023F910BD14050020EA2600008C
:10828000D2040000E926000083070000E826000071
:10829000E726000048F4FFFF10B50A000100CD23D7
:1082A0000148FFF74DF910BD00F80008F0B5104B7C
:1082B00085B002930F4B01220193CD230E4C009306
:1082C00011002300050000F019F8CD231B01E71869
:1082D00026882800310000F057FA103402003100DF
:1082E000280000F0EBF8BC42F2D105B0F0BDC0466A
:1082F000102700009982000818D20008F0B585B058
:1083000002930AAB1F880CAB04001888012A5FD1C6
:10831000802300255B0062706380029A0533FF337F
:108320002170E25005220C33E554404B7E00E752A9
:108330000233E2540B9A0433E2500433E550043321
:10834000E052300004F01EFE82239B0032003849C8
:10835000E05004F0D3FE2E00ABB29F423AD8013673
:10836000B6B2F3001800039304F00CFE83239B00C5
:10837000E0500023020005001900019001339BB278
:108380005180118008329E42F8D800213F208BB2E4
:108390009F422AD8019B039E9C4666446B88002B13
:1083A00034D02F887F00380004F0ECFD3A002049DB
:1083B000686004F0A3FE0835B542EFD100233F21E9
:1083C0001A4AA25A9A4223D80022019B5B681A805B
:1083D00005B0F0BD029A2B01D35A9B091A1CB34277
:1083E00000D2321C96B20135B6E7029A0B01D25A7E
:1083F000019E9309DB00F3185E88024001365E801F
:108400001E88964200D21A800131C0E76B60D2E725
:1084100002981A01105A019D8209D200AA185568C3
:1084200008404000435301339BB2C9E712020000E9
:10843000FFFF0000F0B500244F7825002200230044
:108440002600012F08D1CA880B8952BA5BBA0C7971
:108450004D794E8992B29BB24570C68004704280BD
:108460008380F0BD030030B54118074C07488B42AC
:1084700000D130BD1A78050A4240D2B25200105BDA
:1084800001336840F3E7C046E8DE0008FFFF000064
:1084900083239B00C3588A09D2009B185A68002A7C
:1084A00007D03F201B8801408B4202D34900885AE5
:1084B00070470148FCE7C046FFFF000070B514009C
:1084C0000500FFF7E5FF0D4A03000120934213D09A
:1084D00081229200AA58190152180420115E01202D
:1084E0008C4209DC0621525E944205DB82228340E5
:1084F00000209200AA589C5270BDC046FFFF0000A9
:1085000070B514000500FFF7C3FF064A0300012001
:10851000934205D08222834000209200AA589C52A8
:1085200070BDC046FFFF000010B50400FFF7B0FFAC
:10853000044B984204D082239B00E3584000C05A69
:1085400010BDC046FFFF00008423F0B59B00C25C55
:10855000040087B0002A5CD00022C2547B4B01008B
:10856000C25204A8FFF766FF04AB5D785B882678EB
:10857000019304AB9B88039304AB1B780293B34233
:1085800016D0112D45D127000223FF37FB71601D46
:10859000FD33BD717B7205217E713E72FF30FFF7A6
:1085A00061FF030ABB72F8720A3D280007B0F0BDF4
:1085B0006188201D0239FFF755FF04ABDB88834239
:1085C00027D120000199FFF763FF87239B00E0522A
:1085D000062D48D0102D1CD02700661DFF37FF3612
:1085E000032D00D0A4E0039A019B9B188022520225
:1085F000934210DB029B29007B718323BB71813B7B
:10860000FB713000FFF72EFF030A3B7278720525DD
:10861000CBE70025C9E7029BBD717B71039B5B0023
:10862000FB710027039B7D00ADB29F420DD1EF1C73
:10863000BFB239003000FFF715FFE719FF370535E6
:10864000030AADB2BB717871AFE7019B2000F91846
:1086500089B2FFF769FF6519FF35030A01372B72ED
:108660006872BFB2DEE720000199FFF711FF250015
:10867000374B671DFF37FF3598420ED00301029339
:1086800081239B00029AE3589B18039385239B0048
:10869000E25C039B1B7A9A420CD98623AB71853B23
:1086A000EB71032138006E71FFF7DCFE030A2B72B9
:1086B0006872ACE72289200052BA019992B2FFF7A2
:1086C000FDFE00280CD0237803216B71862338002F
:1086D000AB71E971FFF7C6FE030A6B72287296E769
:1086E000039B5B7A002B09D0862301999B00200015
:1086F000E658FFF719FF01000198B04706212378DB
:10870000A9716B712500E388FE352B812389380020
:108710006B81FFF7A7FE8123A8819B00E358029A93
:108720009B18DB68002B01D108253EE79847FBE743
:10873000029B803D7B7101230321FB713000BD71E1
:10874000FFF790FE030A7B72387260E71E0200009A
:10875000FFFF0000F8B58427BF0004001E00C35DC2
:108760000020150083420ED11800FF2A0BD8201DCF
:1087700004F00AFD012365802000E355FFF7E4FEC5
:108780003080601DFF30F8BD10B50400FFF780FE9B
:10879000044B984205D081239B00E35800011B182D
:1087A000588810BDFFFF000088239B00C15A002994
:1087B0000CD0074A835A01339BB28352994205D8A1
:1087C000852305219B00C154002383527047C04676
:1087D0001E02000030B585B00C22002101A804F073
:1087E0008DFC08222E4C2F4B626180225202A26126
:1087F000C222002523600123FF32E2612000621DB6
:108800006560A560E56023612562D377A56200F00D
:108810005FFCA84201D000F03BFA80235B01029389
:108820000623200001A90195039300F08BFD002889
:1088300001D000F02DFA0123200001A9019300F0DE
:1088400081FD002801D000F023FA0323200001A9B4
:10885000019300F077FD002801D000F019FA0423FD
:10886000200001A9019300F06DFD002801D000F067
:108870000FFA0723200001A9019300F063FD0028EF
:1088800001D000F005FA1023200001A9019300F0A7
:1088900059FD002801D000F0FBF905B030BDC046FD
:1088A0009C0900200024014030B5050089B0142245
:1088B000002103A804F022FC1E4B2A689A4236D1FC
:1088C00080211D4B89009A6990200A439A619A6918
:1088D000C0050A4080210192019A5A6989020A431F
:1088E0005A615B690B400293029B9B2303A903938C
:1088F000983B049301F04EFC104C114B2000236078
:1089000000236360A3608033E360803323618023AE
:10891000DB0063612023A36180239B01E36101F0FD
:1089200055F9002801D000F0B3F92C63656209B055
:1089300030BDC0460024014000100240580900200C
:10894000080002400D480E4BC02210B503600C23F6
:10895000120302618022436080235203DB054261DF
:108960008022836000235204C3608261838300F00D
:10897000C5FD002801D000F08BF910BDDC090020F6
:108980000064004010B5040088B01422002103A840
:1089900004F0B4FB164B22689A4227D18021154B74
:1089A0008904DA6914480A43DA61DA690A408021E5
:1089B0000192019A5A69C9020A435A615B690B40E4
:1089C0000293029BC0239B00039302230493013371
:1089D000069303A90133079301F0DCFB00221E205C
:1089E000110001F0AFF81E2001F0D6F808B010BD5C
:1089F0000064004000100240000400480121054BC3
:108A000082B05A690A435A615B690B400193019B2A
:108A100002B0704700100240F0B58BB01422002164
:108A200005A804F06BFB8021414B09035A6990278C
:108A30000A435A615A693F4E0A4080210192019AC5
:108A40005A69C9030A435A615A69FF050A408021DD
:108A50000292029A5A6989020A435A615A69380095
:108A60000A4080210392039A5A69C9020A435A6153
:108A70005B6900220B4004932F49049B01F04EFCDC
:108A8000002230002D4901F049FCE0230024032599
:108A90001B0205A92A4805930695079401F07AFB65
:108AA00005A9284805950695079401F073FB224B0C
:108AB00038000593012305A906930794089401F053
:108AC00069FB20230593C42338009B0305A9069363
:108AD000079401F05FFB1C4B300005A90593069538
:108AE000079401F057FB0123144A300005A90592B1
:108AF00006930794089401F04DFBE0233800DB0057
:108B000005A905930695079401F044FB082330005E
:108B100005A905930694079401F03CFB220002216D
:108B2000072001F00FF8072001F036F80BB0F0BD78
:108B300000100240000400484480000070800000E3
:108B40000008004800140048847C0000074B084AD5
:108B50001A60084A1A6000225A60074A9A6007227F
:108B6000D9681142FCD1054A1A60704700300040B4
:108B7000CCCC000055550000FF0F0000AAAA000051
:108B80000123264910B50A689A431A430A600A6805
:108B90001A42FCD0224C626B134363630223626B64
:108BA0001A42FCD0F823626B9A43783B1343636309
:108BB0008023626B5B021343636380239B02626BBF
:108BC0001A42FCD00123626A134363620223626A81
:108BD0001A42FCD0F0226368934363606368114AD1
:108BE0001340032263606368134363600932636860
:108BF00013400C2BFBD10C4803F036FA032000F095
:108C000061F8002801D072B6FEE70422636B93433B
:108C10006363236B7C329343236310BD00200240C7
:108C200000100240FFF8FFFF006CDC0210B5FDF7FA
:108C30001BFC00F0C9F9FFF7A3FFFDF739FCFFF7B4
:108C4000EBFEFFF7DBFEFFF7C5FD03F087FF00F04B
:108C5000D5F800F045F9FFF779FFFFF773FEFEF74F
:108C600081FBFEF789F8FCE7074B026810B50400AA
:108C70009A4201D100F0B8F9044B22681B689A426D
:108C800001D1FEF789FB10BD00400140500A0020D1
:108C900072B6FEE701210A4B82B09A690A439A61D3
:108CA0009A690A4080210092009ADA6949050A43CC
:108CB000DA61DB690B400193019B02B07047C0464B
:108CC000001002408021214B70B59A6949020A4385
:108CD0009A619B6986B00B4001930500694602A822
:108CE000019B02F0A9F9059B002B28D102F094F911
:108CF000174E184B18493360184BF360FBF720FEF2
:108D000000230138706030003361B360B36102F05A
:108D100097FB041E10D1300002F06CFA041E0BD138
:108D2000142000F039FF032D0DD822002900142053
:108D300000F008FF0A4B1D60200006B070BD02F075
:108D40006BF94000D4E70124F6E7C046001002406A
:108D5000040A00200040014040420F00E7030000E9
:108D6000140200207047FEE770477047704710B547
:108D7000202001F0D9FA10BD10B5024802F06EFAB9
:108D800010BDC046500A002010B5024802F066FA35
:108D900010BDC046040A002010B5024800F0D5FD01
:108DA00010BDC046DC09002010B5024801F038FBB8
:108DB00010BDC046F01100200B490C4A0300521AA6
:108DC0000B4910B50868002801D10A4808600868F6
:108DD000C318934206D904F0ABF90C2303600120B9
:108DE000404210BD0B60FCE7000400000040002082
:108DF0004C0A0020181600207047000009480A4B52
:108E000010B50360032343600023084A8360C260F7
:108E10000361836102F014FB002801D0FFF738FFE3
:108E200010BDC046500A002000200040DF2E000088
:108E3000074B026882B09A4208D10221054BDA69D9
:108E40000A43DA61DB690B400193019B02B0704772
:108E5000000400400010024007B50B4B02689A4224
:108E600011D18021094B4900DA6913200A43DA61E4
:108E7000DB6900220B400193FF39019B00F062FE89
:108E8000132000F089FE07BD0020004000100240C2
:108E900010B5040086B01422002101A804F02EF9B8
:108EA0000C4B22689A4213D180210B4BC9025A699C
:108EB0000A480A435A615B690B400093009B0323F5
:108EC0000193013B029301A9013B059301F062F973
:108ED00006B010BD0004004000100240000400482D
:108EE00030B500258BB00822002101A804F006F956
:108EF0001C22002103A804F001F91B4C1B4B20008D
:108F000023601B4B6560A560E3602561A56102F0ED
:108F1000BFFAA84201D0FFF7BBFE200001A90195CE
:108F2000029502F0F1FB002801D0FFF7B1FE6023AB
:108F3000039300230822200003A9049305930793B9
:108F400002F00EFB002801D0FFF7A2FE0C22200049
:108F500003A902F005FB002801D0FFF799FE2000CD
:108F6000FFF796FF0BB030BD980A002000040040C8
:108F7000E70300000D4885460D480E490E4A0023C0
:108F800002E0D458C4500433C4188C42F9D30B4ABD
:108F90000B4C002301E013600432A242FBD3FFF725
:108FA0002BFF04F0CBF8FFF741FEFEE70040002066
:108FB00000020020D803002040E10008D803002070
:108FC00014160020FEE700001023064A10B51168B1
:108FD00003200B431360FFF775FEFFF75BFE0020D5
:108FE00010BDC04600200240034A044B11681B78A4
:108FF0005B1813607047C046E00A00201002002092
:10900000014B18687047C046E00A002070B50400A4
:10901000FFF7F6FF0500631C02D0044B1B78E41831
:10902000FFF7EEFF401BA042FAD370BD10020020F4
:10903000002373B503210193036804009A680A4072
:10904000012A07D11968114201D0002076BDDA68E3
:109050001204FAD499681B4A114209D01023A26B5A
:109060001343A3630123E26B13430120E363EDE7A2
:10907000012299680A439A60134B14491868FBF758
:109080005FFC0190019B002B17D1FFF7B9FF012571
:10909000060023681B682B42D7D1FFF7B1FF801B66
:1090A0000228F6D923681B682B42F2D11023A26B49
:1090B0001343A363E36B2B43D7E7019B013B01936E
:1090C000E0E7C046170000800C02002040420F007D
:1090D00070B5041E00D190E0836B002B05D1020017
:1090E0003432C3631370FFF7DFFBA36BDB0600D5DD
:1090F00085E0226893685B0700D580E0A16B424B56
:1091000019400633FF330B430321A36393680B40DD
:10911000012B05D1116819420ED1D3681B040BD461
:109120001821D3688B43A1680B43D360136961682E
:109130009B009B080B431361D36834490B40D360F9
:10914000237E607E9B03C0030343A17EE06803434C
:1091500048030343601DC07F40000343A06A0138F9
:10916000451EA84100030343206902384542684177
:1091700080000343E07E012804D100292BD1802107
:1091800049020B43C220E169FF30814202D0206ACC
:1091900001430B438020D16840051943D160E16A47
:1091A000814202D0481E062807D807255069294069
:1091B000A8435061506901435161D26814490A4083
:1091C0009A4210D100200323E063A26B9A43023B32
:1091D0001343A36370BD2021A56B2943A163E16BF9
:1091E0000843E063CEE71223A26B9A43023B13438A
:1091F000A3630123E26B1343E3630120EAE7102337
:10920000A26B1343A363F8E7FDFEFFFF1902FEFF05
:10921000E7FF3F83F7B5036804009B680E00022058
:1092200001925B0730D4270034373B78012B2BD0D9
:1092300001233B70637E012B27D1A26B164B0025C7
:109240001A4080235B001343A363E5633D70206BEA
:10925000124B21688362124BC362124B03631C23BF
:109260000B604A680C3B13434B600123CA681343ED
:10927000CB603200019B403100F0DAFC042328006F
:10928000226891680B439360FEBD2000FFF7D0FE7B
:109290000028D2D0F8E7C046FEF0FFFFAD920008EC
:1092A0001F9300082B930008704700005022436A68
:1092B00010B5996B11422BD1996BB132FF320A4331
:1092C000C0219A631A680901D068084213D1997EB7
:1092D000002910D1116809070DD5916849070ED4EE
:1092E0000C20516881435160996B0B4A1140043244
:1092F000FF320A439A631800FFF7D6FF10BD202201
:10930000996B0A439A630122D96B0A43DA63F2E745
:109310001B6B1B6B9847F1E7FEFEFFFF704710B514
:10932000406AFFF7FBFF10BD70474023406A10B54D
:10933000826B134383630423C26B1343C363FFF73E
:10934000F3FF10BDF7B500220400019234342278F7
:109350000300C56A0220012A2AD0013820701A6849
:10936000966876075ED40B684F681E00BC46304F87
:109370009840103EBC453FD0976A384390628020A9
:10938000400585420FD0013D062D0CD907205569B7
:1093900089680540A94206D0556901408543556159
:1093A000556929435161022E03D9002000232370FF
:1093B000FEBD20480168102B1BD01A00113A5542FF
:1093C0006A411D4D52422A4080256D0452190A43BC
:1093D0000260102BE9D1194B19491868FBF7B0FA54
:1093E0000A2343430193019B002BDED0019B013BE9
:1093F000F8E780221204EAE7916A81439162022E23
:10940000D3D80C4A1168102B0AD0113B581E834147
:1094100009485B4203400B481B180B401360C4E72C
:10942000094BFAE72022996B0A439A63BEE7C046CC
:109430000110000008270140000040FF0C0200203E
:1094400040420F00FFFFBFFFFFFF7FFFF8B50600A0
:109450003436337804000220012B45D00123032148
:10946000337023689A680A40012A05D119681142AD
:109470003BD1DA68120438D4A16B1F4A114006327E
:10948000FF320A430321A263DD68DA688A43DA60A7
:109490008022996812060A439A60FFF7B1FD07001F
:1094A00023689A68002A0DDB0321DA680D40154312
:1094B000DD6001230020A26B8A431343A3630023D2
:1094C000337011E0FFF79CFDC01B0228E8D9236828
:1094D0009B68002BE4DA1223A26B01209A43023B23
:1094E0001343A36300233370F8BD2023A26B012034
:1094F0001343A363E3E7C046FDFEFFFFF8B5041E78
:1095000062D0451CEB7F002B01D1FFF73BFA01270E
:10951000226813683B431360FFF772FD060023685F
:109520005A683A4244D002271A68BA431A60FFF7D1
:1095300067FD060023685A683A4247D1217E80229F
:10954000012949D119680A431A60617E4022012924
:1095500046D119680A431A60A17E2022012943D10D
:1095600019680A431A60E17E1022012940D1196866
:1095700091431960217F082201293DD119680A43CE
:109580001A60617F042201293AD119680A431A60DE
:10959000E168A26800200A4321690A4361690A431D
:1095A000616801390A43DA6101236062EB770CE0FC
:1095B000FFF726FD801B0A28B1D98023626A9B022F
:1095C000134363620523EB770120F8BDFFF718FD15
:1095D000801B0A28AED9F0E7196891431960B4E7F7
:1095E000196891431960B7E7196891431960BAE7A0
:1095F00019680A431A60BDE7196891431960C0E70A
:10960000196891431960C3E770B5421CD27F0368A3
:10961000013A012A64D880240120A4001A5987261F
:1096200002431A514A69E23CFF3C1440A040B60094
:109630009C59C54384439C51CC69002C35D1103EC4
:109640009C59D2002C409C51CC684E682404B6B280
:10965000344390269A18B60094518C680E682404FE
:10966000B6B234439126B600945181228C6992009F
:10967000002C2FD19C582C409C5085220C699200C4
:10968000002C2AD19C582C409C500A6A012A04D1F3
:10969000872189005A5802435A50802101208900AD
:1096A0005A58824300205A5070BD012CDDD18326C8
:1096B000B6009C59D20004439C510C684E682404A7
:1096C000B6B2344390269A18B60094518C68CE688E
:1096D0002404C5E79C580443CEE79C580443D3E7D1
:1096E0008023426ADB02134343620120DCE7F8B5C2
:1096F000471CFB7F0400DDB2012B1ED10133FB7739
:1097000002681368AB431360FFF77AFC0600236816
:109710005B68180028402B4201D16062F8BDFFF75A
:109720006FFC801B0A28F2D98023626A9B021343D4
:1097300063620523FB770120F0E78023426A1B0365
:1097400013434362F7E7F0B5441CE67F0568013E2A
:10975000AC68012E50D8E0267605344245D0A001F1
:109760000124800F84401C6004008F68CE68183488
:10977000002F35D10B685B05334324016351C223AD
:109780000E6900012C185B00E650097D012903D108
:10979000E658FF313143E1505179137909021943F9
:1097A00093791B040B43D179090619432B18180030
:1097B0008D30FF30016050781178000208439178B5
:1097C000D27809040143120689330A43FF331A6031
:1097D000C022012300205200A1580B43A350F0BD2A
:1097E0004B683743DB003B43C7E78023426A9B0358
:1097F000134343620120F2E78023426ADB02F7E76A
:10980000F7B5441C0191E47F013C012C00D97AE0BA
:1098100003240568002909D1EE68264208D1802377
:10982000426A9B03134343620120FEBD2E69F4E7A5
:10983000D826019976000C0104212C19A7590F4054
:10984000976058D1A7597F0D17600227A6593E404F
:10985000D6600826B337FF37E159314202D10F21D4
:10986000E6590E401661E659E459360A240CF6B260
:1098700054619661019A01991201AD18B935FF350D
:109880002C681C700468A418B934FF342468240AB6
:109890005C700468A418B934FF342468240C9C70EC
:1098A0000468A418B934FF342468240EDC700468FA
:1098B000A418BD34FF3424681C710468A418BD3496
:1098C000FF342468240A5C710468A418BD34FF3492
:1098D0002468240C9C710468A218BD32FF321268FF
:1098E000120EDA7102682023002908D1D1680B43D7
:1098F000D360002099E7A759FF085760A5E71169D1
:109900000B431361F5E78023426ADB028AE7421CBE
:10991000D27F0B00013A012A05D802680020516964
:109920001943516170478023426ADB02134343624B
:109930000120F7E7704770477047704770477047DE
:1099400070477047704770477047F0B5036885B03F
:109950005E695A689F680192DA68340002921A6957
:10996000050003929A69009201221440164220D009
:10997000174205D09A60BB0700D4AAE0FDF7B0FEFD
:10998000002480235B001F4207D02A689360BB0538
:1099900000D4ABE02800FFF7CDFF80235B021F421D
:1099A00007D02A689360BA0300D4AEE02800FFF71E
:1099B000C2FF330708D51023029A1A4204D080222E
:1099C000920014432A68D360730708D50823029ACB
:1099D0001A4204D02A682800D360FFF7B0FFB3070B
:1099E00006D52B68DB689B0702D02800FDF768FED0
:1099F000730608D51023039A1A4204D08022D2009D
:109A000014432A681361B30608D50823039A1A423F
:109A100004D02A6828001361FFF793FFF30606D5E8
:109A20002B681B699B0702D02800FFF789FFB3034F
:109A300008D51023019A1A4204D02A6828005360DE
:109A4000FFF780FFF30308D50823019A1A4204D0D8
:109A50002A6828005360FFF776FF33042FD5019B57
:109A60002A685B0729D5F30504D50123009919421B
:109A700000D01C43B30504D502230099194200D03D
:109A80001C43730504D504230099194200D01C43DC
:109A9000360512D57021009B00980B4008420CD06F
:109AA000402B46D03DD8202B45D0302B45D0102B15
:109AB0003ED0702193698B43936104235360002C43
:109AC00005D06B6A280023436B62FFF73DFF05B0AA
:109AD000F0BD7B0704D43B0705D4FFF72DFF4FE70C
:109AE000802424014DE7802464014AE77B0503D5E7
:109AF00080239B011C4350E73B0502D58023DB01FB
:109B0000F8E72800FFF719FF47E77A0303D580231A
:109B10001B021C434DE73F03FBD42800FFF70EFF59
:109B200047E7502B0BD0602BC3D180235B0000E0B4
:109B300008231C43BDE71023FBE72023F9E780231C
:109B4000F7E7000010B5FF2403220B0021000240BC
:109B5000D20091409B012340C943934000280ADB77
:109B6000C0240B4A800880008018A40002590A40D3
:109B70001343035110BD0F2210400838054A8008D6
:109B800080008018C26911401943C161F2E7C046E4
:109B900000E100E000ED00E0002805DB1F23184095
:109BA0001E3B8340014A13607047C04600E100E05D
:109BB000BFF34F8F034B044ADA60BFF34F8FC046A9
:109BC000FDE7C04600ED00E00400FA0570B50400B2
:109BD0000120002C24D00223A51CEB772068114B18
:109BE0000268A1681A4063680B43E1680B4321696E
:109BF0000B4361690B43A1690B43E1690B431343B9
:109C00000360094B1421C018FAF79AFE074B800035
:109C10002064E36300200123A063E418EB77E0777E
:109C200070BDC0460FC0FFFFF8FFFDBF000002403F
:109C3000F7B5441C0193E57F012D33D00125871C26
:109C4000E577FD7F0026AC466346EDB2012B28D1B7
:109C50000224FC77046886632668076CAE43BD4027
:109C60002660019BC66B756063604368102B0ED144
:109C7000A260E160C36A2268002B0BD00E2313435D
:109C8000236001230020226813432360FEBDA160EE
:109C9000E260EFE70A23134304222360236893431F
:109CA000EEE7E6770220F1E70C4A1021D06830B5E4
:109CB00003000B40084205D002230948C46923432E
:109CC000C3610B000420D168014205D00121044C7E
:109CD0000343E5692943E161D36030BD00200240C0
:109CE000E80A0020064B00201A69120606D5054A2C
:109CF0005A60054A5A6018690006C00F7047C0468E
:109D00000020024023016745AB89EFCD8023034A41
:109D1000002011690B4313617047C04600200240C8
:109D2000074B8022196910B50C00920001201440E5
:109D3000114204D12000034A9A60034A9A6010BD80
:109D40000020024023016745AB89EFCD034A044957
:109D5000136900200B4013617047C0460020024089
:109D6000FFFDFFFF70B50400FFF74AF9012605006B
:109D7000104BDA68324211D12022D968114200D04A
:109D8000DA60D968102208001040114202D1DB6865
:109D90005B0708D5FFF788FF012004E0621CE8D0CC
:109DA000002C01D1032070BDFFF72AF9401BA0420F
:109DB000DED9F7E700200240F0B585B003931E4BD3
:109DC000009102921A7E04000220012A31D0012261
:109DD0001A481A76FFF7C6FF002827D12600012C63
:109DE00003D00426022C00D126000024124B01933C
:109DF000029803992201FAF719FF00220127019B1B
:109E00000F4DDA612B69009A3B432B6163009B186D
:109E100080B218800948FFF7A5FF2B69BB432B616F
:109E2000002803D1E419E3B29E42E1D80022024B9C
:109E30001A7605B0F0BDC046E80A002050C3000005
:109E4000002002408023054A10B511699B010B4395
:109E500003481361FFF786FF10BDC0460020024093
:109E600050C300000022064BDA61064B0432196928
:109E70000A431A61402219690A431A617047C046B1
:109E8000E80A00200020024070B506001248FFF7E3
:109E900069FF00281ED12025104B114CD861236981
:109EA0000D482B4323614023226913432361FFF7AD
:109EB00059FF2369AB43236100280BD12369103D6F
:109EC0002B432361074B04481E80FFF74BFF236998
:109ED000AB43236170BDC04650C30000E80A0020B8
:109EE0000020024000F8FF1F062270B5114CAA2581
:109EF000E369134203D011355B0700D511350E48D5
:109F0000FFF730FF002814D120260C4BD8612369BD
:109F10000948334323614023226913432361FFF738
:109F200021FF2369B3432361002802D1E8B2FFF780
:109F3000ABFF70BD0020024050C30000E80A0020C3
:109F4000F7B5564E0400337E0220012B65D0013850
:109F500030762368034261D06368A568504F83421E
:109F60003BD13B6A4F480193FFF7FCFE002852D1DA
:109F7000F061FFF7B9FF00284DD1019BAB431D00F5
:109F8000D9B210233A6913433B61FF2934D12B0A1C
:109F9000DBB2FF2B08D0444942484A8913404B8129
:109FA000FFF7E0FE002830D12B0CDBB2FF2B08D0EE
:109FB0003D493C488A8913408B81FFF7D3FE002836
:109FC00023D100202D0EFF2D1FD0374B3548DA89C5
:109FD0001540DD81FFF7C6FE17E03B6A314801936B
:109FE000FFF7C0FE002816D1F061FFF77DFF0028C3
:109FF00011D1019B2B43C2E72B4A2A4813890B40FE
:10A000001381FFF7AFFE0028C1D010223B699343B4
:10A010003B61002802D000233376FEBD23689B07F6
:10A0200004D5207BFFF730FF0028F4D123685B07BD
:10A030001AD5637B1B480193FFF794FE0028EAD1F1
:10A040001027174DF0612B69019A3B432B61882340
:10A050001A431300144A13485380FFF783FE2B69F9
:10A06000BB432B610028D6D123681B07D3D52369B6
:10A070000C480193277DFFF775FE0028CBD11025F2
:10A08000074CF061236907482B432361019B1F8024
:10A09000FFF768FE2369AB432361BCE7E80A0020B1
:10A0A0000020024050C3000000F8FF1F072310B536
:10A0B00006240360084B1A6A8260D969AA222142E9
:10A0C00003D01132490700D5113202737722DB69C0
:10A0D0001B0A1340437310BD002002400022064BB0
:10A0E000DA61064B023219690A431A61402258614B
:10A0F00019690A431A617047E80A002000200240EB
:10A10000F8B5214F04003B7E0E000220012B0CD03D
:10A1100001233B7623681D48012B12D1FFF722FE55
:10A12000002803D0012000233B76F8BDFFF79AFEFC
:10A130001648FFF717FE0421154A13698B43136174
:10A14000F1E7FFF70FFE0028ECD101235B423360FB
:10A1500065680130A3686268DB029B18AB42E2D9F4
:10A160002800FFF7BBFF0948FFF7FCFD0221084A62
:10A1700013698B431361002801D03560D3E7802336
:10A180001B01ED18E6E7C046E80A002050C30000B6
:10A19000002002400023F0B587B00A681400DC40BC
:10A1A00001D107B0F0BD012514009D402C40009462
:10A1B0002A4200D19CE04A685F009446032264462C
:10A1C00022400324BC40E4430194541E012C2ED8A9
:10A1D0008668019C2640CC68BC4034438460446857
:10A1E0000126AC4325006446240934409C402C439E
:10A1F0004460C568019C25408C68BC402C43C46009
:10A20000022A16D107250F261D40AD00AE40DC08FE
:10A21000A40004190294246A03962600039CA64312
:10A2200034000E69AE402643029C266201E0032AF8
:10A23000DFD1BA400468019D25402A43C024026052
:10A240006246A402224253D001252A4A90279469EB
:10A25000FF052C43946192699C082A400592059A57
:10A26000254AA400A4180F2202351D40AD00AA40C3
:10A27000A66896430022B84210D0204F0132B8425F
:10A280000CD01F4F0132B84208D01E4F0132B842E5
:10A2900004D01D4A8218571EBA410432AA406746AC
:10A2A0003243A260194A009C9668009DE4433543FE
:10A2B000FF0201D43500254067469560D668009DB1
:10A2C0003543BF0201D4350025406746D560566846
:10A2D000009D3543BF0301D43500254067465560D6
:10A2E0001568009E2E43FF0301D425402E00166002
:10A2F000013352E700100240000001400004004812
:10A3000000080048000C004800F0FFB700040140BE
:10A3100000690840431E9841C0B27047002A01D02E
:10A32000816170478162FCE7044B10B55A691042A5
:10A3300002D05861FDF76CF810BDC0460004014022
:10A3400070B504000120002C2BD0224D635DDAB2E1
:10A35000002B05D1A4239B002000E25402F0ECFC6A
:10A3600003236355206801F00DFA00232200190031
:10A37000012620791032984214D1002122000800D1
:10A380005132FF328B4217D16168A268206801F018
:10A3900003FA0023237301336355A37A012B15D0ED
:10A3A000002070BD137001335670D170116151617E
:10A3B0009161DBB22832DEE7117001315070D0704C
:10A3C000106150619061C9B22832DBE7200000F0D3
:10A3D0000EFEE5E79102000070B5A425AD00435DD7
:10A3E00004000220012B09D001236355206801F0ED
:10A3F000BFF9206801F0C9FB0020605570BD70B541
:10A40000A425AD00435D04000220012B07D00123E9
:10A4100063552068217301F0B1FB0020605570BDC9
:10A42000F0B5040085B0006801F0B7FB802305009B
:10A430001B021D40184201D100F027FC2068821D3C
:10A44000D38F1BB2002B01DB05B0F0BD0F21D38FE2
:10A45000194000910F219AB20B4200D0C0E01023A6
:10A46000110019401A4227D10388CA4A134080229A
:10A47000120213430380030050331A88237CDB004D
:10A48000C3189B18C44A20009B181B88626A9B054E
:10A490009B0DE362D318636202F07FFC237B002BE9
:10A4A000CCD0A16A23680029C8D18020227B4C33FC
:10A4B00002431A802173C1E7028880211600090136
:10A4C00093B20E400A4222D0030050331A88A823C8
:10A4D0005B00E35CA621DB00C3189B18AF4A890030
:10A4E0009B1822001B8851329B059B0DFF32D361C4
:10A4F0006118D28801F09CFD2168A94B0A882000D0
:10A500001A40802313430B8002F032FC96E71BB203
:10A51000002B00DB92E70288A14B25001A40802324
:10A5200013430380030050331A88A8235B00E35CC5
:10A530005135DB00C3189B18984AFF359B181B88C0
:10A540009B059B0DEB610DD0696900290AD0EA8853
:10A5500001F06EFD6B69EA6931009B1820006B61A8
:10A5600002F00FFC21680A8893B2120500D565E756
:10A57000C02292011340934200D15FE70B00874A4B
:10A5800050331B888A18D21813889B059B0D1380A3
:10A590002B69002B0ED18020138800020343138007
:10A5A0000A88804B1A40C0239B0153407E4A1343C4
:10A5B0000B8043E73E2B08D8012558082B40C018D4
:10A5C0001388800203439BB2E9E71F2558092B40FB
:10A5D0005D426B41C01A138880021843734BF1E748
:10A5E000009B9F00C219138899B21BB20191002BE6
:10A5F00000DB92E013886A490B4080210B431380F3
:10A600002823009A5343E3181A001D005D32FF32DD
:10A6100012785135FF35002A14D1020050321188CA
:10A620002A78D20052185D491218521812889205E1
:10A63000950D002A56D01A005732FF32FC3319000C
:10A6400012884BE019005431FF3109782A78022929
:10A6500000D0E3E08026F601B4466546019EFC3357
:10A660002E4003960600503602966646019DD96E2E
:10A67000354200D1A0E0029D2E88D50086197619BA
:10A68000454D76193588AD05AD0D8D420DD90021AA
:10A69000D966910041180E88424B1E4080239B01D1
:10A6A0007340414E33430B8002E0491BD966F0D022
:10A6B000019B5B0607D59200821813883C490B402A
:10A6C0003C490B431380002D0CD02823009A5343A0
:10A6D000E1180A005932FF321288FC312B00896ED2
:10A6E00001F0A6FC2823009959436218FC32106F30
:10A6F00040191067906E40199066D06E002803D004
:10A70000526E954200D3B3E0009A20005343E31801
:10A710005133FF33197802F034FB8022019B20680B
:10A72000134200D18AE6C21913881A49009E0B40D1
:10A730001E490B439BB2138028225643A319D97C90
:10A74000012900D0C7E0009901314A43002111518D
:10A750001A7F8A4200D19EE04022019D019E154051
:10A76000164200D1A0E05A7C8A4200D087E0020065
:10A77000503211881A7C084BD200C0184118521868
:10A7800013880A499B059B0D138013880B439BB2CA
:10A79000138080E00F8FFFFF02040000060400001A
:10A7A0008F0F00008FBFFFFF808000000080FFFF41
:10A7B0008F8FFFFFC0800000029D2E88D500861974
:10A7C0007619C74D76193588AD05AD0D8D420DD979
:10A7D0000399D966910041180E88C24B1E40802310
:10A7E0009B017340C04E33430B8002E0491BD96686
:10A7F000F0D0019B5B0607D4920082181388BB49F6
:10A800000B40BB490B431380002D00D16AE728237E
:10A81000009A5343E1180A005B325CE79200821809
:10A820001688B2493140B24E314311802A789100E6
:10A8300041180D88010050310988D20052181218B1
:10A840006D040AD5AB49521812889205950D002A5D
:10A8500000D147E71A005932EFE6A1495218128891
:10A860009205950D002A00D13CE71A005B32E4E620
:10A870005131FF312068611801F0A8F94DE7012A34
:10A8800009D102009B4D503212881B7C4019DB001D
:10A8900080181B1819802823009A5343E318197C49
:10A8A000200002F07AFAC9E55A7C002A06D102009B
:10A8B000503211881A7C8A4BD2005EE7012AEAD115
:10A8C00002008749503212881B7C4018DB00801838
:10A8D0001B181D80DFE7802701997F0039401A7C13
:10A8E0008C46019902929D6AD20039421CD1070020
:10A8F00050373F88BF187F4A3F18BF183A889205E3
:10A90000920DAA4203D3624602999A62C8E7596A35
:10A91000AD1A89185962D96A10368A189D62DA62AE
:10A92000A11901F053F989E540218C46019F0600E9
:10A930000F400397674601995036394200D1DFE056
:10A940006C49378846180021F719BF5A8C46BF0555
:10A95000BF0DAF4201D2E91B8C466146802599624A
:10A960000199ED0129400D006146002947D12823B6
:10A9700000994B43E3185B7C002B30D10700503724
:10A980003B885D49F3189B181E88B605B60D1E80DE
:10A990001E880E43B6B21E80514E3B888019C018E7
:10A9A000801803889B059B0D038003880B439BB293
:10A9B00003802000029902F0F0F9002D00D1DCE0C4
:10A9C0002823009A49495343E3181B7C22689B00C3
:10A9D000D21813880B4049490B431380CDE0012B5B
:10A9E000E7D10700614650373B88F3189B18198060
:10A9F0003B493B884018C01880186346D8E7002DB3
:10AA00000CD00299890041180D880191AC4661462D
:10AA1000364D0D4039490D4301990D802825009987
:10AA20004D4334218C466519AC44614609780129AF
:10AA300000D0A2E0696AC91969620191D96AC9198D
:10AA4000D9622B6B296A8B4217D35B1A2B6328239D
:10AA5000009D6B43E3185D7C8BB2002D37D1050060
:10AA600050352D887519AA181588AD05AD0D1580BE
:10AA700000290ED11188204D13E0002B03D161462F
:10AA80000B703900E3E7002167463970296319002C
:10AA9000DDE73E2911D801264D080E40AD19118879
:10AAA000AD02294389B21180282200994A43A21895
:10AAB000128B019901F075F85FE01F264D093140B6
:10AAC0004E4271416D1A1188AD022943D3E7012D21
:10AAD000EAD10100503109887618B6183380E3E7CF
:10AAE000060400008FBFFFFF808000008F8FFFFFF4
:10AAF000C0800000020400000080FFFF80C0000052
:10AB0000AC4936888C4684446644B65A039FB605E1
:10AB1000B60DAE4200D8AF1B80250199ED0129404A
:10AB20000D009F62002F49D1282300994B43E31861
:10AB30005B7C002B33D103009F4950331E884018A3
:10AB40008019801806889D49B605B60D06800688CE
:10AB50000E43B6B206801B8863449B181A88920580
:10AB6000920D1A801A880A4392B21A802000029924
:10AB700002F013F9002D00D122E72823009A534355
:10AB8000E3181B7C22689B00D21811888C4B19405B
:10AB900030234B408B490B431380FFF74FFC012BB5
:10ABA000E4D10300844950331E884018801980186E
:10ABB00007801B8863449B181F80D7E7002908D1B2
:10ABC0000299814D890041180F883D407F4F3D43D8
:10ABD0000D80282700994F43E7193900343101913E
:10ABE00009780129C9D1796A89197962DD6AAD19B3
:10ABF000DD623B6B3D6AAB4217D35B1B3B63282393
:10AC0000009E7343E3185E7CABB2002E34D1060085
:10AC1000503636886644B2181688B605B60D1680CA
:10AC2000002D0ED11588654E13E0002B03D1019D38
:10AC30002B703500E3E70025019E3D6335701D0054
:10AC4000DDE73E2D0ED801276E082F40F619158836
:10AC5000B6023543ADB215802822009D6A43A21882
:10AC6000528B27E71F276E093D406F427D41761BBF
:10AC70001588B6023543D6E7012EEDD105005035D3
:10AC80002D886544AA181380E6E743050ED523688E
:10AC90004F490633DA8F20000A40DA8702F08FF836
:10ACA00029002000FFF7ABFBFFF7CEFB430407D5DD
:10ACB000236848490633DA8F0A40DA87FFF7C4FB76
:10ACC000802301009B011940184204D023684249A7
:10ACD0000633DA8FF0E7C3041AD504202368023361
:10ACE000DA8F8243DA87DA8F00188243DA87B22359
:10ACF0009B00E25C012A03D12000E15400F08BF9B3
:10AD0000200002F07FF8236834490633DA8FD3E756
:10AD1000030513D5082123689A1CD08F06330143FD
:10AD2000D187D98F2E480140D9870423D18F0B4377
:10AD3000D387200002F054F8FFF786FB80252842D5
:10AD400021D0B22023688000991DCA8FAA43CA87E8
:10AD5000225C002AEDD104219A1CD58F543329435B
:10AD6000D1870821D58F2943D18701213C22215445
:10AD70001B8820009B081340B3229200A35000F0D0
:10AD80004AF9FFF761FB83050AD5236815490633A5
:10AD9000DA8F20000A40DA8702F00AF8FFF754FB46
:10ADA000C00501D4FFF750FB23680F490633DA8F43
:10ADB00082E7C04606040000020400000080FFFF96
:10ADC000BF8FFFFF808000008F8FFFFF80C00000DB
:10ADD000FFFBFFFFFFBFFFFFFFDFFFFFFFEFFFFFF7
:10ADE000FFF7FFFFFFFDFFFFFFFEFFFF70B5040051
:10ADF00007200D000840282141436DB26618002D40
:10AE000018DA012510316118757408700A61CB7069
:10AE1000022B01D100230B71A425AD00635D02203C
:10AE2000012B06D001236355206800F0C3FC0020ED
:10AE3000605570BD002551315236FF31FF36611823
:10AE40003570E2E707220B000A40282151435BB22C
:10AE500070B504004018002B12DA0123103161187C
:10AE60004374A4250A70AD00635D0220012B06D057
:10AE700001236355206800F0ADFD0020605570BDD2
:10AE8000002351315230FF31FF3061180370E8E781
:10AE9000F8B50724214021344C4306193700FC370C
:10AEA000FB6633000025523351365134FF33FF36F1
:10AEB000FF343D67BA661D7031700119006800F0FB
:10AEC00085FE2800F8BD07230B4028215943401870
:10AED000FC30006F704770B50724214021344C438B
:10AEE00006193500726201223435B3622A700025DA
:10AEF0001034F5623174336372740119006800F024
:10AF000065FE280070BD072270B5037904000A4071
:10AF10000120934219D348B22823002816DA53435C
:10AF2000190001201031E318611858740123A42579
:10AF30008B700A70AD00625D02209A4205D06355A5
:10AF4000206800F0C1FD0020605570BD4B43190022
:10AF50000020E31851315233FF31FF33611818706C
:10AF6000E4E70B000F2270B5017904001A400120BC
:10AF700091421BD3072228211A4051435BB260182B
:10AF8000002B14DA01231031611843740025A42624
:10AF90008D700A70B600A35D0220012B06D001233C
:10AFA000A355206800F0B0FD2800A55570BD002312
:10AFB00051315230FF31FF3061180370E6E730B590
:10AFC00028240D060BD5072529404C4310340019C1
:10AFD00099B2002A07D10273C180002030BD4C43D2
:10AFE0005134FF34F3E7012283600273F5E703680D
:10AFF0000200B420012110B58000B22411500020BD
:10B00000A400105554331A8811430222198019885C
:10B010000A431A8010BD7047044B054A5B68054916
:10B020005B055B0FCB5C1068D84070470010024096
:10B030000C020020E8E00008072310B50324036099
:10B04000094B5A68224042605A68ED3422408260BF
:10B05000E0225B68D20013400122C360034B1B68EF
:10B0600013400B6010BDC04600100240002002409B
:10B0700070B50124036A026AA24302627322446823
:10B08000856995430A681543022293438A681343EE
:10B09000144A904208D0144EB04205D0134EB0422C
:10B0A00002D0134EB04216D10826B343CE683343C4
:10B0B0000426B343904208D00B4A904205D00B4A75
:10B0C000904202D00A4A904205D10A4A8E69224033
:10B0D0004C69344314434A684460856142630362A7
:10B0E00070BDC046002C01400040014000440140BA
:10B0F00000480140FFFCFFFF70B5184A056A036A6B
:10B100001340036273234268C4699C430B681C4369
:10B11000134B1D408B681B022B43124DA8420ED1CE
:10B12000114D1D40CB681B022B43104D2B40104D81
:10B130004E6915408A69324312012A4308E00D4DD9
:10B14000A842F4D00C4DA842F1D00C4DA842EED04C
:10B1500042604A68C461C263036270BDFFFEFFFFC4
:10B16000FFFDFFFF002C0140FFF7FFFFFFFBFFFF8C
:10B17000FFCFFFFF00400140004401400048014074
:10B1800030B5144A046A036A134D134003624368DE
:10B19000C2692A400D682D021543104A14408A687E
:10B1A000120322430E4CA04208D00E4CA04205D000
:10B1B0000D4CA04202D00D4CA04204D10C4C1C40BE
:10B1C0004B699B01234343604B68C5610364026282
:10B1D00030BDC046FFEFFFFFFF8CFFFFFFDFFFFF2B
:10B1E000002C014000400140004401400048014063
:10B1F000FFBFFFFF01000300012010B53D310C78B7
:10B20000E2B284421CD1001808701B68D96811434F
:10B21000D9600D498B4209D08021C9058B4205D0E8
:10B220000A498B4202D00A498B420AD107219A6807
:10B230000A40062A03D0012219680A431A60002036
:10B2400010BD1968F9E7C046002C01400004004019
:10B250000040014070477047704770470222036802
:10B2600070B5DD681E69040016420DD015420BD082
:10B27000053A1A61043202779B699B0700D171E09D
:10B28000FFF7E9FF0023237704231E4211D01D425C
:10B290000FD00522236852421A61073222779A6939
:10B2A000C0239B0020001A4262D0FFF7D4FF002386
:10B2B000237708231E420FD01D420DD00922236898
:10B2C00052421A610D322277DB6920009B0755D06C
:10B2D000FFF7C1FF0023237710231E4211D01D4228
:10B2E0000FD01122236852421A6119322277DA698B
:10B2F000C0239B0020001A4246D0FFF7ACFF00237A
:10B30000237701231E4208D01D4206D00222236863
:10B31000524220001A61FDF7A7FC80231E4208D08C
:10B320001D4206D081222368524220001A6100F09B
:10B330001EFA40231E4208D01D4206D04122236837
:10B34000524220001A61FFF788FF20231E4208D0D6
:10B350001D4206D021222368524220001A6100F0CB
:10B3600005FA70BDFFF776FF2000FFF775FF89E74C
:10B37000FFF770FF2000FFF76FFF98E7FFF76AFF06
:10B380002000FFF769FFA5E7FFF764FF2000FFF744
:10B3900063FFB4E7234A10B50368904206D08024C7
:10B3A000E405A04202D0204CA0420CD17024A3435B
:10B3B0004C682343904212D08024E405A0420ED072
:10B3C000194CA0420BD0194CA04208D0184CA042F6
:10B3D00005D0184CA04202D0174CA04203D1174C04
:10B3E0001C40CB6823438024A3434C692343036060
:10B3F0008B68C3620B688362904208D00C4B984202
:10B4000005D00C4B984202D00B4B984201D10B69EE
:10B410000363012242610369134202D0036993432B
:10B42000036110BD002C01400004004000200040DA
:10B43000004001400044014000480140FFFCFFFF84
:10B4400070B504000120002C21D025003D352B785B
:10B45000DAB2002B05D123003C3320001A70FDF72F
:10B46000FBFC02232B702068211DFFF793FF2200B5
:10B4700001230020463213704534083A137053708C
:10B480009370D37013715371937123702B7070BDCF
:10B4900070B504000120002C21D025003D352B780B
:10B4A000DAB2002B05D123003C3320001A70FDF7DF
:10B4B000BFFC02232B702068211DFFF76BFF2200C9
:10B4C00001230020463213704534083A137053703C
:10B4D0009370D37013715371937123702B7070BD7F
:10B4E000102270B5056A036A174C934303624268E1
:10B4F000836923400C6824021C4320239D438B68EE
:10B500001B012B43114DA8420FD18025AB431E00D8
:10B51000CB68403D1B013343AB430D4D4E69154095
:10B520008A69324392002A4308E00A4DA842F4D0C7
:10B53000094DA842F1D0094DA842EED042604A68B8
:10B5400084618263036270BDFF8CFFFF002C0140A9
:10B55000FFF3FFFF0040014000440140004801406C
:10B56000F8B506003C361500327803000C000220C6
:10B57000012A0AD001383070082D3FD006D8002D9E
:10B5800019D0042D29D000233370F8BD0C2DFAD129
:10B590001D682800FFF7F4FD8023EA691B011343AF
:10B5A000EB61EB691D4A1340EB612369EA691B02F9
:10B5B0001343EB610FE01D682800FFF759FD0823D6
:10B5C000AA6913430422AB61AB699343AB61AB69D6
:10B5D00022691343AB610020D5E71D682800FFF7FF
:10B5E0007FFF8023AA691B011343AB61AB690B4A40
:10B5F0001340AB612369AA691B02EAE71F683800A0
:10B60000FFF77AFD0422FB691D43FD61FB6993434B
:10B61000FB61FB6922691343FB61DCE7FFFBFFFF72
:10B620001F2310B5012419408C408A40036AA343AC
:10B630000362036A1A43026210BD000002000300A5
:10B6400010B5002909D13E331B78013B581E8341B8
:10B65000DBB20120002B0AD010BD042901D13F33F9
:10B66000F2E7082901D14033EEE74133ECE702234A
:10B67000100000291DD13E30037014680122200003
:10B68000FFF7CEFF194A94421DD0194B9C421AD0A5
:10B69000184B9C4217D0184B9C4214D08023DB05DA
:10B6A0009C4218D10722A3681340062B19D1002011
:10B6B000D2E7042901D13F30DEE7082901D140302B
:10B6C000DAE74130D8E78023616C1B020B436364E7
:10B6D0009442E3D1E6E7094B9C42E3D0044B9C4201
:10B6E000E0D00123226813432360E0E7002C0140EF
:10B6F0000040014000440140004801400004004077
:10B7000010B5FFF79BFF10BD70B5040002223C345A
:10B71000257803001000012D20D01D0070263D3536
:10B720002A701B6858689A68B0430E6830435860A6
:10B730000B48834209D08020C005834205D00948C8
:10B74000834202D00848834204D180204968824362
:10B750000A439A60012300202B70207070BDC04600
:10B76000002C014000040040004001407047704739
:10B77000821D03000020D087014A0233DA87704718
:10B7800080BFFFFF0230C38F024A1340C3870020EF
:10B790007047C0467F400000821C0300012100204A
:10B7A000D18782B0D0879A1D5033D087188002B0DD
:10B7B00070470000F7B50E787A4AB300C3181C88AA
:10B7C000CF781440012205000092032F08D83800DA
:10B7D000F9F7A2F802423F3C8022920014430097FE
:10B7E000714A1443A4B21C801888704C2040304326
:10B7F000104380B21880F0008446087BAC4450357A
:10B800000195002800D06BE0CD8848786D086D0068
:10B81000002823D080200199C000098861440918BC
:10B820000D801988490604D519882140604C2143B0
:10B830001980604D012F00D1AEE020211C882C40E2
:10B8400061400A4392B200981A80FEBDC022D20025
:10B85000144300220092C3E78022F8E701980969A7
:10B860000788554867443F1801983D80058853482C
:10B8700065442D182F88BF05BF0D2F80002915D1D5
:10B88000802729883F02394329801988490404D533
:10B89000198821404A4C214319804A491C880C4090
:10B8A000C021002E00D080218901C9E73E2908D897
:10B8B00001204F0801407F182988BF02394389B20F
:10B8C000E2E71F204F0901400800414241417F1A31
:10B8D0002988BF0239433C4F0F43BFB22F80D4E7C2
:10B8E0001D88022F3AD1394E2540354301981D80DD
:10B8F000058880200E896544C00076082D187600E2
:10B9000001982E8005884E892B48654476082D18AD
:10B9100076002E804978274E8C4680216046294D3E
:10B92000C90100281FD11F880F4204D01988244F55
:10B930002140394319801988490604D519882140C6
:10B940001B4C21431980C0211C8889012C40614077
:10B95000114389B219801988314072E71C4E354075
:10B960001543ADB2C2E71888084204D019881448BC
:10B970002140014319801988490604D519882140BE
:10B980000B4C21431980012F09D020211C88344001
:10B990006140114389B219801988294051E71988FB
:10B9A0003140F6E78F89FFFF8080FFFF8F8FFFFF19
:10B9B000C0800000BF8FFFFF0404000006040000E9
:10B9C00080C000008FBFFFFF0080FFFF808100006C
:10B9D0008F8EFFFFF0B50B784A78097B9B00C0186B
:10B9E000314B00291AD1002A0CD00288520605D505
:10B9F00002882E490A402E490A43028002882D49B6
:10BA00000A402FE00288520405D5028827490A40DF
:10BA100029490A43028002882849F1E78027234EFA
:10BA2000244D2649FF01002A21D102883A4204D040
:10BA30000288214C3240224302800288204C520668
:10BA400004D502883240224392B2028002883240FA
:10BA50001443A4B2048002880A401A4392B20280BE
:10BA600002882A4013439BB203800020F0BD028865
:10BA7000144C3A4204D002883240224392B20280EF
:10BA80000288520604D50288094F32403A430280A8
:10BA9000028832401443A4B2048002882A401A4328
:10BAA00092B202800288ABE78080FFFF8F8FFFFF9A
:10BAB000C0800000BF8FFFFF80C000008FBFFFFF6E
:10BAC000C080FFFF80C0FFFF0B780C4A9B00C018AE
:10BAD0004B780188002B08D0094B194010234B40AC
:10BAE00013439BB2038000207047064B194080230C
:10BAF0005B014B401A4392B20280F4E78080FFFF63
:10BB0000BF8FFFFF8FBFFFFF0B7B002B19D10B787F
:10BB10009B00C0184B78002B15D003885B0605D519
:10BB20000388104A1340104A13430380CB78012B3B
:10BB300007D00E4B02881A40202353400C4A13436F
:10BB400003800020704703885B0405D50388054AFD
:10BB50001340084A13430380074B02881A40C0234E
:10BB60009B01EAE78F8FFFFFC0800000BF8FFFFFC0
:10BB70008080000080C000008FBFFFFF002902D13D
:10BB800080234C3003800020704780225830038887
:10BB9000120213430380002070470630C08F80B22A
:10BBA000704730B580240133E40012195B08801817
:10BBB0005B00CB18401A0C188B4200D130BD4A787C
:10BBC0000D7812022A4322800231F4E7F0B50C000E
:10BBD00049780500227B87B0012900D01BE1236949
:10BBE000A76902939F4200D91F002B00503361695F
:10BBF0000193002A1DD1BFB23B00E2882800FFF765
:10BC0000D0FF019BBE4A19882378AA18DB0052187E
:10BC10009B181F802378BB4A9B00EB1819881140A2
:10BC200030224A40B8490A4392B21A80002007B035
:10BC3000F0BD2278266A9300D2000392E078EB18D8
:10BC4000022800D0D1E0029AB24200D3BBE01A88A9
:10BC5000AE48F61B1040AE4A104318801B884020A7
:10BC60009C466246024005926246CB1904932662C6
:10BC7000BBB2024255D0019A12889446A54AA81830
:10BC8000039A60448218138062892800FFF789FFB5
:10BC9000049B029A63610023B24201D2F31B3E006F
:10BCA00062782362B3B2002A2ED1019A9449108897
:10BCB000227869180918D200521811888905890D4F
:10BCC0001180002E0AD180201188000201431180CA
:10BCD000228904992800FFF764FF9BE73E2E08D8CD
:10BCE000012170083140401811888002014389B257
:10BCF000EDE71F203040710946427041091A108853
:10BD0000890208438449F1E7012AE1D12A007C49EC
:10BD10005032108822786918D200091852181380FE
:10BD2000D6E7019A12889446754AA818039A604487
:10BD30008218138022892800FFF733FF049B029AA0
:10BD40006361059BB24201D2F31B3E00627823621D
:10BD5000B3B2002A2AD1019A6E4910882278691854
:10BD60000918D200521811888905890D1180002EFA
:10BD700006D1802011880002014311806289A8E762
:10BD80003E2E08D8012170083140401811888002E9
:10BD9000014389B2F1E71F20710906407042464114
:10BDA0001088891B890208435B49F1E7012AE5D124
:10BDB0002A0058495032108822786918D200091890
:10BDC00052181380DAE71888544F4F4A384010430E
:10BDD00080B21880019B039A1888494BEB181B18F6
:10BDE0009A18B3B21380228974E71888F61B019A57
:10BDF00026621688BBB2400607D5464AA818039AA1
:10BE0000801982181380628964E73D4AA818039A52
:10BE100080198218E6E7002A1CD1A36921698B42A8
:10BE200001D95A1A0B00A2612A003A4950321088EF
:10BE300022786918D2000918521811888905890DCD
:10BE40001180002B00D0D6E08021138809020B431B
:10BE500013803DE0E378022B00D08CE0002924D150
:10BE60000600274A503633882078AA18D218C00016
:10BE7000121813889B059B0D13802369002B34D166
:10BE8000802711883F0239431180224A3188AA183D
:10BE90005218121811888905890D1180002B54D170
:10BEA0008021138809020B431380E369002B0FD014
:10BEB00023781B499B00EB181A880A408A4201D05C
:10BEC000002A05D11A8811490A4016490A431A80E6
:10BED00023789B00ED182A88134B1A40C0239B013E
:10BEE0005340124A13432B80A0E63E2B20D8012159
:10BEF0005F0819407F181188BF02394389B2C3E730
:10BF000002040000BF8FFFFF8080FFFF8F8FFFFFC5
:10BF100080810000060400000080FFFF8F8EFFFF7D
:10BF200040400000C08000008FBFFFFF8080000005
:10BF30001F271F4039004F424F415909C91B17881D
:10BF4000019189020F433749D7E73E2B08D80120DA
:10BF500059080340C918138889020B439BB2A3E711
:10BF60001F205909034058424341C91A13888902C6
:10BF700019432C4BF1E70120834200D057E6A36917
:10BF800022690020934201D9981A1300A061002968
:10BF90009ED12E00244A503631882078AA18521893
:10BFA000C000121811888905890D1180002B0AD153
:10BFB000802711883F02394311801C4A3188AA1812
:10BFC0005218121839E73E2B08D801215F08194092
:10BFD0007F181188BF02394389B2EDE71F271F4040
:10BFE00039004F424F415909C91B178801918902F5
:10BFF0000F430C49EFE73E2B08D8012059080340B6
:10C00000C918138889020B439BB221E71F205909E5
:10C01000034058424341C91A138889021943014B0E
:10C02000F1E7C0460080FFFF0204000006040000A4
:10C03000F0B580255C08ED00521926000D0080182F
:10C04000471AEA19002E06D1DB0703D56400001950
:10C0500003880B55F0BD1288013E92B22A70120A75
:10C060006A700235EDE70000014B18607047C0466A
:10C070000C020020AF239B00C35870B5002B0ED0DC
:10C08000AE22802592008458AD00605DFF2806D066
:10C09000044A9B682100A25C9847FF236355002057
:10C0A00070BDC04601020000432303800048704772
:10C0B0005C0200204323038000487047A002002058
:10C0C0004323038000487047180200200A2303809E
:10C0D000004870471C03002070B5AE26B60004006F
:10C0E000855900F041FF83239B00E850A3590220AB
:10C0F000002B0AD0832381229B00E918B033E35838
:10C100009200DB68A8589847002070BDF8B5AE23B0
:10C110009B00C75804000E000220002F16D01425E3
:10C120004D436519E8690833E35800280FD02822E9
:10C130004A439B18196AF8F789FC0A1E07D10B00BD
:10C14000E9612000310000F0FDFE0020F8BD8523EC
:10C1500000229B00FA50F8E7AE23F7B59B00C658C3
:10C160006B466A460D00591D002304000B70D380F6
:10C170002B78901D1F0060221740134226D0202FDD
:10C180003FD1EA886878002A19D05BB2002B0BDA1D
:10C19000AF239B00E35831009B6898473100EA8841
:10C1A000200000F094FC08E080239B00F054184B22
:10C1B00031002000F25400F0A0FC0020FEBDAF23AF
:10C1C0009B00E35829009B689847F6E76B780A2B99
:10C1D0000BD00B2B10D0002B13D1A7239B00E35CBB
:10C1E000032B0ED102220100DAE7A7239B00E35CB8
:10C1F000032B06D10122D3E7A7239B00E35C032B8B
:10C20000DBD02000290000F03BFC0220D6E7C0462E
:10C210000102000070B504000025812100F05BFEE2
:10C2200001212000E56200F056FE2300AE26FC331B
:10C230001D6782212000B60000F04DFEA359256441
:10C24000AB4208D0AF239B00E3585B689847A059E6
:10C2500000F096FEA551002070BD70B5037C04006F
:10C26000002B3AD1802381219B00022200F027FE7F
:10C2700001218023E1629B000222200000F01FFECA
:10C2800023000126FC33032282211E67200008239D
:10C2900000F015FE87202664800000F06DFEAE23BE
:10C2A0009B000500E0503000002D15D00433E3580A
:10C2B0001B689847852200239200AB500432AB5094
:10C2C000237C143A002B11D180239B0031002000E5
:10C2D000AA5800F040FE002070BD402381210222B8
:10C2E00000F0EDFD01214023E162C5E74023EDE7C9
:10C2F00003000220002903D0AF22002092009950B1
:10C300007047AE239B00C3588220800019508421BF
:10C31000890000205A507047AE239B00C258B43B9E
:10C320000020D1507047AE239B00C25810B50223A5
:10C33000002A12D0852189005458013B002C0CD1D1
:10C34000535084239B00D3580C39525888390363C7
:10C35000FF399BB200F0F6FD2300180010BDAE239C
:10C360009B00C25810B50223002A0BD081239B00EA
:10C37000D258037C002B07D180239B00012100F0C1
:10C38000EAFD0023180010BD4023F7E7022310B593
:10C39000002813D0AD239B00C458002C01D00024EA
:10C3A000C450002902D0AC239B00C150A723012117
:10C3B0009B00C154027000F039FD0023180010BD2D
:10C3C00003000220002903D0AD22002092009950E2
:10C3D000704710B500F06AFD002010BDAD239B0032
:10C3E000C25810B50223002A04D013689847431E90
:10C3F00098414300180010BDAD2310B59B00C358F1
:10C400005B689847002010BDAA239B0070B5C51833
:10C410000400280000F020FBA52301229B00E2502D
:10C42000114BE25A163BE2501033E15C1F230B40E4
:10C43000012B09D0022B0CD0002B0FD1290020009A
:10C4400000F01AF9002070BD2900200000F04AFA1F
:10C45000F8E72900200000F06DFAF3E77F232000C1
:10C46000994300F041FDEDE7AE02000070B5040015
:10C47000150000292ED1A5239B00C258032A23D1E1
:10C4800002005532FF32D368106983420BD91B1A60
:10C49000D36082B2984200D99AB22900200000F0FD
:10C4A0003CFB002070BDAD239B00E3581B69002BB3
:10C4B00006D0A7229200A25C032A01D1200098474F
:10C4C000200000F032FBECE7052AEAD1C15000F071
:10C4D0000BFDE6E7AD239B00C35802209B69002BB0
:10C4E000E0D0A7229200A25C032ADBD1200098476B
:10C4F000D7E7F8B50D0004001100002D4DD1A5239C
:10C500009B00C358022B3ED1036A466AB34211D93D
:10C510009B1B03629AB200F0E8FA2B002A00290064
:10C52000200000F018FDA8239B00E25C012A31D016
:10C530000020F8BDC76931003800F8F787FA0D1EF2
:10C540000CD1BE420AD8A626B600A3599F4205D2F6
:10C550000A00200000F0C9FAA551DEE7AD239B00D8
:10C56000E358DB68002B06D0A7229200A25C032AC6
:10C5700001D1200098478021200000F0B5FC200068
:10C5800000F0DFFACFE704229343CCD1802100F002
:10C59000ABFCC8E70022E254CAE7AD239B00C358B6
:10C5A00002205B69002BC4D0A7229200A25C032A60
:10C5B000BFD1290020009847BAE7002270B50400D7
:10C5C0001100402300F07BFC230001254026FC33B2
:10C5D0008021DD659E6600223300200000F06FFCA4
:10C5E000A72300219B00A5616662E554083BE1504A
:10C5F00010336160E1501433E3588B4205D0AD2312
:10C600009B00E35820005B689847002070BD0174D0
:10C6100000207047A7239B00C15C034A8154042279
:10C62000C25400207047C0469D020000A7239B0013
:10C63000C25C042A02D1024A825CC25400207047C4
:10C640009D020000A72310B59B00C35C032B06D1FD
:10C65000AD239B00C358DB69002B00D09847002016
:10C6600010BD10B50400802100F03EFC0021200028
:10C6700000F03AFC10BD000060220B7873B5134047
:10C680000D001900921820390400114212D0002B1D
:10C6900000D096E06878092800D992E0F8F746F9CA
:10C6A000F0000D019100050191008300120091003E
:10C6B000DA00A400AD239B00C35829009B6898476B
:10C6C000002076BD00236A46D3806B88180A0138A3
:10C6D000062876D8F8F720F90417267575404B0020
:10C6E000AC239B00E358207C1B686A46911D984749
:10C6F0006B46D988EA88002950D0002A43D120000F
:10C7000000F013FADCE7AD23227C9B00E358002AFB
:10C7100006D19B6A6A46901D984702234370E7E75B
:10C72000DB6AF7E7D8B205284BD8AC239B00E35867
:10C73000F8F7F2F803080A0C0E105B68002B40D0E3
:10C74000207CD2E79B68F9E7DB68F7E71B69F5E730
:10C750005B69F3E79B69F1E7237C002B31D1AD23C3
:10C760006A469B00E358901D5B6B9847C0E7237CAB
:10C77000002B26D1AD236A469B00E358901D1B6B0E
:10C7800098470723CAE70B1C914200D9131C69463E
:10C790009AB2CB800100200000F099F9EB88002BC1
:10C7A00000D08DE7ABE7AB88002B0AD1EB88002BDC
:10C7B00007D16E887F2E04D8A725AD00635D032BBB
:10C7C00003D12000FFF74DFF7AE7444BF1B2E1546B
:10C7D000200000F0AEFB200000F0A7F90223002E9D
:10C7E00000D1012363556BE7A9783D4D29700129DC
:10C7F000E7D8A7239B00E25C022A09D0032A15D0C0
:10C800002000FFF72EFF20002978FFF7F5FD57E7FE
:10C81000002900D173E7012103226160E254200066
:10C82000FFF7DCFD022800D069E7CAE7002906D13E
:10C8300002222000E2546160FFF7DEFD5FE76168DD
:10C84000012900D15BE7C9B22000FFF7D5FD2978A7
:10C850006160E4E7EA88012AB3D1A7239B00E35C87
:10C86000022B06D8002BACD000232100A360083196
:10C8700002E0211D032BA4D1200000F028F91FE7BE
:10C88000A7239B00E35C013B022B9AD8EB88022B89
:10C8900097D1A9239B00E2580123002A00D002333C
:10C8A00021000222E3600C31E6E76B88012B00D007
:10C8B00006E7A9229200A35021E7A7239B00E35C8F
:10C8C000013B022B00D97CE76B88012B00D0F7E6F7
:10C8D000A92300229B00E25011E7C0469E020000FF
:10C8E000080B002060230A7870B5134004000D0087
:10C8F000520601D5402B19D1A7239B00E35C013BD5
:10C90000022B13D82B79012B10D8AD239B00E358B1
:10C9100029009B6820009847EB88002B04D1002851
:10C9200002D1200000F001F9002070BD2000FFF7C7
:10C9300098FEF9E770B50A7804000B00888860213A
:10C940000A4015004918203D0D4226D0002A34D156
:10C950005A78C1B2012A43D0032A27D0002A2CD109
:10C96000A7239B00E35C022B54D0032B25D10F237C
:10C9700014220B405343E31800065BD59B69002B40
:10C980001BD07F230B4001335343E5184B065CD18A
:10C990000023022229002B6048E0AD229200A25819
:10C9A0001900200092689047002070BDA7229200D5
:10C9B000A25C022A24D0032A03D02000FFF751FEF4
:10C9C000F2E75A88002A07D14A0605D0DB88002BF7
:10C9D00002D1200000F088FA200000F0A6F8E3E77A
:10C9E000A7229200A25C022A0AD0032AE5D15B8822
:10C9F000002BD9D14B06EFD0200000F07EFAEBE7F8
:10CA00004B06DAD0200000F06FFA8021200000F001
:10CA10006BFAC9E74906D0D121005531FF31000634
:10CA200001D54139FF39002302220B60200000F0BC
:10CA30004EF8B9E7FC33DB6D002BBED07F230B40F3
:10CA40005A435532FF32A518A0E7200000F05EFAE5
:10CA500000289DD001239CE70B7803704B7843702E
:10CA6000CB788A781B02134343804B790A791B02E7
:10CA700013438380CB798A791B021343C3807047A9
:10CA800010B50400802100F02FFA0021200000F0F2
:10CA90002BFA10BD70B504000D00160000280DD053
:10CAA000F7F732FFC3B201335B0033802B700323EF
:10CAB00000206B70013B2178002900D170BD5A1C09
:10CAC000E954D2B202330134DBB2A854F3E71300C5
:10CAD000A52210B50224920084500A00C3610021EF
:10CAE000036200F02FFA002010BD10B513000A00F9
:10CAF000002100F027FA002010BD1300A52210B578
:10CB00000324920084500200FC32136653660A002C
:10CB1000002100F020FA002010BD10B513000A001B
:10CB2000002100F018FA002010BDA52304229B006C
:10CB300010B5C25000231A00190000F003FA0020BB
:10CB400010BDA52305229B0010B5C25000231A007A
:10CB5000190000F000FA002010BD000010B5114CC3
:10CB6000002220001049FFF711FC002801D0FCF73B
:10CB70008FF820000D49FFF723FC002801D0FCF7B7
:10CB800087F820000A49FFF7B3FB002801D0FCF723
:10CB90007FF82000FFF71DFC002801D0FCF778F893
:10CBA00010BDC0460C0B00206C030020E4020020E6
:10CBB00028030020002070470020704700207047A5
:10CBC0000A00AE2110B5084C890003006058A43952
:10CBD00041580120002906D119002000FFF791FBE0
:10CBE0002000FFF7A0FB10BD0C0B002073B50E4D0D
:10CBF00004000E0001002800FFF78EFB2800FFF75D
:10CC0000AEFB00236A46D3806B463268210007489A
:10CC100092B20633FBF79EFD002803D06B46D988FD
:10CC2000FFF7CEFF002076BD0C0B0020140500207E
:10CC3000122301480B807047580300200423014849
:10CC40000B8070475403002070B5002652008A18EC
:10CC50008A4200D170BD050FECB223003733092D95
:10CC600000D8073B0B704E7000010231F0E7000066
:10CC70001A2310B50B800A4B18680A4B1B68C018A2
:10CC800000280AD0084B08221C680849FFF7DCFF7F
:10CC9000042220000649FFF7D7FF064810BDC04612
:10CCA000ACF7FF1FB4F7FF1FB0F7FF1F3A030020D8
:10CCB0004A0300203803002010B5044C0A0021006C
:10CCC0000348FFF7E7FE200010BDC046D00D00204E
:10CCD000F0E0000810B5044C0A0021000348FFF7FB
:10CCE000D9FE200010BDC046D00D002006E100088E
:10CCF00010B5044C0A0021000348FFF7CBFE2000CA
:10CD000010BDC046D00D00201CE1000810B5044C39
:10CD10000A0021000348FFF7BDFE200010BDC046F9
:10CD2000D00D002027E10008002803D00238431E60
:10CD3000984101307047000007B50B4B02689A42DA
:10CD400011D18021094B0904DA691F200A43DA61F5
:10CD50000022DB690B4001931100019BFCF7F2FEFE
:10CD60001F20FCF719FF07BD005C004000100240C7
:10CD7000A62310B59B00C1184033C058FFF744FBF1
:10CD800010BD28234B43C318FC339A6EB62310B54D
:10CD90009B00C058FFF76AFB10BD28234B43C31804
:10CDA0005A6AB62310B59B00C058FFF7A2FB10BD0E
:10CDB000B62310B59B00C058FFF744FC10BD70B5FA
:10CDC00043790400022B01D0FBF762FFB625AD00CA
:10CDD00001216059FFF71BFC6059FFF7EEFB70BDA6
:10CDE000B62310B504009B00C058FFF713FC637A0C
:10CDF000002B04D00623024A11690B43136110BDB6
:10CE000000ED00E010B5437A0400002B06D00621A7
:10CE1000054A13698B431361FBF7B2FEB6239B00EF
:10CE2000E058FFF703FC10BD00ED00E0B62370B53D
:10CE300004001C489B00C4501B4BB0250360822398
:10CE40009B0083800223C3710023AD0060514372B5
:10CE50004381FDF775FA002801D0FBF719FF002286
:10CE6000605911001823FEF7AAF8605958230022D0
:10CE70008021FEF7A4F86059C02300228121FEF72B
:10CE80009EF888236059002201215B00FEF797F885
:10CE900080236059002282215B00FEF790F8002079
:10CEA00070BDC046F0110020005C0040B02310B5FA
:10CEB0009B00C058FDF790FAFFF736FF10BD10B584
:10CEC00014001A002300B024A4000059FDF78EFFBF
:10CED000FFF72AFF10BDB02310B59B00C058FDF727
:10CEE000B1FFFFF721FF10BDB02310B59B00C05864
:10CEF000FEF709F8FFF718FF10BDB02310B59B002F
:10CF0000C058FEF72EF8FFF70FFF10BDB0239B00AF
:10CF1000C35848B22822002805DA7F2001404A433E
:10CF20009B18987C70474A439B185333FF331878FB
:10CF3000F8E7B02310B59B00C058FDF760FAFFF783
:10CF4000F3FE10BD10B5B024A4000059FDF7C3FFD7
:10CF5000FFF7EAFE10BD10B5B024A4000059FDF79C
:10CF600097FFFFF7E1FE10BDB02310B59B00C0583E
:10CF7000FDF7A9FF10BD000000487047D00F00204A
:10CF80007047000010B5034B0100186800F026F848
:10CF900010BDC0468803002070B50F4E0D003168EB
:10CFA0000400002902D100F0B1F83060290020000F
:10CFB00000F0ACF8431C03D101256D42280070BD80
:10CFC0000323C51C9D43A842F8D0291A200000F075
:10CFD0009DF80130F2D1EFE7CC140020F7B5032221
:10CFE000CB1C9343083305001F000C2B34D20C27B5
:10CFF000B94233D8280000F071F8374E33681C006E
:10D00000002C2FD139002800FFF7C6FF0400431C75
:10D010005FD134680094009B002B4AD1002C52D081
:10D0200023682800E3180099019300F06FF8019B32
:10D03000834248D123682800FF1A3900FFF7ACFF6C
:10D04000013040D02368DB19236033685A68002A16
:10D0500033D1009B336019E0002BC9DA0C232B601D
:10D060000020FEBD2168C91B20D40B290AD9E21972
:10D070002760A34204D1326063681160536005E009
:10D080005A60F9E76268A3420ED13260280000F0CE
:10D090002DF8200007220B30231D9043C21A98421E
:10D0A000DFD01B1AA350DCE75A60EFE72300646867
:10D0B000A6E7009C63680093ADE71A005B68A34293
:10D0C000FBD10023DAE70C2328002B6000F00EF8D8
:10D0D000C6E70760DAE7C046D014002010B5024862
:10D0E00000F050F810BDC0461016002010B50248E0
:10D0F00000F049F810BDC046101600200300821849
:10D10000934200D1704719700133F9E7002370B5DD
:10D11000064D040008002B60FBF74EFE431C03D1B4
:10D120002B68002B00D0236070BDC0460C16002079
:10D13000014B18687047C0468803002070B5002670
:10D140000C4C0D4D641BA410A64209D1002600F022
:10D1500025F80A4C0A4D641BA410A64205D170BDE7
:10D16000B300EB5898470136EEE7B300EB58984709
:10D170000136F2E738E1000838E100083CE1000838
:10D1800038E1000870477047002310B59A4200D17B
:10D1900010BDCC5CC4540133F8E70000F8B5C046BC
:10D1A000F8BC08BC9E467047F8B5C046F8BC08BC41
:04D1B0009E467047E0
:10D1B4002C4D00081E4D0008FC4C0008284D0008AA
:10D1C400FC4C000812500008FC4C0008284D0008D4
:10D1D4001E4D00081E4D000812500008284D00087E
:10D1E400E44C0008E44C0008E44C000884500008B7
:10D1F400E803C80050FE0200FD760008E803C800FA
:10D2040052FE02002D770008E803C800F7FE020072
:10D214004D77000800006405DC05B004010100003E
:10D22400397B000801000000FF7F0180000000003E
:10D23400000000000200F401580200000101000097
:10D24400E57B000803000000FF7F000000000000F1
:10D25400000000000400AA05DC05B0040101000080
:10D264000D7D000805000000007D000001010000A4
:10D274000000000006001027FF7F000001010000ED
:10D284000000000007000000FF7F00000101000013
:10D294000000000008000000FF7F00000101000002
:10D2A4000000000009000000FF7F000001010000F1
:10D2B400000000000A0000000A0000000100000055
:10D2C400000000000B00000001000000010000004D
:10D2D400000000000C00010001000000010100003A
:10D2E400000000000D00000001000000010100002A
:10D2F400000000000E000000010000000101000019
:10D30400000000000F0003006400000001010000A1
:10D3140000000000100000000100000004010000F3
:10D324000000000011000000E803000004010000F8
:10D33400000000001200E8031027000001010000B3
:10D344000000000013006400C80041000401000054
:10D3540000000000140000000004000001010000AF
:10D364000000000015000000FF7F00000000000026
:10D374000000000016000000FF7F00000000000015
:10D384000000000018000000F6090AF60000000082
:10D394000000000019000000FF0001FF0000000071
:10D3A400000000001A000000FF7F00800000000061
:10D3B400000000001B000000FF7F00800000000050
:10D3C400000000001C00000001000000000000003C
:10D3D400000000001D000000007D000001000000AE
:10D3E400717A00081E000000FF7F000001000000A9
:10D3F400000000001F000000FF7F0080000000000C
:10D404000000000020000000FF7F018000000000F9
:10D414000000000021000000FF0F000000000000D9
:10D424000000000022000000FF0F000000000000C8
:10D434000000000023000000FF0F000000000000B7
:10D444000000000024000000FF0F000000000000A6
:10D454000000000025000000FF0F00000000000095
:10D464000000000026000000FF0F00000000000084
:10D474000000000027000000FF0F00000000000073
:10D484000000000028000000FF0F00000000000062
:10D49400000000002900000001000000040000005A
:10D4A4004D7E00082A000000E8030000010100008E
:10D4B400757C00082B00E803E8030000010100006C
:10D4C400BD7C00082C0000000100000001010000E8
:10D4D400000000002D000000010000000100000019
:10D4E400057D00082E00000001000000010000007E
:10D4F400917E00082F0000000100000001000000E0
:10D50400917D000830000000FF7F018001000000D1
:10D51400D57D000831000200050000000100000074
:10D52400F97D000832000000FF7F00800100000048
:10D53400097E000833000100010000000101000021
:10D544000000000034000100FF000000040100009E
:10D55400F97E000835000000FF000000040100000F
:10D56400E17E000836000000010000000101000017
:10D57400000000003700000001000000010100006D
:10D584000000000038000000000400FC020100005C
:10D59400A17F0008390017070010000002010000F5
:10D5A400117F00083A000B00100000000201000087
:10D5B400318000083B000000000400FC0201000070
:10D5C400B97F00083C00E309001000F002010000EC
:10D5D400297F00083D000C0010000000020100003B
:10D5E400498000083E000000000400FC0201000025
:10D5F400E97F00083F000000001000F00201000075
:10D60400597F000840000A001000000002010000D9
:10D61400798000084100C012002000E002010000EF
:10D62400018000084200FFFF000400FC020100002A
:10D63400717F000843000500100000000201000093
:10D644009180000844000000000400FC0201000076
:10D65400D17F00084500F401000400FC0201000031
:10D66400417F00084600080010000000020100008D
:10D67400618000084700E802001000F00201000089
:10D684001980000848003800000400FC0201000072
:10D69400897F000849000600100000000201000014
:10D6A400A98000084A0000000100000002010000F7
:10D6B400C97D00084B000500FF0F000002010000B7
:10D6C400000000004C00FA0FFF0F000002010000F0
:10D6D400000000004D000500FF0F000002010000E3
:10D6E400000000004E00FA0FFF0F000002010000CE
:10D6F400000000004F000500FF0F000002010000C1
:10D70400000000005000FA0FFF0F000002010000AB
:10D714000000000051000500FF0F0000020100009E
:10D72400000000005200FA0FFF0F00000201000089
:10D734000000000053002800FF0F00000201000059
:10D74400000000005400FA0FFF0F00000201000067
:10D754000000000055000500FF0F0000020100005A
:10D76400000000005600FA0FFF0F00000201000045
:10D774000000000057000000FF0F0000020100003D
:10D784000000000058000000FF0F0000020100002C
:10D794000000000059000000FF0F0000020100001B
:10D7A400000000005A000000FF0F0000020100000A
:10D7B400000000005B000000FF7F0180000000000B
:10D7C400000000005C000000FF7F018000000000FA
:10D7D400000000005D000000FF7F018000000000E9
:10D7E400000000005E000000FF7F018000000000D8
:10D7F400000000005F000000FF7F018000000000C7
:10D804000000000060000000FF7F018000000000B5
:10D814000000000061000000FF7F018000000000A4
:10D824000000000062000000FF7F01800000000093
:10D834000000000063000000FF7F01800000000082
:10D844000000000064000000FF7F01800000000071
:10D854000000000065000000FF7F01800000000060
:10D864000000000066000000FF7F0180000000004F
:10D874000000000067000000FF7F0180000000003E
:10D884000000000068000000FF7F0180000000002D
:10D894000000000069000000FF7F0180000000001C
:10D8A400000000006A000000FF7F0180000000000B
:10D8B400000000006B000000FF7F018000000000FA
:10D8C400000000006C000000FF7F018000000000E9
:10D8D400000000006D000000FF7F018000000000D8
:10D8E400000000006E000000FF7F018000000000C7
:10D8F400000000006F000000FF7F018000000000B6
:10D904000000000070000000FF7F018000000000A4
:10D914000000000071000000FF7F01800000000093
:10D924000000000072000000FF7F01800000000082
:10D934000000000073000000FF7F01800000000071
:10D944000000000074000000FF7F01800000000060
:10D954000000000075000000FF7F0180000000004F
:10D964000000000076000000FF7F0180000000003E
:10D974000000000077000000FF7F0180000000002D
:10D984000000000078000000FF7F0180000000001C
:10D994000000000079000000FF7F0180000000000B
:10D9A400000000007A000000FF7F018000000000FA
:10D9B400000000007B000000FF7F018000000000E9
:10D9C400000000007C000000FF7F018000000000D8
:10D9D400000000007D000000FF7F018000000000C7
:10D9E400000000007E000000FF7F018000000000B6
:10D9F400000000007F000000FF7F018000000000A5
:10DA04000000000080000000FF7F01800000000093
:10DA14000000000081000000FF7F01800000000082
:10DA24000000000082000000FF7F01800000000071
:10DA340000000000C4260100FF7F018004000000F4
:10DA440000000000C3260200FF7F018004000000E4
:10DA540000000000C2260300FF7F018004000000D4
:10DA640000000000C1260400FF7F018004000000C4
:10DA740000000000C0260500FF7F018004000000B4
:10DA840000000000CE260100FF7F0180040000009A
:10DA940000000000CD260200FF7F0180040000008A
:10DAA40000000000CC260300FF7F0180040000007A
:10DAB40000000000CB260400FF7F0180040000006A
:10DAC40000000000CA260500FF7F0180040000005A
:10DAD40000000000C9260600FF7F0180040000004A
:10DAE40000000000C8260700FF7F0180040000003A
:10DAF40000000000C7260800FF7F0180040000002A
:10DB040000000000C6260900FF7F01800400000019
:10DB140000000000C5260A00FF7F01800400000009
:10DB240000000000CF261027007D00000400000044
:10DB340000000000D0260000007D0000040000006A
:10DB440000000000D1260000007D00000400000059
:10DB540000000000D2260000007D00000400000048
:10DB640000000000D3260000007D00000400000037
:10DB740000000000D526000000000F27050000006B
:10DB8400C1800008D626000000000F270500000011
:10DB9400F5800008D726000000000F2701010000CF
:10DBA400F5810008D826000000000F2702010000BC
:10DBB400F7810008D926000000000F2703010000A8
:10DBC400F9810008DA26000000000F270401000094
:10DBD400FB810008DB2600000000010001000000BA
:10DBE400FD810008DF260000FF7F018004000000A3
:10DBF40000000000E0260000FF7F01800400000018
:10DC040000000000E1260000FF7F01800400000006
:10DC140000000000E2260000FF7F018004000000F5
:10DC240000000000E3260000FF7F018004000000E4
:10DC340000000000E4260000FF7F018004000000D3
:10DC440000000000E5260000FF7F018004000000C2
:10DC540000000000E6260000FF7F018004000000B1
:10DC640000000000E7260000FF7F0180050000009F
:10DC740001820008E8260000FF7F01800500000003
:10DC840001820008E9260000FF7F018005000000F2
:10DC940001820008EA260000FF7F018005000000E1
:10DCA40001820008EB260000FF7F018004000000D1
:10DCB40000000000EC260000FF7F0180040000004B
:10DCC40000000000ED26AA55FF7F0180040000003B
:10DCD40000000000EE2655AAFF7F0180040000002A
:10DCE40000000000EF260000FF7F01800500000017
:10DCF4003D810008F0260000FF7F01800500000040
:10DD04003D810008F126BB66FF7F0180040100000D
:10DD140000000000F22666BBFF7F018004000000C3
:10DD240000000000F32600000200000004000000D0
:10DD340000000000F4260000FF7F018004000000C2
:10DD440000000000F5260000FF7F018004000000B1
:10DD540000000000F6260000FF7F018004000000A0
:10DD640000000000F7260000FF7F0180040000008F
:10DD740000000000F8260000FF7F0180040000007E
:10DD840000000000F9260000FF7F0180040000006D
:10DD940000000000FA260000FF7F0180040000005C
:10DDA40000000000FB260000FF7F0180040000004B
:10DDB40000000000FC260000FF7F0180040000003A
:10DDC40000000000FD260000FF7F01800400000029
:10DDD40000000000FE260000FF7F01800400000018
:10DDE40000000000FF260000FF7F01800400000007
:10DDF4000000000000270000FF7F018004000000F5
:10DE04000000000001270000FF7F018004000000E3
:10DE14000000000002270000FF7F018004010000D1
:10DE24000000000003270000FF7F018004000000C1
:10DE34000000000004270000FF7F018004000000B0
:10DE44000000000005274442FF7F01800400000019
:10DE54000000000006274332FF7F01800400000019
:10DE64000000000007270000FF7F0180040000007D
:10DE74000000000008270000FF7F0180040000006C
:10DE84000000000009270000FF7F0180040000005B
:10DE9400000000000A270000FF7F0180040000004A
:10DEA400000000000B270000FF7F01800400000039
:10DEB400000000000C270000FF7F01800400000028
:10DEC400000000000D270000FF7F01800400000017
:10DED400000000000E270000FF7F01800400000006
:10DEE400000000000000C1C081C1400101C3C003A3
:10DEF400800241C201C6C006800741C70005C1C5F2
:10DF040081C4400401CCC00C800D41CD000FC1CFB1
:10DF140081CE400E000AC1CA81CB400B01C9C009A1
:10DF2400800841C801D8C018801941D9001BC1DB41
:10DF340081DA401A001EC1DE81DF401F01DDC01DF1
:10DF4400801C41DC0014C1D481D5401501D7C01711
:10DF5400801641D601D2C012801341D30011C1D121
:10DF640081D0401001F0C030803141F10033C1F361
:10DF740081F240320036C1F681F7403701F5C035F1
:10DF8400803441F4003CC1FC81FD403D01FFC03FB1
:10DF9400803E41FE01FAC03A803B41FB0039C1F9A1
:10DFA40081F840380028C1E881E9402901EBC02B01
:10DFB400802A41EA01EEC02E802F41EF002DC1EDF1
:10DFC40081EC402C01E4C024802541E50027C1E711
:10DFD40081E640260022C1E281E3402301E1C02121
:10DFE400802041E001A0C060806141A10063C1A321
:10DFF40081A240620066C1A681A7406701A5C065F1
:10E00400806441A4006CC1AC81AD406D01AFC06FB0
:10E01400806E41AE01AAC06A806B41AB0069C1A9A0
:10E0240081A840680078C1B881B9407901BBC07B40
:10E03400807A41BA01BEC07E807F41BF007DC1BDF0
:10E0440081BC407C01B4C074807541B50077C1B710
:10E0540081B640760072C1B281B3407301B1C07120
:10E06400807041B00050C190819140510193C053E0
:10E07400805241920196C056805741970055C195F0
:10E0840081944054019CC05C805D419D005FC19FB0
:10E09400819E405E005AC19A819B405B0199C059A0
:10E0A400805841980188C04880494189004BC18B00
:10E0B400818A404A004EC18E818F404F018DC04DF0
:10E0C400804C418C0044C184818540450187C04710
:10E0D400804641860182C042804341830041C18120
:10E0E400818040400000000001020304454E2D4B96
:10E0F4004F20436F6E74726F6C2053797374656D27
:10E10400730053544D3332205669727475616C2018
:10E11400436F6D506F72740043444320436F6E66C7
:10E1240069670043444320496E74657266616365A0
:04E1340000000000E7
:04E13800E9480008AA
:04E13C00C1480008CE
:10E14000E8030000E80300000100000000127A006C
:10E15000010000000400000009074300020104C0A0
:10E16000320904000001020201000524001001052B
:10E17000240100010424020205240600010705828F
:10E180000308001009040100020A0000000705014D
:10E190000240000007058102400000000902430020
:10E1A000020100C03209040000010202010005243E
:10E1B00000100105240100010424020205240600C8
:10E1C000010705820308001009040100020A00008B
:10E1D0000007050102400000070581024000000021
:10E1E00009024300020100C03209040000010202DA
:10E1F000010005240010010524010001042402028D
:10E200000524060001070582030800100904010027
:10E21000020A000000070501020002000705810252
:10E22000000200005BC2000815C2000859C10008C6
:10E230000000000075C000080DC10008D9C000082A
:10E24000000000000000000000000000B5C0000851
:10E25000A9C00008C1C00008CDC000080A0600021D
:10E260000000004001000000B5CB0008BDCB000855
:10E27000B9CB0008EDCB00081A0300000000000035
:10E28000000000000000000000000000000000008E
:10E290000000000004030904120100020202004011
:10E2A00083044057000201020301000031CC000842
:10E2B0003DCC0008B9CC0008D5CC000871CC0008D2
:10E2C000F1CC00080DCD00088C03002000000000F8
:10E2D000D41400203C150020A415002000000000EC
:10E2E000000000000000000000000000000000002E
:10E2F000000000000000000000000000000000001E
:10E30000000000000000000000000000000000000D
:08E31000000000000000000005
:04EFFC00454E4B4FE4
:04F7FC00454E4B4FDC
:020000042000DA
:1000000000000000000000000000000000000000F0
:1000100000000000000000000000000000000000E0
:1000200000000000000000000000000000000000D0
:1000300000000000000000000000000000000000C0
:1000400000000000000000000000000000000000B0
:1000500000000000000000000000000000000000A0
:100060000000000000000000000000000000000090
:100070000000000000000000000000000000000080
:100080000000000000000000000000000000000070
:100090000000000000000000000000000000000060
:1000A0000000000000000000000000000000000050
:1000B0000000000000000000000000000000000040
:0800C000000000000000000038
:0400000508008F75EB
:00000001FF
