:020000040800F2
:104000000040002085860008758400087784000839
:1040100000000000000000000000000000000000A0
:10402000000000000000000000000000798400088B
:1040300000000000000000007B8400087D84000870
:10404000D5860008D5860008D5860008D5860008E4
:10405000D5860008D5860008D58600087F8400082C
:10406000D5860008D5860008D5860008D5860008C4
:10407000D5860008D5860008D5860008D5860008B4
:10408000D5860008D5860008D586000889840008F2
:1040900099840008D5860008D5860008D5860008D2
:1040A000D5860008D5860008D5860008D586000884
:1040B000D5860008D5860008A9840008B9840008C0
:1040C00010B5064C2378002B07D1054B002B02D0EE
:1040D000044800E000BF0123237010BDD803002076
:1040E00000000000D4C50008044B10B5002B03D01D
:1040F0000349044800E000BF10BDC04600000000B6
:10410000DC030020D4C500080023C25C0133002A70
:10411000FBD1581E7047000002B47146490849009F
:10412000095649008E4402BC7047C04602B471462D
:1041300049084900095C49008E4402BC7047C046EA
:1041400003B47146490840004900095E49008E44A5
:1041500003BC7047002243088B4274D303098B428F
:104160005FD3030A8B4244D3030B8B4228D3030C47
:104170008B420DD3FF22090212BA030C8B4202D3E9
:104180001212090265D0030B8B4219D300E0090A11
:10419000C30B8B4201D3CB03C01A5241830B8B421A
:1041A00001D38B03C01A5241430B8B4201D34B0303
:1041B000C01A5241030B8B4201D30B03C01A524168
:1041C000C30A8B4201D3CB02C01A5241830A8B42ED
:1041D00001D38B02C01A5241430A8B4201D34B02D6
:1041E000C01A5241030A8B4201D30B02C01A52413A
:1041F000CDD2C3098B4201D3CB01C01A52418309EE
:104200008B4201D38B01C01A524143098B4201D327
:104210004B01C01A524103098B4201D30B01C01A52
:104220005241C3088B4201D3CB00C01A52418308CC
:104230008B4201D38B00C01A524143088B4201D3F9
:104240004B00C01A5241411A00D201465241104659
:104250007047FFE701B5002000F0F0F802BDC0464E
:104260000029F7D076E7704703460B437FD400223E
:1042700043088B4274D303098B425FD3030A8B42FA
:1042800044D3030B8B4228D3030C8B420DD3FF2264
:10429000090212BA030C8B4202D31212090265D032
:1042A000030B8B4219D300E0090AC30B8B4201D3E5
:1042B000CB03C01A5241830B8B4201D38B03C01A2C
:1042C0005241430B8B4201D34B03C01A5241030BA3
:1042D0008B4201D30B03C01A5241C30A8B4201D354
:1042E000CB02C01A5241830A8B4201D38B02C01AFF
:1042F0005241430A8B4201D34B02C01A5241030A76
:104300008B4201D30B02C01A5241CDD2C3098B425A
:1043100001D3CB01C01A524183098B4201D38B01D7
:10432000C01A524143098B4201D34B01C01A52417A
:1043300003098B4201D30B01C01A5241C3088B42BF
:1043400001D3CB00C01A524183088B4201D38B00AA
:10435000C01A524143088B4201D34B00C01A52414C
:10436000411A00D201465241104670475DE0CA0F23
:1043700000D04942031000D34042534000229C46E3
:1043800003098B422DD3030A8B4212D3FC228901ED
:1043900012BA030A8B420CD3890192118B4208D3C3
:1043A000890192118B4204D389013AD0921100E025
:1043B0008909C3098B4201D3CB01C01A5241830939
:1043C0008B4201D38B01C01A524143098B4201D366
:1043D0004B01C01A524103098B4201D30B01C01A91
:1043E0005241C3088B4201D3CB00C01A524183080B
:1043F0008B4201D38B00C01A5241D9D243088B4261
:1044000001D34B00C01A5241411A00D20146634603
:1044100052415B10104601D34042002B00D5494267
:10442000704763465B1000D3404201B5002000F0A6
:1044300005F802BD0029F8D016E770477047C0465E
:10444000D0400B00D1409C46203AD3401843524202
:104450006346934018437047F0B5DE4645465746DD
:104460004E46E0B587B0009201930B031B0B9B46B1
:10447000CA0F4B00040080465B0D029200D198E009
:104480007C4A934237D05946420FC9000A438021E3
:1044900009041143C2009046774A894692469A44DD
:1044A000002300240393009E019F3B031B0B9B46AC
:1044B0007B0030005B0DFD0F002B59D06D4A9342FD
:1044C00048D05946720FC9000A438021090411439C
:1044D0008B466949F2008C4651466344CB1A9A4692
:1044E0000021029E6E40F6B20F2C00D9CEE0634B45
:1044F000A4001B599F465A460243914600D090E0C3
:104500009A460223904608240393CCE7CB464246C2
:10451000029D0399022900D1DEE1032900D18DE03B
:10452000012900D079E12E000022002300249046CA
:104530001B052343F60733434046190007B0F0BC80
:10454000BB46B246A946A046F0BD002200249046D4
:10455000484BEDE75A46009B1A43494B9C46E244C0
:10456000002A59D102231C43002302219B46B8E7AD
:104570005A46009B1A4349D05B46002B00D19CE170
:10458000584600F0D1FD020003000B3A1D27009EA3
:10459000BA1A19005846D6400839884032000243FA
:1045A0009346009A8A40374953448A4600219A44E8
:1045B00097E75B460343994621D05B46002B00D129
:1045C00069E1584600F0B0FD0B235B429C460200B7
:1045D000844466461D239B1B260011005846DE407E
:1045E0000839884033000343994623008B4098469E
:1045F000254B00249B1A9A460023039353E700237C
:1046000098469A460133042403934CE701231C4344
:10461000002301219B4664E70323320003211C434E
:104620005FE79A460323D9460C2403933BE7002314
:104630008024984600260F4B240379E780245B46AC
:1046400024031C4324032E0090460A4B240B6FE7DF
:1046500080244B462403234202D05B462342F0D001
:1046600080244B4624031C432403029E014B240B4D
:104670005EE7C046FF07000001FCFFFFECC5000835
:1046800001F8FFFFF30300000DFCFFFFCB4500D254
:10469000F8E000D1F3E001235B429C4644464846E3
:1046A0000025E2445B46170E1B021F43190C3B0416
:1046B000120200971F0C914602910397FFF7D0FD5D
:1046C00002007A430B04210C804619438A4209D91F
:1046D000009F0123BC465B4261449C46E0448F42FC
:1046E00000D85CE1881A0299FFF7BAFD039A240406
:1046F00042430904240C03000C43A24206D900994A
:10470000013B8C466444A14200D842E1A01A4246D3
:1047100012041A4393464B4659461B0C1F00049340
:104720000B0449460904090C0C001B0C5C43120CD9
:104730007B43884651437A43270CBC465B1863444D
:10474000994203D9802149028C466244190C240401
:104750001B04240C8A181C19904202D316D1A542BE
:1047600014D25B46009F013B4D4405934D459B4150
:10477000BC465B426344C018874200D302E18242D8
:1047800000D929E100D124E1059B9B462C1BA542C1
:10479000AD41009B801A6D42401B834200D10FE166
:1047A0000299FFF75DFD039A0B044243210C0500BB
:1047B00019438A4200D9CBE0881A0299FFF750FDCD
:1047C000039A240442430904240C03000C43A2422C
:1047D00000D9CAE04146A41A2A041A43049F1304CC
:1047E0001B0C594340467B439C46150C68430B0CFD
:1047F000844463447D43984203D980204002844628
:104800006544180C09041B04090C40195B18844208
:1048100027D323D0012335001A43944B5344002B54
:1048200060DD510700D086E02E00D1085A46D20143
:1048300006D55A468E4B1A4080239346DB005344DC
:104840008C4A934200DD80E65A4652070A4390465E
:104850005A465B055402240B5B0D69E63500002BBC
:10486000DBD0009D511EAC466444AC4200D29EE0B9
:10487000844200D2E1E000D1EEE00A00CAE74245FE
:1048800000D908E74B46DC07580843465B081C4341
:104890004346DD0706E700F047FC15239C468444A9
:1048A0000200634620321C2B00DC92E6230008380D
:1048B00083409946002398469AE600F035FC0200B2
:1048C0000300153220331C2A00DC5FE6009908380B
:1048D000814000228B4666E600222E00002490468E
:1048E000654B25E62E000121C91A382900DD1BE69B
:1048F0001F297EDC6148140050445B46824083409F
:10490000CC40501E824123431A435B46CB405107A3
:1049100009D00F211140042905D0111D9142924167
:1049200052429B180A00190200D49BE00022012386
:1049300000249046FCE50F211140042900D173E7C3
:10494000111D9142924152422E00C90893446DE7D5
:10495000009B013D9C4661448B4200D92CE78A4272
:1049600000D829E7851E614426E70099013B8C4663
:104970006444A14200D92DE7A24200D82AE7831E51
:10498000644427E7874200D0FEE6A94500D9FBE64C
:10499000F5E6A24200D8B9E6831E6444B6E68A4230
:1049A00000D89FE6BC46831E984661449AE60A00FA
:1049B000844200D02EE74B4500D02BE735002CE792
:1049C0002A4B2F4A5344924543DB01220021934452
:1049D0002CE7AC4200D8D7E602235B429C46009904
:1049E0004D444D459B41E3448C465B426344C018B3
:1049F000CCE61F204042C31A5846D840202904D094
:104A00005946204B534499400A43531E9A41072369
:104A10001900024300241140134209D00833134007
:104A2000042B1DD0131D934289411A0049424907A6
:104A3000D2080A43904600237AE54946009F4D007C
:104A40004D458941BC4649426144A946023A641831
:104A5000AEE70122524246E79945EED30A00AAE7A3
:104A60000021E5E759075B021C0BE1E7FF030000AB
:104A7000FFFFFFFEFE070000FF0700001E0400000E
:104A800002FCFFFF3E040000F0B557464E46DE46EE
:104A90004546E0B51F000B031B0B16009A46CA0FD4
:104AA0004B000400914685B05B0D00D1CFE1CD4AAB
:104AB000934255D05146420FC9000A438021090450
:104AC0001143C2009046C84A8A4693469B4400233D
:104AD000002502933C037B00FA0F0196240B5B0D2B
:104AE000009200D188E1BF4A934200D192E0BE4AD1
:104AF000944663449B440A2D42DCE400730F234335
:104B00008024494624041C43F3000193009B0020A9
:104B10005940CBB20393022D00DC94E00123AB405B
:104B20001D00A6232A00DB001A401D4200D029E206
:104B300090239B001D4200D14DE200238024994622
:104B40002403A84B10004A461B052343D2071343F6
:104B5000190005B0F0BCBB46B246A946A046F0BD60
:104B600052460243904600D0ACE19B460223924657
:104B700008250293AEE7009BA2469946019B984602
:104B8000029B022B00D1CAE1032B00D192E1012B41
:104B900010D1002300240022D4E701227B083A40F0
:104BA00013435246D2071343984653465B089A462E
:104BB000039B99465B46581C8023DB005B44002B1B
:104BC00000DCB1E1424652070BD00F2241460A40B9
:104BD000042A06D04246111D414592418846524260
:104BE00092445246D20106D55246804B1A40802349
:104BF0009246DB00C3187E4A934200DD8FE14246B5
:104C0000D108524652070A4351465B054C02240B19
:104C10005B0D97E7734B26439C46E344002E00D17F
:104C20006FE1032349461D43009B5940CBB20393D8
:104C30000A2D00DD33E10123AB401D000323029365
:104C400088222A4297D1424643461204120C16008B
:104C500001981D0C030C0004000C4643B4461E00D2
:104C60006E430096160007005E436146B0466F43F0
:104C70000E0CB8444644B74205D980214902884603
:104C8000009F4744009761460904090C370C36041D
:104C90008C463100614401911100260C2404240C3F
:104CA00061438C462100694389466146090C884668
:104CB00072434A4442447543914503D980214902D5
:104CC00088464544110C884661460904090C8C4607
:104CD00012046244B91802915146090C8C4651469F
:104CE0000F043F0C39004143454488466146414327
:104CF0008A4641466046090C894658437B435344E3
:104D00004B449A4503D98021490289464844190CED
:104D1000894641460904090C8846390061431B0451
:104D20004344884661464C4371438C464146774331
:104D30000E0C3F19F6194844B44203D980214902A8
:104D40008946CC440299009F894631044F448946E4
:104D50004146974292410C04240C4C44FF185242A5
:104D60006419A1189F429B41884682465B4299463E
:104D700090459241AC42A441C244D1445242644263
:104D8000144399459B41824592415B4252421343F1
:104D90004A46360CA419E31863445B02D20D1A4349
:104DA000019992467A020A43501E8241FF0D174331
:104DB0004A4652021743B846DB0100D5EDE60D4BDB
:104DC000039A5B449146002B00DCACE03A005207AA
:104DD00000D110E70F2258463A40042A00D0F9E6E5
:104DE00009E7C046FF07000001FCFFFFFFFFFFFED1
:104DF000FE070000FF030000220032436FD0002CAA
:104E000000D1C2E0200000F08FF9020003000B3A4D
:104E10001D20821A30001900D04008398C40020051
:104E2000224334008C405946CB1A86498B469B441A
:104E30000A2D00DDA4E64946009B01945940CBB2FF
:104E4000140000200393022D00DD67E6FBE65346C5
:104E5000034398463CD05346002B00D1A3E0504674
:104E600000F062F90B235B429C460200844411006F
:104E70005046083988401D23804660461B1A200092
:104E8000D8400300404603439A4623008B4098468F
:104E90006C4B00259B1A9B46002302931AE60F2DAC
:104EA00000D0C9E0802352461B031A4202D01C42A4
:104EB00000D192E08024534624031C43240342463D
:104EC000240B3EE69B46032380460C25029301E615
:104ED00000239A469B46013304250293FAE50121FB
:104EE0000D430A2D00DD4BE6494600984140C9B20A
:104EF0000391022D00DC96E00023002401200193A1
:104F00000CE649460223009A2B435140CAB2039251
:104F10000A2B00DD34E6002D57D1039B994600246F
:104F20000022494B0EE658460121C91A382900DDF6
:104F30002FE61F2956DD1F2254465242D31ADC4069
:104F4000202907D0414B42469C465346604483404B
:104F50001A43904642460721531E9A410B002243B2
:104F600013400024114209D00F231340042B5DD0BD
:104F7000111D91429B410A005B425B07D2081A4314
:104F80000023DFE5039B9946FAE5019800F0CCF891
:104F900002000300153220331C2A00DC38E7019A96
:104FA000083882403FE700F0BFF815239C46844450
:104FB0000200634620321C2B00DC58E70023984691
:104FC0002300083883409A4662E71D00002300242E
:104FD00002200193A2E5029032E61C43009B019A55
:104FE0009946AEE51A4B5246C31840469A40C8400F
:104FF0000243404698400300581E834154461A43DA
:10500000CC40530709D00F231340042B05D0131DA8
:10501000934292415242A4181A00230208D5012358
:10502000002400228EE5894600248BE50023A5E7B5
:1050300063076402240BA1E7009BA2469946019BEB
:10504000984637E70DFCFFFFFF0700003E04000015
:105050001E0400000B00020070B5164D0C0382B058
:105060004900002000920193240B490DDE0FA94254
:1050700004DD1148814203DD104BF01802B070BD11
:105080008020400320430E4C641A1F2C08DD0D4B7A
:105090005B1AD84003005842002EEFD11800EDE70C
:1050A000094B009A9C46030061448B40E240134345
:1050B000F1E7C046FE0300001D040000FFFFFF7F74
:1050C0003304000013040000EDFBFFFF70B500285F
:1050D00016D0C317C5185D40C40F280000F024F88F
:1050E000104B1B1A5B055B0D0A2814DC02002E0016
:1050F000153296400B22121AD5402D032D0B03E0DA
:1051000000240023002500261B052B43E40723432E
:105110003000190070BD0B3885402D0300262D0B83
:10512000F2E7C0461E0400001C2101231B04984224
:1051300001D3000C10391B0A984201D3000A083928
:105140001B09984201D30009043902A2105C4018DF
:105150007047C04604030202010101010000000083
:10516000000000007FB5244E0090019105B201219E
:10517000041430000292039302F078FD281A0A28E2
:1051800019DD1E4B1E4A196C1268914202D91A6C25
:10519000013A1A640321300002F068FD201A0A283F
:1051A00019DD164B174AD96B1268914202D2DA6B9D
:1051B0000A32DA637FBD0121300002F057FD2D1A5B
:1051C0000A35E7DA0D4B104A196C12689142E1D2A8
:1051D0001A6C0132DDE70321300002F047FD241A8A
:1051E0000A34E7DA054B094AD96B12689142E1D9D2
:1051F000DA6B013ADDE7C0461405002000040040E8
:10520000740400200402002000020020700400202A
:105210000122234B70B51B7C224C0500102120007D
:1052200013421AD002F022FD01280AD120212000C9
:1052300002F01CFD042202432021200092B202F061
:10524000DFFC2021200002F011FD0423984382B2EC
:105250002021200002F0D4FC70BD02F0D1FC2021FE
:10526000200002F003FD0423984382B22021200095
:1052700002F0C6FCAA891821200002F0E3FC1121EB
:10528000200002F0F3FC0C23EA5E33235A4352124F
:10529000193A504343435B125B426B81DCE7C046E3
:1052A0000C04002014050020064A0749136C6433DF
:1052B0000B60116C0023642901D9136C643B034A11
:1052C00013607047000400400002002074040020B6
:1052D00010B58010642800D26420034B6438186431
:1052E000FFF7E2FF10BDC0460004004010B50C4CB3
:1052F0000021200002F0BAFC9623DB0098420DD377
:105300000021200002F0B2FC064B984206D8002192
:10531000200002F0ABFC00B2FFF7DAFF10BDC04680
:1053200014050020DC050000064A0749D36BC8338A
:105330000B60D16B0023C82901D9D36BC83B034A4A
:105340001360704700040040040200207004002035
:10535000A0239B00434362205B120133584310B5E6
:10536000084CC0096043084A0023904204D8E02159
:10537000FF31FEF7EFFE231A044AD363FFF7D4FF91
:1053800010BDC04656040000E91C0800000400409F
:1053900010B5084C0221200002F068FC96239B0007
:1053A000984206D80221200002F060FC00B2FFF70C
:1053B000CFFF10BD1405002010B5084C03212000BC
:1053C00002F054FC96239B00984206D8032120004B
:1053D00002F04CFC00B2FFF7BBFF10BD140500202B
:1053E000014B18787047C04608020020014B187026
:1053F0007047C0460802002010B5084B1B78012BEF
:1054000005D0042B03D00122002B01D010BD0022B7
:1054100090200421C00504F0A7F9F7E70802002056
:1054200084B0039303B201910120002B0ED06B4690
:105430009B89074A9033FF339BB2934206D86B4651
:105440000620185E963843425841C0B204B07047F7
:105450006A07000070B5E1260022835E0500264C35
:10546000F600B34219DB0021244A200002F0C8FBF9
:10547000AF2204211201200002F0C2FB0022AB5E29
:10548000B3421CDB2021200002F0F0FBDF222021B0
:105490000240200002F0B4FB11E0C826F600B3423F
:1054A00017DC0021164A200002F0AAFB154A04214D
:1054B000200002F0A5FB0022AB5EB342E2DD002239
:1054C0000D21200002F09CFB01F0D6FE01F0BEFF92
:1054D00070BD96220021D200200002F091FB094A03
:1054E0000421200002F08CFB2021200002F0BEFBF2
:1054F0002021084382B2CCE714050020C80A00002E
:1055000064050000AA050000F8B5464C05001C2102
:10551000200002F0ABFB01280BD100220A21200061
:1055200002F06EFB0023404A1360404A1360404A79
:1055300013600A21200002F099FB012822D00228E2
:1055400045D0002866D1384A302113682000013345
:105550001360364A136801331360202202F050FBB7
:1055600002223121200002F04BFB03212000022304
:10557000ED5E02F07BFBF323434301221B129D42AD
:1055800020DDF8BD284A2A4D13683021013313600D
:105590002B682022013320002B6002F031FB022215
:1055A0003121200002F02CFB204B2A681B685B088D
:1055B0009342E6D80521200002F058FB2B68984260
:1055C000DFD802220A21200002F01AFBD9E7164D8B
:1055D000164F174E2A683B68316801325B182A6003
:1055E0005B009A42CDD30621200002F03FFB2B68DE
:1055F0009842C6D80B21200002F038FB0128C0D108
:1056000000220A21200002F0FBFA00232B603B60FD
:105610003360B6E750223021200002F0F1FA022276
:105620003121D0E7140500207804002080040020F8
:105630007C04002070B501220D00040040211E48AA
:1056400004F092F8012210211B4804F08DF8012289
:105650002021194804F088F8022D08D0402C1DD0D4
:1056600006D8202C25D0302C15D0102C0BD070BD96
:10567000602C19D0702C09D0502CF8D10022402178
:105680000D4804F071F80022102109E000224021A9
:10569000094804F069F80022102107E000222100E7
:1056A000054804F061F8E2E700224021024804F0D6
:1056B0005BF800222021F3E7000400480321034A9D
:1056C00013688B43034313607047C04600000140DA
:1056D000044BDA68002902D00243DA607047824343
:1056E000FBE7C04600100240002343600370704790
:1056F0000223002901DD4160013B037070474368CC
:105700000278002B04D1012A01D1023303707047C3
:10571000012AFCD1013B4360F9E710B50381002366
:1057200002AC2478C160C474028283744360037045
:1057300010BD10B5C37C0400002B0BD1C368002240
:105740009A5E1021435E9A420DDB0023A3746360CE
:1057500023701AE0012BF8D1C36800229A5E102151
:10576000435E9A42F1DD2378002B03D1200021898A
:10577000FFF7BEFF2378012B02D12000FFF7BFFF08
:105780002378022B01D1013BA37410BD036810B52F
:105790001B880824025F9B1A0A24025F0F245343CC
:1057A0008289134142689B0162439B181A119B1224
:1057B0001BB24260C3810B8010BD0000224B10B5AC
:1057C00000241C5F214B0020185E001BFFF77EFCAD
:1057D00002000B0000201E49FEF73EFE00221D4B7A
:1057E000FFF752F9FFF736FC1B4B1C4A1A601C4AA4
:1057F0009A600B229A811B4B1B4A1A601B4A9A60C3
:105800000C229A811A4B1B4A1C811A600A22588169
:105810009A81194B194A1A60194A9A6005229A818D
:10582000184B194A1A60194A9A6006229A81197C03
:10583000053A0A431A74164B164A1A60FA225204A1
:105840009A6008229A8110BDB8F7FF1FC2F7FF1FA8
:1058500000005440000090405C0400200E05002031
:105860000000170748040020100500200000E3098D
:105870003404002012050020200400200805002028
:10588000C012FFFF0C0400200A050020E8023800C7
:10589000F80300200C050020414B70B500241C5F6C
:1058A000404B0020185E001BFFF710FC02000B00AD
:1058B00000203D49FEF7D0FD00223C4BFFF7E4F805
:1058C000FFF7C8FB3A4B3B4A1C811A600A223A4C4C
:1058D0005881382120009A8102F0C8F93921060048
:1058E000200002F0C3F93A210500200002F0BEF9C1
:1058F000324B334A98813B2120001A601E815D8122
:1059000002F0B4F93C210600200002F0AFF93D217D
:105910000500200002F0AAF92A4B2B4A9881412168
:1059200020001A601E815D8102F0A0F9422106006C
:10593000200002F09BF943210500200002F096F9B7
:10594000224B234A9881472120001A601E815D81E5
:1059500002F08CF948210600200002F087F9492165
:105960000500200002F082F91A4B1B4A988144215D
:1059700020001A601E815D8102F078F94521060041
:10598000200002F073F946210500200002F06EF9B4
:10599000124B134A1E815D811A60988170BDC0460A
:1059A000B8F7FF1FC2F7FF1F0000544000009040EF
:1059B0003404002012050020140500205C0400209F
:1059C0000E050020480400201005002020040020BF
:1059D000080500200C0400200A050020F803002020
:1059E0000C050020F7B57C4E010005003000FFF7E4
:1059F000CDFE3368794C1A88212192B2200002F042
:105A0000FFF833684B2120001F8802F02FF9BFB246
:105A10000123874209D333684C2120001F8802F0FC
:105A200025F9BFB2B8429B415B420127327CA91CD9
:105A3000BA43134333746A4E3000FFF7A7FE33684E
:105A400022211A88200092B202F0DAF833684D2140
:105A50001B8820009BB2019302F008F9019A3B00D9
:105A6000824209D333684E2120001F8802F0FEF8DD
:105A7000BFB2B842BF417B420127327C291DBA43E5
:105A800013433374574E3000FFF780FE33682321F1
:105A90001A88200092B202F0B3F8336855211B88AF
:105AA00020009BB2019302F0E1F8019B834209D3ED
:105AB0003368562120001F8802F0D8F8BFB2B842E0
:105AC000BF417F420122337C474993433B433374B8
:105AD000464E474B37681B88388801934843FEF78A
:105AE00039FB019BC01A50235843424B1988019B34
:105AF000C91AFEF7B9FB1E3028813A88262192B2D6
:105B0000200002F07DF833684F211B8820009BB2F3
:105B10001F0002F0ABF8012387420AD333685021FB
:105B20001B8820009BB21F0002F0A0F8B8429B41E6
:105B30005B420127327CA91DBA43134333742E4EB6
:105B40003000FFF723FE336825211A88200092B227
:105B500002F056F8336851211B8820009BB2019354
:105B600002F084F8019A3B00824209D33368522143
:105B700020001F8802F07AF8BFB2B842BF417B42D2
:105B800001272900327C0C31BA43134333741B4E76
:105B90003000FFF7FBFD336824211A88200092B201
:105BA00002F02EF8336853211D882000ADB202F0B8
:105BB0005DF8854209D33368542120001D8802F026
:105BC00055F8ADB2A842BF417F420122337C9343D6
:105BD0003B433374F7BDC0465C040020140500202D
:105BE00048040020F8030020E40C000034040020E6
:105BF000B8F7FF1FC2F7FF1F200400200C0400208D
:105C0000F8B507000E001500284B294C4B2818D872
:105C1000002203211A7020002A0001F0F1FF202148
:105C2000200002F023F8FD2220210240200001F094
:105C3000E7FF01222E21200001F0E2FF01F0C8FC65
:105C400021E002004C3A092A20D81A78002A1DD1F6
:105C50002021200002F00AF80222024392B2202101
:105C6000200001F0CDFF1348134B78433100C018DA
:105C7000FEF7FAFA82B2AA4206D80321200001F008
:105C8000BFFFFFF799FBF8BD2A00F6E701222021AC
:105C900020001A7001F0EAFF0222024392B2202192
:105CA000200001F0ADFF0022C4E7C046F40300204D
:105CB00014050020846DFFFF045C360010B50C4B0A
:105CC0000C490D4A1868C85004339342FAD1012197
:105CD0000800FFF7FDFC0320FFF7F0FC074B1B78E3
:105CE000012B04D1064B1B78012B00D1C04610BDFF
:105CF0000040000800C0FF17C0400008FCEF00088B
:105D000070D5000810B5054C200002F023FF0622D4
:105D10002000034902F006FE10BDC0469C09002089
:105D20000805002010B5054C0821200004F0F8FEFD
:105D30000C21200004F0F4FE10BDC046980A00209B
:105D400070B50225164804F06FFC1648FFF7CCFC2E
:105D5000154C2000FFF7C8FCC8212000FFF7C8FC45
:105D6000124C2000FFF7C0FC2570114C2000FFF7FB
:105D7000BBFC20000F49FFF7BBFC25700E4C200038
:105D8000FFF7B2FC0A212000FFF7B2FC0B4C200009
:105D9000FFF7AAFC20000A49FFF7AAFC70BDC04625
:105DA000500A0020FC040020F4040020EC04002031
:105DB000E404002060EA0000DC040020D404002099
:105DC000002E930270B5444C00223121200001F0D6
:105DD00017FF40223021200001F012FF3021200067
:105DE00001F044FF3D4E3E4D0021C0B2FFF722FCC2
:105DF0002E60C82002F092FC2E6001F0D9F9394DD6
:105E000038212A89200001F0FBFE6A89392120000F
:105E100001F0F6FEAA893A21200001F0F1FE324D90
:105E20003B212A89200001F0EBFE6A893C212000F9
:105E300001F0E6FEAA893D21200001F0E1FE2B4D94
:105E40003E212A89200001F0DBFE6A893F212000E3
:105E500001F0D6FEAA894021200001F0D1FE244D98
:105E600041212A89200001F0CBFE6A8942212000CD
:105E700001F0C6FEAA894321200001F0C1FE1D4D9C
:105E800044212A89200001F0BBFE6A8945212000B7
:105E900001F0B6FEAA894621200001F0B1FE164DA0
:105EA00047212A89200001F0ABFE6A8948212000A1
:105EB00001F0A6FEAA894921200001F0A1FE0222DC
:105EC0000A21200001F09CFE01222E21200001F079
:105ED00097FE01F07DFB70BD14050020AAAA00000A
:105EE000003000405C0400204804002034040020FE
:105EF00020040020F80300200C04002010B5024804
:105F000001F074FD10BDC0461405002070B5812657
:105F10000024B6001A4D1B4BEB5AA34208D84A2165
:105F2000280001F0A3FE012827D1FFF7B5FC70BDC2
:105F30002100280001F04EFE134B98420ED0AB59C1
:105F400000011B185B7A2100012B0AD0280001F008
:105F5000BDFF21000200280001F052FE0134A4B26E
:105F6000D8E70A4800F088FE21000200280001F06E
:105F700047FE0028F2D02100E8E7FFF71FFCD6E734
:105F80001405002012020000FFFF000000F80008C6
:105F900037B5FFF7BBFF234C2C21200001F066FE34
:105FA000002828D1FFF7F4F9FFF7A0F90421200019
:105FB00001F05CFE0124643002B21B491B481C4BFB
:105FC0000094FFF7AAFB23001A491B481B4A0094C0
:105FD000FFF7A3FBFA23AF2219491A4800949B004C
:105FE0009200FFF79AFB4B2217491848104B009478
:105FF000FFF793FB37BD2C21200001F037FE01286D
:10600000D4D12A21200001F031FE114D2864FFF780
:106010004BF92B21200001F029FEE863FFF784F9FA
:10602000C4E7C04614050020D8070020C0040020A3
:10603000B80B0000DC0700209804002014050000C5
:10604000DA070020AC040020E007002084040020D0
:106050000004004070B5434B434C9B7C1F21200043
:10606000002B60D001F002FE0122024392B21F21F8
:10607000200001F0C5FD3D4B1F219B7C2000002B23
:1060800057D001F0F3FD0222024392B21F212000FB
:1060900001F0B6FD364B1F219B7C2000002B4ED01B
:1060A00001F0E4FD0422024392B21F21200001F01E
:1060B000A7FD304D132120000C23EE5E01F0D6FD2C
:1060C0002021864208DC122120000C23EE5E01F024
:1060D000CDFD2021864238DD200001F0C7FD0822D9
:1060E000024392B22021200001F08AFD68882B88AB
:1060F000E98800041843AB886A89090419432B898D
:1061000012041A43AB89FFF78BF920210500200008
:10611000012D21D101F0AAFD0543AAB220212000C2
:1061200001F06EFD70BD01F0A1FD0123984382B224
:106130009DE701F09BFD0223984382B2A6E701F0A0
:1061400095FD0423984382B2AFE7200001F08EFD55
:106150000823984382B2C5E701F088FDFE22024081
:10616000DCE7C046980400201405002084040020C9
:10617000C0040020D807002010B517490223CA5ECA
:1061800005235343154A5B12134004D51022013BEB
:106190005242134301331A1CDBB20A2B00D90A22E4
:1061A0000F48D3B29B001A5801321A500823CA5E16
:1061B0003323002053435A12834203DB643082426C
:1061C00000DC10B20A21FEF74FF8064A00B2800048
:1061D00083580133835010BDD80700200F00008082
:1061E000880700203807002010B5A8B0684628228C
:1061F0007A4900F0E2FC7A4C009A5B212000120CF4
:1062000001F0FEFC009A5C21200092B201F0F8FC43
:10621000019A5D212000120C01F0F2FC019A5E212E
:10622000200092B201F0ECFC029A5F212000120CD7
:1062300001F0E6FC029A6021200092B201F0E0FC3D
:10624000039A61212000120C01F0DAFC039A62210A
:10625000200092B201F0D4FC049A63212000120CB9
:1062600001F0CEFC049A6421200092B201F0C8FC37
:10627000059A65212000120C01F0C2FC059A6621E6
:10628000200092B201F0BCFC069A67212000120C9B
:1062900001F0B6FC069A6821200092B201F0B0FC31
:1062A000079A69212000120C01F0AAFC079A6A21C2
:1062B000200092B201F0A4FC089A6B212000120C7D
:1062C00001F09EFC089A6C21200092B201F098FC2B
:1062D000099A6D212000120C01F092FC099A6E219E
:1062E000200092B201F08CFC149A6F212000120C55
:1062F00001F086FC149A7021200092B201F080FC1B
:10630000159A71212000120C01F07AFC159A722165
:10631000200092B201F074FC169A73212000120C36
:1063200001F06EFC169A7421200092B201F068FC14
:10633000179A75212000120C01F062FC179A762141
:10634000200092B201F05CFC189A77212000120C18
:1063500001F056FC189A7821200092B201F050FC0E
:10636000199A79212000120C01F04AFC199A7A211D
:10637000200092B201F044FC1A9A7B212000120CFA
:1063800001F03EFC1A9A7C21200092B201F038FC08
:106390001B9A7D212000120C01F032FC1B9A7E21F9
:1063A000200092B201F02CFC1C9A7F212000120CDC
:1063B00001F026FC1C9A8021200092B201F020FC02
:1063C0001D9A81212000120C01F01AFC1D9A8221D5
:1063D000200092B201F014FC28B010BD00F00008BB
:1063E0001405002070B5474C0C21200001F03EFC44
:1063F000002821D0012800D07BE00022312120009C
:1064000001F0FEFB0021200001F030FCE123DB0065
:10641000984205D330221100200001F0F1FB14E076
:106420000021200001F022FCC8231022DB0098424A
:1064300000D960223021EFE70D21200001F016FC89
:10644000012803D13048FFF705F870BD0D21200069
:1064500001F00CFC051EF8D10A21200001F006FC19
:106460000228F2D12A003121200001F0C9FB2900C5
:106470002000E12601F0FAFBF600B04211D33022F1
:106480002000110001F0BCFB1F4B00229B5EB342B9
:10649000DBDB2021200001F0E9FBDF22202102408C
:1064A000BAE729002000C82601F0E0FBF600B04260
:1064B00012D82900200001F0D9FB9623DB00984276
:1064C0000AD910223021200001F09AFB0E4B002245
:1064D0009B5EB342B9DCDCE760223021200001F092
:1064E0008FFB2021200001F0C1FB2021084382B254
:1064F00092E750223021200001F082FB002231215E
:106500008AE7C04614050020D8070020F0B5B64B36
:10651000B64CB74A85B00A211A60200001F0A6FBEC
:106520001E210200200001F06BFBB24E3000FFF78D
:1065300059FA15213288200001F062FB1621728879
:10654000200001F05DFB1921F288200001F058FBCA
:106550001B21B288200001F053FB1A213289200050
:1065600001F04EFB1821B289200001F06BFBFFF710
:1065700071FDFFF737FF2C21200001F077FB002889
:106580000CD19D4D2A212A6C200092B201F038FBDB
:10659000EA6B2B21200092B201F032FB1421200083
:1065A0000623F55E01F062FB854204DD1421200024
:1065B000F28801F025FB914B0093914B0193009BD6
:1065C0009D7C019B9B7C1D438E4B9B7C1D438E4B76
:1065D0009B7C1D432DD0FEF703FF032802D004202F
:1065E000FEF704FFFEF708FF88480378022B5AD114
:1065F0000A21FFF77DF80C21200001F037FB01286C
:1066000000D093E00E21200001F030FB012816D1CC
:106610000F2120000223F75E01F028FB00210290E9
:10662000200001F023FB029B5F43FF11C21B92B2CB
:106630000AE0FEF7D5FE0328D4D02800D0E70021D9
:10664000200001F013FB02000121200001F0D8FA24
:106650006F480578022D11D16E49FFF749F80021E6
:106660002000F78801F002FB29000290200001F0D1
:10667000FDFA029902003800FFF7C2FA2C2120002F
:1066800001F0F4FA00280ED170883388F1880004F4
:106690001843B388728909041943338912041A43D1
:1066A000B389FEF75FFD5C4B5C4D1F780293022FB0
:1066B00000D0B5E00C21200001F0D8FA03900028AA
:1066C00000D0ADE00298FFF70FF890202021C00520
:1066D00003F044F80122002808D090202021C005B2
:1066E00003F03CF8012800D09AE0039A1C21200016
:1066F00001F086FA2F7028004649FEF7F9FF0C21B9
:10670000200001F0B3FA002802D13000FEF7FCFEB1
:106710000C21200001F0AAFA002802D13000FEF777
:1067200077FDFFF729FDFFF75FFD7DE00C212000DD
:1067300001F09CFA071E8BD10E21200001F096FA81
:10674000012822D10A21200001F090FA02281CD150
:106750000222B35E0F212000029301F087FA390074
:106760000390200001F082FA029B039F5F43FB111C
:10677000C21A92B20121200001F042FA0121200048
:1067800001F074FA7289821851E70E21200001F09D
:106790006DFA012815D10A21200001F067FA0228BC
:1067A0000FD00F2120000223F75E01F05FFA0421D1
:1067B0000290200001F05AFA029B5F43FF11C21BB6
:1067C000D7E70E21200001F051FA002806D10A2156
:1067D000200001F04BFA0421022800D10021200002
:1067E00001F044FA0200C5E7003000401405002023
:1067F000AAAA0000D8070020000400409804002046
:10680000AC04002084040020C0040020DC0400202C
:10681000E404002060EA0000FC040020EC040020F6
:106820002B78022B00D166E734480578022D35D14C
:10683000C821FEF75DFF009B9B7C002B30D04022DF
:106840003021200001F0DCF900223121200001F08C
:10685000D7F92B4A138801339DB20A2D00D90025A0
:1068600031212000158001F001FA264E40008542BA
:1068700004DA3378002B34D0002333703121200028
:1068800001F0F4F900282ED10123337030212000CB
:1068900001F0ECF90021C0B2FEF7CCFE05B0F0BD6E
:1068A000194B9B7C002B06D040223021200001F0A8
:1068B000A7F90122C9E7154B9B7C002B06D040228B
:1068C0003021200001F09CF92A00BEE7019B9B7C4F
:1068D000002BBED040223021200001F091F903228C
:1068E000B3E70123C9E73378002BCFD13021200053
:1068F00001F0BCF90221C0B2CEE7C046F40400208A
:106900000605002004050020C004002084040020A7
:1069100010B54B4B4B4C1A8820004B4901F070F9D5
:1069200000222000494901F06BF9494B20001A88E8
:10693000484901F065F92000474A484901F060F9EB
:10694000474B20001A88474901F05AF9464B20006E
:106950001A88464901F054F9454B20001A884549E8
:1069600001F04EF9444B20001A88444901F048F9DF
:10697000434B20001A88434901F042F9424B200062
:106980001A88424901F03CF900222000404901F0F8
:1069900037F9002220003F4901F032F9002220009F
:1069A0003D4901F02DF9002220003C4901F028F971
:1069B000002220003A4901F023F900222000394941
:1069C00001F01EF900222000374901F019F90022D8
:1069D0002000364901F014F92000354A354901F00C
:1069E0000FF92000344A354901F00AF9002220004D
:1069F000334901F005F900222000324901F000F985
:106A000000222000304901F0FBF8002220002F492D
:106A100001F0F6F8002220002D4901F0F1F80022E3
:106A200020002C4901F0ECF8002220002A4901F056
:106A3000E7F800222000294901F0E2F810BDC04625
:106A4000C2FF000814050020F4260000F52600000F
:106A5000C0FF0008F6260000D9070000F726000056
:106A6000ACF7FF1FF8260000AEF7FF1FF926000065
:106A7000B0F7FF1FFA260000B2F7FF1FFB26000049
:106A8000B4F7FF1FFC260000B6F7FF1FFD2600002D
:106A9000EA260000E9260000E8260000E7260000BC
:106AA000F1260000F2260000EF260000F02600008C
:106AB0004442000005270000433200000627000082
:106AC0000727000008270000092700000A27000008
:106AD0000B2700000C2700000D2700000E270000E8
:106AE00010B5FFF70FF9FFF709FAFFF751FAFFF7B3
:106AF0000FFFFFF717F9FFF723F9FFF763F90448D2
:106B000000F054F900F098FD00F08AFD10BDC04679
:106B1000DC09002010B51248FEF70BFE1148FEF705
:106B200008FE1148FEF705FE1048FEF702FE104869
:106B3000FEF7E5FD0F48FEF7E2FD0F48FEF7DFFD2B
:106B40000E48FEF7DCFD0E48FEF7D9FD0D48FEF7B6
:106B5000D6FD0D4801F0CAF900F04AF910BDC04653
:106B6000C0040020AC04002098040020840400200D
:106B7000EC040020E4040020FC040020DC040020DD
:106B8000F4040020D40400201405002010B52028AF
:106B900003D164210148FEF7ABFD10BDFC040020C9
:106BA0000B0010B55C1AA24200D810BD1C7804700E
:106BB0005C78023344700230F4E710B5920052184A
:106BC000401A914200D110BD431810C91C60F8E76B
:106BD00013B5040002F008FC002811D18022E40261
:106BE0001205A4180122074B0190186001A9180092
:106BF0005C609A6002F0AAFC002801D102F008FC57
:106C000016BDC046E80700200B68F7B506000F0068
:106C10001400012001330DD102F0E6FB03231C42D6
:106C200001D09C4304343500AB1B9C4203D802F0D6
:106C3000EFFB0020FEBD002301932B78019A642016
:106C4000134301936B78019A1B0213430193AB78B2
:106C5000019A1B0413430193EB78019A1B0613431B
:106C6000019302F0DFFBB91B491900230220019AAE
:106C700002F002FC0435D7E74900085A70470000CB
:106C8000F0B593B016006A465C00E31DDB08DB003C
:106C9000D31A00AF9D462200684679601149FFF77C
:106CA0007FFF08236D46F81840220F49FFF778FF51
:106CB0001F20FFF78DFF7B68310A5B005A1CA95427
:106CC000F2B2EA54684622000649FFF79DFF082306
:106CD00040220549F818FFF797FF0020BD4613B082
:106CE000F0BDC04600F8000800FF0008F7B55400EA
:106CF0006A46E31DDB08DB00D31A00AF9D460E0099
:106D00000B4D2200290078606846FFF749FF1F20DD
:106D1000FFF75EFF290022006846FFF775FF32008B
:106D200078680449FFF770FFBD460020FEBDC046ED
:106D300000F8000800FF0008F0B593B055006A465F
:106D4000EB1DDB08DB00D31A00AF9D462A00684626
:106D500079601449FFF724FF082340221249F818EC
:106D60006E46FFF71DFF0024AC4211D11F20FFF734
:106D70002FFF220030000B49FFF746FF0823402277
:106D80000949F818FFF740FF0020BD4613B0F0BDD9
:106D90007B68621C1B5B190ADBB2B15433550234A9
:106DA000E2E7C04600F8000800FF000870B50E4C8E
:106DB00005000100200000F003F900230322200059
:106DC0000A4900F0AEF90021200000F0DEF90123AD
:106DD0006434227828001343237002F00CF8280052
:106DE000032102F018F970BDF40700202CC600083A
:106DF00010B5024800F01BF910BDC046F407002092
:106E0000022310B5044A054811780B430021137082
:106E100000F06FF910BDC04658080020F4070020AC
:106E2000012310B5034A044811780B43137000F096
:106E3000D7F810BD58080020F4070020094B0A4974
:106E40009A89131C12B28A4200DA0B1C1AB203236D
:106E500053435B112833037100234371C380836064
:106E60007047C046D807002070FEFFFF064B022285
:106E70009A5E33235343C8221B12D2009B1883808F
:106E80000023C38083607047D8070020002110B51D
:106E9000084C01710223E25E0523183253435B1450
:106EA00043710023E25E0D2353439B11C380816035
:106EB00010BDC046D8070020F7B5009308AB1500F9
:106EC0001A7809AB1F78831CDB8F04000120032B89
:106ED00025D807263540AC461801035D2518B34375
:106EE0000193009B6B80D30000936346019A1A4381
:106EF0001300009A3340134303550B9B6F70EB60F4
:106F000002290DD0032920D0012915D00234E38FA6
:106F100001339BB2032B00D900230020E387FEBD81
:106F200004300822FF21201805F004FB0B9B002BE6
:106F3000ECD028009847E9E7002304350A9AD25C90
:106F4000EA540133082BF9D1E0E7002304350A9A0B
:106F5000D25CEA540133082BF9D1D7E710B5811C74
:106F6000041DE38FC98F02000020994207D0591CED
:106F700089B2032900D901001B01E187D01810BD97
:106F80001FB5069C009303940024130002940A008A
:106F900001940221DC30FFF78FFF1FBD30B585B0B3
:106FA0000A9D08AC24780395099D0093029513006F
:106FB00001940A0098300121FFF77EFF05B030BD33
:106FC0000200002368320160043A938013809370BA
:106FD000042202659218436582655C300370704735
:106FE00070B50500012664352B78040033421DD0AE
:106FF000DC30FFF7B3FF021E18D02B780432B34306
:107000002B700378DB08A365037841885B070902CE
:10701000DB080B4321006531097820680B43E364EA
:10702000210023004831603301F011FF70BDF7B536
:10703000070005000400002668373B8874350133DB
:107040003B80AB79022B16D12988002913D03888D0
:10705000FDF706F989B200290DD10C237343E3181B
:1070600070339979A868CB06AA88DB0E009049098D
:107070002000FFF785FF01360C35032EE1D12000FB
:10708000FFF7AEFFF7BDF0B50600020004006A3658
:1070900033002C320021006885B001F035FF230059
:1070A0000025206B7833020A070C92B2FFB2997860
:1070B000012912D11988914216D10C277D436519F7
:1070C000E36BED6F810EC0B20090DBB22000029541
:1070D0000196FFF763FF05B0F0BD032904D11988BD
:1070E000090A79400F29E8D901350C33032DDED187
:1070F000F1E770B50500022664352B7804003342B1
:1071000004D0FFF7C0FF2B78B3432B7020009830DA
:10711000FFF724FF002803D0C368002B00D0984756
:1071200070BDF0B585B003920C220190944600200A
:107130001F270291039A904201D305B0F0BD61462A
:1071400065464143029A5118C2186A43019D8C68F2
:10715000AA18D467140016008D88783425808D799C
:107160007036A5708D78B4793D40BC432C43B47122
:107170008D78E4B26D096D013C402C43B4710988EF
:10718000743201301180C0B2D4E70023012210B55F
:10719000836143608360C3600361C36143610E33F5
:1071A000026242628362011D006801F0B1FD10BD00
:1071B00070B52B4C00212000C82500F057FDED00D4
:1071C000A84220D802212000FA2500F04FFD6D00D2
:1071D000A84205D8234A1D21200000F011FD70BDF2
:1071E0000221200000F042FDA84209D9022120001E
:1071F00000F03CFDFA239B00984201D81A4AEAE7C6
:107200009622D200E7E70021200000F02FFDA842DF
:1072100023D90021200000F029FD144B98421CD8EE
:1072200002212000FA2500F021FD6D00A84201D8BE
:107230000F4AD0E70221200000F018FDA84209D92A
:107240000221200000F012FDFA239B00984201D891
:10725000084AC0E796221201BDE70022BBE7C046FC
:1072600014050020B5040000BA040000B80B0000AB
:10727000650900006A09000070B5244C0021200057
:1072800000F0F4FC9623DB00984236D296220021CF
:107290002000D20000F0B4FCFEF728F800222C21D8
:1072A000200000F0ADFC0021200000F0DFFC0221F6
:1072B0000500200000F0DAFC6843154B984207DD1A
:1072C000FA2202215200200000F09AFCFEF760F83A
:1072D0000421200000F0CAFC0E4B643018822C21DF
:1072E000200000F077FC0C4B01000022E35A0B4811
:1072F000FFF7C6FCFFF75CFF70BD0021200000F027
:10730000B5FC074B9842C1D8C6E7C046140500201B
:10731000A0BB0D00C00400201202000000F800080D
:10732000DC05000070B51E4C0221200000F09EFC20
:1073300096229200904203D90221200000F060FCC6
:10734000FEF726F800222C21200000F059FC002135
:10735000200000F08BFC02210500200000F086FCDC
:107360006843104B984207DD96220021D20020008E
:1073700000F046FCFDF7BAFF0221200000F076FC89
:10738000094B2C211882200000F024FC074B01003F
:107390000022E35A0648FFF773FCFFF709FF70BDB0
:1073A00014050020A0BB0D00AC0400201202000058
:1073B00000F8000810B50D4C2A21200000F056FC02
:1073C0000B4B1864FDF770FF01222C21200000F008
:1073D00017FC2C21200000F0FDFB064B01000122D0
:1073E000E35A0548FFF74CFC10BDC04614050020C9
:1073F000000400401202000000F8000810B50D4C17
:107400002B21200000F032FC0B4BD863FDF78CFFE2
:1074100001222C21200000F0F3FB2C21200000F0A1
:10742000D9FB064B01000122E35A0548FFF728FC6F
:1074300010BDC046140500200004004012020000E8
:1074400000F8000810B501F035FF10BD70B51C4CF8
:107450000421200000F00AFC9623DB00984227D28A
:10746000962204212000D20000F0CAFB0421200053
:1074700000F0FCFB02210500200000F0F7FB684350
:10748000104B984207DDFA2202215200200000F042
:10749000B7FBFDF77DFF0421200000F0E7FB0A4B5E
:1074A0006430188200222C21200000F0A9FB70BD5E
:1074B0000421200000F0DAFB044B9842D0D8D5E735
:1074C00014050020A0BB0D00C0040020DC05000056
:1074D00010B50C4C2F21200000F0C8FB021E08D173
:1074E00090200421C00502F03FF90320FDF77EFF44
:1074F00006E02F21200000F0B9FB02000128EFD0A8
:1075000010BDC0461405002010B5FEF7C5F901F006
:10751000D1FE10BD10B50648FEF7E6F8302105484B
:1075200000F0A4FB0021C0B2FEF784F810BDC046F5
:10753000F40400201405002010B5C8210148FEF70E
:10754000D7F810BDF404002070B50C4D322128008E
:1075500000F08CFB01000A4C0A4823785A000133E2
:10756000DBB281522370202B06D1074B4021EA5A0F
:10757000FFF7BCFB0023237070BDC046140500203C
:1075800054090020140900201202000070B50024E4
:107590000C4D0D4BEA5AA24207D80A3BE9580B485A
:1075A000FFF7CAFB01F086FE70BD2100280000F045
:1075B0008DFC210002000134280000F021FBA4B260
:1075C000E6E7C046140500201202000000F800089B
:1075D00010B5124C2E21200000F048FB012808D1E4
:1075E00090204021C00502F0B9F8002201280ED0F9
:1075F00010BD2E21200000F039FB0028F8D190208A
:107600004021C00502F0AAF80028F1D10122902003
:107610004021C00502F0A8F8EAE7C04614050020A2
:1076200010B53521024800F021FB024B187010BD47
:10763000140500205A08002010B53421024800F03B
:1076400015FB024B187010BD1405002059080020CE
:1076500010B53921024800F009FB024B588110BDDA
:10766000140500205C04002010B53C21024800F005
:10767000FDFA024B588110BD14050020480400207B
:1076800010B54521024800F0F1FA024B588110BDB7
:1076900014050020F803002010B53F21024800F037
:1076A000E5FA024B588110BD140500203404002077
:1076B00010B54221024800F0D9FA024B588110BDA2
:1076C000140500202004002010B54821024800F0D5
:1076D000CDFA024B588110BD140500200C04002087
:1076E00010B53821024800F0C1FA024B188110BDD4
:1076F000140500205C04002010B53B21024800F076
:10770000B5FA024B188110BD140500204804002072
:1077100010B54421024800F0A9FA024B188110BDAF
:1077200014050020F803002010B53E21024800F0A7
:107730009DFA024B188110BD14050020340400206E
:1077400010B54121024800F091FA024B188110BD9A
:10775000140500202004002010B54721024800F045
:1077600085FA024B188110BD140500200C0400207E
:1077700010B53A21024800F079FA024B988110BD09
:10778000140500205C04002010B53D21024800F0E3
:107790006DFA024B988110BD1405002048040020AA
:1077A00010B54621024800F061FA024B988110BDE5
:1077B00014050020F803002010B54021024800F015
:1077C00055FA024B988110BD1405002034040020A6
:1077D00010B54321024800F049FA024B988110BDD0
:1077E000140500202004002010B54921024800F0B3
:1077F0003DFA024B988110BD140500200C040020B6
:1078000010B5094C0949200000F030FA084B052258
:10781000984200D1043A85239B0020000349E2549A
:1078200000F0EEF910BDC04614050020D52600007A
:10783000D204000010B50D4C0D49200000F016FADE
:107840000C4B0222984208D04D330132984204D0AA
:10785000094BC218531E9A41043285239B00200015
:107860000349E25400F0CCF910BDC04614050020D5
:10787000D62600008307000048F4FFFFF0B5254C32
:1078800085B02549200000F0F1F9244905002000C9
:1078900000F0ECF922490190200000F0E7F92149BD
:1078A0000600200000F0E2F91F490700200000F068
:1078B000DDF91C490290200000F0D8F91B49039023
:1078C000200000F0D3F9F61975402DB285421CD185
:1078D0002000174900F0CAF9039A029B9446019AC6
:1078E00063445A4013B283420FD1852301229B0087
:1078F0000E49E2542000002200F082F9002220000C
:107900000B4900F07DF905B0F0BD852305229B00F1
:10791000E254F8E714050020F1260000F2260000EA
:10792000022700000427000003270000EF260000C4
:10793000F02600007047704770477047704700009E
:1079400010B51D4C1D49200000F090F91C4A012380
:10795000904219D020001B4900F088F91A4A0223EE
:10796000904211D02000194900F080F9FA22032337
:10797000D200904208D02000154900F077F9154B4D
:10798000C3185A1E9341043385229200A354200049
:1079900000220A4900F034F900222000094900F0D1
:1079A0002FF900222000094900F02AF900222000C6
:1079B000074900F025F910BD14050020EA26000053
:1079C000D2040000E926000083070000E82600003A
:1079D000E726000048F4FFFF10B50A000100CD23A0
:1079E0000148FFF74DF910BD00F80008F0B5104B45
:1079F00085B002930F4B01220193CD230E4C0093CF
:107A000011002300050000F019F8CD231B01E71831
:107A100026882800310000F059FA103402003100A5
:107A2000280000F0EDF8BC42F2D105B0F0BDC04630
:107A300010270000D979000850C60008F0B585B0BD
:107A400002930AAB1F880CAB04001888012A4CD1A2
:107A5000802300255B0062706380029A0533FF3348
:107A60002170E25005220C33E554414B7E00E75271
:107A70000233E2540B9A0433E2500433E5500433EA
:107A8000E052300004F09AFC82239B003200394916
:107A9000E05004F04FFD2E00ABB29F4227D80136D4
:107AA000B6B2F3001800039304F088FC83239B0014
:107AB000E05000230200050019000190B34221D3D9
:107AC00000213F208BB29F4222D8019B039E9C46FF
:107AD0006644B5422DD100233F21254AA25A9A423D
:107AE00038D80022019B5B681A8005B0F0BD029A6D
:107AF0002B01D35A9B091A1CB34200D2321C96B2F6
:107B00000135C9E70133518011809BB20832D5E7B6
:107B1000029A0B01D25A019E9309DB00F3185E888A
:107B2000024001365E801E88964200D21A800131E2
:107B3000C8E76B88002B0BD02F887F00380004F03B
:107B40003DFC3A000B49686004F0F4FC0835C0E7DE
:107B50006B60FBE702981A01105A019D8209D2005E
:107B6000AA18556808404000435301339BB2B4E75C
:107B700012020000FFFF0000F0B500244F7825003E
:107B8000220023002600012F08D1CA880B8952BA8F
:107B90005BBA0C794D794E8992B29BB24570C68022
:107BA000047042808380F0BD030030B54118074C5B
:107BB00007488B4200D130BD1A78050A4240D2B244
:107BC0005200105B01336840F3E7C04620D3000841
:107BD000FFFF000083239B00C3588A09D2009B1833
:107BE0005A68002A07D03F201B8801408B4202D3ED
:107BF0004900885A70470148FCE7C046FFFF000073
:107C000070B514000500FFF7E5FF0D4A03000120E1
:107C1000934213D081229200AA58190152180420CD
:107C2000115E01208C4209DC0621525E944205DB84
:107C30008222834000209200AA589C5270BDC04608
:107C4000FFFF000070B514000500FFF7C3FF064AF0
:107C500003000120934205D082228340002092003D
:107C6000AA589C5270BDC046FFFF000010B504002A
:107C7000FFF7B0FF044B984204D082239B00E358E7
:107C80004000C05A10BDC046FFFF00008423F0B57D
:107C90009B00C25C040087B0002A52D00022C2546C
:107CA0007B4B0100C25204A8FFF766FF04AB5D786E
:107CB0005B882778019304AB9B88039304AB1B7804
:107CC0000293BB4216D0112D3BD126000223FF3672
:107CD000F371601DFD33B5717372052177713772D1
:107CE000FF30FFF761FF030AB372F0720A3D28000C
:107CF00007B0F0BD6188201D0239FFF755FF04ABC6
:107D0000DB8883421DD120000199FFF763FF8723A1
:107D10009B00E052062D56D0102D12D02600FF36C3
:107D2000032D10D0029B803D73710123601DF37100
:107D30000321B571FF30FFF737FF030A737230720A
:107D400016E00025D3E7039A019B9B18802252027C
:107D500093420FDB029B601D73718323B371813BE0
:107D6000F3712900FF30FFF71FFF030A33727072AF
:107D70000525BCE7029BB5717371039B5B00F37132
:107D80000026039B7500ADB29E420ED1EE1CB6B22A
:107D9000601D3100FF30FFF707FFA619FF360535DC
:107DA000030AADB2B3717071A1E7019B2000F11815
:107DB00089B2FFF75BFF6519FF35030A01362B72A5
:107DC0006872B6B2DDE720000199FFF703FF2500D6
:107DD000304B661DFF35FF3698420ED003010293EB
:107DE00081239B00029AE3589B18039385239B00F1
:107DF000E25C039B1B7A9A420CD98623AB71853BCC
:107E0000EB71032130006F71FFF7CEFE030A2B7276
:107E10006872ADE72289200052BA019992B2FFF749
:107E2000EFFE00280CD0237803216B7186233000ED
:107E3000AB71E971FFF7B8FE030A6B72287297E71E
:107E4000039B5B7A002B09D0862301999B002000BD
:107E5000E758FFF70BFF01000198B8470621237888
:107E6000A9716B712500E388FE352B8123893000D1
:107E70006B81FFF799FE8123A8819B00E358029A4A
:107E80009B18DB68002B01D1082530E79847FBE7FA
:107E90001E020000FFFF0000F8B58427BF000400A9
:107EA0001E00C35D0020150083420ED11800FF2A7A
:107EB0000BD8201D04F084FB012365802000E355CE
:107EC000FFF7E4FE3080601DFF30F8BD10B5040000
:107ED000FFF780FE044B984205D081239B00E358B6
:107EE00000011B18588810BDFFFF000088239B006D
:107EF000C15A00290CD0074A835A01339BB28352DE
:107F0000994205D8852305219B00C1540023835243
:107F10007047C0461E02000030B585B00C2200211B
:107F200001A804F007FB08222E4C2F4B626180222F
:107F30005202A261C222002523600123FF32E261C6
:107F40002000621D6560A560E56023612562D3772E
:107F5000A56200F045FCA84201D000F021FA802380
:107F60005B0102930623200001A90195039300F011
:107F700071FD002801D000F013FA0123200001A9AF
:107F8000019300F067FD002801D000F009FA0323F7
:107F9000200001A9019300F05DFD002801D000F050
:107FA000FFF90423200001A9019300F053FD0028EC
:107FB00001D000F0F5F90723200001A9019300F09A
:107FC00049FD002801D000F0EBF91023200001A9A1
:107FD000019300F03FFD002801D000F0E1F905B069
:107FE00030BDC0469C0900200024014030B505008A
:107FF00089B01422002103A804F09CFA1E4B2A68C1
:108000009A4236D180211D4B89009A6990200A43FB
:108010009A619A69C0050A4080210192019A5A69C1
:1080200089020A435A615B690B400293029B9B23BE
:1080300003A90393983B049301F0D2FA104C114B1F
:108040002000236000236360A3608033E3608033FB
:1080500023618023DB0063612023A36180239B01D4
:10806000E36101F035F9002801D000F099F92C63A3
:10807000656209B030BDC0460024014000100240D6
:1080800058090020080002400D480E4BC02210B5D0
:1080900003600C2312030261802243608023520399
:1080A000DB0542618022836000235204C360826149
:1080B000838300F0A7FD002801D000F071F910BD06
:1080C000DC0900200064004010B5040088B01422D0
:1080D000002103A804F02EFA164B22689A4227D1F9
:1080E0008021154B8904DA6914480A43DA61DA6998
:1080F0000A4080210192019A5A69C9020A435A61D1
:108100005B690B400293029BC0239B0003930223F5
:1081100004930133069303A90133079301F060FA36
:1081200000221E20110001F08FF81E2001F0B6F889
:1081300008B010BD00640040001002400004004878
:108140000121054B82B05A690A435A615B690B40B1
:108150000193019B02B0704700100240F0B58BB054
:108160001422002105A804F0E5F98021414B090300
:108170005A6990270A435A615A693F4E0A40802142
:108180000192019A5A69C9030A435A615A69FF0563
:108190000A4080210292029A5A6989020A435A616E
:1081A0005A6938000A4080210392039A5A69C90229
:1081B0000A435A615B6900220B4004932F49049BD8
:1081C00001F0D2FA002230002D4901F0CDFAE0236F
:1081D000002403251B0205A92A4805930695079448
:1081E00001F0FEF905A9284805950695079401F0C8
:1081F000F7F9224B38000593012305A9069307944C
:10820000089401F0EDF920230593C42338009B0363
:1082100005A90693079401F0E3F91C4B300005A96A
:1082200005930695079401F0DBF90123144A300009
:1082300005A9059206930794089401F0D1F9E0236B
:108240003800DB0005A905930695079401F0C8F9ED
:108250000823300005A905930694079401F0C0F99E
:1082600022000221072000F0EFFF072001F016F89E
:108270000BB0F0BD00100240000400484480000034
:10828000708000000008004800140048847C000052
:10829000704700000123264910B50A689A431A4323
:1082A0000A600A681A42FCD0224C626B1343636373
:1082B0000223626B1A42FCD0F823626B9A43783B2C
:1082C000134363638023626B5B0213436363802306
:1082D0009B02626B1A42FCD00123626A1343636201
:1082E0000223626A1A42FCD0F022636893436360FF
:1082F0006368114A13400322636063681343636039
:108300000932636813400C2BFBD10C4803F0BEF814
:10831000032000F05FF8002801D072B6FEE70422C7
:10832000636B93436363236B7C329343236310BD7E
:108330000020024000100240FFF8FFFF006CDC024A
:1083400010B5FDF7BBFC00F0C7F9FFF7A3FFFFF77F
:1083500005FFFFF7F5FEFFF7DFFD03F01DFE00F060
:10836000D5F800F045F9FFF793FFFFF78DFEFEF714
:10837000B7FBFEF7CBF8FCE7074B026810B504002B
:108380009A4201D100F0B8F9044B22681B689A4266
:1083900001D1FEF7BFFB10BD00400140500A002094
:1083A00072B6FEE701210A4B82B09A690A439A61CC
:1083B0009A690A4080210092009ADA6949050A43C5
:1083C000DA61DB690B400193019B02B07047C04644
:1083D00000100240802170B5204B49029A6986B096
:1083E0000A439A619B6905000B400193694602A804
:1083F000019B02F047F8059B002B28D102F032F8D0
:10840000174E184B18493360184BF360FBF7A2FE68
:1084100000230138706030003361B360B36102F053
:1084200021FA041E10D1300002F0FEF8041E0BD118
:10843000142000F033FF032D0DD822002900142052
:1084400000F002FF0A4B1D60200006B070BD02F074
:1084500009F84000D4E70124F6E7C04600100240C6
:10846000040A00200040014040420F00E7030000E2
:10847000140200207047FEE770477047704710B540
:10848000202001F077F910BD10B5024802F000F984
:1084900010BDC046500A002010B5024802F0F8F89E
:1084A00010BDC046040A002010B5024800F0D1FDFE
:1084B00010BDC046DC09002010B5024801F0D6F915
:1084C00010BDC046F01100200B490C4A0300521A9F
:1084D0000B4910B50868002801D10A4808600868EF
:1084E000C318934206D904F03FF80C23036001201F
:1084F000404210BD0B60FCE700040000004000207B
:108500004C0A0020181600207047000009480A4B4A
:1085100010B50360032343600023084A8360C260F0
:108520000361836102F09EF9002801D0FFF738FF54
:1085300010BDC046500A002000200040DF2E000081
:10854000074B026882B09A4208D10221054BDA69D2
:108550000A43DA61DB690B400193019B02B070476B
:10856000000400400010024007B50B4B02689A421D
:1085700011D18021094B4900DA6913200A43DA61DD
:10858000DB6900220B400193FF39019B00F05CFE88
:10859000132000F083FE07BD0020004000100240C1
:1085A00010B5040086B01422002101A803F0C2FF18
:1085B0000C4B22689A4213D180210B4BC9025A6995
:1085C0000A480A435A615B690B400093009B0323EE
:1085D0000193013B029301A9013B059301F000F8CF
:1085E00006B010BD00040040001002400004004826
:1085F00030B500258BB00822002101A803F09AFFB6
:108600001C22002103A803F095FF1B4C1B4B2000EC
:1086100023601B4B6560A560E3602561A56102F0E6
:1086200049F9A84201D0FFF7BBFE200001A901953E
:10863000029502F079FA002801D0FFF7B1FE60231D
:10864000039300230822200003A9049305930793B2
:1086500002F098F9002801D0FFF7A2FE0C222000BA
:1086600003A902F08FF9002801D0FFF799FE20003E
:10867000FFF796FF0BB030BD980A002000040040C1
:10868000E70300000D4885460D480E490E4A0023B9
:1086900002E0D458C4500433C4188C42F9D30B4AB6
:1086A0000B4C002301E013600432A242FBD3FFF71E
:1086B0002BFF03F05FFFFFF743FEFEE700400020C3
:1086C00000020020D80300207CD50008D803002039
:1086D00014160020FEE700001023064A10B51168AA
:1086E00003200B431360FFF775FEFFF75BFE0020CE
:1086F00010BDC04600200240034A044B11681B789D
:108700005B1813607047C046E00A0020100200208A
:10871000014B18687047C046E00A002070B504009D
:10872000FFF7F6FF0500631C02D0044B1B78E4182A
:10873000FFF7EEFF401BA042FAD370BD10020020ED
:10874000002373B503210193036804009A680A406B
:10875000012A07D11968114201D0002076BDDA68DC
:108760001204FAD499681B4A114209D01023A26B53
:108770001343A3630123E26B13430120E363EDE79B
:10878000012299680A439A60134B14491868FBF751
:10879000E1FC0190019B002B17D1FFF7B9FF0125E8
:1087A000060023681B682B42D7D1FFF7B1FF801B5F
:1087B0000228F6D923681B682B42F2D11023A26B42
:1087C0001343A363E36B2B43D7E7019B013B019367
:1087D000E0E7C046170000800C02002040420F0076
:1087E00070B5041E00D190E0836B002B05D1020010
:1087F0003432C3631370FFF7F9FBA36BDB0600D5BC
:1088000085E0226893685B0700D580E0A16B424B4E
:1088100019400633FF330B430321A36393680B40D6
:10882000012B05D1116819420ED1D3681B040BD45A
:108830001821D3688B43A1680B43D3601369616827
:108840009B009B080B431361D36834490B40D360F2
:10885000237E607E9B03C0030343A17EE068034345
:1088600048030343601DC07F40000343A06A0138F2
:10887000451EA84100030343206902384542684170
:1088800080000343E07E012804D100292BD1802100
:1088900049020B43C220E169FF30814202D0206AC5
:1088A00001430B438020D16840051943D160E16A40
:1088B000814202D0481E062807D807255069294062
:1088C000A8435061506901435161D26814490A407C
:1088D0009A4210D100200323E063A26B9A43023B2B
:1088E0001343A36370BD2021A56B2943A163E16BF2
:1088F0000843E063CEE71223A26B9A43023B134383
:10890000A3630123E26B1343E3630120EAE710232F
:10891000A26B1343A363F8E7FDFEFFFF1902FEFFFE
:10892000E7FF3F83F7B5036804009B680E00022051
:1089300001925B0730D4270034373B78012B2BD0D2
:1089400001233B70637E012B27D1A26B164B0025C0
:108950001A4080235B001343A363E5633D70206BE3
:10896000124B21688362124BC362124B03631C23B8
:108970000B604A680C3B13434B600123CA681343E6
:10898000CB603200019B403100F0D4FC042328006E
:10899000226891680B439360FEBD2000FFF7D0FE74
:1089A0000028D2D0F8E7C046FEF0FFFFBD890008DE
:1089B0002F8A00083B8A0008704700005022436A53
:1089C00010B5996B11422BD1996BB132FF320A432A
:1089D000C0219A631A680901D068084213D1997EB0
:1089E000002910D1116809070DD5916849070ED4E7
:1089F0000C20516881435160996B0B4A114004323D
:108A0000FF320A439A631800FFF7D6FF10BD2022F9
:108A1000996B0A439A630122D96B0A43DA63F2E73E
:108A20001B6B1B6B9847F1E7FEFEFFFF704710B50D
:108A3000406AFFF7FBFF10BD70474023406A10B546
:108A4000826B134383630423C26B1343C363FFF737
:108A5000F3FF10BDF7B500220400019234342278F0
:108A60000300C66A0220012A2CD0013820701A683F
:108A700095686D075BD40B684F681D00BC462E4F90
:108A80009840103DBC453CD0976A38439062072E11
:108A90000FD8002E11D10720566989680640B142CF
:108AA0000BD0566901408643566156693143516186
:108AB00003E0802040058642EDD1022D03D900203D
:108AC00000232370FEBD1D4880210268102B14D0A6
:108AD000112B14D1C9030A430260102BEFD1184B9C
:108AE00018491868FBF736FB0A2343430193019B9F
:108AF000002BE4D0019B013BF8E70904EBE74904B4
:108B0000E9E7916A81439162022DD8D80B4A116836
:108B1000102B0AD0113B581E83410B485B42034087
:108B20000A481B180B401360C9E7094BFAE72022DB
:108B3000996B0A439A63C3E70110000008270140BC
:108B40000C02002040420F00000040FFFFFFBFFF6B
:108B5000FFFF7FFFF8B506003436337804000220AB
:108B6000012B45D001230321337023689A680A4002
:108B7000012A05D1196811423BD1DA68120438D4B0
:108B8000A16B1F4A11400632FF320A430321A26340
:108B9000DD68DA688A43DA608022996812060A433F
:108BA0009A60FFF7B5FD070023689A68002A0DDB7D
:108BB0000321DA680D401543DD6001230020A26B1C
:108BC0008A431343A3630023337011E0FFF7A0FD32
:108BD000C01B0228E8D923689B68002BE4DA122323
:108BE000A26B01209A43023B1343A363002333701B
:108BF000F8BD2023A26B01201343A363E3E7C04623
:108C0000FDFEFFFFF8B5041E62D0451CEB7F002B74
:108C100001D1FFF759FA0127226813683B4313601B
:108C2000FFF776FD060023685A683A4244D00227CF
:108C30001A68BA431A60FFF76BFD060023685A688A
:108C40003A4247D1217E8022012949D119680A433D
:108C50001A60617E4022012946D119680A431A60D0
:108C6000A17E2022012943D119680A431A60E17EBE
:108C70001022012940D1196891431960217F0822EF
:108C800001293DD119680A431A60617F0422012934
:108C90003AD119680A431A60E168A26800200A43C1
:108CA00021690A4361690A43616801390A43DA614B
:108CB00001236062EB770CE0FFF72AFD801B0A2896
:108CC000B1D98023626A9B02134363620523EB7769
:108CD0000120F8BDFFF71CFD801B0A28AED9F0E784
:108CE000196891431960B4E7196891431960B7E7AF
:108CF000196891431960BAE719680A431A60BDE719
:108D0000196891431960C0E7196891431960C3E776
:108D100070B5421CD27F0368013A012A64D88024CE
:108D20000120A4001A59872602431A514A69E23CDD
:108D3000FF3C1440A040B6009C59C54384439C515D
:108D4000CC69002C35D1103E9C59D2002C409C514E
:108D5000CC684E682404B6B2344390269A18B60004
:108D600094518C680E682404B6B234439126B60040
:108D7000945181228C699200002C2FD19C582C4058
:108D80009C5085220C699200002C2AD19C582C40C2
:108D90009C500A6A012A04D1872189005A5802434B
:108DA0005A508021012089005A58824300205A508D
:108DB00070BD012CDDD18326B6009C59D20004433E
:108DC0009C510C684E682404B6B2344390269A181D
:108DD000B60094518C68CE682404C5E79C580443BF
:108DE000CEE79C580443D3E78023426ADB02134357
:108DF00043620120DCE7F8B5471CFB7F0400DDB2CD
:108E0000012B1ED10133FB7702681368AB4313605B
:108E1000FFF77EFC060023685B68180028402B42A1
:108E200001D16062F8BDFFF773FC801B0A28F2D9FC
:108E30008023626A9B02134363620523FB77012050
:108E4000F0E78023426A1B0313434362F7E7F0B560
:108E5000441CE67F0568013EAC68012E50D8E02630
:108E60007605344245D0A0010124800F84401C6067
:108E700004008F68CE681834002F35D10B685B056D
:108E8000334324016351C2230E6900012C185B0097
:108E9000E650097D012903D1E658FF313143E15005
:108EA000517913790902194393791B040B43D17942
:108EB000090619432B1818008D30FF3001605078D7
:108EC0001178000208439178D27809040143120610
:108ED00089330A43FF331A60C02201230020520065
:108EE000A1580B43A350F0BD4B683743DB003B4315
:108EF000C7E78023426A9B03134343620120F2E7E2
:108F00008023426ADB02F7E7F7B5441C0191E47F56
:108F1000013C012C00D97AE003240568002909D11D
:108F2000EE68264208D18023426A9B0313434362C2
:108F30000120FEBD2E69F4E7D826019976000C01C8
:108F400004212C19A7590F40976058D1A7597F0DBC
:108F500017600227A6593E40D6600826B337FF3770
:108F6000E159314202D10F21E6590E401661E6590E
:108F7000E459360A240CF6B254619661019A0199BB
:108F80001201AD18B935FF352C681C700468A4189F
:108F9000B934FF342468240A5C700468A418B93416
:108FA000FF342468240C9C700468A418B934FF347E
:108FB0002468240EDC700468A418BD34FF342468CF
:108FC0001C710468A418BD34FF342468240A5C7141
:108FD0000468A418BD34FF342468240C9C71046810
:108FE000A218BD32FF321268120EDA710268202315
:108FF000002908D1D1680B43D360002099E7A75915
:10900000FF085760A5E711690B431361F5E780235B
:10901000426ADB028AE7421CD27F0B00013A012A36
:1090200005D80268002051691943516170478023B7
:10903000426ADB02134343620120F7E7704770473F
:109040007047704770477047704770477047704768
:109050007047F0B5036885B05E695A689F680192F1
:10906000DA68340002921A69050003929A69009244
:1090700001221440164220D0174205D09A60BB0747
:1090800000D4A9E0FDF7CCFE002480235B001F4242
:1090900007D02A689360BB0500D4AAE02800FFF738
:1090A000CDFF80235B021F4207D02A689360BA037A
:1090B00000D4ADE02800FFF7C2FF330708D5102326
:1090C000029A1A4204D08022920014432A68D36084
:1090D000730708D50823029A1A4204D02A68280088
:1090E000D360FFF7B0FFB30706D52B68DB689B079B
:1090F00002D02800FDF784FE730608D51023039ADA
:109100001A4204D08022D20014432A681361B306A5
:1091100008D50823039A1A4204D02A68280013614C
:10912000FFF793FFF30606D52B681B699B0702D058
:109130002800FFF789FFB30308D51023019A1A42CC
:1091400004D02A6828005360FFF780FFF30308D596
:109150000823019A1A4204D02A6828005360FFF7B6
:1091600076FF33042ED5019B2A685B0728D5F305CB
:1091700003D5012300990B401C43B30504D50223FA
:109180000099194200D01C43730504D504230099AB
:10919000194200D01C43360512D57021009B00985F
:1091A0000B4008420CD0402B46D03DD8202B45D058
:1091B000302B45D0102B3ED0702193698B439361A7
:1091C00004235360002C05D06B6A280023436B6294
:1091D000FFF73EFF05B0F0BD7B0704D43B0705D485
:1091E000FFF72EFF50E7802424014EE7802464011E
:1091F0004BE77B0503D580239B011C4351E73B05CF
:1092000002D58023DB01F8E72800FFF71AFF48E7C3
:109210007A0303D580231B021C434EE73F03FBD494
:109220002800FFF70FFF48E7502B0BD0602BC3D16E
:1092300080235B0000E008231C43BDE71023FBE70D
:109240002023F9E78023F7E710B5FF2403220B0062
:1092500021000240D20091409B012340C94393402A
:1092600000280ADBC0240B4A800880008018A40074
:1092700002590A401343035110BD0F221040083811
:10928000054A800880008018C26911401943C161F5
:10929000F2E7C04600E100E000ED00E0002805DB59
:1092A0001F2318401E3B8340014A13607047C0468D
:1092B00000E100E0BFF34F8F034B044ADA60BFF3D5
:1092C0004F8FC046FDE7C04600ED00E00400FA0500
:1092D00070B504000120002C24D00223A51CEB77DC
:1092E0002068114B0268A1681A4063680B43E1686B
:1092F0000B4321690B4361690B43A1690B43E1698E
:109300000B4313430360094B1421C018FAF722FFE3
:10931000074B80002064E36300200123A063E4186E
:10932000EB77E07770BDC0460FC0FFFFF8FFFDBFD1
:1093300000000240F7B5441C0193E57F012D33D0B6
:109340000125871CE577FD7F0026AC466346EDB21C
:10935000012B28D10224FC77046886632668076CF9
:10936000AE43BD402660019BC66B75606360436879
:10937000102B0ED1A260E160C36A2268002B0BD0D3
:109380000E2313432360012300202268134323602C
:10939000FEBDA160E260EFE70A23134304222360CD
:1093A00023689343EEE7E6770220F1E70C4A1021A9
:1093B000D06830B503000B40084205D002230948AD
:1093C000C4692343C3610B000420D168014205D066
:1093D0000121044C0343E5692943E161D36030BDB9
:1093E00000200240E80A0020064B00201A691206FD
:1093F00006D5054A5A60054A5A6018690006C00F2A
:109400007047C0460020024023016745AB89EFCD7D
:109410008023034A002011690B4313617047C04643
:109420000020024070B50400FFF772F90126050024
:10943000104BDA68324211D12022D968114200D093
:10944000DA60D968102208001040114202D1DB68AE
:109450005B0708D5FFF7AAFF012004E0621CE8D0F3
:10946000002C01D1032070BDFFF752F9401BA04230
:10947000DED9F7E700200240F0B585B003931E4B1C
:10948000009102921A7E04000220012A31D00122AA
:109490001A481A76FFF7C6FF002827D12600012CAC
:1094A00003D00426022C00D126000024124B019385
:1094B000029803992201FAF7C3FF00220127019BBA
:1094C0000F4DDA612B69009A3B432B6163009B18B7
:1094D00080B218800948FFF7A5FF2B69BB432B61B9
:1094E000002803D1E419E3B29E42E1D80022024BE6
:1094F0001A7605B0F0BDC046E80A002050C300004F
:10950000002002400022064BDA61064B0432196942
:109510000A431A61402219690A431A617047C0461A
:10952000E80A0020002002400022064BDA61064BC8
:10953000023219690A431A614022586119690A43C3
:109540001A617047E80A002000200240F8B5214F58
:1095500004003B7E0E000220012B0CD001233B7641
:1095600023681D48012B12D1FFF75CFF002803D0B0
:10957000012000233B76F8BDFFF7C4FF1648FFF734
:1095800051FF0421154A13698B431361F1E7FFF77B
:1095900049FF0028ECD101235B423360656801304C
:1095A000A3686268DB029B18AB42E2D92800FFF790
:1095B000BBFF0948FFF736FF0221084A13698B43B6
:1095C0001361002801D03560D3E780231B01ED181B
:1095D000E6E7C046E80A002050C300000020024031
:1095E0000023F0B587B00A681400DC4001D107B051
:1095F000F0BD012514009D402C4000942A4200D16A
:109600009CE04A685F00944603226446224003249B
:10961000BC40E4430194541E012C2ED88668019C62
:109620002640CC68BC403443846044680126AC4387
:1096300025006446240934409C402C434460C5689E
:10964000019C25408C68BC402C43C460022A16D182
:1096500007250F261D40AD00AE40DC08A40004190C
:109660000294246A03962600039CA64334000E69E4
:10967000AE402643029C266201E0032ADFD1BA40B5
:109680000468019D25402A43C02402606246A4026A
:10969000224253D001252A4A90279469FF052C4382
:1096A000946192699C082A400592059A254AA40073
:1096B000A4180F2202351D40AD00AA40A6689643AB
:1096C0000022B84210D0204F0132B8420CD01F4FB8
:1096D0000132B84208D01E4F0132B84204D01D4AB0
:1096E0008218571EBA410432AA4067463243A2602C
:1096F000194A009C9668009DE4433543FF0201D45B
:109700003500254067469560D668009D3543BF0209
:1097100001D4350025406746D5605668009D354325
:10972000BF0301D435002540674655601568009E8B
:109730002E43FF0301D425402E001660013352E76B
:1097400000100240000001400004004800080048EA
:10975000000C004800F0FFB7000401400069084019
:10976000431E9841C0B27047002A01D08161704702
:109770008162FCE7044B10B55A69104202D058616F
:10978000FDF704FA10BDC0460004014070B50400A6
:109790000120002C2BD0224D635DDAB2002B05D1C5
:1097A000A4239B002000E25402F0E2FC0323635553
:1097B000206801F0F7F90023220019000126207922
:1097C0001032984214D10021220008005132FF3299
:1097D0008B4217D16168A268206801F0EDF900237F
:1097E000237301336355A37A012B15D0002070BD7C
:1097F000137001335670D170116151619161DBB208
:109800002832DEE7117001315070D0701061506164
:109810009061C9B22832DBE7200000F00EFEE5E7D8
:109820009102000070B5A425AD00435D0400022044
:10983000012B09D001236355206801F0A9F92068A4
:1098400001F0B5FB0020605570BD70B5A425AD00DA
:10985000435D04000220012B07D0012363552068DB
:10986000217301F09DFB0020605570BDF0B5040030
:1098700085B0006801F0A3FB802305001B021D409A
:10988000184201D100F027FC2068821DD38F1BB243
:10989000002B01DB05B0F0BD0F21D38F19400091E3
:1098A0000F219AB20B4200D0C0E0102311001940E2
:1098B0001A4227D10388CA4A134080221202134356
:1098C0000380030050331A88237CDB00C3189B18E5
:1098D000C44A20009B181B88626A9B059B0DE362AB
:1098E000D318636202F075FC237B002BCCD0A16AF5
:1098F00023680029C8D18020227B4C3302431A8080
:109900002173C1E7028880211600090193B20E403D
:109910000A4222D0030050331A88A8235B00E35C7C
:10992000A621DB00C3189B18AF4A89009B182200B0
:109930001B8851329B059B0DFF32D3616118D28881
:1099400001F088FD2168A94B0A8820001A40802375
:1099500013430B8002F028FC96E71BB2002B00DBC0
:1099600092E70288A14B25001A408023134303800D
:10997000030050331A88A8235B00E35C5135DB00F9
:10998000C3189B18984AFF359B181B889B059B0D95
:10999000EB610DD0696900290AD0EA8801F05AFD0F
:1099A0006B69EA6931009B1820006B6102F005FCCD
:1099B00021680A8893B2120500D565E7C02292019A
:1099C0001340934200D15FE70B00874A50331B8856
:1099D0008A18D21813889B059B0D13802B69002BC6
:1099E0000ED1802013880002034313800A88804B25
:1099F0001A40C0239B0153407E4A13430B8043E728
:109A00003E2B08D8012558082B40C0181388800227
:109A100003439BB2E9E71F2558092B405D426B4188
:109A2000C01A138880021843734BF1E7009B9F0014
:109A3000C219138899B21BB20191002B00DB92E08E
:109A400013886A490B4080210B4313802823009A16
:109A50005343E3181A001D005D32FF32127851356E
:109A6000FF35002A14D10200503211882A78D20022
:109A700052185D491218521812889205950D002A45
:109A800056D01A005732FF32FC33190012884BE0CF
:109A900019005431FF3109782A78022900D0E3E017
:109AA0008026F601B4466546019EFC332E4003969F
:109AB0000600503602966646019DD96E354200D1A9
:109AC000A0E0029D2E88D5007619464D36187619ED
:109AD0003588AD05AD0D8D420DD90021D9669100B7
:109AE00041180E88424B1E4080239B017340414E1B
:109AF00033430B8002E0491BD966F0D0019B5B0623
:109B000007D59200821813883C490B403C490B430F
:109B10001380002D0CD02823009A5343E1180A002B
:109B20005932FF321288FC312B00896E01F092FC11
:109B30002823009959436218FC32106F40191067AE
:109B4000906E40199066D06E002803D0526E9542F8
:109B500000D3B3E0009A20005343E3185133FF339E
:109B6000197802F02AFB8022019B2068134200D161
:109B70008AE6C21913881A49009E0B401E490B43FE
:109B80009BB2138028225643A319D97C012900D007
:109B9000C7E0009901314A43002111511A7F8A42DE
:109BA00000D19EE04022019D019E1540164200D149
:109BB000A0E05A7C8A4200D087E00200503211882F
:109BC0001A7C084BD200C0184118521813880A4951
:109BD0009B059B0D138013880B439BB2138080E081
:109BE0000F8FFFFF02040000060400008F0F00002B
:109BF0008FBFFFFF808000000080FFFF8F8FFFFF7F
:109C0000C0800000029D2E88D5007619C74D3618F9
:109C100076193588AD05AD0D8D420DD90399D966FC
:109C2000910041180E88C24B1E4080239B01734057
:109C3000C04E33430B8002E0491BD966F0D0019B34
:109C40005B0607D4920082181388BB490B40BB49BE
:109C50000B431380002D00D16AE72823009A534359
:109C6000E1180A005B325CE7920082181688B2495C
:109C70003140B24E314311802A78910041180D884D
:109C8000010050310988D200521812186D040AD50B
:109C9000AB49521812889205950D002A00D147E76A
:109CA0001A005932EFE6A149521812889205950D13
:109CB000002A00D13CE71A005B32E4E65131FF3163
:109CC0002068611801F094F94DE7012A09D10200DA
:109CD0009B4D503212881B7C4019DB0080181B18EA
:109CE00019802823009A5343E318197C200002F0BE
:109CF00070FAC9E55A7C002A06D102005032118858
:109D00001A7C8A4BD2005EE7012AEAD10200874919
:109D1000503212881B7C4018DB0080181B181D80F5
:109D2000DFE7802701997F0039401A7C8C46019932
:109D300002929D6AD20039421CD1070050373F88F9
:109D4000BF187F4A3F18BF183A889205920DAA4261
:109D500003D3624602999A62C8E7596AAD1A891814
:109D60005962D96A10368A189D62DA62A11901F027
:109D70003FF989E540218C46019F06000F4003977B
:109D8000674601995036394200D1DFE06C49378887
:109D900046180021F719BF5A8C46BF05BF0DAF42C8
:109DA00001D2E91B8C466146802599620199ED013B
:109DB00029400D006146002947D1282300994B43D3
:109DC000E3185B7C002B30D1070050373B885D499E
:109DD000F3189B181E88B605B60D1E801E880E430C
:109DE000B6B21E80514E3B888019C0188018038877
:109DF0009B059B0D038003880B439BB203802000CF
:109E0000029902F0E6F9002D00D1DCE02823009A47
:109E100049495343E3181B7C22689B00D2181388DE
:109E20000B4049490B431380CDE0012BE7D10700DC
:109E3000614650373B88F3189B1819803B493B8893
:109E40004018C01880186346D8E7002D0CD002993E
:109E5000890041180D880191AC466146364D0D4090
:109E600039490D4301990D80282500994D4334212E
:109E70008C466519AC4461460978012900D0A2E0FE
:109E8000696AC91969620191D96AC919D9622B6BCA
:109E9000296A8B4217D35B1A2B632823009D6B43DF
:109EA000E3185D7C8BB2002D37D1050050352D882D
:109EB0007519AA181588AD05AD0D158000290ED1AC
:109EC0001188204D13E0002B03D161460B7039003F
:109ED000E3E700216746397029631900DDE73E2971
:109EE00011D801264D080E40AD191188AD02294345
:109EF00089B21180282200994A43A218128B019935
:109F000001F061F85FE01F264D0931404E4271417A
:109F10006D1A1188AD022943D3E7012DEAD1010062
:109F2000503109887618B6183380E3E7060400003C
:109F30008FBFFFFF808000008F8FFFFFC080000079
:109F4000020400000080FFFF80C00000AC4936889A
:109F50008C4684446644B65A039FB605B60DAE429D
:109F600000D8AF1B80250199ED0129400D009F62AB
:109F7000002F49D1282300994B43E3185B7C002B29
:109F800033D103009F4950331E8840188019801830
:109F900006889D49B605B60D068006880E43B6B202
:109FA00006801B8863449B181A889205920D1A80BC
:109FB0001A880A4392B21A802000029902F009F925
:109FC000002D00D122E72823009A5343E3181B7C7D
:109FD00022689B00D21811888C4B194030234B40CB
:109FE0008B490B431380FFF74FFC012BE4D1030097
:109FF000844950331E8840188019801807801B88B8
:10A0000063449B181F80D7E7002908D10299814D2E
:10A01000890041180F883D407F4F3D430D80282720
:10A0200000994F43E719390034310191097801292A
:10A03000C9D1796A89197962DD6AAD19DD623B6B34
:10A040003D6AAB4217D35B1B3B632823009E7343DF
:10A05000E3185E7CABB2002E34D106005036368851
:10A060006644B2181688B605B60D1680002D0ED1BE
:10A070001588654E13E0002B03D1019D2B70350030
:10A08000E3E70025019E3D6335701D00DDE73E2DB1
:10A090000ED801276E082F40F6191588B6023543F1
:10A0A000ADB215802822009D6A43A218528B27E783
:10A0B0001F276E093D406F427D41761B1588B60211
:10A0C0003543D6E7012EEDD1050050352D88654486
:10A0D000AA181380E6E743050ED523684F490633D7
:10A0E000DA8F20000A40DA8702F085F82900200084
:10A0F000FFF7ABFBFFF7CEFB430407D523684849C6
:10A100000633DA8F0A40DA87FFF7C4FB80230100A9
:10A110009B011940184204D0236842490633DA8F64
:10A12000F0E7C3041AD5042023680233DA8F824390
:10A13000DA87DA8F00188243DA87B2239B00E25C69
:10A14000012A03D12000E15400F08BF9200002F035
:10A1500075F8236834490633DA8FD3E7030513D53E
:10A16000082123689A1CD08F06330143D187D98FE9
:10A170002E480140D9870423D18F0B43D387200079
:10A1800002F04AF8FFF786FB8025284221D0B22052
:10A1900023688000991DCA8FAA43CA87225C002ABF
:10A1A000EDD104219A1CD58F54332943D18708213E
:10A1B000D58F2943D18701213C2221541B882000BF
:10A1C0009B081340B3229200A35000F04AF9FFF716
:10A1D00061FB83050AD5236815490633DA8F200011
:10A1E0000A40DA8702F000F8FFF754FBC00501D4FB
:10A1F000FFF750FB23680F490633DA8F82E7C0462A
:10A2000006040000020400000080FFFFBF8FFFFF74
:10A21000808000008F8FFFFF80C00000FFFBFFFFEA
:10A22000FFBFFFFFFFDFFFFFFFEFFFFFFFF7FFFFB6
:10A23000FFFDFFFFFFFEFFFF70B5040007200D00CC
:10A240000840282141436DB26618002D18DA012517
:10A2500010316118757408700A61CB70022B01D13E
:10A2600000230B71A425AD00635D0220012B06D0F5
:10A2700001236355206800F0ADFC0020605570BDDF
:10A28000002551315236FF31FF3661183570E2E753
:10A2900007220B000A40282151435BB270B504002D
:10A2A0004018002B12DA0123103161184374A425E1
:10A2B0000A70AD00635D0220012B06D001236355B7
:10A2C000206800F097FD0020605570BD00235131DB
:10A2D0005230FF31FF3061180370E8E7F8B507240A
:10A2E000214021344C4306193700FC37FB6633000C
:10A2F0000025523351365134FF33FF36FF343D676A
:10A30000BA661D7031700119006800F071FE2800F6
:10A31000F8BD07230B40282159434018FC30006F3B
:10A32000704770B50724214021344C43061935008D
:10A33000726201223435B3622A7000251034F5624E
:10A340003174336372740119006800F051FE280003
:10A3500070BD072270B5037904000A4001209342C2
:10A3600019D348B22823002816DA534319000120D4
:10A370001031E318611858740123A4258B700A70FA
:10A38000AD00625D02209A4205D06355206800F05E
:10A39000ABFD0020605570BD4B4319000020E31851
:10A3A00051315233FF31FF3361181870E4E70B006D
:10A3B0000F2270B5017904001A40012091421BD38D
:10A3C000072228211A4051435BB26018002B14DA8F
:10A3D00001231031611843740025A4268D700A7082
:10A3E000B600A35D0220012B06D00123A3552068EF
:10A3F00000F09CFD2800A55570BD0023513152305E
:10A40000FF31FF3061180370E6E730B528240D06F0
:10A410000BD5072529404C431034001999B2002A66
:10A4200007D10273C180002030BD4C435134FF344A
:10A43000F3E7012283600273F5E703680200B420AA
:10A44000012110B58000B22411500020A400105545
:10A4500054331A8811430222198019880A431A803A
:10A4600010BD7047044B054A5B6805495B055B0FEF
:10A47000CB5C1068D8407047001002400C020020EE
:10A4800020D50008072310B503240360094B5A6840
:10A49000224042605A68ED3422408260E0225B68CC
:10A4A000D20013400122C360034B1B6813400B60B2
:10A4B00010BDC046001002400020024070B50124CB
:10A4C000036A026AA2430262732244688569954363
:10A4D0000A681543022293438A6813430E4A904246
:10A4E00008D00E4A904205D00D4A904202D00D4A43
:10A4F00090420BD108229343CA688E691343042209
:10A500009343094A22404C69344314434A684460E7
:10A5100085614263036270BD002C01400040014030
:10A520000044014000480140FFFCFFFF70B5184A9D
:10A53000056A036A1340036273234268C4699C433B
:10A540000B681C43134B1D408B681B022B43124DA1
:10A55000A8420ED1114D1D40CB681B022B43104D5C
:10A560002B40104D8E6915404A69324312012A432F
:10A5700008E00D4DA842F4D00C4DA842F1D00C4D8E
:10A58000A842EED042604A68C461C263036270BDF3
:10A59000FFFEFFFFFFFDFFFF002C0140FFF7FFFF65
:10A5A000FFFBFFFFFFCFFFFF0040014000440140E1
:10A5B0000048014030B5144A046A036A134D134041
:10A5C00003624368C2692A400D682D021543104A90
:10A5D00014408A68120322430E4CA04208D00E4C4D
:10A5E000A04205D00D4CA04202D00D4CA04204D197
:10A5F0000C4C1C404B699B01234343604B68C56175
:10A600000364026230BDC046FFEFFFFFFF8CFFFF17
:10A61000FFDFFFFF002C01400040014000440140EB
:10A6200000480140FFBFFFFF01000300012010B5FB
:10A630003D310C78E2B284421CD1001808701B68CE
:10A64000D9681143D9600D498B4209D08021C905D1
:10A650008B4205D00A498B4202D00A498B420AD16B
:10A6600007219A680A40062A03D0012219680A4382
:10A670001A60002010BD1968F9E7C046002C01409F
:10A680000004004000400140704770477047704729
:10A690000222036870B5DD681E69040016420DD001
:10A6A00015420BD0053A1A61043202779B699B0769
:10A6B00000D171E0FFF7E9FF0023237704231E4256
:10A6C00011D01D420FD00522236852421A61073271
:10A6D00022779A69C0239B0020001A4262D0FFF7BC
:10A6E000D4FF0023237708231E420FD01D420DD034
:10A6F0000922236852421A610D322277DB69200059
:10A700009B0755D0FFF7C1FF0023237710231E427C
:10A7100011D01D420FD01122236852421A61193202
:10A720002277DA69C0239B0020001A4246D0FFF747
:10A73000ACFF0023237701231E4208D01D4206D020
:10A7400002222368524220001A61FDF715FE802381
:10A750001E4208D01D4206D08122236852422000AA
:10A760001A6100F014FA40231E4208D01D4206D0A0
:10A7700041222368524220001A61FFF788FF2023FC
:10A780001E4208D01D4206D02122236852422000DA
:10A790001A6100F0FBF970BDFFF776FF2000FFF7AC
:10A7A00075FF89E7FFF770FF2000FFF76FFF98E75D
:10A7B000FFF76AFF2000FFF769FFA5E7FFF764FFD7
:10A7C0002000FFF763FFB4E710B51F4C0368A042F9
:10A7D00006D08022D205904202D01C4A904208D175
:10A7E000702293434A681343194A1A40CB681343B3
:10A7F0000BE0184A9042F7D0174A9042F4D0174A1B
:10A800009042F1D0164A9042EED0802293434A699A
:10A81000134303608B68C3620B688362A04208D055
:10A820000D4B984205D00D4B984202D00C4B9842EC
:10A8300001D10B690363012242610369134202D013
:10A8400003699343036110BD002C014000040040E4
:10A85000FFFCFFFF00200040004001400044014099
:10A860000048014070B504000120002C21D02500D3
:10A870003D352B78DAB2002B05D123003C33200084
:10A880001A70FDF771FE02232B702068211DFFF75F
:10A890009BFF220001230020463213704534083A02
:10A8A000137053709370D37013715371937123703D
:10A8B0002B7070BD70B504000120002C21D0250044
:10A8C0003D352B78DAB2002B05D123003C33200034
:10A8D0001A70FDF735FE02232B702068211DFFF74B
:10A8E00073FF220001230020463213704534083ADA
:10A8F000137053709370D3701371537193712370ED
:10A900002B7070BD102270B5056A036A174C934313
:10A9100003624268836923400C6824021C4320239D
:10A920009D438B681B012B43114DA8420FD18025FD
:10A93000AB431E00CB68403D1B013343AB430D4D81
:10A940008E6915404A69324392002A4308E00A4D55
:10A95000A842F4D0094DA842F1D0094DA842EED04A
:10A9600042604A6884618263036270BDFF8CFFFFAE
:10A97000002C0140FFF3FFFF004001400044014074
:10A9800000480140F8B506003C3615003278030057
:10A990000C000220012A0AD001383070082D3FD067
:10A9A00006D8002D19D0042D29D000233370F8BD0E
:10A9B0000C2DFAD11D682800FFF7FCFD8023EA6901
:10A9C0001B011343EB61EB691D4A1340EB612369E3
:10A9D000EA691B021343EB610FE01D682800FFF7D3
:10A9E0006DFD0823AA6913430422AB61AB6993434D
:10A9F000AB61AB6922691343AB610020D5E71D68E9
:10AA00002800FFF77FFF8023AA691B011343AB6176
:10AA1000AB690B4A1340AB612369AA691B02EAE7E1
:10AA20001F683800FFF782FD0422FB691D43FD61AA
:10AA3000FB699343FB61FB6922691343FB61DCE71C
:10AA4000FFFBFFFF1F2310B5012419408C408A40F3
:10AA5000036AA3430362036A1A43026210BD000043
:10AA60000200030010B5002909D13E331B78013BD9
:10AA7000581E8341DBB20120002B0AD010BD0429EF
:10AA800001D13F33F2E7082901D14033EEE74133EA
:10AA9000ECE702231000002923D13E300370146834
:10AAA00001222000FFF7CEFF184A944208D0184B2D
:10AAB0009C4205D0174B9C4202D0174B9C421AD1A6
:10AAC0008023616C1B020B436364944202D0104BE1
:10AAD0009C4216D10722A3681340062B11D10020F7
:10AAE000CCE7042901D13F30D8E7082901D1403013
:10AAF000D4E74130D2E78023DB059C42EAD0074B04
:10AB0000E6E70123226813432360E8E7002C0140B5
:10AB10000040014000440140004801400004004062
:10AB200010B5FFF79DFF10BD70B5040002223C3444
:10AB3000257803001000012D20D01D0070263D3522
:10AB40002A701B6858689A68B0430E683043586092
:10AB50000B48834209D08020C005834205D00948B4
:10AB6000834202D00848834204D18020496882434E
:10AB70000A439A60012300202B70207070BDC046EC
:10AB8000002C014000040040004001407047704725
:10AB9000821D03000020D087014A0233DA87704704
:10ABA00080BFFFFF0230C38F024A1340C3870020DB
:10ABB0007047C0467F400000821C03000121002036
:10ABC00082B0D187D0879A1D5033D087188002B0C9
:10ABD00070470000F7B50E787A4AB300C3181C8896
:10ABE000CF781440012205000092032F08D83800C6
:10ABF000F9F79CFA02423F3C8022920014430097EE
:10AC0000714A1443A4B21C801888704C2040304311
:10AC1000104380B21880F0008446087BAC44503565
:10AC20000195002800D06BE0CD8848786D086D0054
:10AC3000002823D080200199C000098861440918A8
:10AC40000D801988490604D519882140604C21439C
:10AC50001980604D012F00D1AEE020211C882C40CE
:10AC600061400A4392B200981A80FEBDC022D20011
:10AC7000144300220092C3E78022F8E70198096993
:10AC80000788554867443F1801983D800588534818
:10AC900065442D182F88BF05BF0D2F80002915D1C1
:10ACA000802729883F02394329801988490404D51F
:10ACB000198821404A4C214319804A491C880C407C
:10ACC000C021002E00D080218901C9E73E2908D883
:10ACD00001204F0801407F182988BF02394389B2FB
:10ACE000E2E71F204F0901400800414241417F1A1D
:10ACF0002988BF0239433C4F0F43BFB22F80D4E7AE
:10AD00001D88022F3AD1394E2540354301981D80C8
:10AD1000058880200E896544C00076082D187600CD
:10AD200001982E8005884E892B48654476082D1899
:10AD300076002E804978274E8C4680216046294D2A
:10AD4000C90100281FD11F880F4204D01988244F41
:10AD50002140394319801988490604D519882140B2
:10AD60001B4C21431980C0211C8889012C40614063
:10AD7000114389B219801988314072E71C4E354061
:10AD80001543ADB2C2E71888084204D019881448A8
:10AD90002140014319801988490604D519882140AA
:10ADA0000B4C21431980012F09D020211C883440ED
:10ADB0006140114389B219801988294051E71988E7
:10ADC0003140F6E78F89FFFF8080FFFF8F8FFFFF05
:10ADD000C0800000BF8FFFFF0404000006040000D5
:10ADE00080C000008FBFFFFF0080FFFF8081000058
:10ADF0008F8EFFFFF0B50B784A78097B9B00C01857
:10AE0000314B00291AD1002A0CD00288520605D5F0
:10AE100002882E490A402E490A43028002882D49A1
:10AE20000A402FE00288520405D5028827490A40CB
:10AE300029490A43028002882849F1E78027234EE6
:10AE4000244D2649FF01002A21D102883A4204D02C
:10AE50000288214C3240224302800288204C520654
:10AE600004D502883240224392B2028002883240E6
:10AE70001443A4B2048002880A401A4392B20280AA
:10AE800002882A4013439BB203800020F0BD028851
:10AE9000144C3A4204D002883240224392B20280DB
:10AEA0000288520604D50288094F32403A43028094
:10AEB000028832401443A4B2048002882A401A4314
:10AEC00092B202800288ABE78080FFFF8F8FFFFF86
:10AED000C0800000BF8FFFFF80C000008FBFFFFF5A
:10AEE000C080FFFF80C0FFFF0B7849789B000C4AB1
:10AEF000C018002909D001880A4B194010234B4083
:10AF000013439BB20380002070470188064B194011
:10AF100080235B014B401A4392B20280F3E7C046A4
:10AF20008080FFFFBF8FFFFF8FBFFFFF0B7B002BDA
:10AF300019D10B784A789B00C0180388002A14D0D6
:10AF40005B0605D50388104A1340104A134303805B
:10AF5000CB78012B07D00E4B02881A402023534098
:10AF60000C4A13430380002070475B0405D5038817
:10AF7000054A1340084A13430380084B02881A40CD
:10AF8000C0239B01EBE7C0468F8FFFFFC08000000E
:10AF9000BF8FFFFF8080000080C000008FBFFFFFD9
:10AFA000002902D180234C3003800020704780228A
:10AFB0005830038812021343038000207047063084
:10AFC000C08F80B2704730B580240133E40012197D
:10AFD0005B0880185B00CB18401A0C188B4200D11C
:10AFE00030BD4A780D7812022A4322800231F4E7FC
:10AFF000F0B50C0049780500227B87B0012900D00C
:10B000001BE12369A76902939F4200D91F002B000F
:10B01000503361690193002A1DD1BFB23B00E28821
:10B020002800FFF7D0FF019BBE4A19882378AA1891
:10B03000DB0052189B181F802378BB4A9B00EB183B
:10B040001988114030224A40B8490A4392B21A8006
:10B05000002007B0F0BD2278266A9300D200039248
:10B06000E078EB18022800D0D1E0029AB24200D377
:10B07000BBE01A88AE48F61B1040AE4A1043188059
:10B080001B8840209C466246024005926246CB19CE
:10B0900004932662BBB2024255D0019A12889446AC
:10B0A000A54AA818039A6044821813806289280070
:10B0B000FFF789FF049B029A63610023B24201D229
:10B0C000F31B3E0062782362B3B2002A2ED1019AAC
:10B0D00094491088227869180918D20052181188EA
:10B0E0008905890D1180002E0AD180201188000267
:10B0F00001431180228904992800FFF764FF9BE730
:10B100003E2E08D801217008314040181188800275
:10B11000014389B2EDE71F2030407109464270417A
:10B12000091A1088890208438449F1E7012AE1D10C
:10B130002A007C495032108822786918D2000918F8
:10B1400052181380D6E7019A12889446754AA818B7
:10B15000039A60448218138022892800FFF733FF86
:10B16000049B029A6361059BB24201D2F31B3E002D
:10B1700062782362B3B2002A2AD1019A6E491088FC
:10B18000227869180918D200521811888905890D8A
:10B190001180002E06D18020118800020143118009
:10B1A0006289A8E73E2E08D8012170083140401876
:10B1B00011888002014389B2F1E71F20710906401E
:10B1C000704246411088891B890208435B49F1E7B8
:10B1D000012AE5D12A00584950321088227869188E
:10B1E000D200091852181380DAE71888544F4F4AD2
:10B1F0003840104380B21880019B039A1888494B4D
:10B20000EB181B189A18B3B21380228974E71888B8
:10B21000F61B019A26621688BBB2400607D5464A3D
:10B22000A818039A801982181380628964E73D4A3E
:10B23000A818039A80198218E6E7002A1CD1A3698E
:10B2400021698B4201D95A1A0B00A2612A003A499E
:10B250005032108822786918D200091852181188C3
:10B260008905890D1180002B00D0D6E0802113883C
:10B2700009020B4313803DE0E378022B00D08CE001
:10B28000002924D10600274A503633882078AA188E
:10B29000D218C000121813889B059B0D13802369D8
:10B2A000002B34D1802711883F0239431180224A74
:10B2B0003188AA185218121811888905890D118031
:10B2C000002B54D18021138809020B431380E369BA
:10B2D000002B0FD023781B499B00EB181A880A40DB
:10B2E0008A4201D0002A05D11A8811490A4016491C
:10B2F0000A431A8023789B00ED182A88134B1A40C2
:10B30000C0239B015340124A13432B80A0E63E2BDF
:10B3100020D801215F0819407F181188BF023943E6
:10B3200089B2C3E702040000BF8FFFFF8080FFFFE8
:10B330008F8FFFFF80810000060400000080FFFF68
:10B340008F8EFFFF40400000C08000008FBFFFFFD6
:10B35000808000001F271F4039004F424F4159098C
:10B36000C91B1788019189020F433749D7E73E2B44
:10B3700008D8012059080340C918138889020B43D3
:10B380009BB2A3E71F205909034058424341C91A01
:10B390001388890219432C4BF1E70120834200D026
:10B3A00057E6A36922690020934201D9981A130035
:10B3B000A06100299ED12E00244A50363188207881
:10B3C000AA185218C000121811888905890D118019
:10B3D000002B0AD1802711883F02394311801C4A73
:10B3E0003188AA185218121839E73E2B08D80121C3
:10B3F0005F0819407F181188BF02394389B2EDE711
:10B400001F271F4039004F424F415909C91B178858
:10B41000019189020F430C49EFE73E2B08D8012028
:10B4200059080340C918138889020B439BB221E7CE
:10B430001F205909034058424341C91A1388890201
:10B440001943014BF1E7C0460080FFFF02040000F2
:10B4500006040000F0B580255C08ED0052192600B6
:10B460000D008018471AEA19002E06D1DB0703D514
:10B470006400001903880B55F0BD1288013E92B29A
:10B480002A70120A6A700235EDE70000014B18605D
:10B490007047C0460C020020AF239B00C35870B514
:10B4A000002B0ED0AE22802592008458AD00605D46
:10B4B000FF2806D0044A9B682100A25C9847FF231E
:10B4C0006355002070BDC046010200004323038085
:10B4D000004870475C020020432303800048704707
:10B4E000A002002043230380004870471802002078
:10B4F0000A230380004870471C03002070B5AE2665
:10B50000B6000400855900F04BFF83239B00E850F0
:10B51000A3590220002B0AD0832381229B00E91823
:10B52000B033E3589200DB68A8589847002070BDFC
:10B53000F8B5AE239B00C75804000E000220002F70
:10B5400016D014254D436519E8690833E3580028DF
:10B550000FD028224A439B18196AF8F781FE0A1E69
:10B5600007D10B00E9612000310000F007FF002047
:10B57000F8BD852300229B00FA50F8E7AE23F7B50B
:10B580009B00C6586B466A460D00591D00230400F7
:10B590000B70D3802B78901D1F0060221740134240
:10B5A00026D0202F3FD1EA886878002A19D05BB2D4
:10B5B000002B0BDAAF239B00E35831009B689847C0
:10B5C0003100EA88200000F0A0FC08E080239B0006
:10B5D000F054184B31002000F25400F0ACFC002075
:10B5E000FEBDAF239B00E35829009B689847F6E710
:10B5F0006B780A2B0BD00B2B10D0002B13D1A72369
:10B600009B00E35C032B0ED102220100DAE7A723A3
:10B610009B00E35C032B06D10122D3E7A7239B0009
:10B62000E35C032BDBD02000290000F047FC022064
:10B63000D6E7C0460102000070B504000025812154
:10B6400000F065FE01212000E56200F060FE2300AD
:10B65000AE26FC331D6782212000B60000F057FEA5
:10B66000A3592564AB4208D0AF239B00E3585B6825
:10B670009847A05900F0A0FEA551002070BD70B5FC
:10B68000037C0400002B3AD1802381219B000222FD
:10B6900000F031FE01218023E1629B0002222000A4
:10B6A00000F029FE23000126FC33032282211E67BD
:10B6B0002000082300F01FFE87202664800000F091
:10B6C00077FEAE239B000500E0503000002D15D022
:10B6D0000433E3581B689847852200239200AB503F
:10B6E0000432AB50237C143A002B11D180239B00F1
:10B6F00031002000AA5800F04AFE002070BD40230F
:10B700008121022200F0F7FD01214023E162C5E71B
:10B710004023EDE703000220002903D0AF220020E0
:10B72000920099507047AE239B00C358822080003E
:10B7300019508421890000205A507047AE239B0085
:10B74000C258B43B0020D1507047AE239B00C25872
:10B7500010B50223002A12D0852189005458013BDC
:10B76000002C0CD1535084239B00D3580C395258D1
:10B7700088390363FF399BB200F000FE23001800F4
:10B7800010BDAE239B00C25810B50223002A0BD077
:10B7900081239B00D258037C002B07D180239B0080
:10B7A000012100F0F4FD0023180010BD4023F7E74D
:10B7B000022310B5002813D0AD239B00C458002CE1
:10B7C00001D00024C450002902D0AC239B00C150FA
:10B7D000A72301219B00C154027000F043FD002308
:10B7E000180010BD03000220002903D0AD22002064
:10B7F00092009950704710B500F074FD002010BD04
:10B80000AD239B00C25810B50223002A04D0136850
:10B810009847431E98414300180010BDAD2310B552
:10B820009B00C3585B689847002010BDAA239B006B
:10B8300070B5C5180400280000F02CFBA5230122D8
:10B840009B00E250114BE25A163BE2501033E15C90
:10B850001F230B40012B09D0022B0CD0002B0FD142
:10B860002900200000F01AF9002070BD29002000F6
:10B8700000F054FAF8E72900200000F077FAF3E727
:10B880007F232000994300F04BFDEDE7AE0200005E
:10B8900070B50400150000292ED1A5239B00C258C5
:10B8A000032A23D102005532FF32D3681069834244
:10B8B0000BD91B1AD36082B2984200D99AB22900E0
:10B8C000200000F048FB002070BDAD239B00E35832
:10B8D0001B69002B06D0A7229200A25C032A01D18B
:10B8E00020009847200000F03EFBECE7052AEAD153
:10B8F000C15000F015FDE6E7AD239B00C3580220C0
:10B900009B69002BE0D0A7229200A25C032ADBD126
:10B9100020009847D7E7F8B50D0004001100002D6E
:10B920004DD1A5239B00C358022B3ED1036A466A22
:10B93000B34211D99B1B03629AB200F0F4FA2B00B8
:10B940002A002900200000F022FDA8239B00E25CD1
:10B95000012A31D00020F8BDC76931003800F8F75E
:10B960007FFC0D1E0CD1BE420AD8A626B600A359F4
:10B970009F4205D20A00200000F0D5FAA551DEE76B
:10B98000AD239B00E358DB68002B06D0A722920072
:10B99000A25C032A01D1200098478021200000F0FA
:10B9A000BFFC200000F0EBFACFE704229343CCD198
:10B9B000802100F0B5FCC8E70022E254CAE7AD23BD
:10B9C0009B00C35802205B69002BC4D0A7229200C1
:10B9D000A25C032ABFD1290020009847BAE70022C1
:10B9E00070B504001100402300F085FC2300012500
:10B9F0004026FC338021DD659E6600223300200056
:10BA000000F079FCA72300219B00A5616662E55444
:10BA1000083BE15010336160E1501433E3588B422E
:10BA200005D0AD239B00E35820005B6898470020B9
:10BA300070BD017400207047A7239B00C15C034ABE
:10BA400081540422C25400207047C0469D02000069
:10BA5000A7239B00C25C042A02D1024A825CC25422
:10BA6000002070479D020000A72310B59B00C35C17
:10BA7000032B06D1AD239B00C358DB69002B00D0FC
:10BA80009847002010BD10B50400802100F048FC4C
:10BA90000021200000F044FC10BD000060220B7863
:10BAA00073B513400D00190092182039040011429B
:10BAB00005D0002B0BD02000FFF7E5FF05E0AD23FC
:10BAC0009B00C35829009B689847002076BD687882
:10BAD0000928F0D8F8F734FBEF000E01EFFF06015C
:10BAE000EFFF7D000A00EFFFD6009F0000236A46AB
:10BAF000D3806B88180A01380628DCD8F8F70CFBCD
:10BB0000041726DBDB404C00AC239B00E358207C71
:10BB10001B686A46911D98476B46D988EA880029B8
:10BB200052D0002A45D1200000F01DFACDE7AD2308
:10BB3000227C9B00E358002A06D19B6A6A46901D2E
:10BB4000984702234370E7E7DB6AF7E7D8B2052896
:10BB5000B1D8AC239B00E358F8F7E8FA03080A0CC5
:10BB60000E105B68002BA6D0207CD2E79B68F9E71B
:10BB7000DB68F7E71B69F5E75B69F3E79B69F1E7CA
:10BB8000237C002B00D096E7AD236A469B00E35848
:10BB9000901D5B6B9847BFE7237C002B00D08AE7A2
:10BBA000AD236A469B00E358901D1B6B9847072303
:10BBB000C8E70B1C914200D9131C69469AB2CB808E
:10BBC0000100200000F0A1F9EB88002B00D07CE7F9
:10BBD000A9E7AB88002B00D06DE7EB88002B00D0E5
:10BBE00069E76D887F2D00D965E7A726B600A35DBC
:10BBF000032B00D15FE7474BEDB2E554290020004D
:10BC000000F0B3FB200000F0AEF90223002D00D1BC
:10BC10000123A35559E7A9783F4D2970012900D97F
:10BC200049E7A7239B00E25C022A09D0032A15D02A
:10BC30002000FFF728FF20002978FFF7EFFD44E7F9
:10BC4000002900D16FE7012103226160E254200046
:10BC5000FFF7D6FD022800D065E72CE7002906D1C2
:10BC600002222000E2546160FFF7D8FD5BE76168C3
:10BC7000012900D157E7C9B22000FFF7CFFD29788D
:10BC80006160E4E7EA88012A00D014E7A7239B005B
:10BC9000E35C022B07D8002B00D10CE70023210026
:10BCA000A360083103E0211D032B00D003E720002F
:10BCB00000F02BF909E7A7239B00E35C013B022B73
:10BCC00000D9F8E6EB88022B00D0F4E6A9239B000C
:10BCD000E2580123002A00D0023321000222E3604F
:10BCE0000C31E4E76B88012B00D0EEE6A92292002C
:10BCF000A35018E7A7239B00E35C013B022B00D96C
:10BD0000D9E66B88012B00D0DFE6A92300229B0037
:10BD1000E25008E79E020000080B002060230A782A
:10BD200070B5134004000D00520601D5402B19D107
:10BD3000A7239B00E35C013B022B13D82B79012B3B
:10BD400010D8AD239B00E35829009B68200098473A
:10BD5000EB88002B04D1002802D1200000F003F969
:10BD6000002070BD2000FFF78EFEF9E770B50400DB
:10BD700060200B008A88097801400D000018203DE2
:10BD8000054205D000290CD02000FFF77CFE06E01C
:10BD9000AD229200A258190020009268904700201E
:10BDA00070BD5878D1B2012838D0032820D000289F
:10BDB000EAD1A7239B00E35C022B49D0032BE3D1FC
:10BDC0000F2314250B406B43E318120650D59B69D3
:10BDD000002BD9D07F230B4001335D4365198029A7
:10BDE00051D0200000F0AEFA002851D001234BE0E2
:10BDF000A7229200A25C022A20D0032AC4D15A882A
:10BE0000002A07D14A0605D0DB88002B02D120008A
:10BE100000F086FA200000F0A6F8C0E7A722920002
:10BE2000A25C022A0AD0032AAED15B88002BB6D1CD
:10BE30004B06EFD0200000F07CFAEBE74B06A3D0D6
:10BE4000200000F06DFA8021200000F069FAA6E7DA
:10BE5000490699D121005531FF31120601D54139EA
:10BE6000FF39002302220B60200000F04EF896E715
:10BE7000FC33DB6D002B00D186E74D435535FF3594
:10BE800065190029ADD100232B6002222900EBE7C0
:10BE90002860FAE70B7803704B784370CB788A7888
:10BEA0001B02134343804B790A791B02134383809F
:10BEB000CB798A791B021343C380704710B5040005
:10BEC000802100F02DFA0021200000F029FA10BD99
:10BED00070B504000D00160000280DD0F8F714F915
:10BEE000C3B201335B0033802B70032300206B70DF
:10BEF000013B2178002900D170BD5A1CE954D2B20F
:10BF000002330134DBB2A854F3E71300A52210B5C5
:10BF10000224920084500A00C3610021036200F0F1
:10BF20002DFA002010BD10B513000A00002100F00A
:10BF300025FA002010BD1300A52210B5032492009D
:10BF400084500200FC32136653660A00002100F0A0
:10BF50001EFA002010BD10B513000A00002100F0E9
:10BF600016FA002010BDA52304229B0010B5C25074
:10BF700000231A00190000F001FA002010BDA523CB
:10BF800005229B0010B5C25000231A00190000F0D2
:10BF9000FEF9002010BD000010B5114C0022200059
:10BFA0001049FFF705FC002801D0FCF7F9F9200043
:10BFB0000D49FFF717FC002801D0FCF7F1F920002C
:10BFC0000A49FFF7A7FB002801D0FCF7E9F9200098
:10BFD000FFF711FC002801D0FCF7E2F910BDC046C4
:10BFE0000C0B00206C030020E4020020280300203A
:10BFF0000020704700207047002070470A00AE21E3
:10C0000010B5084C890003006058A439415801203C
:10C01000002906D119002000FFF785FB2000FFF75B
:10C0200094FB10BD0C0B002073B50E4D04000E00E8
:10C0300001002800FFF782FB2800FFF7A2FB002386
:10C040006A46D3806B4632682100074892B20633B5
:10C05000FBF722FF002803D06B46D988FFF7CEFFFD
:10C06000002076BD0C0B002014050020122301488F
:10C070000B80704758030020042301480B80704751
:10C080005403002070B5002652008A18050FECB248
:10C0900023003733092D00D8073B0B704E70023157
:10C0A00000018A42F2D170BD1A2310B50B800A4BF1
:10C0B00018680A4B1B68C01800280AD0084B0822D1
:10C0C0001C680849FFF7DEFF042220000649FFF73D
:10C0D000D9FF064810BDC046ACF7FF1FB4F7FF1FDD
:10C0E000B0F7FF1F3A0300204A0300203803002066
:10C0F00010B5044C0A0021000348FFF7E9FE2000B8
:10C1000010BDC046D00D002028D5000810B5044C45
:10C110000A0021000348FFF7DBFE200010BDC046E7
:10C12000D00D00203ED5000810B5044C0A002100B7
:10C130000348FFF7CDFE200010BDC046D00D002003
:10C1400054D5000810B5044C0A0021000348FFF73D
:10C15000BFFE200010BDC046D00D00205FD50008F6
:10C16000002803D00238431E984101307047000078
:10C1700007B50B4B02689A4211D18021094B090483
:10C18000DA691F200A43DA610022DB690B40019360
:10C190001100019BFDF758F81F20FDF77FF807BD40
:10C1A000005C004000100240A62310B59B00C1189F
:10C1B0004033C058FFF73AFB10BD28234B43C31848
:10C1C000FC339A6EB62310B59B00C058FFF760FB96
:10C1D00010BD28234B43C3185A6AB62310B59B00E1
:10C1E000C058FFF798FB10BDB62310B59B00C05890
:10C1F000FFF73AFC10BD70B543790400022B01D063
:10C20000FCF7CEF8B625AD0001216059FFF711FC0F
:10C210006059FFF7E4FB70BDB62310B504009B0026
:10C22000C058FFF709FC637A002B04D00623024AAA
:10C2300011690B43136110BD00ED00E010B5437AA6
:10C240000400002B06D00621054A13698B431361B5
:10C25000FCF720F8B6239B00E058FFF7F9FB10BD70
:10C2600000ED00E0B62370B504001C489B00C450EC
:10C270001B4BB025036082239B0083800223C37184
:10C280000023AD00605143724381FDF77FFA00281F
:10C2900001D0FCF785F80022605911001823FEF741
:10C2A000B4F86059582300228021FEF7AEF8605997
:10C2B000C02300228121FEF7A8F8882360590022BC
:10C2C00001215B00FEF7A1F8802360590022822142
:10C2D0005B00FEF79AF8002070BDC046F011002008
:10C2E000005C0040B02310B59B00C058FDF79AFADF
:10C2F000FFF736FF10BD10B514001A002300B0245C
:10C30000A4000059FDF798FFFFF72AFF10BDB023E6
:10C3100010B59B00C058FDF7BBFFFFF721FF10BD14
:10C32000B02310B59B00C058FEF713F8FFF718FFB5
:10C3300010BDB02310B59B00C058FEF738F8FFF7CA
:10C340000FFF10BDB0239B00C35848B2282200281D
:10C3500005DA7F2001404A439B18987C70474A4386
:10C360009B185333FF331878F8E7B02310B59B00C0
:10C37000C058FDF76AFAFFF7F3FE10BD10B5B02400
:10C38000A4000059FDF7CDFFFFF7EAFE10BD10B580
:10C39000B024A4000059FDF7A1FFFFF7E1FE10BD96
:10C3A000B02310B59B00C058FDF7B3FF10BD0000CF
:10C3B00000487047D00F00207047000010B5034BB5
:10C3C0000100186800F026F810BDC0468803002060
:10C3D00070B50F4E0D0031680400002902D100F045
:10C3E000B1F830602900200000F0ACF8431C03D104
:10C3F00001256D42280070BD0323C51C9D43A84242
:10C40000F8D0291A200000F09DF80130F2D1EFE7B2
:10C41000CC140020F7B50322CB1C9343083305004E
:10C420001F000C2B34D20C27B94233D8280000F05F
:10C4300071F8374E33681C00002C2FD139002800CA
:10C44000FFF7C6FF0400431C5FD134680094009BD3
:10C45000002B4AD1002C52D023682800E318009901
:10C46000019300F06FF8019B834248D123682800B4
:10C47000FF1A3900FFF7ACFF013040D02368DB1909
:10C48000236033685A68002A33D1009B336019E077
:10C49000002BC9DA0C232B600020FEBD2168C91BCC
:10C4A00020D40B290AD9E2192760A34204D13260B3
:10C4B00063681160536005E05A60F9E76268A3425F
:10C4C0000ED13260280000F02DF8200007220B303A
:10C4D000231D9043C21A9842DFD01B1AA350DCE7F9
:10C4E0005A60EFE723006468A6E7009C6368009346
:10C4F000ADE71A005B68A342FBD10023DAE70C2307
:10C5000028002B6000F00EF8C6E70760DAE7C046A7
:10C51000D014002010B5024800F050F810BDC046FD
:10C520001016002010B5024800F049F810BDC046B2
:10C530001016002003008218934200D17047197032
:10C540000133F9E7002370B5064D040008002B60A5
:10C55000FBF7BAFF431C03D12B68002B00D02360EC
:10C5600070BDC0460C160020014B18687047C046CD
:10C570008803002070B500260C4C0D4D641BA410E0
:10C58000A64209D1002600F025F80A4C0A4D641B8A
:10C59000A410A64205D170BDB300EB5898470136F0
:10C5A000EEE7B300EB5898470136F2E774D5000880
:10C5B00074D5000878D5000874D500087047704716
:10C5C000002310B59A4200D110BDCC5CC454013395
:10C5D000F8E70000F8B5C046F8BC08BC9E467047B6
:0CC5E000F8B5C046F8BC08BC9E46704789
:10C5EC008C4600084A4500082845000814450008F8
:10C5FC00284500082E460008284500081445000868
:10C60C004A4500084A4500082E4600081445000813
:10C61C000C4500080C4500080C4500085046000865
:10C62C00E803C80050FE02003D6E0008E803C80095
:10C63C0052FE02006D6E0008E803C800F7FE02000F
:10C64C008D6E000800006405DC05B00401010000DB
:10C65C007972000801000000FF7F018000000000DB
:10C66C00000000000200F40158020000010100006B
:10C67C002573000803000000FF7F0000000000008D
:10C68C00000000000400AA05DC05B0040101000054
:10C69C004D74000805000000007D00000101000041
:10C6AC000000000006001027FF7F000001010000C1
:10C6BC000000000007000000FF7F000001010000E7
:10C6CC000000000008000000FF7F000001010000D6
:10C6DC000000000009000000FF7F000001010000C5
:10C6EC00000000000A0000000A0000000100000029
:10C6FC00000000000B000000010000000100000021
:10C70C00000000000C00010001000000010100000D
:10C71C00000000000D0000000100000001010000FD
:10C72C00000000000E0000000100000001010000EC
:10C73C00000000000F000300640000000101000075
:10C74C0000000000100000000100000004010000C7
:10C75C000000000011000000E803000004010000CC
:10C76C00000000001200E803102700000101000087
:10C77C000000000013006400C80041000401000028
:10C78C000000000014000000000400000101000083
:10C79C000000000015000000FF7F000000000000FA
:10C7AC000000000016000000FF7F000000000000E9
:10C7BC000000000018000000F6090AF60000000056
:10C7CC000000000019000000FF0001FF0000000045
:10C7DC00000000001A000000FF7F00800000000035
:10C7EC00000000001B000000FF7F00800000000024
:10C7FC00000000001C000000010000000000000010
:10C80C00000000001D000000007D00000100000081
:10C81C00B17100081E000000FF7F00000100000045
:10C82C00000000001F000000FF7F008000000000DF
:10C83C000000000020000000FF7F018000000000CD
:10C84C000000000021000000FF0F000000000000AD
:10C85C000000000022000000FF0F0000000000009C
:10C86C000000000023000000FF0F0000000000008B
:10C87C000000000024000000FF0F0000000000007A
:10C88C000000000025000000FF0F00000000000069
:10C89C000000000026000000FF0F00000000000058
:10C8AC000000000027000000FF0F00000000000047
:10C8BC000000000028000000FF0F00000000000036
:10C8CC00000000002900000001000000040000002E
:10C8DC008D7500082A000000E8030000010100002B
:10C8EC00B57300082B00E803E80300000101000009
:10C8FC00FD7300082C000000010000000101000085
:10C90C00000000002D0000000100000001000000EC
:10C91C00457400082E00000001000000010000001A
:10C92C00D17500082F00000001000000010000007C
:10C93C00D174000830000000FF7F0180010000006E
:10C94C001575000831000200050000000100000010
:10C95C003975000832000000FF7F008001000000E4
:10C96C0049750008330001000100000001010000BE
:10C97C000000000034000100FF0000000401000072
:10C98C003976000835000000FF00000004010000AB
:10C99C0021760008360000000100000001010000B3
:10C9AC000000000037000000010000000101000041
:10C9BC000000000038000000000400FC0201000030
:10C9CC00E176000839001707001000000201000092
:10C9DC00517600083A000B00100000000201000024
:10C9EC00717700083B000000000400FC020100000D
:10C9FC00F97600083C00E309001000F00201000089
:10CA0C00697600083D000C001000000002010000D7
:10CA1C00897700083E000000000400FC02010000C1
:10CA2C00297700083F000000001000F00201000010
:10CA3C009976000840000A00100000000201000076
:10CA4C00B97700084100C012002000E0020100008C
:10CA5C00417700084200FFFF000400FC02010000C7
:10CA6C00B176000843000500100000000201000030
:10CA7C00D177000844000000000400FC0201000013
:10CA8C00117700084500F401000400FC02010000CD
:10CA9C00817600084600080010000000020100002A
:10CAAC00A17700084700E802001000F00201000026
:10CABC005977000848003800000400FC020100000F
:10CACC00C9760008490006001000000002010000B1
:10CADC00E97700084A000000010000000201000094
:10CAEC00097500084B000500FF0F00000201000053
:10CAFC00000000004C00FA0FFF0F000002010000C4
:10CB0C00000000004D000500FF0F000002010000B6
:10CB1C00000000004E00FA0FFF0F000002010000A1
:10CB2C00000000004F000500FF0F00000201000094
:10CB3C00000000005000FA0FFF0F0000020100007F
:10CB4C000000000051000500FF0F00000201000072
:10CB5C00000000005200FA0FFF0F0000020100005D
:10CB6C000000000053002800FF0F0000020100002D
:10CB7C00000000005400FA0FFF0F0000020100003B
:10CB8C000000000055000500FF0F0000020100002E
:10CB9C00000000005600FA0FFF0F00000201000019
:10CBAC000000000057000000FF0F00000201000011
:10CBBC000000000058000000FF0F00000201000000
:10CBCC000000000059000000FF0F000002010000EF
:10CBDC00000000005A000000FF0F000002010000DE
:10CBEC00000000005B000000FF7F018000000000DF
:10CBFC00000000005C000000FF7F018000000000CE
:10CC0C00000000005D000000FF7F018000000000BC
:10CC1C00000000005E000000FF7F018000000000AB
:10CC2C00000000005F000000FF7F0180000000009A
:10CC3C000000000060000000FF7F01800000000089
:10CC4C000000000061000000FF7F01800000000078
:10CC5C000000000062000000FF7F01800000000067
:10CC6C000000000063000000FF7F01800000000056
:10CC7C000000000064000000FF7F01800000000045
:10CC8C000000000065000000FF7F01800000000034
:10CC9C000000000066000000FF7F01800000000023
:10CCAC000000000067000000FF7F01800000000012
:10CCBC000000000068000000FF7F01800000000001
:10CCCC000000000069000000FF7F018000000000F0
:10CCDC00000000006A000000FF7F018000000000DF
:10CCEC00000000006B000000FF7F018000000000CE
:10CCFC00000000006C000000FF7F018000000000BD
:10CD0C00000000006D000000FF7F018000000000AB
:10CD1C00000000006E000000FF7F0180000000009A
:10CD2C00000000006F000000FF7F01800000000089
:10CD3C000000000070000000FF7F01800000000078
:10CD4C000000000071000000FF7F01800000000067
:10CD5C000000000072000000FF7F01800000000056
:10CD6C000000000073000000FF7F01800000000045
:10CD7C000000000074000000FF7F01800000000034
:10CD8C000000000075000000FF7F01800000000023
:10CD9C000000000076000000FF7F01800000000012
:10CDAC000000000077000000FF7F01800000000001
:10CDBC000000000078000000FF7F018000000000F0
:10CDCC000000000079000000FF7F018000000000DF
:10CDDC00000000007A000000FF7F018000000000CE
:10CDEC00000000007B000000FF7F018000000000BD
:10CDFC00000000007C000000FF7F018000000000AC
:10CE0C00000000007D000000FF7F0180000000009A
:10CE1C00000000007E000000FF7F01800000000089
:10CE2C00000000007F000000FF7F01800000000078
:10CE3C000000000080000000FF7F01800000000067
:10CE4C000000000081000000FF7F01800000000056
:10CE5C000000000082000000FF7F01800000000045
:10CE6C0000000000C4260100FF7F018004000000C8
:10CE7C0000000000C3260200FF7F018004000000B8
:10CE8C0000000000C2260300FF7F018004000000A8
:10CE9C0000000000C1260400FF7F01800400000098
:10CEAC0000000000C0260500FF7F01800400000088
:10CEBC0000000000CE260100FF7F0180040000006E
:10CECC0000000000CD260200FF7F0180040000005E
:10CEDC0000000000CC260300FF7F0180040000004E
:10CEEC0000000000CB260400FF7F0180040000003E
:10CEFC0000000000CA260500FF7F0180040000002E
:10CF0C0000000000C9260600FF7F0180040000001D
:10CF1C0000000000C8260700FF7F0180040000000D
:10CF2C0000000000C7260800FF7F018004000000FD
:10CF3C0000000000C6260900FF7F018004000000ED
:10CF4C0000000000C5260A00FF7F018004000000DD
:10CF5C0000000000CF261027007D00000400000018
:10CF6C0000000000D0260000007D0000040000003E
:10CF7C0000000000D1260000007D0000040000002D
:10CF8C0000000000D2260000007D0000040000001C
:10CF9C0000000000D3260000007D0000040000000B
:10CFAC0000000000D526000000000F27050000003F
:10CFBC0001780008D626000000000F2705000000AD
:10CFCC0035780008D726000000000F27010100006B
:10CFDC0035790008D826000000000F270201000058
:10CFEC0037790008D926000000000F270301000044
:10CFFC0039790008DA26000000000F270401000030
:10D00C003B790008DB260000000001000100000055
:10D01C003D790008DF260000FF7F0180040000003E
:10D02C0000000000E0260000FF7F018004000000EB
:10D03C0000000000E1260000FF7F018004000000DA
:10D04C0000000000E2260000FF7F018004000000C9
:10D05C0000000000E3260000FF7F018004000000B8
:10D06C0000000000E4260000FF7F018004000000A7
:10D07C0000000000E5260000FF7F01800400000096
:10D08C0000000000E6260000FF7F01800400000085
:10D09C0000000000E7260000FF7F01800500000073
:10D0AC0041790008E8260000FF7F018005000000A0
:10D0BC0041790008E9260000FF7F0180050000008F
:10D0CC0041790008EA260000FF7F0180050000007E
:10D0DC0041790008EB260000FF7F0180040000006E
:10D0EC0000000000EC260000FF7F0180040000001F
:10D0FC0000000000ED26AA55FF7F0180040000000F
:10D10C0000000000EE2655AAFF7F018004000000FD
:10D11C0000000000EF260000FF7F018005000000EA
:10D12C007D780008F0260000FF7F018005000000DC
:10D13C007D780008F126BB66FF7F018004010000AA
:10D14C0000000000F22666BBFF7F01800400000097
:10D15C0000000000F32600000200000004000000A4
:10D16C0000000000F4260000FF7F01800400000096
:10D17C0000000000F5260000FF7F01800400000085
:10D18C0000000000F6260000FF7F01800400000074
:10D19C0000000000F7260000FF7F01800400000063
:10D1AC0000000000F8260000FF7F01800400000052
:10D1BC0000000000F9260000FF7F01800400000041
:10D1CC0000000000FA260000FF7F01800400000030
:10D1DC0000000000FB260000FF7F0180040000001F
:10D1EC0000000000FC260000FF7F0180040000000E
:10D1FC0000000000FD260000FF7F018004000000FD
:10D20C0000000000FE260000FF7F018004000000EB
:10D21C0000000000FF260000FF7F018004000000DA
:10D22C000000000000270000FF7F018004000000C8
:10D23C000000000001270000FF7F018004000000B7
:10D24C000000000002270000FF7F018004010000A5
:10D25C000000000003270000FF7F01800400000095
:10D26C000000000004270000FF7F01800400000084
:10D27C000000000005274442FF7F018004000000ED
:10D28C000000000006274332FF7F018004000000ED
:10D29C000000000007270000FF7F01800400000051
:10D2AC000000000008270000FF7F01800400000040
:10D2BC000000000009270000FF7F0180040000002F
:10D2CC00000000000A270000FF7F0180040000001E
:10D2DC00000000000B270000FF7F0180040000000D
:10D2EC00000000000C270000FF7F018004000000FC
:10D2FC00000000000D270000FF7F018004000000EB
:10D30C00000000000E270000FF7F018004000000D9
:10D31C00000000000000C1C081C1400101C3C00376
:10D32C00800241C201C6C006800741C70005C1C5C5
:10D33C0081C4400401CCC00C800D41CD000FC1CF85
:10D34C0081CE400E000AC1CA81CB400B01C9C00975
:10D35C00800841C801D8C018801941D9001BC1DB15
:10D36C0081DA401A001EC1DE81DF401F01DDC01DC5
:10D37C00801C41DC0014C1D481D5401501D7C017E5
:10D38C00801641D601D2C012801341D30011C1D1F5
:10D39C0081D0401001F0C030803141F10033C1F335
:10D3AC0081F240320036C1F681F7403701F5C035C5
:10D3BC00803441F4003CC1FC81FD403D01FFC03F85
:10D3CC00803E41FE01FAC03A803B41FB0039C1F975
:10D3DC0081F840380028C1E881E9402901EBC02BD5
:10D3EC00802A41EA01EEC02E802F41EF002DC1EDC5
:10D3FC0081EC402C01E4C024802541E50027C1E7E5
:10D40C0081E640260022C1E281E3402301E1C021F4
:10D41C00802041E001A0C060806141A10063C1A3F4
:10D42C0081A240620066C1A681A7406701A5C065C4
:10D43C00806441A4006CC1AC81AD406D01AFC06F84
:10D44C00806E41AE01AAC06A806B41AB0069C1A974
:10D45C0081A840680078C1B881B9407901BBC07B14
:10D46C00807A41BA01BEC07E807F41BF007DC1BDC4
:10D47C0081BC407C01B4C074807541B50077C1B7E4
:10D48C0081B640760072C1B281B3407301B1C071F4
:10D49C00807041B00050C190819140510193C053B4
:10D4AC00805241920196C056805741970055C195C4
:10D4BC0081944054019CC05C805D419D005FC19F84
:10D4CC00819E405E005AC19A819B405B0199C05974
:10D4DC00805841980188C04880494189004BC18BD4
:10D4EC00818A404A004EC18E818F404F018DC04DC4
:10D4FC00804C418C0044C184818540450187C047E4
:10D50C00804641860182C042804341830041C181F3
:10D51C00818040400000000001020304454E2D4B69
:10D52C004F20436F6E74726F6C2053797374656DFA
:10D53C00730053544D3332205669727475616C20EC
:10D54C00436F6D506F72740043444320436F6E669B
:10D55C0069670043444320496E7465726661636574
:04D56C0000000000BB
:04D57000454E4B4F8A
:04D57400E940000882
:04D57800C1400008A6
:10D57C00E8030000E80300000100000000127A003C
:10D58C00010000000400000009074300020104C070
:10D59C0032090400000102020100052400100105FB
:10D5AC00240100010424020205240600010705825F
:10D5BC000308001009040100020A0000000705011D
:10D5CC0002400000070581024000000009024300F0
:10D5DC00020100C03209040000010202010005240E
:10D5EC000010010524010001042402020524060098
:10D5FC00010705820308001009040100020A00005B
:10D60C0000070501024000000705810240000000F0
:10D61C0009024300020100C03209040000010202A9
:10D62C00010005240010010524010001042402025C
:10D63C0005240600010705820308001009040100F7
:10D64C00020A000000070501020002000705810222
:10D65C00000200007FB6000839B600087DB500084E
:10D66C000000000099B4000831B50008FDB40008B2
:10D67C00000000000000000000000000D9B4000809
:10D68C00CDB40008E5B40008F1B400080A060002A5
:10D69C000000004001000000F1BF0008F9BF0008C5
:10D6AC00F5BF000829C000081A03000000000000A4
:10D6BC00000000000000000000000000000000005E
:10D6CC0000000000040309041201000202020040E1
:10D6DC008304405700020102030100006DC00008E2
:10D6EC0079C00008F1C000080DC10008A9C00008ED
:10D6FC0029C1000845C100088C030020000000006F
:10D70C00D41400203C150020A415002000000000BB
:10D71C0000000000000000000000000000000000FD
:10D72C0000000000000000000000000000000000ED
:10D73C0000000000000000000000000000000000DD
:08D74C000000000000000000D5
:04EFFC00454E4B4FE4
:020000042000DA
:1000000000000000000000000000000000000000F0
:1000100000000000000000000000000000000000E0
:1000200000000000000000000000000000000000D0
:1000300000000000000000000000000000000000C0
:1000400000000000000000000000000000000000B0
:1000500000000000000000000000000000000000A0
:100060000000000000000000000000000000000090
:100070000000000000000000000000000000000080
:100080000000000000000000000000000000000070
:100090000000000000000000000000000000000060
:1000A0000000000000000000000000000000000050
:1000B0000000000000000000000000000000000040
:0800C000000000000000000038
:0400000508008685E4
:00000001FF
