:020000040800F2
:1040000000400020AD8200089580000897800008DD
:1040100000000000000000000000000000000000A0
:10402000000000000000000000000000998000086F
:1040300000000000000000009B8000089D80000838
:10404000FD820008FD820008FD820008FD82000854
:10405000FD820008FD820008FD8200089F800008A4
:10406000FD820008FD820008FD820008FD82000834
:10407000FD820008FD820008FD820008FD82000824
:10408000FD820008FD820008FD820008A98000086A
:10409000B9800008FD820008FD820008FD8200084A
:1040A000FD820008FD820008FD820008FD820008F4
:1040B000FD820008FD820008C9800008D980000840
:1040C00010B5064C2378002B07D1054B002B02D0EE
:1040D000044800E000BF0123237010BDD00300207E
:1040E00000000000F4C20008044B10B5002B03D000
:1040F0000349044800E000BF10BDC04600000000B6
:10410000D4030020F4C200080023C25C0133002A5B
:10411000FBD1581E7047000002B47146490849009F
:10412000095649008E4402BC7047C04602B471462D
:1041300049084900095C49008E4402BC7047C046EA
:1041400003B47146490840004900095E49008E44A5
:1041500003BC7047002243088B4274D303098B428F
:104160005FD3030A8B4244D3030B8B4228D3030C47
:104170008B420DD3FF22090212BA030C8B4202D3E9
:104180001212090265D0030B8B4219D300E0090A11
:10419000C30B8B4201D3CB03C01A5241830B8B421A
:1041A00001D38B03C01A5241430B8B4201D34B0303
:1041B000C01A5241030B8B4201D30B03C01A524168
:1041C000C30A8B4201D3CB02C01A5241830A8B42ED
:1041D00001D38B02C01A5241430A8B4201D34B02D6
:1041E000C01A5241030A8B4201D30B02C01A52413A
:1041F000CDD2C3098B4201D3CB01C01A52418309EE
:104200008B4201D38B01C01A524143098B4201D327
:104210004B01C01A524103098B4201D30B01C01A52
:104220005241C3088B4201D3CB00C01A52418308CC
:104230008B4201D38B00C01A524143088B4201D3F9
:104240004B00C01A5241411A00D201465241104659
:104250007047FFE701B5002000F0F0F802BDC0464E
:104260000029F7D076E7704703460B437FD400223E
:1042700043088B4274D303098B425FD3030A8B42FA
:1042800044D3030B8B4228D3030C8B420DD3FF2264
:10429000090212BA030C8B4202D31212090265D032
:1042A000030B8B4219D300E0090AC30B8B4201D3E5
:1042B000CB03C01A5241830B8B4201D38B03C01A2C
:1042C0005241430B8B4201D34B03C01A5241030BA3
:1042D0008B4201D30B03C01A5241C30A8B4201D354
:1042E000CB02C01A5241830A8B4201D38B02C01AFF
:1042F0005241430A8B4201D34B02C01A5241030A76
:104300008B4201D30B02C01A5241CDD2C3098B425A
:1043100001D3CB01C01A524183098B4201D38B01D7
:10432000C01A524143098B4201D34B01C01A52417A
:1043300003098B4201D30B01C01A5241C3088B42BF
:1043400001D3CB00C01A524183088B4201D38B00AA
:10435000C01A524143088B4201D34B00C01A52414C
:10436000411A00D201465241104670475DE0CA0F23
:1043700000D04942031000D34042534000229C46E3
:1043800003098B422DD3030A8B4212D3FC228901ED
:1043900012BA030A8B420CD3890192118B4208D3C3
:1043A000890192118B4204D389013AD0921100E025
:1043B0008909C3098B4201D3CB01C01A5241830939
:1043C0008B4201D38B01C01A524143098B4201D366
:1043D0004B01C01A524103098B4201D30B01C01A91
:1043E0005241C3088B4201D3CB00C01A524183080B
:1043F0008B4201D38B00C01A5241D9D243088B4261
:1044000001D34B00C01A5241411A00D20146634603
:1044100052415B10104601D34042002B00D5494267
:10442000704763465B1000D3404201B5002000F0A6
:1044300005F802BD0029F8D016E770477047C0465E
:10444000D0400B00D1409C46203AD3401843524202
:104450006346934018437047F0B5DE4645465746DD
:104460004E46E0B587B0009201930B031B0B9B46B1
:10447000CA0F4B00040080465B0D029200D198E009
:104480007C4A934237D05946420FC9000A438021E3
:1044900009041143C2009046774A894692469A44DD
:1044A000002300240393009E019F3B031B0B9B46AC
:1044B0007B0030005B0DFD0F002B59D06D4A9342FD
:1044C00048D05946720FC9000A438021090411439C
:1044D0008B466949F2008C4651466344CB1A9A4692
:1044E0000021029E6E40F6B20F2C00D9CEE0634B45
:1044F000A4001B599F465A460243914600D090E0C3
:104500009A460223904608240393CCE7CB464246C2
:10451000029D0399022900D1DEE1032900D18DE03B
:10452000012900D079E12E000022002300249046CA
:104530001B052343F60733434046190007B0F0BC80
:10454000BB46B246A946A046F0BD002200249046D4
:10455000484BEDE75A46009B1A43494B9C46E244C0
:10456000002A59D102231C43002302219B46B8E7AD
:104570005A46009B1A4349D05B46002B00D19CE170
:10458000584600F0D1FD020003000B3A1D27009EA3
:10459000BA1A19005846D6400839884032000243FA
:1045A0009346009A8A40374953448A4600219A44E8
:1045B00097E75B460343994621D05B46002B00D129
:1045C00069E1584600F0B0FD0B235B429C460200B7
:1045D000844466461D239B1B260011005846DE407E
:1045E0000839884033000343994623008B4098469E
:1045F000254B00249B1A9A460023039353E700237C
:1046000098469A460133042403934CE701231C4344
:10461000002301219B4664E70323320003211C434E
:104620005FE79A460323D9460C2403933BE7002314
:104630008024984600260F4B240379E780245B46AC
:1046400024031C4324032E0090460A4B240B6FE7DF
:1046500080244B462403234202D05B462342F0D001
:1046600080244B4624031C432403029E014B240B4D
:104670005EE7C046FF07000001FCFFFF0CC3000817
:1046800001F8FFFFF30300000DFCFFFFCB4500D254
:10469000F8E000D1F3E001235B429C4644464846E3
:1046A0000025E2445B46170E1B021F43190C3B0416
:1046B000120200971F0C914602910397FFF7D0FD5D
:1046C00002007A430B04210C804619438A4209D91F
:1046D000009F0123BC465B4261449C46E0448F42FC
:1046E00000D85CE1881A0299FFF7BAFD039A240406
:1046F00042430904240C03000C43A24206D900994A
:10470000013B8C466444A14200D842E1A01A4246D3
:1047100012041A4393464B4659461B0C1F00049340
:104720000B0449460904090C0C001B0C5C43120CD9
:104730007B43884651437A43270CBC465B1863444D
:10474000994203D9802149028C466244190C240401
:104750001B04240C8A181C19904202D316D1A542BE
:1047600014D25B46009F013B4D4405934D459B4150
:10477000BC465B426344C018874200D302E18242D8
:1047800000D929E100D124E1059B9B462C1BA542C1
:10479000AD41009B801A6D42401B834200D10FE166
:1047A0000299FFF75DFD039A0B044243210C0500BB
:1047B00019438A4200D9CBE0881A0299FFF750FDCD
:1047C000039A240442430904240C03000C43A2422C
:1047D00000D9CAE04146A41A2A041A43049F1304CC
:1047E0001B0C594340467B439C46150C68430B0CFD
:1047F000844463447D43984203D980204002844628
:104800006544180C09041B04090C40195B18844208
:1048100027D323D0012335001A43944B5344002B54
:1048200060DD510700D086E02E00D1085A46D20143
:1048300006D55A468E4B1A4080239346DB005344DC
:104840008C4A934200DD80E65A4652070A4390465E
:104850005A465B055402240B5B0D69E63500002BBC
:10486000DBD0009D511EAC466444AC4200D29EE0B9
:10487000844200D2E1E000D1EEE00A00CAE74245FE
:1048800000D908E74B46DC07580843465B081C4341
:104890004346DD0706E700F047FC15239C468444A9
:1048A0000200634620321C2B00DC92E6230008380D
:1048B00083409946002398469AE600F035FC0200B2
:1048C0000300153220331C2A00DC5FE6009908380B
:1048D000814000228B4666E600222E00002490468E
:1048E000654B25E62E000121C91A382900DD1BE69B
:1048F0001F297EDC6148140050445B46824083409F
:10490000CC40501E824123431A435B46CB405107A3
:1049100009D00F211140042905D0111D9142924167
:1049200052429B180A00190200D49BE00022012386
:1049300000249046FCE50F211140042900D173E7C3
:10494000111D9142924152422E00C90893446DE7D5
:10495000009B013D9C4661448B4200D92CE78A4272
:1049600000D829E7851E614426E70099013B8C4663
:104970006444A14200D92DE7A24200D82AE7831E51
:10498000644427E7874200D0FEE6A94500D9FBE64C
:10499000F5E6A24200D8B9E6831E6444B6E68A4230
:1049A00000D89FE6BC46831E984661449AE60A00FA
:1049B000844200D02EE74B4500D02BE735002CE792
:1049C0002A4B2F4A5344924543DB01220021934452
:1049D0002CE7AC4200D8D7E602235B429C46009904
:1049E0004D444D459B41E3448C465B426344C018B3
:1049F000CCE61F204042C31A5846D840202904D094
:104A00005946204B534499400A43531E9A41072369
:104A10001900024300241140134209D00833134007
:104A2000042B1DD0131D934289411A0049424907A6
:104A3000D2080A43904600237AE54946009F4D007C
:104A40004D458941BC4649426144A946023A641831
:104A5000AEE70122524246E79945EED30A00AAE7A3
:104A60000021E5E759075B021C0BE1E7FF030000AB
:104A7000FFFFFFFEFE070000FF0700001E0400000E
:104A800002FCFFFF3E040000F0B557464E46DE46EE
:104A90004546E0B51F000B031B0B16009A46CA0FD4
:104AA0004B000400914685B05B0D00D1CFE1CD4AAB
:104AB000934255D05146420FC9000A438021090450
:104AC0001143C2009046C84A8A4693469B4400233D
:104AD000002502933C037B00FA0F0196240B5B0D2B
:104AE000009200D188E1BF4A934200D192E0BE4AD1
:104AF000944663449B440A2D42DCE400730F234335
:104B00008024494624041C43F3000193009B0020A9
:104B10005940CBB20393022D00DC94E00123AB405B
:104B20001D00A6232A00DB001A401D4200D029E206
:104B300090239B001D4200D14DE200238024994622
:104B40002403A84B10004A461B052343D2071343F6
:104B5000190005B0F0BCBB46B246A946A046F0BD60
:104B600052460243904600D0ACE19B460223924657
:104B700008250293AEE7009BA2469946019B984602
:104B8000029B022B00D1CAE1032B00D192E1012B41
:104B900010D1002300240022D4E701227B083A40F0
:104BA00013435246D2071343984653465B089A462E
:104BB000039B99465B46581C8023DB005B44002B1B
:104BC00000DCB1E1424652070BD00F2241460A40B9
:104BD000042A06D04246111D414592418846524260
:104BE00092445246D20106D55246804B1A40802349
:104BF0009246DB00C3187E4A934200DD8FE14246B5
:104C0000D108524652070A4351465B054C02240B19
:104C10005B0D97E7734B26439C46E344002E00D17F
:104C20006FE1032349461D43009B5940CBB20393D8
:104C30000A2D00DD33E10123AB401D000323029365
:104C400088222A4297D1424643461204120C16008B
:104C500001981D0C030C0004000C4643B4461E00D2
:104C60006E430096160007005E436146B0466F43F0
:104C70000E0CB8444644B74205D980214902884603
:104C8000009F4744009761460904090C370C36041D
:104C90008C463100614401911100260C2404240C3F
:104CA00061438C462100694389466146090C884668
:104CB00072434A4442447543914503D980214902D5
:104CC00088464544110C884661460904090C8C4607
:104CD00012046244B91802915146090C8C4651469F
:104CE0000F043F0C39004143454488466146414327
:104CF0008A4641466046090C894658437B435344E3
:104D00004B449A4503D98021490289464844190CED
:104D1000894641460904090C8846390061431B0451
:104D20004344884661464C4371438C464146774331
:104D30000E0C3F19F6194844B44203D980214902A8
:104D40008946CC440299009F894631044F448946E4
:104D50004146974292410C04240C4C44FF185242A5
:104D60006419A1189F429B41884682465B4299463E
:104D700090459241AC42A441C244D1445242644263
:104D8000144399459B41824592415B4252421343F1
:104D90004A46360CA419E31863445B02D20D1A4349
:104DA000019992467A020A43501E8241FF0D174331
:104DB0004A4652021743B846DB0100D5EDE60D4BDB
:104DC000039A5B449146002B00DCACE03A005207AA
:104DD00000D110E70F2258463A40042A00D0F9E6E5
:104DE00009E7C046FF07000001FCFFFFFFFFFFFED1
:104DF000FE070000FF030000220032436FD0002CAA
:104E000000D1C2E0200000F08FF9020003000B3A4D
:104E10001D20821A30001900D04008398C40020051
:104E2000224334008C405946CB1A86498B469B441A
:104E30000A2D00DDA4E64946009B01945940CBB2FF
:104E4000140000200393022D00DD67E6FBE65346C5
:104E5000034398463CD05346002B00D1A3E0504674
:104E600000F062F90B235B429C460200844411006F
:104E70005046083988401D23804660461B1A200092
:104E8000D8400300404603439A4623008B4098468F
:104E90006C4B00259B1A9B46002302931AE60F2DAC
:104EA00000D0C9E0802352461B031A4202D01C42A4
:104EB00000D192E08024534624031C43240342463D
:104EC000240B3EE69B46032380460C25029301E615
:104ED00000239A469B46013304250293FAE50121FB
:104EE0000D430A2D00DD4BE6494600984140C9B20A
:104EF0000391022D00DC96E00023002401200193A1
:104F00000CE649460223009A2B435140CAB2039251
:104F10000A2B00DD34E6002D57D1039B994600246F
:104F20000022494B0EE658460121C91A382900DDF6
:104F30002FE61F2956DD1F2254465242D31ADC4069
:104F4000202907D0414B42469C465346604483404B
:104F50001A43904642460721531E9A410B002243B2
:104F600013400024114209D00F231340042B5DD0BD
:104F7000111D91429B410A005B425B07D2081A4314
:104F80000023DFE5039B9946FAE5019800F0CCF891
:104F900002000300153220331C2A00DC38E7019A96
:104FA000083882403FE700F0BFF815239C46844450
:104FB0000200634620321C2B00DC58E70023984691
:104FC0002300083883409A4662E71D00002300242E
:104FD00002200193A2E5029032E61C43009B019A55
:104FE0009946AEE51A4B5246C31840469A40C8400F
:104FF0000243404698400300581E834154461A43DA
:10500000CC40530709D00F231340042B05D0131DA8
:10501000934292415242A4181A00230208D5012358
:10502000002400228EE5894600248BE50023A5E7B5
:1050300063076402240BA1E7009BA2469946019BEB
:10504000984637E70DFCFFFFFF0700003E04000015
:105050001E0400000B00020070B5164D0C0382B058
:105060004900002000920193240B490DDE0FA94254
:1050700004DD1148814203DD104BF01802B070BD11
:105080008020400320430E4C641A1F2C08DD0D4B7A
:105090005B1AD84003005842002EEFD11800EDE70C
:1050A000094B009A9C46030061448B40E240134345
:1050B000F1E7C046FE0300001D040000FFFFFF7F74
:1050C0003304000013040000EDFBFFFF70B500285F
:1050D00016D0C317C5185D40C40F280000F024F88F
:1050E000104B1B1A5B055B0D0A2814DC02002E0016
:1050F000153296400B22121AD5402D032D0B03E0DA
:1051000000240023002500261B052B43E40723432E
:105110003000190070BD0B3885402D0300262D0B83
:10512000F2E7C0461E0400001C2101231B04984224
:1051300001D3000C10391B0A984201D3000A083928
:105140001B09984201D30009043902A2105C4018DF
:105150007047C04604030202010101010000000083
:105160000000000010B50F4A2A21535E0E490C7C46
:105170000421E40709D51C24105F012802D119433A
:10518000518510BD8B435385FBE78B4353850C231F
:10519000C15E3323FA394B43D28B5B1253435B42DC
:1051A0004381EEE7E808002010040020014B187846
:1051B0007047C04600020020014B18707047C0467F
:1051C000000200209020042110B5C00504F04EF923
:1051D000094B1886094B1B78012B05D0042B03D0F3
:1051E0000122002B01D010BD002290200421C00517
:1051F00004F042F9F7E7C046E8080020000200206A
:1052000090330448FF339BB29842804184B04042BF
:1052100004B070476A07000070B5364B26215A5E0D
:10522000012A25D1002234491A820A6033490A60D2
:1052300033490A6030490A6801320A602F4A11680E
:105240000131116020225A861E3A9A860222805E1F
:1052500006229C5EF32262431212904205DD1A0080
:105260004E320020125E914201D301221A8270BD9B
:1052700010215A5E022A20D003DC002ADAD0012A4B
:1052800004D050225A864E3A9A86F0E71A490220F4
:105290000A68988601320A6019490A6801320A6070
:1052A000202159861549096849088A42DFD30A2412
:1052B000195F8A42DBD31882D9E70F480F4D104C93
:1052C00002682968266801328919026049008A4209
:1052D000CDD30C26995F8A42C9D312215A5E012A86
:1052E000C5D118215A5E002AC1D11A8202602A60F3
:1052F0002260BCE7E8080020740400207C04002041
:105300007804002070B501220D00040040211E48E1
:1053100004F0B2F8012210211B4804F0ADF801227C
:105320002021194804F0A8F8022D08D0402C1DD0E7
:1053300006D8202C25D0302C15D0102C0BD070BDC9
:10534000602C19D0702C09D0502CF8D100224021AB
:105350000D4804F091F80022102109E000224021BC
:10536000094804F089F80022102107E000222100FA
:10537000054804F081F8E2E700224021024804F0E9
:105380007BF800222021F3E700040048002343605B
:10539000037070470223002901DD4160013B037067
:1053A000704743680278002B04D1012A01D10233EF
:1053B00003707047012AFCD1013B4360F9E710B547
:1053C0000381002302AC2478C160C4740282837418
:1053D0004360037010BD10B5C37C0400002B0BD1DB
:1053E000C36800229A5E1021435E9A420DDB0023BF
:1053F000A374636023701AE0012BF8D1C368002204
:105400009A5E1021435E9A42F1DD2378002B03D18E
:1054100020002189FFF7BEFF2378012B02D1200055
:10542000FFF7BFFF2378022B01D1013BA37410BD0E
:10543000036810B51B880824025F9B1A0A24025FC8
:1054400053430C24025F1F24134142689B016243B3
:105450009B185A11DB121BB24260C3810B8010BD36
:10546000164B10B500229B5E154A164C0020105EAC
:10547000154A23812260C01AFFF728FE02000B00A4
:1054800000201249FEF7E8FF0022114BFFF7FCFA5B
:10549000FFF7E0FD0A230F4AA3810F4B60811A60DA
:1054A0000E4B0F4A1A600F4B0F4A1A600F4B104AEF
:1054B0001A60104B104A1A6010BDC046B8F7FF1FA3
:1054C000C2F7FF1F380400202406002000005440CB
:1054D0000000904020060020600400204C040020C2
:1054E00022060020240400201A06002010040020B8
:1054F0001C060020FC0300201E060020F8B5BE2379
:105500000F001500154E164C9B00984205DA00203E
:1055100001233070E280E385F8BD0A21FEF7A4FE86
:1055200003B21A004C3A92B2092A11D83278002AF2
:105530000ED10C48390058430B4BC018FEF794FEAF
:1055400083B2AB4202D8E0800120E5E7E580FBE7CB
:10555000012333700023E385F6E7C046F003002003
:10556000E8080020846DFFFF045C3600401A4243C7
:10557000174B921270B594B29C4226D800208442F8
:1055800017D03F23134D191A012913DC8000291865
:105590009B0002240C5F295AE8180226865FEB5A0A
:1055A00090B2081AA61B7043C91AFEF75DFE201AB6
:1055B00000B270BD19184910CEB28900695AA142D3
:1055C00001D33000DFE73300DDE70348F1E7C046F1
:1055D000F40F00004CC3000870FEFFFF70B504001C
:1055E00022482100FFF724FF2148A11CFFF720FFDC
:1055F0000222A35E0A2B01DC00236380211D1D48CB
:10560000FFF716FF1C4B1D491B6818881C4B4843AD
:105610001D88FEF79FFD431B50205843194B1988E6
:10562000491BFEF721FE184D1E302B68208118887B
:105630006A890823E95E80B2FFF798FF2100E080C5
:10564000124CE8810C312000FFF7F2FE22680123A2
:105650001188272904D912880D4B93429B415B4244
:105660000121227C8A431343237470BD600400200F
:105670004C040020FC03002038040020E40C00004F
:10568000B8F7FF1FC2F7FF1F2404002010040020FA
:10569000FA0F000000280DD000230370037303618C
:1056A000436143838383837703628384024B8360F4
:1056B000012303717047C04630750000002809D0EF
:1056C0000023421D83770362D3770370024B83600C
:1056D000012303717047C0463075000010B50028E3
:1056E00008D00A00531E9A41831DDA77002901D0A1
:1056F000FFF7E4FF10BD031E01D00533D87F7047CC
:10570000F7B504000D000220002C06D0002904D0BB
:10571000A31DDB7F002B01D10020FEBD524F201DB9
:105720003E6801363E60FFF73CFE2078631D019322
:10573000042800D97AE0FEF7F9FC03292F3A4C003F
:105740002379022B0DD1494A0023E95E0220135E22
:105750000A3B994210DB1423D35E002B0CD101339A
:105760002370019BDB7F002BD6D0404B1420185EAA
:1057700043425841C0B2D0E7002320003B60FFF70E
:105780009DFF3B4BA36001232371EAE72B88A38293
:105790006B88E3820223E3E7344B5A882283354A3D
:1057A0005A801E2323611D3B23730233D8E7200058
:1057B0000C30FFF7F6FD2F4A2C4B5A80227B022A31
:1057C000CFD12A8862836A88A283228B5A800423DD
:1057D000C6E71A23E55E284B9D423BDC1622A35EFA
:1057E00000931423E05E0A2300995843FEF73CFD22
:1057F000224B186019682800FEF736FD5F230A2146
:105800005843FEF731FD1E4A10601C21635E12688A
:10581000934204DC009A0E2A1CDC0E2B1ADCA37FB8
:105820000133DBB2A377012B03D12662002323705F
:10583000A7E7226A13480121B21A824201D9A1774F
:10584000F3E7092BF2D9631DD9770023A3772362ED
:105850003B60EBE70023621DA37723622000D37730
:105860003B60FFF72BFFE1E7EC030020E808002096
:10587000307500009C040000CE040000F8030020F6
:10588000F4030020407E05000321034A13688B4384
:10589000034313607047C04600000140044BDA68C0
:1058A000002902D00243DA6070478243FBE7C0461A
:1058B0000010024010B50C4B0C490D4A1868C85036
:1058C00004339342FAD101210800FFF7E7FF0320D8
:1058D000FFF7DAFF074B1B78012B04D1064B1B782F
:1058E000012B00D1C04610BD0040000800C0FF17CA
:1058F000C0400008FCEF000894D4000810B5054C27
:10590000200002F03BFF06222000034902F01EFEA9
:1059100010BDC0463C0B00201A060020002210B526
:10592000064B074C1A640821DA63200004F088FF54
:105930000C21200004F084FF10BDC046000400408C
:10594000380C002070B51B4804F0FEFC1A4804F027
:10595000FBFC1A4D02262800FFF718FD184C20000A
:10596000FFF714FDC82120004900FFF713FD154C77
:105970002000FFF70BFD2670134C2000FFF706FDFB
:1059800020001249FFF706FD2670114C2000FFF79A
:10599000FDFC20000A21FFF7FDFC28000A21FFF78B
:1059A000F9FC0C4C2000FFF7F1FC20000A49FFF73E
:1059B000F1FC70BDF00B0020380C00200406002024
:1059C000FC050020F4050020EC05002060EA000042
:1059D000E4050020DC050020002E93020021402079
:1059E00070B50E4C0E4DA1866086FFF78BFCC8206B
:1059F0000C4E40002E6002F0A5FC2E6001F0BAFAB9
:105A000001F0A8FD0223902023822021013BC00544
:105A1000E38503F02BFD044B187070BDE8080020EF
:105A200000300040AAAA00001406002010B5024869
:105A300001F0C2FD10BDC04628060020F8B5812641
:105A40000024B600134D144BEB5AA34208D801F0C2
:105A50006DFDFFF705FD01F037FD01F049FDF8BDD3
:105A600014226243AB599B181A68002A01D0D988C6
:105A700011805A7B012A09D1210008489F8800F033
:105A800081FF390002B2280001F086FE0134A4B281
:105A9000D8E7C046280600200E02000000F80008E3
:105AA000F0B5012487B0FFF7C9FF374D374E2A897B
:105AB000330064323649374812B20094FFF77FFC56
:105AC000962223003449354800949200FA27FFF7C4
:105AD00076FCAF22BF003B0031493248009492006F
:105AE000FFF76DFC330000222F4930480094FFF788
:105AF00066FC2B002E49583300229A5E2D48330055
:105B000000940591FFF75BFC2223EA5E05993300C0
:105B1000294800945635FFF752FC0023EA5E002521
:105B20003300059900952548FFF749FC3B002A0002
:105B3000234924480094FFF742FC3B002A002249F5
:105B400022480094FFF73BFC214B019502930095FE
:105B50000223192208211F4801F0B0F9C8231B01B4
:105B600064228221029301952B0000951A4801F0CE
:105B7000A5F91A4D2800FFF78DFD21002800FFF739
:105B8000ADFD07B0F0BDC046E8080020B80B00002E
:105B900054090020C805002058090020A005002055
:105BA00056090020B40500200C0600208C050020BA
:105BB0006009002078050020500500203C050020E9
:105BC0008C040020280500208A04002064050020A1
:105BD000B6030000F0040020B80400209004002068
:105BE000F0B5534B01202822995E524A947C0A005A
:105BF0008243002C01D002000A434F4902208C7CD2
:105C000011008143002C01D0010011434B4A0420B4
:105C1000947C0A008243002C01D002000A431C211C
:105C20005C5E4748002C64D04649897C002960D0DE
:105C30004549897C00295CD110310A431A85282204
:105C4000995E424A927C002A58D03F4A927C002AB0
:105C500054D120320A431A852822995E3C4A927C0C
:105C6000002A51D0384A927C002A4DD108320A438A
:105C70001A852A22995E0C22855E20269A5F95421B
:105C800048DD314A927C002A44D110320A435A85B9
:105C90002A22995E1A0054320C26855F0026925FF4
:105CA00095423DDA284A927C002A39D140320A4393
:105CB00028215D5E274980268F7C2900B143002F73
:105CC00001D0310029434025002C2ED01E4CA47C4D
:105CD000002C2AD0294319850621455EBE240220C6
:105CE0001100A4008143A54201DB01001143598545
:105CF000F0BD10218A431A85002CA0D120211A8DD5
:105D00008A431A85002CA7D108211A8D8A431A8547
:105D1000002CAED110215A8D8A435A85002CB7D160
:105D200040215A8D8A4312B2C2E7A943D3E7C04645
:105D3000E8080020A00500208C050020C8050020F0
:105D4000540900207805002064050020500500203B
:105D50003C0500202805002010B517490223CA5E23
:105D600005235343154A5B12134004D51022013B0F
:105D70005242134301331A1CDBB20A2B00D90A2208
:105D80000F48D3B29B001A5801321A500823CA5E3A
:105D90003323002053435A12834203DB6430824290
:105DA00000DC10B20A21FEF75FFA064A00B280005A
:105DB00083580133835010BD540900200F00008028
:105DC000980800204808002010B5A8B0684628228E
:105DD0007A4900F078FD7A4C009A5A21200012147A
:105DE00001F0DAFC009A5B21200012B201F0D4FC31
:105DF000019A5C212000121401F0CEFC019A5D2171
:105E0000200012B201F0C8FC029A5E212000121498
:105E100001F0C2FC029A5F21200012B201F0BCFC2A
:105E2000039A60212000121401F0B6FC039A61214C
:105E3000200012B201F0B0FC049A6221200012147A
:105E400001F0AAFC049A6321200012B201F0A4FC24
:105E5000059A64212000121401F09EFC059A652128
:105E6000200012B201F098FC069A6621200012145C
:105E700001F092FC069A6721200012B201F08CFC1E
:105E8000079A68212000121401F086FC079A692104
:105E9000200012B201F080FC089A6A21200012143E
:105EA00001F07AFC089A6B21200012B201F074FC18
:105EB000099A6C212000121401F06EFC099A6D21E0
:105EC000200012B201F068FC149A6E212000121416
:105ED00001F062FC149A6F21200012B201F05CFC08
:105EE000159A70212000121401F056FC159A7121A8
:105EF000200012B201F050FC169A722120001214F8
:105F000001F04AFC169A7321200012B201F044FC01
:105F1000179A74212000121401F03EFC179A752183
:105F2000200012B201F038FC189A762120001214D9
:105F300001F032FC189A7721200012B201F02CFCFB
:105F4000199A78212000121401F026FC199A79215F
:105F5000200012B201F020FC1A9A7A2120001214BB
:105F600001F01AFC1A9A7B21200012B201F014FCF5
:105F70001B9A7C212000121401F00EFC1B9A7D213B
:105F8000200012B201F008FC1C9A7E21200012149D
:105F900001F002FC1C9A7F21200012B201F0FCFBF0
:105FA0001D9A80212000121401F0F6FB1D9A812118
:105FB000200012B201F0F0FB28B010BD00F0000884
:105FC00028060020274B1422995E002914D00022B5
:105FD000012943D19A8600215A5EE121C9008A42F3
:105FE00002DB30225A867047C821C9008A4201DC90
:105FF0001022F7E76022F5E716215A5E002AF2D157
:106000001020195E0229EED19A863C215A5EE121C8
:10601000C9008A420BDB30225A86134A0020125EE6
:106020008A42E0DBDF215A8D0A405A85DBE70F49BF
:106030005218C82192B249008A4209D21022C821BE
:106040005A86094AC9000020125E8A42CBDCE9E781
:106050006022598D5A86403A0A43E6E750219A86D3
:106060005986C0E7E8080020540900204FFBFFFFD5
:1060700010B5FFF743FCFFF7D9FCFFF711FDFFF761
:106080004DFCFFF75FFCFFF7A9FC054800F014FD8D
:106090008021902000220902C00503F0EDF910BD17
:1060A0007C0B002010B52848FFF795F92748FFF72B
:1060B00092F92748FFF78FF92648FFF78CF9264811
:1060C000FFF789F92548FFF786F92548FFF783F997
:1060D0002448FFF780F92448FFF77DF92348FFF7AC
:1060E00060F92348FFF75DF92248FFF75AF9224883
:1060F000FFF757F92148FFF754F92148FFF751F905
:10610000204801F0B3FC00F0F9FC1F4B80212E2247
:106110009B5E0022012B0AD190200902C00503F0EA
:10612000ABF980211948890103F0ACF910BD17487B
:10613000890103F0A1F98021902001220902C00504
:1061400003F09AF9F2E7C046C8050020B405002024
:10615000A00500208C0500207805002050050020B7
:106160003C0500202805002064050020F4050020DF
:10617000EC05002004060020E4050020FC050020BA
:10618000DC05002028060020E80800200008004860
:1061900070470000F7B5244B019014215A5E00248B
:1061A000012A3DD0214A04341278002A38D1204AED
:1061B000013C1278002A33D102000027D75F022168
:1061C000425E5F2000923C229E5E642170433E2529
:1061D0005D5FFEF749F800B287420BDB692064215E
:1061E0007043FEF741F800B2874203DC009B013C9C
:1061F000AB4215DB0224B74212DA5F206421684308
:10620000FEF732F8009B00B2834209DB692064216B
:106210006843FEF729F8009B00B2834200DC013C92
:10622000019BDC81F7BDC046E80800200E06002077
:106230000F060020F0B5CC4BCC4ACD4F85B03800CE
:106240001A60FFF7CBF9FFF7CBFCFFF7BBFEC94B9A
:10625000C94A0093927C9B7C1343C84A927C1343A7
:10626000C74A927C134322D1C64AC74B927C9B7C7F
:10627000002A06D0C54A1C21525E002A01D0002BFC
:1062800015D0C34A927C002A06D0C04A1C21525E17
:10629000002A01D0002B0AD0BE4A927C002A00D1ED
:1062A0004CE1BA4B1C229B5E002B00D149E1FEF76A
:1062B0007DFF032802D00420FEF77EFFFEF782FF59
:1062C000B5480378022B00D0C5E00A21FFF762F839
:1062D0000223F95EAD4B0E201A5E4A4392120292DF
:1062E000029A322A01DD32220292029A002A01DA4F
:1062F000002202921A005A320020125E4A43921281
:106300000392039A142A01DD14220392039A002AAD
:1063100001DA00220392DA880192A04A9446002210
:10632000604602709E48027014255A5F012A00D010
:1063300060E11826985F1D88012800D00DE10298C1
:10634000039E281880191A269D5F6943C911401AB7
:1063500058808E4D28216B5E8E49897C002900D1A2
:10636000A9E1002A00D0A6E1874A927C002A00D049
:10637000A1E11C216A5E002A00D19CE12A00523270
:1063800012886A802022134386482B850378022BCB
:106390001ED18549FEF7FEFF1422AB5E002B00D014
:1063A0008CE13C23E95E3E23EA5E0623F85E92B26E
:1063B00089B2FFF7A3F800B27C4B6887002800D1B0
:1063C00081E12E216A5E002A00D07CE101321A8030
:1063D000774D39002800FFF793F92800FFF78BF974
:1063E000744BF988188078883B8800041843BB8870
:1063F0007A89090419433B8912041A43FB89BD8930
:106400001B042B43FEF7FCFE6B4B6C4D18800223E4
:10641000FA5E2800019900F06CFD5C4C2C22A35E12
:10642000002B02D12A6B664BDA63664D0023FA5EBD
:106430000223E15E280000F05CFD2C22A35E002B0D
:1064400002D12A6B5E4B1A643800FFF7A3FE039A51
:1064500063889B1A23875C485C4A03780192022B6D
:1064600019D10A21FEF796FF594B00217A5E3E2191
:106470005B5E464E574D584C9A4200DC59E19020E5
:106480002021C00502F0F2FF2B78834200D11CE1ED
:10649000002328702380019B1B78022B28D14249BE
:1064A0000198FEF777FF394C1422A35E002B09D127
:1064B0003800FEF7B1FE1422A35E002B02D1380093
:1064C000FEF750FE0822BB5E2421625E9A4209DA82
:1064D000A3848523414814219B00C55801F046F947
:1064E0003989A847FFF738FCFFF76EFC0023E384E7
:1064F0003B480478022C00D090E1C8214900FEF707
:1065000049FF1F4B9A7C214B002A00D11EE14022FB
:106510009C865A863422995E009A324C907C324D89
:10652000324A002900D061E1002800D060E12080DB
:1065300010702880588E0021C0B26DE1002B00D071
:10654000AFE62B4B9C7C002C00D0B0E6FEF72EFE75
:10655000032800D1B2E62000AEE6029803992D1878
:106560006D185D80F5E6C04600300040AAAA000024
:1065700054090020A0050020B40500208C0500204F
:10658000C80500205005002064050020E808002010
:106590003C05002078050020E40500200F060020BF
:1065A0000E060020EC05002060EA00000C0600202A
:1065B000900400208C0400208A040020B8040020ED
:1065C00000040040F004002004060020F405002030
:1065D000EA080020120600201006002028060020ED
:1065E000FC050020180600201606002015060020D5
:1065F00028050020002A00D0ABE618269D5F012D5B
:106600001ED11A25585F41431025585FC91189B220
:10661000022813D19B8F5B1A9BB2029D7989039844
:10662000491909185B1892491BB208004B805C306D
:106630000024005F834236DD48808AE61B89EAE752
:10664000002D17D110269D5F022D0BD03A25595FE2
:10665000002903D119004C310988019101211B89BE
:106660000170DAE7834D84482E78002E04D1012191
:10667000297002609B8FD0E71E1D3E24365F8E423C
:1066800001DA2A70F5E7016801310160981D3E25A5
:10669000455F7A4868438142ECD30121604602336A
:1066A0000170DB8FB9E708005E300024005F834291
:1066B00000DB4EE6C0E72022934365E60023E95E57
:1066C0000423EA5E71E6002281E62388312B03D899
:1066D000238801339BB223802388312B00D8DAE64C
:1066E000674A11782B78994200D1D4E62B78654916
:1066F000DBB2137010780B78984216D01378002B09
:1067000005D133004A3300201B5E002B08D01378DC
:10671000012B0AD133004A3300201B5E012B04D128
:1067200001230198F384DB1803701378DBB20B703C
:10673000B1E690200023524A2021C00513702B702F
:10674000238002F093FE4F4B1870A4E64E4A927CD1
:10675000002A04D040225A863D3A9A86DAE64B4A0D
:10676000927C002A07D01C20195E002903D0402209
:106770005A863C3AF1E74649897C002903D04022F9
:106780005A863B3AE9E74349897C002909D01C2015
:10679000195E002905D0002A03D140325A863A3AC0
:1067A000DBE73D49897C002909D01C20195E0029BE
:1067B00005D0002A03D140325A86393ACDE737490D
:1067C000897C002909D01C20195E002905D0002AE7
:1067D00003D140325A86383ABFE7314A927C002AC8
:1067E00000D197E640225A86373AB6E7002829D0EA
:1067F0000020402120802B4C598621881578D8858F
:10680000042919D82080854201D0107092E6012118
:1068100011700221588EC0B2FEF774FD009B224910
:106820009B7C0A789A4204D0002B02D10120104AA6
:10683000D0850B7005B0F0BD013121801278002A9F
:10684000E7D177E62880258849008D4203DA16785B
:10685000002E07D0107005318D4205DD002121800A
:10686000117067E60120F5E701352580E6E7C046AF
:10687000E80800208804002084040020701700002D
:1068800013060020140600202805002064050020BF
:106890008C05002078050020500500203C050020D4
:1068A000B405002016060020800400200B0010B55F
:1068B0005C1AA24200D810BD1C7804705C780233C8
:1068C00044700230F4E710B592005218401A914219
:1068D00000D110BD431810C91C60F8E713B50400BF
:1068E00002F096FB002811D18022E4021205A418C0
:1068F0000122074B0190186001A918005C609A60A2
:1069000002F038FC002801D102F096FB16BDC0460B
:10691000640900200B68F7B506000F001400012081
:1069200001330DD102F074FB03231C4201D09C43C0
:1069300004343500AB1B9C4203D802F07DFB0020E1
:10694000FEBD002301932B78019A64201343019329
:106950006B78019A1B0213430193AB78019A1B04D5
:1069600013430193EB78019A1B061343019302F042
:106970006DFBB91B491900230220019A02F090FB1C
:106980000435D7E74900085A70470000F0B593B0C6
:1069900016006A465C00E31DDB08DB00D31A00AF7B
:1069A0009D462200684679601149FFF77FFF082362
:1069B0006D46F81840220F49FFF778FF1F20FFF7B8
:1069C0008DFF7B68310A5B005A1CA954F2B2EA546D
:1069D000684622000649FFF79DFF0823402205492B
:1069E000F818FFF797FF0020BD4613B0F0BDC04672
:1069F00000F8000800FF0008F7B554006A46E31DE0
:106A0000DB08DB00D31A00AF9D460E000B4D2200C1
:106A1000290078606846FFF749FF1F20FFF75EFFF7
:106A2000290022006846FFF775FF320078680449A4
:106A3000FFF770FFBD460020FEBDC04600F800080D
:106A400000FF0008F0B593B055006A46EB1DDB0867
:106A5000DB00D31A00AF9D462A00684679601449CE
:106A6000FFF724FF082340221249F8186E46FFF76B
:106A70001DFF0024AC4211D11F20FFF72FFF220081
:106A800030000B49FFF746FF082340220949F81858
:106A9000FFF740FF0020BD4613B0F0BD7B68611CCE
:106AA0001B5F1A12D2B2DBB2725433550234E1E7E3
:106AB00000F8000800FF000870B50E4C050001004A
:106AC000200000F003F90023032220000A4900F00F
:106AD000AEF90021200000F0DEF9012364342278B1
:106AE00028001343237001F09AFF2800032102F0CD
:106AF000A6F870BD700900204CC4000810B502480B
:106B000000F01BF910BDC04670090020022310B52B
:106B1000044A054811780B430021137000F06FF907
:106B200010BDC046D409002070090020012310B513
:106B3000034A044811780B43137000F0D7F810BDD6
:106B4000D409002070090020094B0A499A89131CB6
:106B500012B28A4200DA0B1C1AB2032353435B11B0
:106B60002833037100234371C38083607047C0469C
:106B70005409002070FEFFFF064B02229A5E332369
:106B80005343C8221B12D2009B1883800023C3806A
:106B90008360704754090020002110B5084C017132
:106BA0000223E25E0523183253435B144371002332
:106BB000E25E0D2353439B11C380816010BDC0462C
:106BC00054090020F7B5009308AB15001A7809ABFB
:106BD0001F78831CDB8F04000120032B25D8072698
:106BE0003540AC461801035D2518B3430193009B63
:106BF0006B80D30000936346019A1A431300009AF6
:106C00003340134303550B9B6F70EB6002290DD08B
:106C1000032920D0012915D00234E38F01339BB220
:106C2000032B00D900230020E387FEBD0430082297
:106C3000FF21201805F00EFB0B9B002BECD0280049
:106C40009847E9E7002304350A9AD25CEA540133F5
:106C5000082BF9D1E0E7002304350A9AD25CEA5404
:106C60000133082BF9D1D7E710B5811C041DE38F40
:106C7000C98F02000020994207D0591C89B203290C
:106C800000D901001B01E187D01810BD1FB5069C7B
:106C9000009303940024130002940A00019402213B
:106CA000DC30FFF78FFF1FBD30B585B00A9D08AC03
:106CB00024780395099D00930295130001940A001E
:106CC00098300121FFF77EFF05B030BD02000023A0
:106CD00068320160043A9380138093700422026545
:106CE0009218436582655C300370704770B505008B
:106CF000012664352B78040033421DD0DC30FFF7C9
:106D0000B3FF021E18D02B780432B3432B700378E4
:106D1000DB08A365037841885B070902DB080B43A6
:106D200021006531097820680B43E36421002300CA
:106D30004831603301F09FFE70BDF7B507000500D4
:106D40000400002668373B88743501333B80AB79FB
:106D5000022B16D12988002913D03888FDF780FA34
:106D600089B200290DD10C237343E318703399794C
:106D7000A868CB06AA88DB0E009049092000FFF71F
:106D800085FF01360C35032EE1D12000FFF7AEFF61
:106D9000F7BDF0B50600020004006A3633002C325D
:106DA0000021006885B001F0C3FE23000025206BA0
:106DB0007833020A070C92B2FFB29978012912D1F6
:106DC0001988914216D10C277D436519E36BED6F4D
:106DD000810EC0B20090DBB2200002950196FFF751
:106DE00063FF05B0F0BD032904D11988090A794071
:106DF0000F29E8D901350C33032DDED1F1E770B549
:106E00000500022664352B780400334204D0FFF7D6
:106E1000C0FF2B78B3432B7020009830FFF724FF7E
:106E2000002803D0C368002B00D0984770BDF0B590
:106E300085B003920C220190944600201F270291F6
:106E4000039A904201D305B0F0BD614665464143C7
:106E5000029A5118C2186A43019D8C68AA18D46717
:106E6000140016008D88783425808D797036A570D1
:106E70008D78B4793D40BC432C43B4718D78E4B235
:106E80006D096D013C402C43B471098874320130A6
:106E90001180C0B2D4E70023012210B583614360A2
:106EA0008360C3600361C36143610E330262426267
:106EB0008362011D006801F03FFD10BD70B5838045
:106EC00000234280012204AC0026A65F059D069C9B
:106ED0000180C680056185608361C361036243628E
:106EE0008362C3624461C4603430037893430370A7
:106EF00070BDF7B5C7698D1A040081610762C5616D
:106F00000023C05E64216843FDF7AEF90190606222
:106F10000223E05E64216843FDF7A6F9A66A042215
:106F2000A35E8619E81B58436421A662FDF79CF90D
:106F3000E3680200E0629E4216DD0120A3622100A8
:106F4000012534310B78AB4303430B70A06A019BDE
:106F5000181863698018984200DD18002369984268
:106F600000DA18002063F7BDA36800209E42E6DA2D
:106F7000E3E7000010B51E4914228B5E002B17D1E9
:106F80003C228B5E3E200A5EC820C000834214DC97
:106F9000FA204000824226DDF63AFF3A93B283425D
:106FA0009B410A2213409622D2009B18CB8610BD2B
:106FB00000228B5E04200A5EE6E7AF240D48E40061
:106FC0001B1898B20023A042F0D2F533FF339A4247
:106FD0000BDDF63AFF3A92B29A429B410A221340E5
:106FE00096221201E1E7044BE0E7044BDEE7C046DE
:106FF000E8080020BFF9FFFFB504000065090000A4
:10700000002210B50D4B9A850022995E04201A5E6D
:107010004A430B498A4202DDFA2252009A80094C07
:107020002C21200000F0A2FB074B01000022E35AB4
:107030000648FFF7ABFCFFF79DFF10BDE8080020F6
:10704000A0BB0D00280600200E02000000F800087A
:10705000962210B5124B92000420195E914200DD79
:107060009A8000229A8504215A5E0020195E0D48FC
:107070005143814202DD9621C90019800A4C0B4917
:1070800020000A822C21DA8000F070FB084B0100FE
:107090000022E35A0748FFF779FCFFF76BFF10BDAA
:1070A000E8080020A0BB0D0028060020B405002041
:1070B0000E02000000F80008002210B50F4B9A8560
:1070C0003C22995E3E201A5E4A430D498A4202DD07
:1070D000FA225200DA870B4C1B890B4A64332C21AD
:1070E0002000138200F042FB084B01000022E35A0B
:1070F0000748FFF74BFCFFF73DFF10BDE8080020F5
:10710000A0BB0D0028060020C80500200E020000CC
:1071100000F80008962210B5124B92003E20195E2E
:10712000914200DDDA8700229A853E215A5E3C209A
:10713000195E0D485143814202DD9621C9009987AD
:107140000A4C0B4920000A822C21DA8000F00EFB49
:10715000084B01000022E35A0748FFF717FCFFF72E
:1071600009FF10BDE8080020A0BB0D002806002084
:10717000B40500200E02000000F8000870B50125DB
:10718000074C084B2C2120009D8500F0EFFA064BA0
:1071900001002A00E35A0548FFF7F8FB70BDC0461E
:1071A00028060020E80800200E02000000F8000871
:1071B00010B5FFF7E3FF10BD10B501F08FFE10BD55
:1071C0000E4B0F491A895218962192B249008A42F1
:1071D00002D99622D2001A8108215A5E3E20195EF9
:1071E00008485143814202DDFA214900D987064906
:1071F00064320A8200229A857047C046E80800205F
:1072000050FBFFFFA0BB0D00C805002010B5084BC8
:1072100030229A5E002A08D190200421C00502F095
:107220002BF90320FDF7C8FF01E0012AF4D010BDBF
:10723000E808002010B50548FEF7A8F8044B002127
:10724000588EC0B2FEF75EF810BDC046FC050020A7
:10725000E8080020C82110B502484900FEF79AF856
:1072600010BDC046FC05002070B50C4D0C4C322101
:107270002800267800F0B0FA03000A48760083530D
:1072800023780133DBB22370202B06D1064B40213B
:10729000EA5AFFF7B1FB0023237070BD28060020D7
:1072A000D00A0020900A00200E02000070B5144B96
:1072B000144DEC5A200004F011FF011E0FD0124BA8
:1072C00000221A269E5F81239B00E85893B29C42BD
:1072D00006D822000D48FFF7B5FB01F0FFFD70BD99
:1072E000383B112B09D8022E07D1036800255B5FBC
:1072F00055004B5301321430E8E70625435FF7E7AA
:107300000E02000028060020DA0A002000F800081B
:1073100070B5104C104D2000290000F05DFA0600F9
:1073200000220E49200000F037FA00F02BF90C4B38
:10733000B6B20020185E801B43425841842680006C
:10734000B600A05500F036F92900A25D200000F03B
:1073500023FA70BD28060020D5260000D62600009E
:10736000D80A002070B5164C1649200000F034FAF7
:10737000050000221449200000F00EFA00F002F986
:10738000124BADB200229A5E032395420CD0104BF3
:1073900000229A5E0223954206D00E4B00229B5E8D
:1073A0005B1B5A425341DBB28425AD00635500F0AC
:1073B00001F9625D2000034900F0EEF970BDC0469E
:1073C00028060020D6260000D5260000D60A002078
:1073D000D40A0020D20A0020F7B5224C224920000E
:1073E00000F0FAF921490500200000F0F5F92049E4
:1073F0000190200000F0F0F91E490600200000F086
:10740000EBF91D493618200000F0E6F975401949DE
:107410000600200000F0E0F91849070020002DB216
:1074200000F0DAF9A84218D12000154900F0D4F98B
:10743000019BF61973401EB2B0420ED18423042280
:107440009B000E49E2542000002200F0A5F9002222
:1074500020000B4900F0A0F9F7BD842300229B0017
:10746000E254F9E728060020F1260000F226000089
:10747000022700000427000003270000EF26000079
:10748000F026000010B500F065F810BD024A034B6D
:1074900012881A827047C0464009002078050020F3
:1074A000024A034B528C1A827047C046E8080020FB
:1074B00050050020024A034B12881A827047C046CA
:1074C0003E0900203C0500200649074A0988074B71
:1074D0001180190062310988643351801B889380C0
:1074E0007047C04648090020F0040020E80800204A
:1074F0000649074A0988074B118019006831098835
:107500006A3351801B8893807047C0464E09002023
:10751000B8040020E808002010B50A000100B023DC
:107520000148FFF733FA10BD00F8000810B5064B0C
:10753000064A3E215B5E934204D00122044B5A83EB
:10754000FFF7B4FE10BDC046F0080020BE070000E3
:10755000DA0A0020064B074A198811805988064A22
:1075600011809988054A1180DB88054A138070478D
:10757000DA0A0020D80A0020D60A0020D40A002007
:10758000D20A0020064A074B12881A80064A12883F
:107590005A80064A12889A80054A1288DA80704713
:1075A000D80A0020DA0A0020D60A0020D40A0020D7
:1075B000D20A0020704700001FB5074A074B02920D
:1075C000074A0192B0220092AF3A110000F00AF887
:1075D000FFF7C0FF05B000BD1027000070C4000811
:1075E00019750008F0B585B000930AAB040018883F
:1075F0000CAB1D88012A47D180235B006270638039
:10760000009A0533FF332170E25083220023920059
:10761000A3543D4A0B99A0520232A3540432A15004
:107620000432A3500432A55214224243009FD219BF
:1076300003923A0003998A4228D101339BB2029304
:10764000DB001800019304F049FD82239B00E05009
:1076500000230600050002001900029883421ED391
:107660003F20039B9F4220D1019BF3180193019B74
:107670009D4228D1002314213F20234AA25A9A4236
:1076800032D8002273681A8005B0F0BD918889094C
:10769000081C994200D2181C83B21432CAE7013385
:1076A000518011809BB20832D7E7BA889309DB007A
:1076B000F31859880240013159801988914200D24B
:1076C0001A801437CDE76B88002B0BD02F887F00F2
:1076D000380004F003FD3A000C49686004F0BAFD7C
:1076E0000835C4E76B60FBE70A005A43009DAA18FF
:1076F00092889509ED0075196D6802405200535348
:1077000001339BB2B9E7C0460E020000FFFF000044
:10771000F0B500244F782500220023002600012F19
:1077200008D1CA880B8952BA5BBA0C794D794E8957
:1077300092B29BB24570C680047042808380F0BDD7
:10774000030030B54118074C07488B4200D130BDCB
:107750001A78050A4240D2B25200105B01336840E9
:10776000F3E7C04644D20008FFFF000082239B00DD
:10777000C3588A09D2009B185A68002A07D03F20B4
:107780001B8801408B4202D34900885A7047014848
:10779000FCE7C046FFFF000070B514000500FFF7CE
:1077A000E5FF0C4A03000120934212D014225A43F1
:1077B00081239B00EB589B1808215A5EA24208DBEC
:1077C0000A215A5EA24204DC1B68002B01D0002073
:1077D0001C8070BDFFFF000070B504000D00FFF7B6
:1077E000C5FF154B984225D081239B00E258F13B01
:1077F000FF3B43439A580120002A0DD00F4BE81855
:1078000003280DD884239B00E35CFCF78FFC020661
:107810000C100020032B03D870BD0020022BFBD9D5
:107820000023D05EF8E70020012BF9D8F4E7181EFA
:10783000F6D1F1E70248EFE7FFFF000029D9FFFF8B
:10784000FF7F00008323F0B59B00C25C040087B07B
:10785000002A4ED00022C254754B0100C25204A827
:10786000FFF756FF04AB5E785B88009304AB9B8800
:1078700002932378019304AB1F78019B9F4217D09A
:10788000112E36D12500FF356B710223EB71019B60
:10789000601D2B72FF23AE716B720521FF30FFF765
:1078A0004FFF030AAB72E8720725280007B0F0BD4E
:1078B0006188201D0239FFF743FF04ABDB88834258
:1078C00017D120000099FFF751FF86239B00E0525B
:1078D000062E4ED0102E0CD02500FF35032E0AD0D8
:1078E0000123803E601D03216F71AE71EB71FF308B
:1078F00072E00025D9E7029A009B6F719B188022E5
:10790000520293420DDB83233100AB71601D813B3A
:10791000EB71FF30FFF714FF030A2B726872052525
:10792000C3E7AE710026029B5B00EB71029B750002
:10793000ADB29E420ED1EE1CB6B2601D3100FF30DA
:10794000FFF7FEFEA619FF360535030AADB2B37187
:107950007071AAE7009B2000F11889B2FFF73CFF85
:10796000651983B2FF351B0A01362B726872B6B2F5
:10797000DCE720000099FFF7F9FE2500621D2D4B82
:10798000FF320600FF35039298420DD01423434383
:10799000029381239B00E758029BFF1884239B00DE
:1079A000E25C3B7B9A4208D2019B03216B718623E8
:1079B000AB71853B0398EB71ACE7228920000099FD
:1079C000D2BAFFF7E9FE00280CD0237803216B71AF
:1079D00086230398AB71E971FFF7B2FE030A6B725D
:1079E00028729CE77B7B002B06D03B68300019880F
:1079F00085239B00E358984706212378A9716B7172
:107A00002500E388FE352B812389601D6B81FF30C3
:107A1000FFF796FE8123A8819B00E358029A9B18EA
:107A20001B69002B01D108253FE79847FBE7C046BB
:107A30001A020000FFFF0000F8B58327BF00040012
:107A40001E00C35D0020150083420ED11800FF2ADE
:107A50000BD8201D04F044FC012365802000E35571
:107A6000FFF7F0FE3080601DFF30F8BD87239B00DC
:107A7000C15A00290BD0064A835A01339BB2835264
:107A8000994204D8842100238900435483527047CB
:107A90001A02000030B585B00C22002101A804F0C4
:107AA000D9FB08222E4C2F4B626180225204A26126
:107AB000C022E2618022002523600123D2002262DD
:107AC0002000621D6560A560E5602361D377A56233
:107AD00000F09AFCA84201D000F072FA80235B010A
:107AE00002930623200001A90195039300F0C6FD2F
:107AF000002801D000F064FA0123200001A90193BD
:107B000000F0BCFD002801D000F05AFA0323200049
:107B100001A9019300F0B2FD002801D000F050FA55
:107B20000423200001A9019300F0A8FD002801D042
:107B300000F046FA0723200001A9019300F09EFD02
:107B4000002801D000F03CFA1023200001A9019385
:107B500000F094FD002801D000F032FA05B030BDED
:107B60003C0B00200024014030B5050089B01422F0
:107B7000002103A804F06EFB1E4B2A689A4236D1FE
:107B800080211D4B89009A6990200A439A619A6965
:107B9000C0050A4080210192019A5A6989020A436C
:107BA0005A615B690B400293029B9B2303A90393D9
:107BB000983B049301F028FB104C114B20002360EC
:107BC00000236360A3608033E360803323618023FC
:107BD000DB0063612023A36180239B01E36101F04B
:107BE0008BF9002801D000F0EBF92C63656209B035
:107BF00030BDC0460024014000100240F80A0020B9
:107C0000080002400D480E4BC02210B503600C2343
:107C1000120302618022436080235203DB0542612C
:107C20008022836000235204C3608261838300F05A
:107C3000FDFD002801D000F0C3F910BD7C0B002031
:107C40000064004010B5040088B01422002103A88D
:107C500004F000FB164B22689A4227D18021154B75
:107C60008904DA6914480A43DA61DA690A40802132
:107C70000192019A5A69C9020A435A615B690B4031
:107C80000293029BC0239B000393022304930133BE
:107C9000069303A90133079301F0B6FA00221E20D0
:107CA000110001F0E5F81E2001F00CF908B010BD3C
:107CB0000064004000100240000400480121054B10
:107CC00082B05A690A435A615B690B400193019B78
:107CD00002B0704700100240F0B58BB014220021B2
:107CE00005A804F0B7FA80214D4B09035A69802496
:107CF0000A435A615A6990250A4080210192019AEB
:107D00005A69C9030A435A615A69A4010A40802189
:107D10000292029A5A6989020A435A615A69ED0528
:107D20000A4080210392039A5A69C9020A435A61A0
:107D30005B6900220B40049321003A48049B01F048
:107D40009BFB28000022384901F096FB002270219D
:107D5000364801F091FB012702230594002405A970
:107D6000304807930697089401F04EFAC023032683
:107D70001B0205A92B4805930696079401F044FAC7
:107D800005A92B4805960696079401F03DFA0423B1
:107D9000280005A9059306970794089401F034FA82
:107DA00020230593C42328009B0305A90693079469
:107DB00001F02AFAE8232800DB0005A905930696BE
:107DC000079401F021FA1B4B05A918480593069664
:107DD000079401F019FA802328001B0205A90593D6
:107DE00006970797089401F00FFA082305A90F4892
:107DF00005930694079401F007FA702305A90B4830
:107E0000059306970794089401F0FEF922000221D9
:107E1000072001F02DF8072001F054F80BB0F0BD59
:107E200000100240000800480480000000040048E0
:107E30000014004884FC000070470000F0B587B0D3
:107E400006001422002101A804F004FA8021C025B4
:107E50009024134B89025A696D010A435A615B6988
:107E6000E4050B402000290000930027009B01F04F
:107E700089FA0123200001A9029301950397049731
:107E800001F0C2F93A002900200001F0F5FA3000B3
:107E900000F058FA2900200001F074FA07B0F0BD94
:107EA000001002400123264910B50A689A431A437C
:107EB0000A600A681A42FCD0224C626B1343636367
:107EC0000223626B1A42FCD0F823626B9A43783B20
:107ED000134363638023626B5B02134363638023FA
:107EE0009B02626B1A42FCD00123626A13436362F5
:107EF0000223626A1A42FCD0F022636893436360F3
:107F00006368114A1340032263606368134363602C
:107F10000932636813400C2BFBD10C4803F046F97F
:107F2000032000F067F8002801D072B6FEE70422B3
:107F3000636B93436363236B7C329343236310BD72
:107F40000020024000100240FFF8FFFF006CDC023E
:107F500010B5FDF7AFFC00F0D3F9FFF7A3FFFA204F
:107F6000800000F0EFF96420FFF768FFFFF7B4FE30
:107F7000FFF7A4FEFFF78EFD03F09EFE00F0D6F89B
:107F800000F046F9FFF758FFFFF73CFEFEF770F8E8
:107F9000FEF750F9FCE700000368074A10B593426A
:107FA00002D100F0BDF910BD044A12689342FAD123
:107FB000FEF778F8F7E7C04600400140F00B0020DC
:107FC00072B6FEE701210A4B82B09A690A439A61B0
:107FD0009A690A4080210092009ADA6949050A43A9
:107FE000DA61DB690B400193019B02B07047C04628
:107FF00000100240802170B5204B49029A6986B07A
:108000000A439A619B6905000B400193694602A8E7
:10801000019B02F0C7F8059B002B28D102F0B2F8B3
:10802000174E184B18493360184BF360FCF792F861
:1080300000230138706030003361B360B36102F037
:10804000A1FA041E10D1300002F07EF9041E0BD1FB
:10805000142000F037FF032D0DD822002900142032
:1080600000F006FF0A4B1D60200006B070BD02F054
:1080700089F84000D4E70124F6E7C046001002402A
:10808000A40B00200040014040420F00E703000025
:108090000C0200207047FEE770477047704710B52C
:1080A000202001F0F7F910BD10B5024802F080F968
:1080B00010BDC046F00B002010B5024802F078F960
:1080C00010BDC046A40B002010B5024800F0D5FD3D
:1080D00010BDC0467C0B002010B5024801F056FAD6
:1080E00010BDC046901300200B490C4A0300521AE1
:1080F0000B4910B50868002801D10A4808600868D3
:10810000C318934206D904F0BFF80C230360012082
:10811000404210BD0B60FCE700040000004000205E
:10812000EC0B0020B81700207047000009480A4BEC
:1081300010B50360032343600023084A8360C260D4
:108140000361836102F01EFA002801D0FFF738FFB7
:1081500010BDC046F00B002000200040DF2E0000C4
:10816000074B026882B09A4208D10221054BDA69B6
:108170000A43DA61DB690B400193019B02B070474F
:10818000000400400010024007B50B4B02689A4201
:1081900011D18021094B4900DA6913200A43DA61C1
:1081A000DB6900220B400193FF39019B00F060FE68
:1081B000132000F087FE07BD0020004000100240A1
:1081C00010B5040086B01422002101A804F042F882
:1081D0000C4B22689A4213D180210B4BC9025A6979
:1081E0000A480A435A615B690B400093009B0323D2
:1081F0000193013B029301A9013B059301F004F8AF
:1082000006B010BD00040040001002400004004809
:1082100030B58BB00822002101A804F01BF81C2205
:10822000002103A804F016F81D4C1E4B1E4A2360C3
:10823000002320006360A360E2602361A36102F079
:10824000C9F9002801D0FFF7BBFE202301930023CA
:10825000200001A9029302F0F7FA002801D0FFF7ED
:10826000AFFE60230025039308225E3B200003A994
:1082700004950593079502F015FAA84201D0FFF77F
:108280009FFE0C22200003A9059502F00BFA00289E
:1082900001D0FFF795FE2000FFF792FF0BB030BD35
:1082A000380C0020000400407F0C00000D4885467B
:1082B0000D480E490E4A002302E0D458C45004333E
:1082C000C4188C42F9D30B4A0B4C002301E0136015
:1082D0000432A242FBD3FFF727FF03F0DBFFFFF7D7
:1082E00037FEFEE70040002000020020D0030020FF
:1082F000A0D40008D0030020B4170020FEE700003F
:108300001023064A10B5116803200B431360FFF7D2
:1083100071FEFFF757FE002010BDC046002002404E
:10832000034A044B11681B785B1813607047C04602
:10833000800C002008020020014B18687047C046DE
:10834000800C002070B50400FFF7F6FF0500631CE9
:1083500002D0044B1B78E418FFF7EEFF401BA0424D
:10836000FAD370BD08020020002373B503210193E6
:10837000036804009A680A40012A07D1196811426B
:1083800001D0002076BDDA681204FAD499681B4A3D
:10839000114209D01023A26B1343A3630123E26BA4
:1083A00013430120E363EDE7012299680A439A60D1
:1083B000134B14491868FBF7CDFE0190019B002B6D
:1083C00017D1FFF7B9FF0125060023681B682B4270
:1083D000D7D1FFF7B1FF801B0228F6D923681B68AD
:1083E0002B42F2D11023A26B1343A363E36B2B4305
:1083F000D7E7019B013B0193E0E7C04617000080EF
:108400000402002040420F0070B5041E00D190E02D
:10841000836B002B05D102003432C3631370FFF766
:10842000A3FBA36BDB0600D585E0226893685B079E
:1084300000D580E0A16B424B19400633FF330B435C
:108440000321A36393680B40012B05D111681942E6
:108450000ED1D3681B040BD41821D3688B43A168B9
:108460000B43D360136961689B009B080B43136146
:10847000D36834490B40D360237E607E9B03C003E6
:108480000343A17EE068034348030343601DC07FAC
:1084900040000343A06A0138451EA841000303437E
:1084A000206902384542684180000343E07E01288C
:1084B00004D100292BD1802149020B43C220E1695C
:1084C000FF30814202D0206A01430B438020D168F3
:1084D00040051943D160E16A814202D0481E062856
:1084E00007D8072550692940A843506150690143C6
:1084F0005161D26814490A409A4210D100200323E6
:10850000E063A26B9A43023B1343A36370BD202137
:10851000A56B2943A163E16B0843E063CEE7122317
:10852000A26B9A43023B1343A3630123E26B134301
:10853000E3630120EAE71023A26B1343A363F8E788
:10854000FDFEFFFF1902FEFFE7FF3F83F7B503685B
:1085500004009B680E00022001925B0730D42700C4
:1085600034373B78012B2BD001233B70637E012BEA
:1085700027D1A26B164B00251A4080235B001343C2
:10858000A363E5633D70206B124B21688362124B3D
:10859000C362124B03631C230B604A680C3B1343FA
:1085A0004B600123CA681343CB603200019B40310A
:1085B00000F0D4FC04232800226891680B439360E8
:1085C000FEBD2000FFF7D0FE0028D2D0F8E7C0465D
:1085D000FEF0FFFFE5850008578600086386000867
:1085E000704700005022436A10B5996B11422BD19D
:1085F000996BB132FF320A43C0219A631A680901AC
:10860000D068084213D1997E002910D1116809075A
:108610000DD5916849070ED40C20516881435160F3
:10862000996B0B4A11400432FF320A439A631800D7
:10863000FFF7D6FF10BD2022996B0A439A630122EF
:10864000D96B0A43DA63F2E71B6B1B6B9847F1E7C0
:10865000FEFEFFFF704710B5406AFFF7FBFF10BD3D
:1086600070474023406A10B5826B13438363042331
:10867000C26B1343C363FFF7F3FF10BDF7B50022CE
:1086800004000192343422780300C66A0220012AD1
:108690002CD0013820701A6895686D075BD40B6880
:1086A0004F681D00BC462E4F9840103DBC453CD045
:1086B000976A38439062072E0FD8002E11D10720F9
:1086C000566989680640B1420BD05669014086431D
:1086D000566156693143516103E08020400586426E
:1086E000EDD1022D03D9002000232370FEBD1D48CB
:1086F00080210268102B14D0112B14D1C9030A4316
:108700000260102BEFD1184B18491868FBF722FDB7
:108710000A2343430193019B002BE4D0019B013BBF
:10872000F8E70904EBE74904E9E7916A81439162BC
:10873000022DD8D80B4A1168102B0AD0113B581EB5
:1087400083410B485B4203400A481B180B401360EF
:10875000C9E7094BFAE72022996B0A439A63C3E7FA
:1087600001100000082701400402002040420F00D1
:10877000000040FFFFFFBFFFFFFF7FFFF8B50600CF
:108780003436337804000220012B45D00123032125
:10879000337023689A680A40012A05D1196811428A
:1087A0003BD1DA68120438D4A16B1F4A114006325B
:1087B000FF320A430321A263DD68DA688A43DA6084
:1087C0008022996812060A439A60FFF7B5FD0700F8
:1087D00023689A68002A0DDB0321DA680D401543EF
:1087E000DD6001230020A26B8A431343A3630023AF
:1087F000337011E0FFF7A0FDC01B0228E8D9236801
:108800009B68002BE4DA1223A26B01209A43023BFF
:108810001343A36300233370F8BD2023A26B012010
:108820001343A363E3E7C046FDFEFFFFF8B5041E54
:1088300062D0451CEB7F002B01D1FFF703FA012723
:10884000226813683B431360FFF776FD0600236838
:108850005A683A4244D002271A68BA431A60FFF7AE
:108860006BFD060023685A683A4247D1217E802278
:10887000012949D119680A431A60617E4022012901
:1088800046D119680A431A60A17E2022012943D1EA
:1088900019680A431A60E17E1022012940D1196843
:1088A00091431960217F082201293DD119680A43AB
:1088B0001A60617F042201293AD119680A431A60BB
:1088C000E168A26800200A4321690A4361690A43FA
:1088D000616801390A43DA6101236062EB770CE0D9
:1088E000FFF72AFD801B0A28B1D98023626A9B0208
:1088F000134363620523EB770120F8BDFFF71CFDEE
:10890000801B0A28AED9F0E7196891431960B4E7D3
:10891000196891431960B7E7196891431960BAE77C
:1089200019680A431A60BDE7196891431960C0E7E6
:10893000196891431960C3E770B5421CD27F036880
:10894000013A012A64D880240120A4001A598726FC
:1089500002431A514A69E23CFF3C1440A040B60071
:108960009C59C54384439C51CC69002C35D1103EA1
:108970009C59D2002C409C51CC684E682404B6B25D
:10898000344390269A18B60094518C680E682404DB
:10899000B6B234439126B600945181228C6992007C
:1089A000002C2FD19C582C409C5085220C699200A1
:1089B000002C2AD19C582C409C500A6A012A04D1D0
:1089C000872189005A5802435A508021012089008A
:1089D0005A58824300205A5070BD012CDDD18326A5
:1089E000B6009C59D20004439C510C684E68240484
:1089F000B6B2344390269A18B60094518C68CE686B
:108A00002404C5E79C580443CEE79C580443D3E7AD
:108A10008023426ADB02134343620120DCE7F8B59E
:108A2000471CFB7F0400DDB2012B1ED10133FB7715
:108A300002681368AB431360FFF77EFC06002368EF
:108A40005B68180028402B4201D16062F8BDFFF737
:108A500073FC801B0A28F2D98023626A9B021343AD
:108A600063620523FB770120F0E78023426A1B0342
:108A700013434362F7E7F0B5441CE67F0568013E07
:108A8000AC68012E50D8E0267605344245D0A001CE
:108A90000124800F84401C6004008F68CE68183465
:108AA000002F35D10B685B05334324016351C2238A
:108AB0000E6900012C185B00E650097D012903D1E5
:108AC000E658FF313143E1505179137909021943D6
:108AD00093791B040B43D179090619432B1818000D
:108AE0008D30FF3001605078117800020843917892
:108AF000D27809040143120689330A43FF331A600E
:108B0000C022012300205200A1580B43A350F0BD06
:108B10004B683743DB003B43C7E78023426A9B0334
:108B2000134343620120F2E78023426ADB02F7E746
:108B3000F7B5441C0191E47F013C012C00D97AE097
:108B400003240568002909D1EE68264208D1802354
:108B5000426A9B03134343620120FEBD2E69F4E782
:108B6000D826019976000C0104212C19A7590F4031
:108B7000976058D1A7597F0D17600227A6593E402C
:108B8000D6600826B337FF37E159314202D10F21B1
:108B9000E6590E401661E659E459360A240CF6B23D
:108BA00054619661019A01991201AD18B935FF35EA
:108BB0002C681C700468A418B934FF342468240A93
:108BC0005C700468A418B934FF342468240C9C70C9
:108BD0000468A418B934FF342468240EDC700468D7
:108BE000A418BD34FF3424681C710468A418BD3473
:108BF000FF342468240A5C710468A418BD34FF346F
:108C00002468240C9C710468A218BD32FF321268DB
:108C1000120EDA7102682023002908D1D1680B43B3
:108C2000D360002099E7A759FF085760A5E71169AD
:108C30000B431361F5E78023426ADB028AE7421C9B
:108C4000D27F0B00013A012A05D802680020516941
:108C50001943516170478023426ADB021343436228
:108C60000120F7E7704770477047704770477047BB
:108C700070477047704770477047F0B5036885B01C
:108C80005E695A689F680192DA68340002921A6934
:108C9000050003929A69009201221440164220D0E6
:108CA000174205D09A60BB0700D4A9E0FDF73EFF4C
:108CB000002480235B001F4207D02A689360BB0515
:108CC00000D4AAE02800FFF7CDFF80235B021F42FB
:108CD00007D02A689360BA0300D4ADE02800FFF7FC
:108CE000C2FF330708D51023029A1A4204D080220B
:108CF000920014432A68D360730708D50823029AA8
:108D00001A4204D02A682800D360FFF7B0FFB307E7
:108D100006D52B68DB689B0702D02800FDF7F6FE1E
:108D2000730608D51023039A1A4204D08022D20079
:108D300014432A681361B30608D50823039A1A421C
:108D400004D02A6828001361FFF793FFF30606D5C5
:108D50002B681B699B0702D02800FFF789FFB3032C
:108D600008D51023019A1A4204D02A6828005360BB
:108D7000FFF780FFF30308D50823019A1A4204D0B5
:108D80002A6828005360FFF776FF33042ED5019B35
:108D90002A685B0728D5F30503D5012300990B400A
:108DA0001C43B30504D502230099194200D01C438B
:108DB000730504D504230099194200D01C433605DD
:108DC00012D57021009B00980B4008420CD0402B1C
:108DD00046D03DD8202B45D0302B45D0102B3ED04F
:108DE000702193698B43936104235360002C05D059
:108DF0006B6A280023436B62FFF73EFF05B0F0BDAE
:108E00007B0704D43B0705D4FFF72EFF50E78024EF
:108E100024014EE7802464014BE77B0503D58023C2
:108E20009B011C4351E73B0502D58023DB01F8E79A
:108E30002800FFF71AFF48E77A0303D580231B02B7
:108E40001C434EE73F03FBD42800FFF70FFF48E722
:108E5000502B0BD0602BC3D180235B0000E0082394
:108E60001C43BDE71023FBE72023F9E78023F7E746
:108E700010B5FF2403220B0021000240D2009140D4
:108E80009B012340C943934000280ADBC0240B4ABE
:108E9000800880008018A40002590A40134303513F
:108EA00010BD0F2210400838054A80088000801845
:108EB000C26911401943C161F2E7C04600E100E018
:108EC00000ED00E0002805DB1F2318401E3B834017
:108ED000014A13607047C04600E100E0BFF34F8FC6
:108EE000034B044ADA60BFF34F8FC046FDE7C0462C
:108EF00000ED00E00400FA0570B504000120002C2C
:108F000024D00223A51CEB772068114B0268A168CE
:108F10001A4063680B43E1680B4321690B436169A5
:108F20000B43A1690B43E1690B4313430360094BF6
:108F30001421C018FBF70EF9074B80002064E3638F
:108F400000200123A063E418EB77E07770BDC046F2
:108F50000FC0FFFFF8FFFDBF00000240F7B5441C43
:108F60000193E57F012D33D00125871CE577FD7F37
:108F70000026AC466346EDB2012B28D10224FC77D3
:108F8000046886632668076CAE43BD402660019B7B
:108F9000C66B756063604368102B0ED1A260E16000
:108FA000C36A2268002B0BD00E23134323600123D6
:108FB0000020226813432360FEBDA160E260EFE75A
:108FC0000A2313430422236023689343EEE7E677E2
:108FD0000220F1E70C4A1021D06830B503000B40A5
:108FE000084205D002230948C4692343C3610B002A
:108FF0000420D168014205D00121044C0343E569F6
:109000002943E161D36030BD00200240880C00207C
:10901000064B00201A69120606D5054A5A60054A11
:109020005A6018690006C00F7047C0460020024011
:1090300023016745AB89EFCD8023034A00201169E6
:109040000B4313617047C0460020024070B5040016
:10905000FFF772F901260500104BDA68324211D190
:109060002022D968114200D0DA60D96810220800A5
:109070001040114202D1DB685B0708D5FFF7AAFF59
:10908000012004E0621CE8D0002C01D1032070BD57
:10909000FFF752F9401BA042DED9F7E7002002405B
:1090A000F0B585B003931E4B009102921A7E040026
:1090B0000220012A31D001221A481A76FFF7C6FF92
:1090C000002827D12600012C03D00426022C00D131
:1090D00026000024124B0193029803992201FBF70A
:1090E000AFF900220127019B0F4DDA612B69009A2D
:1090F0003B432B6163009B1880B218800948FFF73F
:10910000A5FF2B69BB432B61002803D1E419E3B20F
:109110009E42E1D80022024B1A7605B0F0BDC0464F
:10912000880C002050C30000002002400022064BA3
:10913000DA61064B043219690A431A61402219693F
:109140000A431A617047C046880C00200020024084
:109150000022064BDA61064B023219690A431A6192
:109160004022586119690A431A617047880C00202F
:1091700000200240F8B5214F04003B7E0E00022083
:10918000012B0CD001233B7623681D48012B12D103
:10919000FFF75CFF002803D0012000233B76F8BDD9
:1091A000FFF7C4FF1648FFF751FF0421154A136962
:1091B0008B431361F1E7FFF749FF0028ECD101234E
:1091C0005B42336065680130A3686268DB029B180C
:1091D000AB42E2D92800FFF7BBFF0948FFF736FF93
:1091E0000221084A13698B431361002801D03560BE
:1091F000D3E780231B01ED18E6E7C046880C00206A
:1092000050C30000002002400023F0B587B00A6878
:109210001400DC4001D107B0F0BD012514009D40D1
:109220002C4000942A4200D19CE04A685F0094469A
:109230000322644622400324BC40E4430194541EAC
:10924000012C2ED88668019C2640CC68BC40344353
:10925000846044680126AC432500644624093440F8
:109260009C402C434460C568019C25408C68BC40F0
:109270002C43C460022A16D107250F261D40AD00DD
:10928000AE40DC08A40004190294246A0396260068
:10929000039CA64334000E69AE402643029C26621E
:1092A00001E0032ADFD1BA400468019D25402A432A
:1092B000C02402606246A402224253D001252A4AF9
:1092C00090279469FF052C43946192699C082A4079
:1092D0000592059A254AA400A4180F2202351D40C4
:1092E000AD00AA40A66896430022B84210D0204F95
:1092F0000132B8420CD01F4F0132B84208D01E4F85
:109300000132B84204D01D4A8218571EBA410432B5
:10931000AA4067463243A260194A009C9668009DA5
:10932000E4433543FF0201D435002540674695608C
:10933000D668009D3543BF0201D4350025406746FD
:10934000D5605668009D3543BF0301D435002540E4
:10935000674655601568009E2E43FF0301D42540E3
:109360002E001660013352E7001002400000014059
:109370000004004800080048000C004800F0FFB757
:1093800000040140F0B500220F0085B03B00D3403F
:1093900001D105B0F0BD012393401C0001933C4076
:1093A0001F4255D02B4B032591088900C9180F2364
:1093B0001540AD00AB408E6802931E400396902688
:1093C0000023F605B04213D0234B9C460123604591
:1093D0000ED0224B9C460223604509D0204B9C4670
:1093E0000323604504D01F4BC3185E1EB3410433F2
:1093F000AB40039DAB4210D11B4B1D68A5431D60C4
:109400005D68A5435D60DD68A543DD609D68A5439B
:109410009D608B68029CA3438B60032451008C40A9
:1094200007210F26114089008E4003680199A3434C
:109430000360D3089B00C3181D6AB5431D62C3684F
:10944000A343C36043688B4343608368A343836043
:1094500001329BE70000014000040048000800487A
:10946000000C004800F0FFB700040140006908400C
:10947000431E9841C0B27047002A01D081617047F5
:109480008162FCE7426913000B401B0491430B43CC
:1094900083617047044B10B55A69104202D058617D
:1094A000FCF776FE10BDC0460004014070B5040014
:1094B0000120002C2BD0224D635DDAB2002B05D1A8
:1094C000A4239B002000E25402F0E2FC0323635536
:1094D000206801F0F7F90023220019000126207905
:1094E0001032984214D10021220008005132FF327C
:1094F0008B4217D16168A268206801F0EDF9002362
:10950000237301336355A37A012B15D0002070BD5E
:10951000137001335670D170116151619161DBB2EA
:109520002832DEE7117001315070D0701061506147
:109530009061C9B22832DBE7200000F00EFEE5E7BB
:109540009102000070B5A425AD00435D0400022027
:10955000012B09D001236355206801F0A9F9206887
:1095600001F0B5FB0020605570BD70B5A425AD00BD
:10957000435D04000220012B07D0012363552068BE
:10958000217301F09DFB0020605570BDF0B5040013
:1095900085B0006801F0A3FB802305001B021D407D
:1095A000184201D100F027FC2068821DD38F1BB226
:1095B000002B01DB05B0F0BD0F21D38F19400091C6
:1095C0000F219AB20B4200D0C0E0102311001940C5
:1095D0001A4227D10388CA4A134080221202134339
:1095E0000380030050331A88237CDB00C3189B18C8
:1095F000C44A20009B181B88626A9B059B0DE3628E
:10960000D318636202F075FC237B002BCCD0A16AD7
:1096100023680029C8D18020227B4C3302431A8062
:109620002173C1E7028880211600090193B20E4020
:109630000A4222D0030050331A88A8235B00E35C5F
:10964000A621DB00C3189B18AF4A89009B18220093
:109650001B8851329B059B0DFF32D3616118D28864
:1096600001F088FD2168A94B0A8820001A40802358
:1096700013430B8002F028FC96E71BB2002B00DBA3
:1096800092E70288A14B25001A40802313430380F0
:10969000030050331A88A8235B00E35C5135DB00DC
:1096A000C3189B18984AFF359B181B889B059B0D78
:1096B000EB610DD0696900290AD0EA8801F05AFDF2
:1096C0006B69EA6931009B1820006B6102F005FCB0
:1096D00021680A8893B2120500D565E7C02292017D
:1096E0001340934200D15FE70B00874A50331B8839
:1096F0008A18D21813889B059B0D13802B69002BA9
:109700000ED1802013880002034313800A88804B07
:109710001A40C0239B0153407E4A13430B8043E70A
:109720003E2B08D8012558082B40C018138880020A
:1097300003439BB2E9E71F2558092B405D426B416B
:10974000C01A138880021843734BF1E7009B9F00F7
:10975000C219138899B21BB20191002B00DB92E071
:1097600013886A490B4080210B4313802823009AF9
:109770005343E3181A001D005D32FF321278513551
:10978000FF35002A14D10200503211882A78D20005
:1097900052185D491218521812889205950D002A28
:1097A00056D01A005732FF32FC33190012884BE0B2
:1097B00019005431FF3109782A78022900D0E3E0FA
:1097C0008026F601B4466546019EFC332E40039682
:1097D0000600503602966646019DD96E354200D18C
:1097E000A0E0029D2E88D5007619464D36187619D0
:1097F0003588AD05AD0D8D420DD90021D96691009A
:1098000041180E88424B1E4080239B017340414EFD
:1098100033430B8002E0491BD966F0D0019B5B0605
:1098200007D59200821813883C490B403C490B43F2
:109830001380002D0CD02823009A5343E1180A000E
:109840005932FF321288FC312B00896E01F092FCF4
:109850002823009959436218FC32106F4019106791
:10986000906E40199066D06E002803D0526E9542DB
:1098700000D3B3E0009A20005343E3185133FF3381
:10988000197802F02AFB8022019B2068134200D144
:109890008AE6C21913881A49009E0B401E490B43E1
:1098A0009BB2138028225643A319D97C012900D0EA
:1098B000C7E0009901314A43002111511A7F8A42C1
:1098C00000D19EE04022019D019E1540164200D12C
:1098D000A0E05A7C8A4200D087E002005032118812
:1098E0001A7C084BD200C0184118521813880A4934
:1098F0009B059B0D138013880B439BB2138080E064
:109900000F8FFFFF02040000060400008F0F00000D
:109910008FBFFFFF808000000080FFFF8F8FFFFF61
:10992000C0800000029D2E88D5007619C74D3618DC
:1099300076193588AD05AD0D8D420DD90399D966DF
:10994000910041180E88C24B1E4080239B0173403A
:10995000C04E33430B8002E0491BD966F0D0019B17
:109960005B0607D4920082181388BB490B40BB49A1
:109970000B431380002D00D16AE72823009A53433C
:10998000E1180A005B325CE7920082181688B2493F
:109990003140B24E314311802A78910041180D8830
:1099A000010050310988D200521812186D040AD5EE
:1099B000AB49521812889205950D002A00D147E74D
:1099C0001A005932EFE6A149521812889205950DF6
:1099D000002A00D13CE71A005B32E4E65131FF3146
:1099E0002068611801F094F94DE7012A09D10200BD
:1099F0009B4D503212881B7C4019DB0080181B18CD
:109A000019802823009A5343E318197C200002F0A0
:109A100070FAC9E55A7C002A06D10200503211883A
:109A20001A7C8A4BD2005EE7012AEAD102008749FC
:109A3000503212881B7C4018DB0080181B181D80D8
:109A4000DFE7802701997F0039401A7C8C46019915
:109A500002929D6AD20039421CD1070050373F88DC
:109A6000BF187F4A3F18BF183A889205920DAA4244
:109A700003D3624602999A62C8E7596AAD1A8918F7
:109A80005962D96A10368A189D62DA62A11901F00A
:109A90003FF989E540218C46019F06000F4003975E
:109AA000674601995036394200D1DFE06C4937886A
:109AB00046180021F719BF5A8C46BF05BF0DAF42AB
:109AC00001D2E91B8C466146802599620199ED011E
:109AD00029400D006146002947D1282300994B43B6
:109AE000E3185B7C002B30D1070050373B885D4981
:109AF000F3189B181E88B605B60D1E801E880E43EF
:109B0000B6B21E80514E3B888019C0188018038859
:109B10009B059B0D038003880B439BB203802000B1
:109B2000029902F0E6F9002D00D1DCE02823009A2A
:109B300049495343E3181B7C22689B00D2181388C1
:109B40000B4049490B431380CDE0012BE7D10700BF
:109B5000614650373B88F3189B1819803B493B8876
:109B60004018C01880186346D8E7002D0CD0029921
:109B7000890041180D880191AC466146364D0D4073
:109B800039490D4301990D80282500994D43342111
:109B90008C466519AC4461460978012900D0A2E0E1
:109BA000696AC91969620191D96AC919D9622B6BAD
:109BB000296A8B4217D35B1A2B632823009D6B43C2
:109BC000E3185D7C8BB2002D37D1050050352D8810
:109BD0007519AA181588AD05AD0D158000290ED18F
:109BE0001188204D13E0002B03D161460B70390022
:109BF000E3E700216746397029631900DDE73E2954
:109C000011D801264D080E40AD191188AD02294327
:109C100089B21180282200994A43A218128B019917
:109C200001F061F85FE01F264D0931404E4271415D
:109C30006D1A1188AD022943D3E7012DEAD1010045
:109C4000503109887618B6183380E3E7060400001F
:109C50008FBFFFFF808000008F8FFFFFC08000005C
:109C6000020400000080FFFF80C00000AC4936887D
:109C70008C4684446644B65A039FB605B60DAE4280
:109C800000D8AF1B80250199ED0129400D009F628E
:109C9000002F49D1282300994B43E3185B7C002B0C
:109CA00033D103009F4950331E8840188019801813
:109CB00006889D49B605B60D068006880E43B6B2E5
:109CC00006801B8863449B181A889205920D1A809F
:109CD0001A880A4392B21A802000029902F009F908
:109CE000002D00D122E72823009A5343E3181B7C60
:109CF00022689B00D21811888C4B194030234B40AE
:109D00008B490B431380FFF74FFC012BE4D1030079
:109D1000844950331E8840188019801807801B889A
:109D200063449B181F80D7E7002908D10299814D11
:109D3000890041180F883D407F4F3D430D80282703
:109D400000994F43E719390034310191097801290D
:109D5000C9D1796A89197962DD6AAD19DD623B6B17
:109D60003D6AAB4217D35B1B3B632823009E7343C2
:109D7000E3185E7CABB2002E34D106005036368834
:109D80006644B2181688B605B60D1680002D0ED1A1
:109D90001588654E13E0002B03D1019D2B70350013
:109DA000E3E70025019E3D6335701D00DDE73E2D94
:109DB0000ED801276E082F40F6191588B6023543D4
:109DC000ADB215802822009D6A43A218528B27E766
:109DD0001F276E093D406F427D41761B1588B602F4
:109DE0003543D6E7012EEDD1050050352D88654469
:109DF000AA181380E6E743050ED523684F490633BA
:109E0000DA8F20000A40DA8702F085F82900200066
:109E1000FFF7ABFBFFF7CEFB430407D523684849A8
:109E20000633DA8F0A40DA87FFF7C4FB802301008C
:109E30009B011940184204D0236842490633DA8F47
:109E4000F0E7C3041AD5042023680233DA8F824373
:109E5000DA87DA8F00188243DA87B2239B00E25C4C
:109E6000012A03D12000E15400F08BF9200002F018
:109E700075F8236834490633DA8FD3E7030513D521
:109E8000082123689A1CD08F06330143D187D98FCC
:109E90002E480140D9870423D18F0B43D38720005C
:109EA00002F04AF8FFF786FB8025284221D0B22035
:109EB00023688000991DCA8FAA43CA87225C002AA2
:109EC000EDD104219A1CD58F54332943D187082121
:109ED000D58F2943D18701213C2221541B882000A2
:109EE0009B081340B3229200A35000F04AF9FFF7F9
:109EF00061FB83050AD5236815490633DA8F2000F4
:109F00000A40DA8702F000F8FFF754FBC00501D4DD
:109F1000FFF750FB23680F490633DA8F82E7C0460C
:109F200006040000020400000080FFFFBF8FFFFF57
:109F3000808000008F8FFFFF80C00000FFFBFFFFCD
:109F4000FFBFFFFFFFDFFFFFFFEFFFFFFFF7FFFF99
:109F5000FFFDFFFFFFFEFFFF70B5040007200D00AF
:109F60000840282141436DB26618002D18DA0125FA
:109F700010316118757408700A61CB70022B01D121
:109F800000230B71A425AD00635D0220012B06D0D8
:109F900001236355206800F0ADFC0020605570BDC2
:109FA000002551315236FF31FF3661183570E2E736
:109FB00007220B000A40282151435BB270B5040010
:109FC0004018002B12DA0123103161184374A425C4
:109FD0000A70AD00635D0220012B06D0012363559A
:109FE000206800F097FD0020605570BD00235131BE
:109FF0005230FF31FF3061180370E8E7F8B50724ED
:10A00000214021344C4306193700FC37FB663300EE
:10A010000025523351365134FF33FF36FF343D674C
:10A02000BA661D7031700119006800F071FE2800D9
:10A03000F8BD07230B40282159434018FC30006F1E
:10A04000704770B50724214021344C430619350070
:10A05000726201223435B3622A7000251034F56231
:10A060003174336372740119006800F051FE2800E6
:10A0700070BD072270B5037904000A4001209342A5
:10A0800019D348B22823002816DA534319000120B7
:10A090001031E318611858740123A4258B700A70DD
:10A0A000AD00625D02209A4205D06355206800F041
:10A0B000ABFD0020605570BD4B4319000020E31834
:10A0C00051315233FF31FF3361181870E4E70B0050
:10A0D0000F2270B5017904001A40012091421BD370
:10A0E000072228211A4051435BB26018002B14DA72
:10A0F00001231031611843740025A4268D700A7065
:10A10000B600A35D0220012B06D00123A3552068D1
:10A1100000F09CFD2800A55570BD00235131523040
:10A12000FF31FF3061180370E6E730B528240D06D3
:10A130000BD5072529404C431034001999B2002A49
:10A1400007D10273C180002030BD4C435134FF342D
:10A15000F3E7012283600273F5E703680200B4208D
:10A16000012110B58000B22411500020A400105528
:10A1700054331A8811430222198019880A431A801D
:10A1800010BD7047044B054A5B6805495B055B0FD2
:10A19000CB5C1068D84070470010024004020020D9
:10A1A00044D40008072310B503240360094B5A6800
:10A1B000224042605A68ED3422408260E0225B68AF
:10A1C000D20013400122C360034B1B6813400B6095
:10A1D00010BDC046001002400020024070B50124AE
:10A1E000036A026AA2430262732244688569954346
:10A1F0000A681543022293438A6813430E4A904229
:10A2000008D00E4A904205D00D4A904202D00D4A25
:10A2100090420BD108229343CA688E6913430422EB
:10A220009343094A22404C69344314434A684460CA
:10A2300085614263036270BD002C01400040014013
:10A240000044014000480140FFFCFFFF70B5184A80
:10A25000056A036A1340036273234268C4699C431E
:10A260000B681C43134B1D408B681B022B43124D84
:10A27000A8420ED1114D1D40CB681B022B43104D3F
:10A280002B40104D8E6915404A69324312012A4312
:10A2900008E00D4DA842F4D00C4DA842F1D00C4D71
:10A2A000A842EED042604A68C461C263036270BDD6
:10A2B000FFFEFFFFFFFDFFFF002C0140FFF7FFFF48
:10A2C000FFFBFFFFFFCFFFFF0040014000440140C4
:10A2D0000048014030B5144A046A036A134D134024
:10A2E00003624368C2692A400D682D021543104A73
:10A2F00014408A68120322430E4CA04208D00E4C30
:10A30000A04205D00D4CA04202D00D4CA04204D179
:10A310000C4C1C404B699B01234343604B68C56157
:10A320000364026230BDC046FFEFFFFFFF8CFFFFFA
:10A33000FFDFFFFF002C01400040014000440140CE
:10A3400000480140FFBFFFFF01000300012010B5DE
:10A350003D310C78E2B284421CD1001808701B68B1
:10A36000D9681143D9600D498B4209D08021C905B4
:10A370008B4205D00A498B4202D00A498B420AD14E
:10A3800007219A680A40062A03D0012219680A4365
:10A390001A60002010BD1968F9E7C046002C014082
:10A3A000000400400040014070477047704770470C
:10A3B0000222036870B5DD681E69040016420DD0E4
:10A3C00015420BD0053A1A61043202779B699B074C
:10A3D00000D171E0FFF7E9FF0023237704231E4239
:10A3E00011D01D420FD00522236852421A61073254
:10A3F00022779A69C0239B0020001A4262D0FFF79F
:10A40000D4FF0023237708231E420FD01D420DD016
:10A410000922236852421A610D322277DB6920003B
:10A420009B0755D0FFF7C1FF0023237710231E425F
:10A4300011D01D420FD01122236852421A611932E5
:10A440002277DA69C0239B0020001A4246D0FFF72A
:10A45000ACFF0023237701231E4208D01D4206D003
:10A4600002222368524220001A61FDF795FD8023E5
:10A470001E4208D01D4206D081222368524220008D
:10A480001A6100F014FA40231E4208D01D4206D083
:10A4900041222368524220001A61FFF788FF2023DF
:10A4A0001E4208D01D4206D02122236852422000BD
:10A4B0001A6100F0FBF970BDFFF776FF2000FFF78F
:10A4C00075FF89E7FFF770FF2000FFF76FFF98E740
:10A4D000FFF76AFF2000FFF769FFA5E7FFF764FFBA
:10A4E0002000FFF763FFB4E710B51F4C0368A042DC
:10A4F00006D08022D205904202D01C4A904208D158
:10A50000702293434A681343194A1A40CB68134395
:10A510000BE0184A9042F7D0174A9042F4D0174AFD
:10A520009042F1D0164A9042EED0802293434A697D
:10A53000134303608B68C3620B688362A04208D038
:10A540000D4B984205D00D4B984202D00C4B9842CF
:10A5500001D10B690363012242610369134202D0F6
:10A5600003699343036110BD002C014000040040C7
:10A57000FFFCFFFF0020004000400140004401407C
:10A580000048014070B504000120002C21D02500B6
:10A590003D352B78DAB2002B05D123003C33200067
:10A5A0001A70FDF7F1FD02232B702068211DFFF7C3
:10A5B0009BFF220001230020463213704534083AE5
:10A5C000137053709370D370137153719371237020
:10A5D0002B7070BD70B504000120002C21D0250027
:10A5E0003D352B78DAB2002B05D123003C33200017
:10A5F0001A70FDF7B5FD02232B702068211DFFF7AF
:10A6000073FF220001230020463213704534083ABC
:10A61000137053709370D3701371537193712370CF
:10A620002B7070BD102270B5056A036A174C9343F6
:10A6300003624268836923400C6824021C43202380
:10A640009D438B681B012B43114DA8420FD18025E0
:10A65000AB431E00CB68403D1B013343AB430D4D64
:10A660008E6915404A69324392002A4308E00A4D38
:10A67000A842F4D0094DA842F1D0094DA842EED02D
:10A6800042604A6884618263036270BDFF8CFFFF91
:10A69000002C0140FFF3FFFF004001400044014057
:10A6A00000480140F8B506003C361500327803003A
:10A6B0000C000220012A0AD001383070082D3FD04A
:10A6C00006D8002D19D0042D29D000233370F8BDF1
:10A6D0000C2DFAD11D682800FFF7FCFD8023EA69E4
:10A6E0001B011343EB61EB691D4A1340EB612369C6
:10A6F000EA691B021343EB610FE01D682800FFF7B6
:10A700006DFD0823AA6913430422AB61AB6993432F
:10A71000AB61AB6922691343AB610020D5E71D68CB
:10A720002800FFF77FFF8023AA691B011343AB6159
:10A73000AB690B4A1340AB612369AA691B02EAE7C4
:10A740001F683800FFF782FD0422FB691D43FD618D
:10A75000FB699343FB61FB6922691343FB61DCE7FF
:10A76000FFFBFFFF1F2310B5012419408C408A40D6
:10A77000036AA3430362036A1A43026210BD000026
:10A780000200030010B5002909D13E331B78013BBC
:10A79000581E8341DBB20120002B0AD010BD0429D2
:10A7A00001D13F33F2E7082901D14033EEE74133CD
:10A7B000ECE702231000002923D13E300370146817
:10A7C00001222000FFF7CEFF184A944208D0184B10
:10A7D0009C4205D0174B9C4202D0174B9C421AD189
:10A7E0008023616C1B020B436364944202D0104BC4
:10A7F0009C4216D10722A3681340062B11D10020DA
:10A80000CCE7042901D13F30D8E7082901D14030F5
:10A81000D4E74130D2E78023DB059C42EAD0074BE6
:10A82000E6E70123226813432360E8E7002C014098
:10A830000040014000440140004801400004004045
:10A8400010B5FFF79DFF10BD70B5040002223C3427
:10A85000257803001000012D20D01D0070263D3505
:10A860002A701B6858689A68B0430E683043586075
:10A870000B48834209D08020C005834205D0094897
:10A88000834202D00848834204D180204968824331
:10A890000A439A60012300202B70207070BDC046CF
:10A8A000002C014000040040004001407047704708
:10A8B000821D03000020D087014A0233DA877047E7
:10A8C00080BFFFFF0230C38F024A1340C3870020BE
:10A8D0007047C0467F400000821C03000121002019
:10A8E00082B0D187D0879A1D5033D087188002B0AC
:10A8F00070470000F7B50E787A4AB300C3181C8879
:10A90000CF781440012205000092032F08D83800A8
:10A91000F9F70CFC02423F3C80229200144300975E
:10A92000714A1443A4B21C801888704C20403043F4
:10A93000104380B21880F0008446087BAC44503548
:10A940000195002800D06BE0CD8848786D086D0037
:10A95000002823D080200199C0000988614409188B
:10A960000D801988490604D519882140604C21437F
:10A970001980604D012F00D1AEE020211C882C40B1
:10A9800061400A4392B200981A80FEBDC022D200F4
:10A99000144300220092C3E78022F8E70198096976
:10A9A0000788554867443F1801983D8005885348FB
:10A9B00065442D182F88BF05BF0D2F80002915D1A4
:10A9C000802729883F02394329801988490404D502
:10A9D000198821404A4C214319804A491C880C405F
:10A9E000C021002E00D080218901C9E73E2908D866
:10A9F00001204F0801407F182988BF02394389B2DE
:10AA0000E2E71F204F0901400800414241417F1AFF
:10AA10002988BF0239433C4F0F43BFB22F80D4E790
:10AA20001D88022F3AD1394E2540354301981D80AB
:10AA3000058880200E896544C00076082D187600B0
:10AA400001982E8005884E892B48654476082D187C
:10AA500076002E804978274E8C4680216046294D0D
:10AA6000C90100281FD11F880F4204D01988244F24
:10AA70002140394319801988490604D51988214095
:10AA80001B4C21431980C0211C8889012C40614046
:10AA9000114389B219801988314072E71C4E354044
:10AAA0001543ADB2C2E71888084204D0198814488B
:10AAB0002140014319801988490604D5198821408D
:10AAC0000B4C21431980012F09D020211C883440D0
:10AAD0006140114389B219801988294051E71988CA
:10AAE0003140F6E78F89FFFF8080FFFF8F8FFFFFE8
:10AAF000C0800000BF8FFFFF0404000006040000B8
:10AB000080C000008FBFFFFF0080FFFF808100003A
:10AB10008F8EFFFFF0B50B784A78097B9B00C01839
:10AB2000314B00291AD1002A0CD00288520605D5D3
:10AB300002882E490A402E490A43028002882D4984
:10AB40000A402FE00288520405D5028827490A40AE
:10AB500029490A43028002882849F1E78027234EC9
:10AB6000244D2649FF01002A21D102883A4204D00F
:10AB70000288214C3240224302800288204C520637
:10AB800004D502883240224392B2028002883240C9
:10AB90001443A4B2048002880A401A4392B202808D
:10ABA00002882A4013439BB203800020F0BD028834
:10ABB000144C3A4204D002883240224392B20280BE
:10ABC0000288520604D50288094F32403A43028077
:10ABD000028832401443A4B2048002882A401A43F7
:10ABE00092B202800288ABE78080FFFF8F8FFFFF69
:10ABF000C0800000BF8FFFFF80C000008FBFFFFF3D
:10AC0000C080FFFF80C0FFFF0B7849789B000C4A93
:10AC1000C018002909D001880A4B194010234B4065
:10AC200013439BB20380002070470188064B1940F4
:10AC300080235B014B401A4392B20280F3E7C04687
:10AC40008080FFFFBF8FFFFF8FBFFFFF0B7B002BBD
:10AC500019D10B784A789B00C0180388002A14D0B9
:10AC60005B0605D50388104A1340104A134303803E
:10AC7000CB78012B07D00E4B02881A40202353407B
:10AC80000C4A13430380002070475B0405D50388FA
:10AC9000054A1340084A13430380084B02881A40B0
:10ACA000C0239B01EBE7C0468F8FFFFFC0800000F1
:10ACB000BF8FFFFF8080000080C000008FBFFFFFBC
:10ACC000002902D180234C3003800020704780226D
:10ACD0005830038812021343038000207047063067
:10ACE000C08F80B2704730B580240133E400121960
:10ACF0005B0880185B00CB18401A0C188B4200D1FF
:10AD000030BD4A780D7812022A4322800231F4E7DE
:10AD1000F0B50C0049780500227B87B0012900D0EE
:10AD20001BE12369A76902939F4200D91F002B00F2
:10AD3000503361690193002A1DD1BFB23B00E28804
:10AD40002800FFF7D0FF019BBE4A19882378AA1874
:10AD5000DB0052189B181F802378BB4A9B00EB181E
:10AD60001988114030224A40B8490A4392B21A80E9
:10AD7000002007B0F0BD2278266A9300D20003922B
:10AD8000E078EB18022800D0D1E0029AB24200D35A
:10AD9000BBE01A88AE48F61B1040AE4A104318803C
:10ADA0001B8840209C466246024005926246CB19B1
:10ADB00004932662BBB2024255D0019A128894468F
:10ADC000A54AA818039A6044821813806289280053
:10ADD000FFF789FF049B029A63610023B24201D20C
:10ADE000F31B3E0062782362B3B2002A2ED1019A8F
:10ADF00094491088227869180918D20052181188CD
:10AE00008905890D1180002E0AD180201188000249
:10AE100001431180228904992800FFF764FF9BE712
:10AE20003E2E08D801217008314040181188800258
:10AE3000014389B2EDE71F2030407109464270415D
:10AE4000091A1088890208438449F1E7012AE1D1EF
:10AE50002A007C495032108822786918D2000918DB
:10AE600052181380D6E7019A12889446754AA8189A
:10AE7000039A60448218138022892800FFF733FF69
:10AE8000049B029A6361059BB24201D2F31B3E0010
:10AE900062782362B3B2002A2AD1019A6E491088DF
:10AEA000227869180918D200521811888905890D6D
:10AEB0001180002E06D180201188000201431180EC
:10AEC0006289A8E73E2E08D8012170083140401859
:10AED00011888002014389B2F1E71F207109064001
:10AEE000704246411088891B890208435B49F1E79B
:10AEF000012AE5D12A005849503210882278691871
:10AF0000D200091852181380DAE71888544F4F4AB4
:10AF10003840104380B21880019B039A1888494B2F
:10AF2000EB181B189A18B3B21380228974E718889B
:10AF3000F61B019A26621688BBB2400607D5464A20
:10AF4000A818039A801982181380628964E73D4A21
:10AF5000A818039A80198218E6E7002A1CD1A36971
:10AF600021698B4201D95A1A0B00A2612A003A4981
:10AF70005032108822786918D200091852181188A6
:10AF80008905890D1180002B00D0D6E0802113881F
:10AF900009020B4313803DE0E378022B00D08CE0E4
:10AFA000002924D10600274A503633882078AA1871
:10AFB000D218C000121813889B059B0D13802369BB
:10AFC000002B34D1802711883F0239431180224A57
:10AFD0003188AA185218121811888905890D118014
:10AFE000002B54D18021138809020B431380E3699D
:10AFF000002B0FD023781B499B00EB181A880A40BE
:10B000008A4201D0002A05D11A8811490A401649FE
:10B010000A431A8023789B00ED182A88134B1A40A4
:10B02000C0239B015340124A13432B80A0E63E2BC2
:10B0300020D801215F0819407F181188BF023943C9
:10B0400089B2C3E702040000BF8FFFFF8080FFFFCB
:10B050008F8FFFFF80810000060400000080FFFF4B
:10B060008F8EFFFF40400000C08000008FBFFFFFB9
:10B07000808000001F271F4039004F424F4159096F
:10B08000C91B1788019189020F433749D7E73E2B27
:10B0900008D8012059080340C918138889020B43B6
:10B0A0009BB2A3E71F205909034058424341C91AE4
:10B0B0001388890219432C4BF1E70120834200D009
:10B0C00057E6A36922690020934201D9981A130018
:10B0D000A06100299ED12E00244A50363188207864
:10B0E000AA185218C000121811888905890D1180FC
:10B0F000002B0AD1802711883F02394311801C4A56
:10B100003188AA185218121839E73E2B08D80121A5
:10B110005F0819407F181188BF02394389B2EDE7F3
:10B120001F271F4039004F424F415909C91B17883B
:10B13000019189020F430C49EFE73E2B08D801200B
:10B1400059080340C918138889020B439BB221E7B1
:10B150001F205909034058424341C91A13888902E4
:10B160001943014BF1E7C0460080FFFF02040000D5
:10B1700006040000F0B580255C08ED005219260099
:10B180000D008018471AEA19002E06D1DB0703D5F7
:10B190006400001903880B55F0BD1288013E92B27D
:10B1A0002A70120A6A700235EDE70000014B186040
:10B1B0007047C04604020020AF239B00C35870B5FF
:10B1C000002B0ED0AE22802592008458AD00605D29
:10B1D000FF2806D0044A9B682100A25C9847FF2301
:10B1E0006355002070BDC046010200004323038068
:10B1F00000487047540200204323038000487047F2
:10B20000980200204323038000487047100200206A
:10B210000A230380004870471403002070B5AE264F
:10B22000B6000400855900F04BFF83239B00E850D3
:10B23000A3590220002B0AD0832381229B00E91806
:10B24000B033E3589200DB68A8589847002070BDDF
:10B25000F8B5AE239B00C75804000E000220002F53
:10B2600016D014254D436519E8690833E3580028C2
:10B270000FD028224A439B18196AF8F7F1FF0A1EDB
:10B2800007D10B00E9612000310000F007FF00202A
:10B29000F8BD852300229B00FA50F8E7AE23F7B5EE
:10B2A0009B00C6586B466A460D00591D00230400DA
:10B2B0000B70D3802B78901D1F0060221740134223
:10B2C00026D0202F3FD1EA886878002A19D05BB2B7
:10B2D000002B0BDAAF239B00E35831009B689847A3
:10B2E0003100EA88200000F0A0FC08E080239B00E9
:10B2F000F054184B31002000F25400F0ACFC002058
:10B30000FEBDAF239B00E35829009B689847F6E7F2
:10B310006B780A2B0BD00B2B10D0002B13D1A7234B
:10B320009B00E35C032B0ED102220100DAE7A72386
:10B330009B00E35C032B06D10122D3E7A7239B00EC
:10B34000E35C032BDBD02000290000F047FC022047
:10B35000D6E7C0460102000070B504000025812137
:10B3600000F065FE01212000E56200F060FE230090
:10B37000AE26FC331D6782212000B60000F057FE88
:10B38000A3592564AB4208D0AF239B00E3585B6808
:10B390009847A05900F0A0FEA551002070BD70B5DF
:10B3A000037C0400002B3AD1802381219B000222E0
:10B3B00000F031FE01218023E1629B000222200087
:10B3C00000F029FE23000126FC33032282211E67A0
:10B3D0002000082300F01FFE87202664800000F074
:10B3E00077FEAE239B000500E0503000002D15D005
:10B3F0000433E3581B689847852200239200AB5022
:10B400000432AB50237C143A002B11D180239B00D3
:10B4100031002000AA5800F04AFE002070BD4023F1
:10B420008121022200F0F7FD01214023E162C5E7FE
:10B430004023EDE703000220002903D0AF220020C3
:10B44000920099507047AE239B00C3588220800021
:10B4500019508421890000205A507047AE239B0068
:10B46000C258B43B0020D1507047AE239B00C25855
:10B4700010B50223002A12D0852189005458013BBF
:10B48000002C0CD1535084239B00D3580C395258B4
:10B4900088390363FF399BB200F000FE23001800D7
:10B4A00010BDAE239B00C25810B50223002A0BD05A
:10B4B00081239B00D258037C002B07D180239B0063
:10B4C000012100F0F4FD0023180010BD4023F7E730
:10B4D000022310B5002813D0AD239B00C458002CC4
:10B4E00001D00024C450002902D0AC239B00C150DD
:10B4F000A72301219B00C154027000F043FD0023EB
:10B50000180010BD03000220002903D0AD22002046
:10B5100092009950704710B500F074FD002010BDE6
:10B52000AD239B00C25810B50223002A04D0136833
:10B530009847431E98414300180010BDAD2310B535
:10B540009B00C3585B689847002010BDAA239B004E
:10B5500070B5C5180400280000F02CFBA5230122BB
:10B560009B00E250114BE25A163BE2501033E15C73
:10B570001F230B40012B09D0022B0CD0002B0FD125
:10B580002900200000F01AF9002070BD29002000D9
:10B5900000F054FAF8E72900200000F077FAF3E70A
:10B5A0007F232000994300F04BFDEDE7AE02000041
:10B5B00070B50400150000292ED1A5239B00C258A8
:10B5C000032A23D102005532FF32D3681069834227
:10B5D0000BD91B1AD36082B2984200D99AB22900C3
:10B5E000200000F048FB002070BDAD239B00E35815
:10B5F0001B69002B06D0A7229200A25C032A01D16E
:10B6000020009847200000F03EFBECE7052AEAD135
:10B61000C15000F015FDE6E7AD239B00C3580220A2
:10B620009B69002BE0D0A7229200A25C032ADBD109
:10B6300020009847D7E7F8B50D0004001100002D51
:10B640004DD1A5239B00C358022B3ED1036A466A05
:10B65000B34211D99B1B03629AB200F0F4FA2B009B
:10B660002A002900200000F022FDA8239B00E25CB4
:10B67000012A31D00020F8BDC76931003800F8F741
:10B68000EFFD0D1E0CD1BE420AD8A626B600A35966
:10B690009F4205D20A00200000F0D5FAA551DEE74E
:10B6A000AD239B00E358DB68002B06D0A722920055
:10B6B000A25C032A01D1200098478021200000F0DD
:10B6C000BFFC200000F0EBFACFE704229343CCD17B
:10B6D000802100F0B5FCC8E70022E254CAE7AD23A0
:10B6E0009B00C35802205B69002BC4D0A7229200A4
:10B6F000A25C032ABFD1290020009847BAE70022A4
:10B7000070B504001100402300F085FC23000125E2
:10B710004026FC338021DD659E6600223300200038
:10B7200000F079FCA72300219B00A5616662E55427
:10B73000083BE15010336160E1501433E3588B4211
:10B7400005D0AD239B00E35820005B68984700209C
:10B7500070BD017400207047A7239B00C15C034AA1
:10B7600081540422C25400207047C0469D0200004C
:10B77000A7239B00C25C042A02D1024A825CC25405
:10B78000002070479D020000A72310B59B00C35CFA
:10B79000032B06D1AD239B00C358DB69002B00D0DF
:10B7A0009847002010BD10B50400802100F048FC2F
:10B7B0000021200000F044FC10BD000060220B7846
:10B7C00073B513400D00190092182039040011427E
:10B7D00005D0002B0BD02000FFF7E5FF05E0AD23DF
:10B7E0009B00C35829009B689847002076BD687865
:10B7F0000928F0D8F8F7A4FCEF000E01EFFF0601CE
:10B80000EFFF7D000A00EFFFD6009F0000236A468D
:10B81000D3806B88180A01380628DCD8F8F77CFC3E
:10B82000041726DBDB404C00AC239B00E358207C54
:10B830001B686A46911D98476B46D988EA8800299B
:10B8400052D0002A45D1200000F01DFACDE7AD23EB
:10B85000227C9B00E358002A06D19B6A6A46901D11
:10B86000984702234370E7E7DB6AF7E7D8B2052879
:10B87000B1D8AC239B00E358F8F758FC03080A0C36
:10B880000E105B68002BA6D0207CD2E79B68F9E7FE
:10B89000DB68F7E71B69F5E75B69F3E79B69F1E7AD
:10B8A000237C002B00D096E7AD236A469B00E3582B
:10B8B000901D5B6B9847BFE7237C002B00D08AE785
:10B8C000AD236A469B00E358901D1B6B98470723E6
:10B8D000C8E70B1C914200D9131C69469AB2CB8071
:10B8E0000100200000F0A1F9EB88002B00D07CE7DC
:10B8F000A9E7AB88002B00D06DE7EB88002B00D0C8
:10B9000069E76D887F2D00D965E7A726B600A35D9E
:10B91000032B00D15FE7474BEDB2E554290020002F
:10B9200000F0B3FB200000F0AEF90223002D00D19F
:10B930000123A35559E7A9783F4D2970012900D962
:10B9400049E7A7239B00E25C022A09D0032A15D00D
:10B950002000FFF728FF20002978FFF7EFFD44E7DC
:10B96000002900D16FE7012103226160E254200029
:10B97000FFF7D6FD022800D065E72CE7002906D1A5
:10B9800002222000E2546160FFF7D8FD5BE76168A6
:10B99000012900D157E7C9B22000FFF7CFFD297870
:10B9A0006160E4E7EA88012A00D014E7A7239B003E
:10B9B000E35C022B07D8002B00D10CE70023210009
:10B9C000A360083103E0211D032B00D003E7200012
:10B9D00000F02BF909E7A7239B00E35C013B022B56
:10B9E00000D9F8E6EB88022B00D0F4E6A9239B00EF
:10B9F000E2580123002A00D0023321000222E36032
:10BA00000C31E4E76B88012B00D0EEE6A92292000E
:10BA1000A35018E7A7239B00E35C013B022B00D94E
:10BA2000D9E66B88012B00D0DFE6A92300229B001A
:10BA3000E25008E79E020000A80C002060230A786C
:10BA400070B5134004000D00520601D5402B19D1EA
:10BA5000A7239B00E35C013B022B13D82B79012B1E
:10BA600010D8AD239B00E35829009B68200098471D
:10BA7000EB88002B04D1002802D1200000F003F94C
:10BA8000002070BD2000FFF78EFEF9E770B50400BE
:10BA900060200B008A88097801400D000018203DC5
:10BAA000054205D000290CD02000FFF77CFE06E0FF
:10BAB000AD229200A2581900200092689047002001
:10BAC00070BD5878D1B2012838D0032820D0002882
:10BAD000EAD1A7239B00E35C022B49D0032BE3D1DF
:10BAE0000F2314250B406B43E318120650D59B69B6
:10BAF000002BD9D07F230B4001335D43651980298A
:10BB000051D0200000F0AEFA002851D001234BE0C4
:10BB1000A7229200A25C022A20D0032AC4D15A880C
:10BB2000002A07D14A0605D0DB88002B02D120006D
:10BB300000F086FA200000F0A6F8C0E7A7229200E5
:10BB4000A25C022A0AD0032AAED15B88002BB6D1B0
:10BB50004B06EFD0200000F07CFAEBE74B06A3D0B9
:10BB6000200000F06DFA8021200000F069FAA6E7BD
:10BB7000490699D121005531FF31120601D54139CD
:10BB8000FF39002302220B60200000F04EF896E7F8
:10BB9000FC33DB6D002B00D186E74D435535FF3577
:10BBA00065190029ADD100232B6002222900EBE7A3
:10BBB0002860FAE70B7803704B784370CB788A786B
:10BBC0001B02134343804B790A791B021343838082
:10BBD000CB798A791B021343C380704710B50400E8
:10BBE000802100F02DFA0021200000F029FA10BD7C
:10BBF00070B504000D00160000280DD0F8F784FA87
:10BC0000C3B201335B0033802B70032300206B70C1
:10BC1000013B2178002900D170BD5A1CE954D2B2F1
:10BC200002330134DBB2A854F3E71300A52210B5A8
:10BC30000224920084500A00C3610021036200F0D4
:10BC40002DFA002010BD10B513000A00002100F0ED
:10BC500025FA002010BD1300A52210B50324920080
:10BC600084500200FC32136653660A00002100F083
:10BC70001EFA002010BD10B513000A00002100F0CC
:10BC800016FA002010BDA52304229B0010B5C25057
:10BC900000231A00190000F001FA002010BDA523AE
:10BCA00005229B0010B5C25000231A00190000F0B5
:10BCB000FEF9002010BD000010B5114C002220003C
:10BCC0001049FFF705FC002801D0FCF779F92000A6
:10BCD0000D49FFF717FC002801D0FCF771F920008F
:10BCE0000A49FFF7A7FB002801D0FCF769F92000FB
:10BCF000FFF711FC002801D0FCF762F910BDC04627
:10BD0000AC0C002064030020DC0200202003002093
:10BD10000020704700207047002070470A00AE21C5
:10BD200010B5084C890003006058A439415801201F
:10BD3000002906D119002000FFF785FB2000FFF73E
:10BD400094FB10BDAC0C002073B50E4D04000E002A
:10BD500001002800FFF782FB2800FFF7A2FB002369
:10BD60006A46D3806B4632682100074892B2063398
:10BD7000FBF762FE002803D06B46D988FFF7CEFFA1
:10BD8000002076BDAC0C00202806002012230148BC
:10BD90000B80704750030020042301480B8070473C
:10BDA0004C03002070B5002652008A18050FECB233
:10BDB00023003733092D00D8073B0B704E7002313A
:10BDC00000018A42F2D170BD1A2310B50B800A4BD4
:10BDD00018680A4B1B68C01800280AD0084B0822B4
:10BDE0001C680849FFF7DEFF042220000649FFF720
:10BDF000D9FF064810BDC046ACF7FF1FB4F7FF1FC0
:10BE0000B0F7FF1F32030020420300203003002060
:10BE100010B5044C0A0021000348FFF7E9FE20009A
:10BE200010BDC046700F00204CD4000810B5044C63
:10BE30000A0021000348FFF7DBFE200010BDC046CA
:10BE4000700F002062D4000810B5044C0A002100D5
:10BE50000348FFF7CDFE200010BDC046700F002044
:10BE600078D4000810B5044C0A0021000348FFF7FD
:10BE7000BFFE200010BDC046700F002083D4000814
:10BE8000002803D00238431E98410130704700005B
:10BE900007B50B4B02689A4211D18021094B090466
:10BEA000DA691F200A43DA610022DB690B40019343
:10BEB0001100019BFCF7DCFF1F20FDF703F807BD15
:10BEC000005C004000100240A62310B59B00C11882
:10BED0004033C058FFF73AFB10BD28234B43C3182B
:10BEE000FC339A6EB62310B59B00C058FFF760FB79
:10BEF00010BD28234B43C3185A6AB62310B59B00C4
:10BF0000C058FFF798FB10BDB62310B59B00C05872
:10BF1000FFF73AFC10BD70B543790400022B01D045
:10BF2000FCF74EF8B625AD0001216059FFF711FC72
:10BF30006059FFF7E4FB70BDB62310B504009B0009
:10BF4000C058FFF709FC637A002B04D00623024A8D
:10BF500011690B43136110BD00ED00E010B5437A89
:10BF60000400002B06D00621054A13698B43136198
:10BF7000FBF798FFB6239B00E058FFF7F9FB10BDD5
:10BF800000ED00E0B62370B504001C489B00C450CF
:10BF90001B4BB025036082239B0083800223C37167
:10BFA0000023AD00605143724381FDF77FFA002802
:10BFB00001D0FCF705F80022605911001823FEF7A4
:10BFC000B4F86059582300228021FEF7AEF860597A
:10BFD000C02300228121FEF7A8F88823605900229F
:10BFE00001215B00FEF7A1F8802360590022822125
:10BFF0005B00FEF79AF8002070BDC0469013002049
:10C00000005C0040B02310B59B00C058FDF79AFAC1
:10C01000FFF736FF10BD10B514001A002300B0243E
:10C02000A4000059FDF798FFFFF72AFF10BDB023C9
:10C0300010B59B00C058FDF7BBFFFFF721FF10BDF7
:10C04000B02310B59B00C058FEF713F8FFF718FF98
:10C0500010BDB02310B59B00C058FEF738F8FFF7AD
:10C060000FFF10BDB0239B00C35848B22822002800
:10C0700005DA7F2001404A439B18987C70474A4369
:10C080009B185333FF331878F8E7B02310B59B00A3
:10C09000C058FDF76AFAFFF7F3FE10BD10B5B024E3
:10C0A000A4000059FDF7CDFFFFF7EAFE10BD10B563
:10C0B000B024A4000059FDF7A1FFFFF7E1FE10BD79
:10C0C000B02310B59B00C058FDF7B3FF10BD0000B2
:10C0D00000487047701100207047000010B5034BF6
:10C0E0000100186800F026F810BDC046800300204B
:10C0F00070B50F4E0D0031680400002902D100F028
:10C10000B1F830602900200000F0ACF8431C03D1E6
:10C1100001256D42280070BD0323C51C9D43A84224
:10C12000F8D0291A200000F09DF80130F2D1EFE795
:10C130006C160020F7B50322CB1C9343083305008F
:10C140001F000C2B34D20C27B94233D8280000F042
:10C1500071F8374E33681C00002C2FD139002800AD
:10C16000FFF7C6FF0400431C5FD134680094009BB6
:10C17000002B4AD1002C52D023682800E3180099E4
:10C18000019300F06FF8019B834248D12368280097
:10C19000FF1A3900FFF7ACFF013040D02368DB19EC
:10C1A000236033685A68002A33D1009B336019E05A
:10C1B000002BC9DA0C232B600020FEBD2168C91BAF
:10C1C00020D40B290AD9E2192760A34204D1326096
:10C1D00063681160536005E05A60F9E76268A34242
:10C1E0000ED13260280000F02DF8200007220B301D
:10C1F000231D9043C21A9842DFD01B1AA350DCE7DC
:10C200005A60EFE723006468A6E7009C6368009328
:10C21000ADE71A005B68A342FBD10023DAE70C23E9
:10C2200028002B6000F00EF8C6E70760DAE7C0468A
:10C230007016002010B5024800F050F810BDC0463E
:10C24000B017002010B5024800F049F810BDC046F4
:10C25000B017002003008218934200D17047197074
:10C260000133F9E7002370B5064D040008002B6088
:10C27000FBF73AFF431C03D12B68002B00D023604F
:10C2800070BDC046AC170020014B18687047C0460F
:10C290008003002070B500260C4C0D4D641BA410CB
:10C2A000A64209D1002600F025F80A4C0A4D641B6D
:10C2B000A410A64205D170BDB300EB5898470136D3
:10C2C000EEE7B300EB5898470136F2E798D4000840
:10C2D00098D400089CD4000898D400087047704790
:10C2E000002310B59A4200D110BDCC5CC454013378
:10C2F000F8E70000F8B5C046F8BC08BC9E46704799
:0CC30000F8B5C046F8BC08BC9E4670476B
:10C30C008C4600084A4500082845000814450008DA
:10C31C00284500082E46000828450008144500084A
:10C32C004A4500084A4500082E46000814450008F6
:10C33C000C4500080C4500080C4500085046000848
:10C34C00F50F70FEF10FA2FEEB0FD4FEE30F06FF0C
:10C35C00D90F38FFCB0F6AFFBA0F9CFFA40FCEFF8B
:10C36C00890F0000670F32003E0F64000C0F96001F
:10C37C00D00EC800C30ED200B60EDC00A80EE6002C
:10C38C009A0EF0008B0EFA007B0E04016C0E0E015F
:10C39C005C0E18014B0E22013A0E2C01280E3601B0
:10C3AC00160E4001040E4A01F10D5401DD0D5E0123
:10C3BC00C90D6801B50D7201A00D7C018B0D8601B4
:10C3CC00750D90015F0D9A01480DA401310DAE0160
:10C3DC00190DB801010DC201E90CCC01D00CD6012C
:10C3EC00B60CE0019D0CEA01820CF401FA0B26025A
:10C3FC00680B5802D00A8A02330ABC029409EE0276
:10C40C00F308200355085203B90784032307B60326
:10C41C009306E80389054C04A104B004DA0314055F
:10C42C0034037805AA02DC050000000000000000BF
:10C43C0000000000000000000000000000000000F0
:10C44C00E803C80050FE0200496B0008E803C8006E
:10C45C0052FE0200796B0008E803C800F7FE0200E8
:10C46C00996B0008E80800200000B004DC05B0045B
:10C47C000101000001700008EA0800200100000022
:10C48C00FF7F01800400000000000000EC08002089
:10C49C000200F40158026400010100005170000810
:10C4AC00EE08002003000000FF7F000004000000E5
:10C4BC0000000000F00800200400AA05DC05B00410
:10C4CC0003010000C1710008F20800200500000003
:10C4DC00007D00000301000000000000F4080020B3
:10C4EC0006001027007D0000030100000000000082
:10C4FC000000000007000000FF7F000004000000A7
:10C50C00000000000000000008000000FF7F000099
:10C51C000400000000000000F608002009000000E4
:10C52C00C80000000201000000000000F808002014
:10C53C000A0000000A0000000100000000000000DA
:10C54C00FA0800200B0000000100000002000000AF
:10C55C0000000000FC0800200C000100010000009D
:10C56C000101000000000000FE0800200D0000008A
:10C57C000100000004010000000000000009002080
:10C58C000E0000000100000001010000000000008E
:10C59C00020900200F0003006400000002010000EB
:10C5AC000000000004090020100000000100000041
:10C5BC00010100000000000006090020110000002D
:10C5CC000A00000002010000000000000809002021
:10C5DC001200C201E803000002010000000000008C
:10C5EC000A0900201300F401D0070000020100002A
:10C5FC00A17400080C09002014000000FF000000CA
:10C60C000401000000000000540900201500000087
:10C61C0088130000040000000000000056090020F0
:10C62C001600000088130000040000000000000049
:10C63C006209002017000000040000000400000044
:10C64C00000000006009002018000000F6090AF63E
:10C65C0004000000000000005A090020190000002E
:10C66C00F6090AF604000000000000005C09002036
:10C67C001A000000FF0001FF040000000000000091
:10C68C00580900201B000000881378EC04000000FF
:10C69C00000000000E0900201C000000010000003A
:10C6AC0004000000000000001E0900201D00000016
:10C6BC000F27000004000000756F000822090020FD
:10C6CC001E0000000100000004000000000000003B
:10C6DC00100900201F000000FF7F008004000000F4
:10C6EC00000000001209002020000000FF7F0080E5
:10C6FC0004000000000000002006002021000000C3
:10C70C00FF0F0000040000000000000022060020C3
:10C71C0022000000FF0F00000400000000000000D9
:10C72C001E06002023000000FF0F00000400000084
:10C73C00000000001C06002024000000FF0F000079
:10C74C0004000000000000001A0600202500000074
:10C75C00FF0F000004000000000000002406002071
:10C76C0026000000FF0F0000040000000000000085
:10C77C002009002027000000007D000004000000BC
:10C78C00000000000000000028000000007D0000F8
:10C79C000500000000000000F40A00202900000041
:10C7AC000200000004000000AD72000840040040CC
:10C7BC002A000000800C0000040100007D710008BC
:10C7CC003C0400402B00800C800C00000401000095
:10C7DC00B1710008140900202C00000001000000B9
:10C7EC000401000000000000F60A00202D000000EB
:10C7FC000100000001000000B971000816090020BA
:10C80C002E000100010000000400000000000000E8
:10C81C00180900202F000000010000000400000097
:10C82C000D7200081A09002030000000FF7F018003
:10C83C0004000000357200081C09002031000200C1
:10C84C000500000004000000557200080000000004
:10C85C0032000000FF7F00800400000069720008B5
:10C86C000000000034000100FF0000000401000083
:10C87C00000000000000000035000000FF00000078
:10C88C000401000000000000000000003600000061
:10C89C000100000004000000000000000000000087
:10C8AC003700000001000000040000000000000040
:10C8BC006804002038000000000400FC04010000A3
:10C8CC00000000006A04002039002E0E0010000049
:10C8DC0004010000000000006C0400203A000C0071
:10C8EC0010000000040000000000000054040020B0
:10C8FC003B002500000400FC0401000000000000C7
:10C90C00560400203C003209001000F00401000025
:10C91C0000000000580400203D000C001000000036
:10C92C000400000000000000400400203E00000055
:10C93C00000400FC04010000000000004204002080
:10C94C003F000000001000F0040100000000000097
:10C95C004404002040000A00100000000400000005
:10C96C00000000002C04002041000000002000E02A
:10C97C0004010000000000002E040020420000040E
:10C98C00000400FC04010000000000003004002042
:10C99C004300000010000000040000000000000034
:10C9AC000404002044000000000400FC040100000A
:10C9BC0000000000060400204500401F000400FC9D
:10C9CC0004010000000000000804002046000C00D8
:10C9DC0010000000040000000000000018040020FB
:10C9EC0047003A04001000F00401000000000000B1
:10C9FC001A04002048004C08001000F0040100004C
:10CA0C00000000001C04002049000C001000000075
:10CA1C000400000000000000000000005A000000AC
:10CA2C00FF7F0180050000000000000000000000F6
:10CA3C005B000000FF7F018005000000000000008B
:10CA4C00000000005C000000FF7F0180050000007A
:10CA5C0000000000000000005D000000FF7F01806E
:10CA6C000500000000000000000000005E00000057
:10CA7C00FF7F0180050000000000000000000000A6
:10CA8C005F000000FF7F0180050000000000000037
:10CA9C000000000060000000FF7F01800500000026
:10CAAC00000000000000000061000000FF7F01801A
:10CABC000500000000000000000000006200000003
:10CACC00FF7F018005000000000000000000000056
:10CADC0063000000FF7F01800500000000000000E3
:10CAEC000000000064000000FF7F018005000000D2
:10CAFC00000000000000000065000000FF7F0180C6
:10CB0C0005000000000000000000000066000000AE
:10CB1C00FF7F018005000000000000000000000005
:10CB2C0067000000FF7F018005000000000000008E
:10CB3C000000000068000000FF7F0180050000007D
:10CB4C00000000000000000069000000FF7F018071
:10CB5C000500000000000000000000006A0000005A
:10CB6C00FF7F0180050000000000000000000000B5
:10CB7C006B000000FF7F018005000000000000003A
:10CB8C00000000006C000000FF7F01800500000029
:10CB9C0000000000000000006D000000FF7F01801D
:10CBAC000500000000000000000000006E00000006
:10CBBC00FF7F018005000000000000000000000065
:10CBCC006F000000FF7F01800500000000000000E6
:10CBDC000000000070000000FF7F018005000000D5
:10CBEC00000000000000000071000000FF7F0180C9
:10CBFC0005000000000000000000000072000000B2
:10CC0C00FF7F018005000000000000000000000014
:10CC1C0073000000FF7F0180050000000000000091
:10CC2C000000000074000000FF7F01800500000080
:10CC3C00000000000000000075000000FF7F018074
:10CC4C00050000000000000000000000760000005D
:10CC5C00FF7F0180050000000000000000000000C4
:10CC6C0077000000FF7F018005000000000000003D
:10CC7C000000000078000000FF7F0180050000002C
:10CC8C00000000000000000079000000FF7F018020
:10CC9C000500000000000000000000007A00000009
:10CCAC00FF7F018005000000000000000000000074
:10CCBC007B000000FF7F01800500000000000000E9
:10CCCC00000000007C000000FF7F018005000000D8
:10CCDC0000000000000000007D000000FF7F0180CC
:10CCEC000500000000000000000000007E000000B5
:10CCFC00FF7F018005000000000000000000000024
:10CD0C007F000000FF7F0180050000000000000094
:10CD1C000000000080000000FF7F01800500000083
:10CD2C00000000000000000081000000FF7F018077
:10CD3C000500000000000000F00A0020D5260000CD
:10CD4C000F2700000000000011730008F20A0020F9
:10CD5C00D62600000F2700000000000065730008B5
:10CD6C0000000000DF260000FF7F018001000000B2
:10CD7C000000000000000000E0260000FF7F0180A2
:10CD8C00010000000000000000000000E12600008F
:10CD9C00FF7F018001000000000000000000000087
:10CDAC00E2260000FF7F018001000000000000006F
:10CDBC0000000000E3260000FF7F0180010000005E
:10CDCC000000000000000000E4260000FF7F01804E
:10CDDC00010000000000000000000000E52600003B
:10CDEC00FF7F018001000000000000000000000037
:10CDFC00E6260000FF7F018001000000000000001B
:10CE0C00E00A0020DA26B80B0F27E8030101000026
:10CE1C0085740008DE0A0020D926D0070F27E80306
:10CE2C000201000085740008DC0A0020D826830764
:10CE3C000F27E8030301000085740008DA0A0020BC
:10CE4C00D726D2040F27E8030401000085740008DC
:10CE5C00E60A0020EF260000FF7F018000000000A2
:10CE6C00D9730008E80A0020F0260000FF7F01803B
:10CE7C0000000000D9730008E20A0020F126BB660E
:10CE8C00FF7F01800100000000000000E40A002088
:10CE9C00F22666BBFF7F018001000000000000004D
:10CEAC00FE3F0008F6260000FF7F01800100000015
:10CEBC000000000002020020F726E2070F27000006
:10CECC000100000000000000EA0A00200227000018
:10CEDC00FF7F01800100000000000000EC0A002030
:10CEEC0003270000FF7F018001000000000000000C
:10CEFC00EE0A002004270000FF7F018001000000E3
:10CF0C000000000030D2000805270000FF7F0180E0
:10CF1C00010000000000000032D2000806270000CB
:10CF2C00FF7F0180010000000000000034D20008E7
:10CF3C0007270000FF7F01800100000000000000B7
:10CF4C0036D2000808270000FF7F01800100000096
:10CF5C000000000038D2000809270000FF7F018084
:10CF6C0001000000000000003AD200080A2700006F
:10CF7C00FF7F018001000000000000003CD200088F
:10CF8C000B270000FF7F0180010000000000000063
:10CF9C003ED200080C270000FF7F0180010000003A
:10CFAC000000000040D200080D270000FF7F018028
:10CFBC00010000000000000042D200080E27000013
:10CFCC00FF7F018001000000000000002409002008
:10CFDC004A006405DC05B00401010000B9700008CA
:10CFEC00260900204B00F4015802640001010000E6
:10CFFC0015710008280900204C00E2047805B004E3
:10D00C0002010000000000002A0900204D0064000D
:10D01C002C01000003010000000000002C0900207E
:10D02C004E000F002C010000030100000000000066
:10D03C002E0900204F00BE07FF7F01800401000075
:10D04C00000000000000000050001405AA054C046C
:10D05C0004010000000000000000000051009600D8
:10D06C00F4010A0004010000000000003009002057
:10D07C00520002000200000002010000000000004B
:10D08C0032090020530000000100000002010000E2
:10D09C00000000003409002054002C01F40132007F
:10D0AC0003010000000000003609002055003C0080
:10D0BC007800010003010000000000003809002086
:10D0CC005600A00534173C000301000000000000CE
:10D0DC003A0900205700E40478054C0403010000D1
:10D0EC00000000003C09002058003200640070FE73
:10D0FC0002010000000000003E0900205900000061
:10D10C00640070FE02010000B574000840090020A4
:10D11C0084002602D007FA00030100008D74000879
:10D12C00420900208500000064000000040100009A
:10D13C0000000000440900208600AA05DC05140547
:10D14C0004010000000000004609002087007E0456
:10D15C0014054C04040100000000000048090020E4
:10D16C0088000800E803000004010000C9740008EE
:10D17C004A09002089001900E8030000040100009E
:10D18C00C97400084C0900208A000200E803000062
:10D19C0004010000C97400084E0900208B008200B5
:10D1AC00E803000004010000F1740008500900209D
:10D1BC008C006400E803000004010000F174000816
:10D1CC00520900208D000000E8030000040100005B
:10D1DC00F1740008000000000000000000000000D6
:10D1EC000000000000000000000000000000000033
:10D1FC000000000000000000000000000000000023
:10D20C000000000000000000000000000000000012
:10D21C000000000000000000000000000000000002
:10D22C0000000000444243320000000000000000F7
:10D23C0000000000000000000000C1C081C14001DE
:10D24C0001C3C003800241C201C6C006800741C7AA
:10D25C000005C1C581C4400401CCC00C800D41CD7A
:10D26C00000FC1CF81CE400E000AC1CA81CB400B4A
:10D27C0001C9C009800841C801D8C018801941D91A
:10D28C00001BC1DB81DA401A001EC1DE81DF401FAA
:10D29C0001DDC01D801C41DC0014C1D481D54015BA
:10D2AC0001D7C017801641D601D2C012801341D3CA
:10D2BC000011C1D181D0401001F0C030803141F15A
:10D2CC000033C1F381F240320036C1F681F74037AA
:10D2DC0001F5C035803441F4003CC1FC81FD403D7A
:10D2EC0001FFC03F803E41FE01FAC03A803B41FB4A
:10D2FC000039C1F981F840380028C1E881E940299A
:10D30C0001EBC02B802A41EA01EEC02E802F41EFA9
:10D31C00002DC1ED81EC402C01E4C024802541E5B9
:10D32C000027C1E781E640260022C1E281E34023C9
:10D33C0001E1C021802041E001A0C060806141A1D9
:10D34C000063C1A381A240620066C1A681A74067A9
:10D35C0001A5C065806441A4006CC1AC81AD406D79
:10D36C0001AFC06F806E41AE01AAC06A806B41AB49
:10D37C000069C1A981A840680078C1B881B9407919
:10D38C0001BBC07B807A41BA01BEC07E807F41BFA9
:10D39C00007DC1BD81BC407C01B4C074807541B5B9
:10D3AC000077C1B781B640760072C1B281B34073C9
:10D3BC0001B1C071807041B00050C1908191405159
:10D3CC000193C053805241920196C05680574197A9
:10D3DC000055C19581944054019CC05C805D419D79
:10D3EC00005FC19F819E405E005AC19A819B405B49
:10D3FC000199C059805841980188C0488049418999
:10D40C00004BC18B818A404A004EC18E818F404FA8
:10D41C00018DC04D804C418C0044C18481854045B8
:10D42C000187C047804641860182C04280434183C8
:10D43C000041C181818040400000000001020304D2
:10D44C00454E2D4B4F20436F6E74726F6C20537989
:10D45C007374656D730053544D3332205669727476
:10D46C0075616C20436F6D506F72740043444320A0
:10D47C00436F6E6669670043444320496E7465725E
:08D48C00666163650000000009
:04D49400454E4B4F67
:04D49800E94000085F
:04D49C00C140000883
:10D4A0000100E20700127A00010000000400000001
:10D4B00009074300020104C032090400000102020E
:10D4C00001000524001001052401000104240202CA
:10D4D0000524060001070582030800100904010065
:10D4E000020A000000070501024000000705810252
:10D4F0004000000009024300020100C0320904009C
:10D5000000010202010005240010010524010001B0
:10D510000424020205240600010705820308001006
:10D5200009040100020A0000000705010240000092
:10D53000070581024000000009024300020100C00B
:10D540003209040000010202010005240010010557
:10D5500024010001042402020524060001070582BB
:10D560000308001009040100020A00000007050179
:10D570000200020007058102000200009FB30008BC
:10D5800059B300089DB2000800000000B9B10008BE
:10D5900051B200081DB200080000000000000000A9
:10D5A00000000000F9B10008EDB1000805B2000864
:10D5B00011B200080A06000200000040010000004D
:10D5C00011BD000819BD000815BD000849BD0008BF
:10D5D0001A0300000000000000000000000000002E
:10D5E0000000000000000000000000000403090427
:10D5F00012010002020200408304405700020102AF
:10D60000030100008DBD000899BD000811BE00088F
:10D610002DBE0008C9BD000849BE000865BE00084F
:10D62000840300200000000074160020DC16002097
:10D63000441700200000000000000000000000006F
:10D6400000000000000000000000000000000000DA
:10D6500000000000000000000000000000000000CA
:10D6600000000000000000000000000000000000BA
:04EFFC00454E4B4FE4
:020000042000DA
:1000000000000000000000000000000000000000F0
:1000100000000000000000000000000000000000E0
:1000200000000000000000000000000000000000D0
:1000300000000000000000000000000000000000C0
:1000400000000000000000000000000000000000B0
:1000500000000000000000000000000000000000A0
:100060000000000000000000000000000000000090
:100070000000000000000000000000000000000080
:100080000000000000000000000000000000000070
:100090000000000000000000000000000000000060
:1000A0000000000000000000000000000000000050
:1000B0000000000000000000000000000000000040
:0800C000000000000000000038
:04000005080082ADC0
:00000001FF
