:020000040800F2
:1048000000400020898F0008798D00087B8D00080A
:104810000000000000000000000000000000000098
:104820000000000000000000000000007D8D000876
:1048300000000000000000007F8D0008818D00084E
:10484000D98F0008D98F0008D98F0008D98F0008A8
:10485000D98F0008D98F0008D98F0008838D0008F0
:10486000D98F0008D98F0008D98F0008D98F000888
:10487000D98F0008D98F0008D98F0008D98F000878
:10488000D98F0008D98F0008D98F00088D8D0008B6
:104890009D8D0008D98F0008D98F0008D98F000896
:1048A000D98F0008D98F0008D98F0008D98F000848
:1048B000D98F0008D98F0008AD8D0008BD8D000884
:1048C00010B5064C2378002B07D1054B002B02D0E6
:1048D000044800E000BF0123237010BDD80300206E
:1048E00000000000F8CE0008044B10B5002B03D0E8
:1048F0000349044800E000BF10BDC04600000000AE
:10490000DC030020F8CE00080023C25C0133002A3B
:10491000FBD1581E7047000002B471464908490097
:10492000095C49008E4402BC7047C04603B471461E
:10493000490840004900095A49008E4403BC7047A9
:10494000002243088B4274D303098B425FD3030ACE
:104950008B4244D3030B8B4228D3030C8B420DD3E1
:10496000FF22090212BA030C8B4202D3121209026F
:1049700065D0030B8B4219D300E0090AC30B8B42AD
:1049800001D3CB03C01A5241830B8B4201D38B035B
:10499000C01A5241430B8B4201D34B03C01A524100
:1049A000030B8B4201D30B03C01A5241C30A8B4243
:1049B00001D3CB02C01A5241830A8B4201D38B022E
:1049C000C01A5241430A8B4201D34B02C01A5241D2
:1049D000030A8B4201D30B02C01A5241CDD2C30944
:1049E0008B4201D3CB01C01A524183098B4201D3C0
:1049F0008B01C01A524143098B4201D34B01C01AAB
:104A0000524103098B4201D30B01C01A5241C30822
:104A10008B4201D3CB00C01A524183088B4201D391
:104A20008B00C01A524143088B4201D34B00C01A7D
:104A30005241411A00D20146524110467047FFE7E9
:104A400001B5002000F0F0F802BDC0460029F7D003
:104A500076E7704703460B437FD4002243088B421E
:104A600074D303098B425FD3030A8B4244D3030BF5
:104A70008B4228D3030C8B420DD3FF22090212BABA
:104A8000030C8B4202D31212090265D0030B8B4236
:104A900019D300E0090AC30B8B4201D3CB03C01A20
:104AA0005241830B8B4201D38B03C01A5241430BFB
:104AB0008B4201D34B03C01A5241030B8B4201D3EB
:104AC0000B03C01A5241C30A8B4201D3CB02C01A56
:104AD0005241830A8B4201D38B02C01A5241430ACE
:104AE0008B4201D34B02C01A5241030A8B4201D3BD
:104AF0000B02C01A5241CDD2C3098B4201D3CB0164
:104B0000C01A524183098B4201D38B01C01A524112
:104B100043098B4201D34B01C01A524103098B4216
:104B200001D30B01C01A5241C3088B4201D3CB0001
:104B3000C01A524183088B4201D38B00C01A5241E4
:104B400043088B4201D34B00C01A5241411A00D294
:104B500001465241104670475DE0CA0F00D04942FD
:104B6000031000D34042534000229C4603098B426D
:104B70002DD3030A8B4212D3FC22890112BA030AF5
:104B80008B420CD3890192118B4208D38901921177
:104B90008B4204D389013AD0921100E08909C309FC
:104BA0008B4201D3CB01C01A524183098B4201D3FE
:104BB0008B01C01A524143098B4201D34B01C01AE9
:104BC000524103098B4201D30B01C01A5241C30861
:104BD0008B4201D3CB00C01A524183088B4201D3D0
:104BE0008B00C01A5241D9D243088B4201D34B00EB
:104BF000C01A5241411A00D20146634652415B102D
:104C0000104601D34042002B00D54942704763460D
:104C10005B1000D3404201B5002000F005F802BD52
:104C20000029F8D016E770477047C046D0400B0007
:104C3000D1409C46203AD3401843524263469340A9
:104C400018437047F0B5DE46454657464E46E0B538
:104C500087B0009201930B031B0B9B46CA0F4B00BE
:104C6000040080465B0D029200D16AE1D44A93426F
:104C700000D18CE15946420FC9000A438021090442
:104C80001143C2009046CF4A894692469A44002377
:104C900000240393009E019F3B031B0B9B467B005C
:104CA00030005B0DFD0F002B00D128E1C44A934278
:104CB00000D177E15946720FC9000A4380210904E7
:104CC00011438B46BF49F2008C4651466344CB1AD0
:104CD0009A460023029E6E400F2C27D8BA49A400A2
:104CE00009598F46CB464246029E039B022B16D0A3
:104CF000032B00D1A6E2012B00D0DFE0002200232D
:104D0000002490461B052343F60733434046190011
:104D100007B0F0BCBB46B246A946A046F0BD002293
:104D200000249046A64BEDE72E00DFE7CB4500D2EE
:104D3000D4E100D1CFE101235B429C464446484682
:104D40000027E2445B46150E1B021D43190C2B0481
:104D5000120200951D0C914602910395FFF776FE15
:104D600002006A430B04210C804619438A4209D988
:104D7000009D0123AC465B4261449C46E0448D4269
:104D800000D8FBE1881A0299FFF760FE039A240419
:104D900042430904240C03000C43A24206D90099A3
:104DA000013B8C466444A14200D8E1E1A01A42468E
:104DB00012041A4393464B4659461B0C1D0004939C
:104DC0000B0449460904090C0C001B0C5C43120C33
:104DD0006B43884651436A43250CAC465B186344D9
:104DE000994203D9802149028C466244190C24045B
:104DF0001B04240C8A181C19904202D316D1A74216
:104E000014D25B46009D013B4F4405934F459B41A7
:104E1000AC465B426344C018854200D3A1E18242A4
:104E200000D9F6E100D1F1E1059B9B463C1BA7426E
:104E3000BF41009D801A7F42C01B854200D1D0E156
:104E40000299FFF703FE039A0B044243210C07006B
:104E500019438A4200D978E1881A0299FFF7F6FDD2
:104E6000039A240442430904240C03000C43A24285
:104E700000D95DE14146A41A3A041A43049D130483
:104E80001B0C594347466B439C46100C47430B0C85
:104E9000BC44634468439F4203D980256D02AC46FD
:104EA00060441F0C09041B04090C3F185B18BC422A
:104EB00000D202E100D1FDE001231A43434B5344E9
:104EC000002B00DCAEE0510700D098E15946C90143
:104ED00006D559463E4B194080238B46DB00534490
:104EE0003C498B4200DD1AE75946D2084907114375
:104EF0005A465B0554028846240B5B0D02E75A466E
:104F0000009B1A4300D17EE05B46002B00D100E1FC
:104F1000584600F0E3FC020003000B3A1D27009EF8
:104F2000BA1A19005846D640083988403200024360
:104F30009346009A8A40284953448A469A4400235B
:104F4000C8E65B460343994656D05B46002B00D12A
:104F5000CDE0584600F0C2FC0B235B429C460200A9
:104F6000844466461D239B1B260011005846DE40E4
:104F70000839884033000343994623008B40984604
:104F8000164B00249B1A9A460023039382E65A4646
:104F9000024391462AD100229A46022390460824D1
:104FA000039377E65A46009B1A430D4B9C46E24416
:104FB000002A17D102231C4300239B46023389E6B3
:104FC000FF07000001FCFFFF10CF0008FF030000F7
:104FD000FFFFFFFEFE070000F30300000DFCFFFFD4
:104FE00001F8FFFF032332001C4373E69A460323B4
:104FF000D9460C2403934DE6002398469A46013384
:105000000424039346E601231C4300239B460133FB
:1050100060E60023802498460026924B240371E624
:10502000012252420121C91A382900DD66E61F29F2
:1050300000DCABE01F204042C31A5846D8400300B2
:10504000202904D058468849514488400243511EC3
:105050008A411A43072319000024114013420CD03F
:105060000F231340042B00D1F9E0111D91429B4105
:105070000A005B4259075B021C0BD2080A439046A8
:1050800000233FE680244B462403234209D05B469D
:10509000234206D11C4324032E009046714B240B5F
:1050A00030E680244B4624031C432403029E6D4BB0
:1050B000240B27E6002B00D100E70098511E844600
:1050C0006444844200D284E0BC4200D2AEE000D10D
:1050D000C1E00A00F0E6424500D92CE64B46DC0769
:1050E000580843465B081C434346DF072AE600F0A6
:1050F000F5FB15239C4684440200634620321C2B9A
:1051000000DC2EE7230008388340994600239846A8
:1051100036E700F0E3FB02000300153220331C2ABF
:1051200000DCFBE600990838814000228B4602E74C
:105130000099013B8C466444A14200D99AE6A24200
:1051400000D897E6831E644494E6AC466144013F70
:105150008D4200D980E68A4200D87DE6871E6144F0
:105160007AE6854200D05FE6B94500D95CE656E6AE
:10517000A24200D81AE6831E644417E68A4200D889
:1051800000E6AC46831E98466144FBE537481400B0
:10519000504482405B4617008340CC407A1E9741C2
:1051A00023433B431A005B46CB40510709D00F21F4
:1051B0001140042905D0111D9142924152429B1881
:1051C0000A00190200D455E700220123002490466A
:1051D00098E50A00BC4200D06EE64B4500D06BE675
:1051E0006CE6234B234A5344924500DA18E7012129
:1051F00049420A1D8A42894149428B4466E60F2191
:105200001140042900D161E61100F2E7BC4200D848
:105210000AE602235B429C4600994F444F459B415E
:10522000E3448C465B426344C018FFE54946009D59
:10523000480048458941AC46494261448146023AAA
:105240006418C7E780245B4624031C43240390466C
:10525000044B240B56E59945E8D30A00BDE700232B
:1052600008E7C046FF0700003E0400001E040000DF
:10527000FF03000002FCFFFFF0B55746DE464E4636
:105280004546E0B51F000B031B0B16009A46CA0FDC
:105290004B000400934687B05B0D00D1D5E0BB4ABC
:1052A000934200D1F8E05146420FC9000A438021E1
:1052B00009041143C2009146B54A8A469D1800234D
:1052C000984602933C037B00FA0F3000240B5B0DE1
:1052D000009200D196E0AD4A934231D0720FE400C3
:1052E0002243802424041443A94AF00094466344D2
:1052F0005B195A1C0192424600260A2A42DC5A4691
:1053000000994A4093464246022A32DC013A012A79
:1053100000D949E1022E00D1CAE0012E3DD100237F
:105320000024002210005A461B052343D2071343D2
:10533000190007B0F0BCBB46B246A946A046F0BD76
:10534000924B2643EB18002E00D1BBE003224146CE
:1053500011435A46884600994A40802109018C46EB
:1053600029006144019141460A2900DD33E2934658
:105370000326424601279740A6213A00C9000A4069
:105380000F4231D0029E022E00D135E2032E00D111
:10539000D2E154464846012EC1D0019A7D4B944635
:1053A0006344002B00DCC0E0420709D00F2202401A
:1053B000042A05D0021D8242804140422418100078
:1053C000E20106D5744B019A1C4080239446DB0011
:1053D0006344724A93426BDC6207C00864025B0557
:1053E0000243240B5B0D9DE7902189000F4263D19E
:1053F00088223A4200D1D7E0009BA2469B468146D4
:105400000296BFE72300334300D17FE0002C00D198
:10541000ADE1200000F062FA020003000B3A1D200B
:105420001900821A30000839D0408C400443300003
:1054300088405B4AEB1A944663445A1C01924246E8
:1054400000260A2A00DC5AE79CE7534603439946A4
:1054500054D05346002B00D177E1504600F03EFA7D
:105460000B235B429C4602008444110050460839DD
:1054700088401D23804660461B1A2000D840030048
:10548000404603439A4623008B4099460023444DEF
:105490009846AD1A029315E752460243914626D12B
:1054A00000221D000223924608329046029309E72B
:1054B00000240022354B35E7002380249B4624033B
:1054C000324B2FE7022241461143802212019446BB
:1054D0002A006244884601920A2900DD52E75A46B2
:1054E0000020009904004A40934602260BE70C2254
:1054F0001D000323814690460293E3E600239A466B
:1055000004339846033B00250293DBE64246013311
:105510001A432B0090465A1C019242460024002058
:1055200001260A2A00DCEAE62CE70122D21A382AF0
:1055300000DDF4E61F2A00DC2AE11F214942CB1AD4
:105540002100D9400B00202A05D0164A019D94461F
:105550006544AC402043421E904118430723190084
:105560000024014003420CD00F230340042B00D140
:1055700040E1031D8342A4411800644261076402B4
:10558000240BC20800230A43CCE6C046FF070000F4
:1055900001FCFFFFFF030000FFFFFFFEFE0700000E
:1055A0000DFCFFFF3E04000049464A460904090C71
:1055B0000D00160C020C0004000C4543AC4605001F
:1055C0007543A84615000F007543009202952A0006
:1055D000009D6F4365462D0CA94647444F44B8458E
:1055E00005D91500802252029046454402953D0C93
:1055F000039565462D043F042D0CAC463D006544E3
:105600000495250C2404240CAC4625007543A846BB
:1056100065460F006943414489466743390C494454
:105620006E43884503D980225202904646440D0CB1
:10563000A846350045440595039D3F04A8463F0C08
:105640000904C91988444546039555462E04360C6D
:105650002F0C35004543784381463800A8462D0C71
:10566000AA46009A504372434A445244914503D992
:1056700080256D02A9464844150CA94645462D04CF
:105680002D0CA84665467D43120448449044A94623
:105690003200654662436E437C43170C3619BF19CE
:1056A000BC4203D980246402A446E144029C039EC8
:1056B000A446059D66448E428941AC4612043C04D2
:1056C000120CA2186244494254184644A446464566
:1056D000A44182466442A046AA4292418C45894137
:1056E000E244D044494252420A43A045A441824583
:1056F0008941644249420C4341463F0CD219121978
:10570000CC0D049970020843411E884141464A4429
:10571000F60D52023043490214430843D20135D5F5
:105720000122430802401343E0071843640834E6AB
:10573000009BA2469B4681468024534624031C437B
:1057400024034A462E4B240BECE500F0C7F8152342
:105750009C4684440200634620321C2B00DC84E615
:10576000002399462300083883409A468EE600F0CD
:10577000B5F802000300153220331C2A00DC4EE687
:1057800002003400083A0020944052E6019304E6F7
:105790001C4B21009C460300019DD3406544A94059
:1057A00019430300AB40581E834119430800D440FD
:1057B0004B0709D00F230B40042B05D00B1D8B4248
:1057C0008041404224181800230200D4D6E6012369
:1057D00000240022A6E50F29AAD1802352461B03EC
:1057E0001A42A9D01C42A7D11C43009B02009B4631
:1057F000034B97E50024C1E60024014B220091E50C
:10580000FF0700001E0400000B00020070B5164DDB
:105810000C0382B04900002000920193240B490D33
:10582000DE0FA94204DD1148814203DD104BF01860
:1058300002B070BD8020400320430E4C641A1F2C20
:1058400008DD0D4B5B1AD84003005842002EEFD103
:105850001800EDE7094B009A9C46030061448B4019
:10586000E2401343F1E7C046FE0300001D040000C0
:10587000FFFFFF7F3304000013040000EDFBFFFF78
:1058800070B5002816D0C317C5185D40C40F280096
:1058900000F024F8104B1B1A5B055B0D0A2814DC82
:1058A00002002E00153296400B22121AD5402D030D
:1058B0002D0B03E000240023002500261B052B43AD
:1058C000E40723433000190070BD0B3885402D03D9
:1058D00000262D0BF2E7C0461E0400001C21012308
:1058E0001B04984201D3000C10391B0A984201D3C3
:1058F000000A08391B09984201D30009043902A2A1
:10590000105C40187047C046040302020101010107
:105910000000000000000000F0B52F4D87B002909D
:105920000391059306B20314012128000492009309
:1059300002F01EFE294C301A0A2828DD284B226C62
:105940001B689A4202D9236C013B2364E26B254B0E
:10595000254E1A603368012B28D0244B1F68244B36
:105960001B6801930321280002F002FE009B181A15
:105970000A2821DDE36BBB4202D2E36B0A33E36307
:1059800033683368E26B1B4B1A6007B0F0BD01212E
:10599000280002F0EDFD361A0A36D7DA164B226CD3
:1059A0001B689A42D2D2236C0133CEE7FA23FA273E
:1059B0005B000193BF00D5E70321280002F0D8FD6A
:1059C000009B181A0A30DBDAE36B019A9342D7D9AD
:1059D000E36B013BD3E7C0461C05002000040040F8
:1059E0007C040020F4030020740400200402002042
:1059F00078040020F8030020000200207FB5174C37
:105A00000090019120000E1433210292039302F0C2
:105A1000AFFD134D01281DD15C2E0FDD2021286024
:105A2000200002F0A5FD022202432021200092B2B4
:105A300002F068FD2868C0B204B070BD592EF9DCD0
:105A40002021200002F094FDFD22202102402000B0
:105A500002F058FD00232B60ECE7C0461C05002037
:105A6000740400200122234B70B51B7C224C0500DE
:105A70001021200013421AD002F07AFD01280AD129
:105A80002021200002F074FD042202432021200086
:105A900092B202F037FD2021200002F069FD0423BC
:105AA000984382B22021200002F02CFD70BD02F04C
:105AB00029FD2021200002F05BFD0423984382B2DF
:105AC0002021200002F01EFDAA891821200002F0EA
:105AD0003BFD1121200002F04BFD0C23EA5E332335
:105AE0005A435212193A504343435B125B426B8153
:105AF000DCE7C046100400201C050020064A0749C8
:105B0000136C64330B60116C0023642901D9136C8E
:105B1000643B034A13607047000400400002002009
:105B20007C04002010B58010642800D26420034B50
:105B300064381864FFF7E2FF10BDC046000400405F
:105B400010B50C4C0021200002F012FD9623DB0062
:105B500098420DD30021200002F00AFD064B984226
:105B600006D80021200002F003FD00B2FFF7DAFFA3
:105B700010BDC0461C050020DC050000064A074990
:105B8000D36B64330B60D16B0023642901D9D36BD1
:105B9000643B034A13607047000400400402002085
:105BA000780400200523622243435B1201335A43E9
:105BB0000549002310B58A4201D8044B9B1A044AB8
:105BC000D363FFF7DBFF10BD55040000560400004F
:105BD0000004004010B5084C0221200002F0C8FC6F
:105BE00096239B00984206D80221200002F0C0FCB8
:105BF00000B2FFF7D7FF10BD1C050020014B18783D
:105C00007047C04608020020014B18707047C0461C
:105C10000802002010B5084B1B78012B05D0042B7F
:105C200003D00122002B01D010BD002290200421BE
:105C3000C00504F021FAF7E70802002084B00393BE
:105C400003B201910120002B0ED06B469B89074ABD
:105C50009033FF339BB2934206D86B460620185E02
:105C6000963843425841C0B204B070476A070000FA
:105C700070B5E1260022835E0500264CF600B34293
:105C800019DB0021244A200002F03CFCAF22042151
:105C90001201200002F036FC0022AB5EB3421CDB96
:105CA0002021200002F064FCDF222021024020009D
:105CB00002F028FC11E0C826F600B34217DC0021F0
:105CC000164A200002F01EFC154A0421200002F0B2
:105CD00019FC0022AB5EB342E2DD00220D21200060
:105CE00002F010FC01F04CFF02F034F870BD962277
:105CF0000021D200200002F005FC094A0421200006
:105D000002F000FC2021200002F032FC2021084398
:105D100082B2CCE71C050020C80A00006405000020
:105D2000AA050000F8B5464C05001C21200002F031
:105D30001FFC01280BD100220A21200002F0E2FB07
:105D40000023404A1360404A1360404A13600A210E
:105D5000200002F00DFC012822D0022845D00028A6
:105D600066D1384A30211368200001331360364A67
:105D7000136801331360202202F0C4FB0222312198
:105D8000200002F0BFFB032120000223ED5E02F0A1
:105D9000EFFBF323434301221B129D4220DDF8BD9C
:105DA000284A2A4D13683021013313602B682022C2
:105DB000013320002B6002F0A5FB022231212000DC
:105DC00002F0A0FB204B2A681B685B089342E6D8D0
:105DD0000521200002F0CCFB2B689842DFD802227C
:105DE0000A21200002F08EFBD9E7164D164F174E00
:105DF0002A683B68316801325B182A605B009A426E
:105E0000CDD30621200002F0B3FB2B689842C6D800
:105E10000B21200002F0ACFB0128C0D100220A2196
:105E2000200002F06FFB00232B603B603360B6E77D
:105E300050223021200002F065FB02223121D0E700
:105E40001C05002080040020880400208404002019
:105E500070B501220D00040040211E4804F00CF929
:105E6000012210211B4804F007F9012220211948C2
:105E700004F002F9022D08D0402C1DD006D8202CA9
:105E800025D0302C15D0102C0BD070BD602C19D023
:105E9000702C09D0502CF8D1002240210D4804F07C
:105EA000EBF80022102109E000224021094804F00B
:105EB000E3F80022102107E000222100054804F049
:105EC000DBF8E2E700224021024804F0D5F8002286
:105ED0002021F3E7000400480321034A13688B43A1
:105EE000034313607047C04600000140044BDA686A
:105EF000002902D00243DA6070478243FBE7C046C4
:105F00000010024000234360037070470223002901
:105F100001DD4160013B0370704743680278002B4C
:105F200004D1012A01D1023303707047012AFCD148
:105F3000013B4360F9E70381002310B502AC2478EC
:105F4000C160C474028283744360037010BD10B5D5
:105F5000C37C0400002B0BD1C36800229A5E102181
:105F6000435E9A420DDB0023A374636023701AE042
:105F7000012BF8D1C36800229A5E1021435E9A4239
:105F8000F1DD2378002B03D120002189FFF7BEFF2C
:105F90002378012B02D12000FFF7BFFF2378022BCB
:105FA00001D1013BA37410BD036810B51B88082400
:105FB000025F9B1A0A24025F0F2453438289134114
:105FC00042689B0162439B181A119B121BB24260EC
:105FD000C3810B8010BD0000224B10B500241C5F54
:105FE000214B0020185E001BFFF74AFC02000B004B
:105FF00000201E49FEF726FE00221D4BFFF73CF94C
:10600000FFF702FC1B4B1C4A1A601C4A9A600B22C9
:106010009A811B4B1B4A1A601B4A9A600C229A8178
:106020001A4B1B4A1C811A600A2258819A81194B0B
:10603000194A1A60194A9A6005229A81184B194A1E
:106040001A60194A9A6006229A81197C053A0A4315
:106050001A74164B164A1A60FA2252049A600822E1
:106060009A8110BDB8F7FF1FC2F7FF1F0000544010
:106070000000904060040020160500200000170773
:106080004C040020180500200000E309380400201B
:106090001A0500202404002010050020C012FFFF74
:1060A0001004002012050020D7016C00FC03002022
:1060B00014050020414B70B500241C5F404B0020AC
:1060C000185E001BFFF7DCFB02000B0000203D49BF
:1060D000FEF7B8FD00223C4BFFF7CEF8FFF794FB2C
:1060E0003A4B3B4A1C811A600A223A4C58813821AB
:1060F00020009A8102F03CFA39210600200002F0CB
:1061000037FA3A210500200002F032FA324B334AC6
:1061100098813B2120001A601E815D8102F028FADF
:106120003C210600200002F023FA3D21050020005A
:1061300002F01EFA2A4B2B4A9881412120001A6056
:106140001E815D8102F014FA42210600200002F057
:106150000FFA43210500200002F00AFA224B234ADD
:106160009881472120001A601E815D8102F000FAAB
:1061700048210600200002F0FBF94921050020001B
:1061800002F0F6F91A4B1B4A9881442120001A604C
:106190001E815D8102F0ECF945210600200002F02D
:1061A000E7F946210500200002F0E2F9124B134AFC
:1061B0001E815D811A60988170BDC046B8F7FF1FCF
:1061C000C2F7FF1F00005440000090403804002038
:1061D0001A0500201C050020600400201605002080
:1061E0004C04002018050020240400201005002085
:1061F0001004002012050020FC03002014050020DC
:10620000F7B57C4E010005003000FFF7CDFE336886
:10621000794C1A88212192B2200002F073F9336878
:106220004B2120001F8802F0A3F9BFB2012387424F
:1062300009D333684C2120001F8802F099F9BFB2BE
:10624000B8429B415B420127327CA91CBA431343ED
:1062500033746A4E3000FFF7A7FE336822211A8894
:10626000200092B202F04EF933684D211B882000C5
:106270009BB2019302F07CF9019A3B00824209D360
:1062800033684E2120001F8802F072F9BFB2B84275
:10629000BF417B420127327C291DBA43134333742B
:1062A000574E3000FFF780FE336823211A88200004
:1062B00092B202F027F9336855211B8820009BB267
:1062C000019302F055F9019B834209D333685621AB
:1062D00020001F8802F04CF9BFB2B842BF417F4294
:1062E0000122337C474993433B433374464E474B2B
:1062F00037681B88388801934843FEF721FB019BD0
:10630000C01A50235843424B1988019BC91AFEF703
:10631000A1FB1E3028813A88262192B2200002F08B
:10632000F1F833684F211B8820009BB21F0002F058
:106330001FF9012387420AD3336850211B882000AC
:106340009BB21F0002F014F9B8429B415B42012747
:10635000327CA91DBA43134333742E4E3000FFF72D
:1063600023FE336825211A88200092B202F0CAF871
:10637000336851211B8820009BB2019302F0F8F88A
:10638000019A3B00824209D33368522120001F88C2
:1063900002F0EEF8BFB2B842BF417B4201272900AC
:1063A000327C0C31BA43134333741B4E3000FFF779
:1063B000FBFD336824211A88200092B202F0A2F873
:1063C000336853211D882000ADB202F0D1F8854218
:1063D00009D33368542120001D8802F0C9F8ADB2FA
:1063E000A842BF417F420122337C93433B43337435
:1063F000F7BDC046600400201C0500204C040020AE
:10640000FC030020E40C000038040020B8F7FF1F54
:10641000C2F7FF1F240400201004002003005D3B8E
:1064200070B505000E00140011480A2B15D8012282
:106430002E2102F067F801F04FFD64200D4B0E4A4B
:106440006B439B1858433100FEF704FB031C80B2DA
:10645000A04200D9231C98B270BD0122682D00D93A
:1064600000222E2102F04EF801F036FD0020F3E765
:106470001C05002089FEFFFF87A5000010B50C4B0E
:106480000C490D4A1868C85004339342FAD10121CF
:106490000800FFF72BFD0320FFF71EFD074B1B78BD
:1064A000012B04D1064B1B78012B00D1C04610BD37
:1064B0000048000800B8FF17C0480008FCEF0008BB
:1064C000FCF7000810B5054C200002F0C9FF0622B9
:1064D0002000034902F0A8FE10BDC046A409002018
:1064E0001005002010B5054C0821200004F0B6FF6F
:1064F0000C21200004F0B2FF10BDC046A00A00200D
:1065000010B5164804F024FD1548FFF7FBFC154CA8
:106510002000FFF7F7FCC8212000FFF7F7FC124C22
:106520002000FFF7EFFC02232370104C2000FFF740
:10653000E9FC20000E49FFF7E9FC0E4C2000FFF7B4
:10654000E1FC0A212000FFF7E1FC0B4C2000FFF7E3
:10655000D9FC20000949FFF7D9FC10BD580A0020DA
:1065600004050020FC040020F4040020EC040020BA
:1065700060EA0000E4040020DC040020002E930206
:1065800070B5444C00223121200001F0BBFF4022B5
:106590003021200001F0B6FF3021200001F0E8FF9B
:1065A0003D4E3E4D0021C0B2FFF752FC2E60C82088
:1065B00002F036FD2E6001F07FFA394D38212A892C
:1065C000200001F09FFF6A893921200001F09AFF25
:1065D000AA893A21200001F095FF324D3B212A89FA
:1065E000200001F08FFF6A893C21200001F08AFF22
:1065F000AA893D21200001F085FF2B4D3E212A89EB
:10660000200001F07FFF6A893F21200001F07AFF1E
:10661000AA894021200001F075FF244D41212A89DB
:10662000200001F06FFF6A894221200001F06AFF1B
:10663000AA894321200001F065FF1D4D44212A89CC
:10664000200001F05FFF6A894521200001F05AFF18
:10665000AA894621200001F055FF164D47212A89BD
:10666000200001F04FFF6A894821200001F04AFF15
:10667000AA894921200001F045FF02220A212000B9
:1066800001F040FF01222E21200001F03BFF01F02C
:1066900023FC70BD1C050020AAAA000000300040A9
:1066A000600400204C040020380400202404002052
:1066B000FC0300201004002010B5024801F01AFE6F
:1066C00010BDC0461C05002070B581260024B60010
:1066D0001A4D1B4BEB5AA34208D84A21280001F05F
:1066E00047FF012827D1FFF7E5FC70BD21002800F6
:1066F00001F0F2FE134B98420ED0AB5900011B186B
:106700005B7A2100012B0AD0280002F061F82100F9
:106710000200280001F0F6FE0134A4B2D8E70A48CE
:1067200000F02EFF21000200280001F0EBFE0028FF
:10673000F2D02100E8E7FFF74FFCD6E71C05002068
:1067400012020000FFFF000000F8000837B5FFF755
:10675000BBFF234C2C21200001F00AFF002828D188
:10676000FFF738FAFFF7ECF90421200001F000FFF1
:106770000124643002B21B491B481C4B0094FFF7F4
:10678000DAFB23001A491B481B4A0094FFF7D3FB8E
:10679000FA23AF2219491A4800949B009200FFF790
:1067A000CAFB5D2217491848104B0094FFF7C3FB42
:1067B00037BD2C21200001F0DBFE0128D4D12A2195
:1067C000200001F0D5FE114D2864FFF797F92B2129
:1067D000200001F0CDFEE863FFF7D0F9C4E7C04622
:1067E0001C050020E0070020C8040020B80B0000B2
:1067F000E4070020A004002014050000E2070020A8
:10680000B4040020E80700208C04002000040040AD
:1068100070B5434B434C9B7C1F212000002B60D064
:1068200001F0A6FE0122024392B21F21200001F0D6
:1068300069FE3D4B1F219B7C2000002B57D001F0AF
:1068400097FE0222024392B21F21200001F05AFE5D
:10685000364B1F219B7C2000002B4ED001F088FE80
:106860000422024392B21F21200001F04BFE304D62
:10687000132120000C23EE5E01F07AFE20218642D7
:1068800008DC122120000C23EE5E01F071FE2021B5
:10689000864238DD200001F06BFE0822024392B2EE
:1068A0002021200001F02EFE68882B88E988000452
:1068B0001843AB886A89090419432B8912041A43C7
:1068C000AB89FFF7BBF9202105002000012D21D164
:1068D00001F04EFE0543AAB22021200001F012FE75
:1068E00070BD01F045FE0123984382B29DE701F09F
:1068F0003FFE0223984382B2A6E701F039FE04234B
:10690000984382B2AFE7200001F032FE082398439B
:1069100082B2C5E701F02CFEFE220240DCE7C04651
:10692000A00400201C0500208C040020C8040020C6
:10693000E007002010B517490223CA5E0523534320
:10694000154A5B12134004D51022013B52421343F7
:1069500001331A1CDBB20A2B00D90A220F48D3B22A
:106960009B001A5801321A500823CA5E33230020B4
:1069700053435A12834203DB6430824200DC10B27C
:106980000A21FEF767F8064A00B2800083580133F7
:10699000835010BDE00700200F000080900700200A
:1069A0004007002070B500242600A8B028226846C1
:1069B0001A4900F068FD1A4A1A486946A300C958E6
:1069C000156881421DD16946CD50013440C2142C56
:1069D000F3D10026144A6946A300C95815688142BC
:1069E00015D16946CD50013440C2282CF3D11E2068
:1069F00000F072FD22006846084900F04FFD28B003
:106A000070BD6946C95849196D46E950DDE76946C8
:106A1000C95849196D46E950E5E7C04600F000083D
:106A200090070020FFFF00004007002010B5A8B02D
:106A3000684628227A4900F026FD7A4C009A5B21AC
:106A40002000120C01F05EFD009A5C21200092B241
:106A500001F058FD019A5D212000120C01F052FD59
:106A6000019A5E21200092B201F04CFD029A5F2152
:106A70002000120C01F046FD029A6021200092B223
:106A800001F040FD039A61212000120C01F03AFD53
:106A9000039A6221200092B201F034FD049A63212E
:106AA0002000120C01F02EFD049A6421200092B205
:106AB00001F028FD059A65212000120C01F022FD4D
:106AC000059A6621200092B201F01CFD069A67210A
:106AD0002000120C01F016FD069A6821200092B2E7
:106AE00001F010FD079A69212000120C01F00AFD47
:106AF000079A6A21200092B201F004FD089A6B21E6
:106B00002000120C01F0FEFC089A6C21200092B2C9
:106B100001F0F8FC099A6D212000120C01F0F2FC42
:106B2000099A6E21200092B201F0ECFC149A6F21B8
:106B30002000120C01F0E6FC149A7021200092B2A1
:106B400001F0E0FC159A71212000120C01F0DAFC32
:106B5000159A7221200092B201F0D4FC169A73218A
:106B60002000120C01F0CEFC169A7421200092B283
:106B700001F0C8FC179A75212000120C01F0C2FC2C
:106B8000179A7621200092B201F0BCFC189A772166
:106B90002000120C01F0B6FC189A7821200092B265
:106BA00001F0B0FC199A79212000120C01F0AAFC26
:106BB000199A7A21200092B201F0A4FC1A9A7B2142
:106BC0002000120C01F09EFC1A9A7C21200092B247
:106BD00001F098FC1B9A7D212000120C01F092FC20
:106BE0001B9A7E21200092B201F08CFC1C9A7F211E
:106BF0002000120C01F086FC1C9A8021200092B229
:106C000001F080FC1D9A81212000120C01F07AFC19
:106C10001D9A8221200092B201F074FC28B010BDB0
:106C200000F000081C05002070B5474C0C21200026
:106C300001F09EFC002821D0012800D07BE000223A
:106C40003121200001F05EFC0021200001F090FCC9
:106C5000E123DB00984205D330221100200001F02F
:106C600051FC14E00021200001F082FCC823102216
:106C7000DB00984200D960223021EFE70D2120008F
:106C800001F076FC012803D13048FEF7F1FF70BD1A
:106C90000D21200001F06CFC051EF8D10A21200016
:106CA00001F066FC0228F2D12A003121200001F017
:106CB00029FC29002000E12601F05AFCF600B04230
:106CC00011D330222000110001F01CFC1F4B0022C8
:106CD0009B5EB342DBDB2021200001F049FCDF2278
:106CE00020210240BAE729002000C82601F040FC1C
:106CF000F600B04212D82900200001F039FC96239A
:106D0000DB0098420AD910223021200001F0FAFB62
:106D10000E4B00229B5EB342B9DCDCE760223021DF
:106D2000200001F0EFFB2021200001F021FC2021B8
:106D3000084382B292E750223021200001F0E2FBAA
:106D4000002231218AE7C0461C050020E007002010
:106D5000F0B5D24BD24CD34A85B01A600A2120003C
:106D600001F006FC1E210200200001F0CBFBCE4DFD
:106D70002800FFF745FA15212A88200001F0C2FB00
:106D800016216A88200001F0BDFB1921EA88200045
:106D900001F0B8FB1B21AA88200001F0B3FB1A21E7
:106DA0002A89200001F0AEFB1821AA89200001F0F9
:106DB000CBFBFFF72DFDFFF737FF2C21200001F063
:106DC000D7FB00280CD1B94E2A21326C200092B298
:106DD00001F098FBF26B2B21200092B201F092FBA4
:106DE000142120000623EE5E01F0C2FB864204DD82
:106DF00014212000EA8801F085FBAD4B0093AD4BD8
:106E00000193009B9E7C019B9B7C1E43AA4B9B7C19
:106E10001E43AA4B9B7C1E432FD0FEF7EFFE032898
:106E200002D00420FEF7F0FEFEF7F4FEA44803783B
:106E3000022B00D087E00A21FFF768F80C21200020
:106E400001F096FB012800D0C0E00E21200001F0E7
:106E50008FFB012817D10222AB5E0F212000029385
:106E600001F086FB07000021200001F081FB029B5E
:106E70005F43FB11C21A92B20AE0FEF7BFFE03287D
:106E8000D2D03000CEE70021200001F071FB0200DB
:106E90000121200001F036FB68882B88E988000476
:106EA0001843AB886A89090419432B8912041A43D1
:106EB000AB89FEF7A3FD012800D0E8E08148077800
:106EC000022F2BD18049FFF721F80321200001F088
:106ED0004FFB632800D8D8E00321200001F048FBD5
:106EE00039000600200001F043FB864200D9CCE0C7
:106EF000EB8800212000029301F03AFB39000600E4
:106F0000200001F035FB310002000298FFF786FAFD
:106F1000021E03D00321200001F0F4FA2C212000EE
:106F200001F026FB00280ED168882B88E988000430
:106F30001843AB886A89090419432B8912041A4340
:106F4000AB89FEF7E9FC614B614E1F780293022F7B
:106F500000D0BFE00C21200001F00AFB03900028C4
:106F600000D0B7E00298FEF7CDFF90202021C005A9
:106F700003F07CF80122002808D090202021C005D1
:106F800003F074F8012800D0A4E0039A1C2120002B
:106F900001F0B8FA377030004B49FEF7B7FF0C210B
:106FA000200001F0E5FA002802D12800FEF7BAFE21
:106FB0000C21200001F0DCFA002802D12800FEF7A5
:106FC00051FDFFF7B7FCFFF731FD87E00C212000F2
:106FD00001F0CEFA071E00D05EE70E21200001F07E
:106FE000C7FA012822D10A21200001F0C1FA0228A3
:106FF0001CD10222AB5E0F212000029301F0B8FAEF
:1070000039000390200001F0B3FA039B029A534326
:10701000DB11C21A92B20121200001F073FA0121A2
:10702000200001F0A5FA6A89821824E70E212000C9
:1070300001F09EFA012815D10A21200001F098FAEA
:1070400002280FD00222AB5E0F212000029301F034
:107050008FFA07000421200001F08AFA029B5F43A7
:10706000FB11D6E70E21200001F082FA002806D19C
:107070000A21200001F07CFA0421022800D100211D
:10708000200001F075FA0200C5E7642242E7022100
:10709000200001F06DFA02003CE7C04600300040DD
:1070A0001C050020AAAA0000E00700200004004000
:1070B000A0040020B40400208C040020C804002098
:1070C000E4040020EC04002060EA00000405002035
:1070D000F40400203378022B00D15CE738480578AF
:1070E000022D35D1C821FEF711FF009B9B7C002BA0
:1070F00039D040223021200001F004FA0022312151
:10710000200001F0FFF92F4A138801339DB20A2DA8
:1071100000D9002531212000158001F029FA2A4EDE
:107120004000854204DA3378002B3DD000233370D1
:107130003121200001F01CFA002837D101233370DF
:107140003021200001F014FA0021C0B2FEF780FEC9
:107150001E480378022B04D11D49FEF7D7FEFFF726
:1071600021FC05B0F0BD1B4B9B7C002B06D04022C0
:107170003021200001F0C6F90122C0E7164B9B7CAC
:10718000002B06D040223021200001F0BBF92A005C
:10719000B5E7019B9B7C002BB5D04022302120001D
:1071A00001F0B0F90322AAE70123C0E73378002BEE
:1071B000C6D13021200001F0DBF90221C0B2C5E7C1
:1071C000FC0400200E0500200C050020DC0400203B
:1071D000002E9302C80400208C04002010B54B4BF5
:1071E0004B4C1A8820004B4901F08CF900222000FA
:1071F000494901F087F9494B20001A88484901F0B4
:1072000081F92000474A484901F07CF9474B2000AA
:107210001A88474901F076F9464B20001A884649FA
:1072200001F070F9454B20001A88454901F06AF9D0
:10723000444B20001A88444901F064F9434B200074
:107240001A88434901F05EF9424B20001A884249EE
:1072500001F058F900222000404901F053F90022C2
:1072600020003F4901F04EF9002220003D4901F085
:1072700049F9002220003C4901F044F90022200095
:107280003A4901F03FF900222000394901F03AF96A
:1072900000222000374901F035F90022200036494C
:1072A00001F030F92000354A354901F02BF9200072
:1072B000344A354901F026F900222000334901F013
:1072C00021F900222000324901F01CF9002220009F
:1072D000304901F017F9002220002F4901F012F97E
:1072E000002220002D4901F00DF9002220002C4938
:1072F00001F008F9002220002A4901F003F90022D8
:107300002000294901F0FEF810BDC046C2FF000868
:107310001C050020F4260000F5260000C0FF000830
:10732000F6260000D6070000F7260000ACF7FF1F86
:10733000F8260000AEF7FF1FF9260000B0F7FF1F88
:10734000FA260000B2F7FF1FFB260000B4F7FF1F6C
:10735000FC260000B6F7FF1FFD260000EA2600000D
:10736000E9260000E8260000E7260000F1260000DC
:10737000F2260000EF260000F02600004442000044
:107380000527000043320000062700000727000001
:1073900008270000092700000A2700000B2700002B
:1073A0000C2700000D2700000E27000010B5FFF786
:1073B00089F8FFF781F9FFF7C9F9FFF70FFFFFF72A
:1073C00091F8FFF79DF8FFF7DBF8044800F072F939
:1073D00000F0B6FD00F0A8FD10BDC046E409002095
:1073E00010B51248FEF7B3FD1148FEF7B0FD114885
:1073F000FEF7ADFD1048FEF7AAFD1048FEF78DFD23
:107400000F48FEF78AFD0F48FEF787FD0E48FEF78E
:1074100084FD0E48FEF781FD0D48FEF77EFD0D4808
:1074200001F0E6F900F068F910BDC046C80400207C
:10743000B4040020A00400208C040020F4040020E8
:10744000EC04002004050020E4040020FC040020DB
:10745000DC0400201C05002010B5202803D1642185
:107460000148FEF753FD10BD040500200B0010B5C8
:107470005C1AA24200D810BD1C7804705C780233FC
:1074800044700230F4E710B592005218401A91424D
:1074900000D110BD431810C91C60F8E7F8B50B689F
:1074A00007000D0016000120013307D102F024FC73
:1074B0000024B44203D102F033FC0020F8BDA10047
:1074C0007B181A6869180023022002F05DFC642012
:1074D00002F030FC0134ECE713B5040002F00CFCC0
:1074E000002811D18022E4021205A4180122074BC2
:1074F0000190186001A918005C609A6002F0AEFC6F
:10750000002801D102F00CFC16BDC046F007002097
:107510000B68F7B506000F001400012001330DD1F0
:1075200002F0EAFB03231C4201D09C4304343500E3
:10753000AB1B9C4203D802F0F3FB0020FEBD0023EE
:1075400001932B78019A6420134301936B78019A7D
:107550001B0213430193AB78019A1B04134301935D
:10756000EB78019A1B061343019302F0E3FBB91B6E
:10757000491900230220019A02F006FC0435D7E7DE
:107580004900085A70470000F0B593B016006A46EB
:107590005C00E31DDB08DB00D31A00AF9D46220030
:1075A000684679601149FFF761FF08236D46F818B6
:1075B00040220F49FFF75AFF1F20FFF78DFF7B681E
:1075C000310A5B005A1CA954F2B2EA546846220000
:1075D0000649FFF79DFF082340220549F818FFF7E9
:1075E00097FF0020BD4613B0F0BDC04600F800086C
:1075F00000FF0008F7B554006A46E31DDB08DB0016
:10760000D31A00AF9D460E000B4D22002900786072
:107610006846FFF72BFF1F20FFF75EFF29002200BF
:107620006846FFF775FF320078680449FFF770FF7E
:10763000BD460020FEBDC04600F8000800FF00085F
:10764000F0B593B055006A46EB1DDB08DB00D31A9A
:1076500000AF9D462A00684679601449FFF706FF8F
:10766000082340221249F8186E46FFF7FFFE002457
:10767000AC4211D11F20FFF72FFF220030000B4931
:10768000FFF746FF082340220949F818FFF740FF9B
:107690000020BD4613B0F0BD7B68621C1B5B190A5D
:1076A000DBB2B15433550234E2E7C04600F80008BB
:1076B00000FF000870B50E4C05000100200000F02E
:1076C00002F90023032220000A4900F0ADF900214D
:1076D000200000F0DDF901236434227828001343F0
:1076E000237002F00EF82800032102F01AF970BD91
:1076F000FC07002050CF000810B5024800F01AF92E
:1077000010BDC046FC070020022310B5044A0548FE
:1077100011780B430021137000F06EF910BDC046C4
:1077200060080020FC070020012310B5034A04482C
:1077300011780B43137000F0D6F810BD60080020DC
:10774000FC070020094B0A499A89131C12B28A428D
:1077500000DA0B1C1AB2032353435B112833037165
:1077600000234371C38083607047C046E007002058
:1077700070FEFFFF064B02229A5E33235343C8225A
:107780001B12D2009B1883800023C3808360704744
:10779000E0070020002110B5084C01710223E25ED1
:1077A0000523183253435B1443710023E25E0D231B
:1077B00053439B11C380816010BDC046E007002089
:1077C000F7B5009308AB15001A7809AB1F78831C36
:1077D000DB8F04000120032B39D807263540AC4647
:1077E0001801035D2518B3430193009B6B80D30000
:1077F00000936346019A1A431300009A33401343DF
:1078000003550B9B6F70EB6002290CD003291FD02E
:10781000012913D1002304350A9AD25CEA540133BA
:10782000082BF9D10AE004300822FF21201805F0C6
:1078300013FB0B9B002B01D0280098470234E38FE9
:1078400001339BB2032B00D900230020E387FEBD48
:10785000002304350A9AD25CEA540133082BF9D18B
:10786000ECE710B5811C041DE38FC98F02000020D6
:10787000994207D0591C89B2032900D901001B0184
:10788000E187D01810BD1FB5069C00930394002417
:10789000130002940A0001940221DC30FFF790FFEC
:1078A0001FBD30B585B00A9D08AC24780395099DAD
:1078B00000930295130001940A0098300121FFF70C
:1078C0007FFF05B030BD0200002368320160043A3A
:1078D0009380138093700422026592184365826539
:1078E0005C300370704770B50500012664352B7855
:1078F000040033421DD0DC30FFF7B3FF021E18D066
:107900002B780432B3432B700378DB08A36503782C
:1079100041885B070902DB080B43210065310978C8
:1079200020680B43E364210023004831603301F0F9
:1079300014FF70BDF7B50700050004000026683786
:107940003B88743501333B80AB79022B16D12988F3
:10795000002913D03888FDF779F889B200290DD1B4
:107960000C237343E31870339979A868CB06AA886F
:10797000DB0E009049092000FFF785FF01360C352A
:10798000032EE1D12000FFF7AEFFF7BDF0B50600F2
:10799000020004006A3633002C320021006885B0F2
:1079A00001F038FF23000025206B7833020A070C12
:1079B00092B2FFB29978012912D11988914216D159
:1079C0000C277D436519E36BED6F810EC0B200900B
:1079D000DBB2200002950196FFF763FF05B0F0BD12
:1079E000032904D11988090A79400F29E8D90135FA
:1079F0000C33032DDED1F1E770B5050002266435A6
:107A00002B780400334204D0FFF7C0FF2B78B34338
:107A10002B7020009830FFF724FF002803D0C368A4
:107A2000002B00D0984770BDF0B585B003920C22B2
:107A30000190944600201F270291039A904201D39F
:107A400005B0F0BD614665464143029A5118C2181F
:107A50006A43019D8C68AA18D467140016008D88AB
:107A6000783425808D797036A5708D78B4793D4055
:107A7000BC432C43B4718D78E4B26D096D013C4078
:107A80002C43B4710988743201301180C0B2D4E73C
:107A90000023012210B5836143608360C3600361EA
:107AA000C36143610E33026242628362011D00685A
:107AB00001F0B4FD10BD000070B52B4C002120007A
:107AC000C82500F055FDED00A84220D80221200075
:107AD000FA2500F04DFD6D00A84205D8234A1D216E
:107AE000200000F00FFD70BD0221200000F040FDDD
:107AF000A84209D90221200000F03AFDFA239B0098
:107B0000984201D81A4AEAE79622D200E7E7002114
:107B1000200000F02DFDA84223D90021200000F014
:107B200027FD144B98421CD802212000FA2500F0B2
:107B30001FFD6D00A84201D80F4AD0E702212000A6
:107B400000F016FDA84209D90221200000F010FD26
:107B5000FA239B00984201D8084AC0E796221201F6
:107B6000BDE70022BBE7C0461C050020B5040000AD
:107B7000BA040000B80B0000650900006A090000A3
:107B800070B5244C0021200000F0F2FC9623DB00AD
:107B9000984236D2962200212000D20000F0B2FC9A
:107BA000FDF7CEFF00222C21200000F0ABFC0021CD
:107BB000200000F0DDFC02210500200000F0D8FCD0
:107BC0006843154B984207DDFA220221520020003B
:107BD00000F098FCFDF7FEFF0421200000F0C8FC37
:107BE0000E4B643018822C21200000F075FC0C4BE9
:107BF00001000022E35A0B48FFF7C6FCFFF75CFFC9
:107C000070BD0021200000F0B3FC074B9842C1D8A2
:107C1000C6E7C0461C050020A0BB0D00C80400201C
:107C20001202000000F80008DC05000070B51E4CD0
:107C30000221200000F09CFC96229200904203D981
:107C40000221200000F05EFCFDF7C4FF00222C2181
:107C5000200000F057FC0021200000F089FC0221E8
:107C60000500200000F084FC6843104B984207DDBB
:107C700096220021D200200000F044FCFDF760FFB6
:107C80000221200000F074FC094B2C2118822000F6
:107C900000F022FC074B01000022E35A0648FFF7E0
:107CA00073FCFFF709FF70BD1C050020A0BB0D0091
:107CB000B40400201202000000F8000810B50D4CBA
:107CC0002A21200000F054FC0B4B1864FDF716FF2E
:107CD00001222C21200000F015FC2C21200000F0B6
:107CE000FBFB064B01000122E35A0548FFF74CFC61
:107CF00010BDC0461C050020000400401202000018
:107D000000F8000810B50D4C2B21200000F030FCCD
:107D10000B4BD863FDF732FF01222C21200000F02D
:107D2000F1FB2C21200000F0D7FB064B01000122C3
:107D3000E35A0548FFF728FC10BDC0461C0500208B
:107D4000000400401202000000F8000810B501F025
:107D500039FF10BD70B51C4C0421200000F008FC58
:107D60009623DB00984227D2962204212000D200DD
:107D700000F0C8FB0421200000F0FAFB02210500FE
:107D8000200000F0F5FB6843104B984207DDFA2213
:107D900002215200200000F0B5FBFDF71BFF04217B
:107DA000200000F0E5FB0A4B6430188200222C21F1
:107DB000200000F0A7FB70BD0421200000F0D8FBDC
:107DC000044B9842D0D8D5E71C050020A0BB0D007D
:107DD000C8040020DC05000010B50C4C2F21200049
:107DE00000F0C6FB021E08D190200421C00502F05D
:107DF00043F90320FDF708FF06E02F21200000F0E3
:107E0000B7FB02000128EFD010BDC0461C050020C2
:107E100010B5FEF74FF901F0D5FE10BD10B50648BC
:107E2000FEF770F83021054800F0A2FB0021C0B237
:107E3000FEF70EF810BDC046FC0400201C05002013
:107E400010B5C8210148FEF761F810BDFC04002000
:107E500070B50C4D3221280000F08AFB01000A4C5D
:107E60000A4823785A000133DBB281522370202B59
:107E700006D1074B4021EA5AFFF7BCFB00232370D1
:107E800070BDC0461C0500205C0900201C090020B4
:107E90001202000070B500240C4D0D4BEA5AA242AC
:107EA00007D80A3BE9580B48FFF7CAFB01F08AFEE6
:107EB00070BD2100280000F08BFC2100020001347D
:107EC000280000F01FFBA4B2E6E7C0461C05002016
:107ED0001202000000F8000810B5124C2E212000FC
:107EE00000F046FB012808D190204021C00502F097
:107EF000BDF8002201280ED010BD2E21200000F078
:107F000037FB0028F8D190204021C00502F0AEF8E0
:107F10000028F1D1012290204021C00502F0ACF8E8
:107F2000EAE7C0461C05002010B53521024800F0E4
:107F30001FFB024B187010BD1C05002062080020BA
:107F400010B53421024800F013FB024B187010BD2D
:107F50001C0500206108002010B53921024800F0FE
:107F600007FB024B588110BD1C0500206004002057
:107F700010B53C21024800F0FBFA024B588110BDBD
:107F80001C0500204C04002010B54521024800F0DB
:107F9000EFFA024B588110BD1C050020FC030020A5
:107FA00010B53F21024800F0E3FA024B588110BDA2
:107FB0001C0500203804002010B54221024800F0C2
:107FC000D7FA024B588110BD1C0500202404002064
:107FD00010B54821024800F0CBFA024B588110BD81
:107FE0001C0500201004002010B53821024800F0C4
:107FF000BFFA024B188110BD1C0500206004002050
:1080000010B53B21024800F0B3FA024B188110BDB5
:108010001C0500204C04002010B54421024800F04B
:10802000A7FA024B188110BD1C050020FC0300209C
:1080300010B53E21024800F09BFA024B188110BD9A
:108040001C0500203804002010B54121024800F032
:108050008FFA024B188110BD1C050020240400205B
:1080600010B54721024800F083FA024B188110BD79
:108070001C0500201004002010B53A21024800F031
:1080800077FA024B988110BD1C0500206004002087
:1080900010B53D21024800F06BFA024B988110BDEB
:1080A0001C0500204C04002010B54621024800F0B9
:1080B0005FFA024B988110BD1C050020FC030020D4
:1080C00010B54021024800F053FA024B988110BDD0
:1080D0001C0500203804002010B54321024800F0A0
:1080E00047FA024B988110BD1C0500202404002093
:1080F00010B54921024800F03BFA024B988110BDAF
:108100001C0500201004002010B5094C094920006E
:1081100000F02EFA084B0522984200D1043A85233C
:108120009B0020000349E25400F0ECF910BDC0466A
:108130001C050020D5260000D204000010B50D4C0F
:108140000D49200000F014FA0C4B0222984208D08E
:108150004D330132984204D0094BC218531E9A4144
:10816000043285239B0020000349E25400F0CAF941
:1081700010BDC0461C050020D62600008307000065
:1081800048F4FFFFF0B5254C85B02549200000F0EC
:10819000EFF924490500200000F0EAF92249019096
:1081A000200000F0E5F921490600200000F0E0F988
:1081B0001F490700200000F0DBF91C490290200055
:1081C00000F0D6F91B490390200000F0D1F9F61910
:1081D00075402DB285421CD12000174900F0C8F926
:1081E000039A029B9446019A63445A4013B2834215
:1081F0000FD1852301229B000E49E254200000226A
:1082000000F080F9002220000B4900F07BF905B056
:10821000F0BD852305229B00E254F8E71C050020F1
:10822000F1260000F22600000227000004270000CB
:1082300003270000EF260000F0260000704770477B
:10824000704770477047000010B51D4C1D49200055
:1082500000F08EF91C4A0123904219D020001B49DE
:1082600000F086F91A4A0223904211D020001949E1
:1082700000F07EF9FA220323D200904208D02000B9
:10828000154900F075F9154BC3185A1E9341043374
:1082900085229200A354200000220A4900F032F9FE
:1082A00000222000094900F02DF900222000094990
:1082B00000F028F900222000074900F023F910BD42
:1082C0001C050020EA260000D2040000E926000078
:1082D00083070000E8260000E726000048F4FFFFBF
:1082E00010B50A000100CD230148FFF74DF910BD7C
:1082F00000F80008F0B5104B85B002930F4B012237
:108300000193CD230E4C009311002300050000F0D3
:1083100019F8CD231B01E71826882800310000F04A
:1083200057FA103402003100280000F0EBF8BC428C
:10833000F2D105B0F0BDC04610270000E182000870
:1083400074CF0008F0B585B002930AAB1F880CAB60
:1083500004001888012A5FD1802300255B00627029
:108360006380029A0533FF332170E25005220C33FB
:10837000E554404B7E00E7520233E2540B9A04333B
:10838000E2500433E5500433E052300004F0A8FC1E
:1083900082239B0032003849E05004F05DFD2E003E
:1083A000ABB29F423AD80136B6B2F300180003933D
:1083B00004F096FC83239B00E0500023020005009C
:1083C0001900019001339BB25180118008329E4206
:1083D000F8D800213F208BB29F422AD8019B039EF0
:1083E0009C4666446B88002B34D02F887F00380071
:1083F00004F076FC3A002049686004F02DFD083551
:10840000B542EFD100233F211A4AA25A9A4223D8FB
:108410000022019B5B681A8005B0F0BD029A2B0117
:10842000D35A9B091A1CB34200D2321C96B20135B2
:10843000B6E7029A0B01D25A019E9309DB00F318AA
:108440005E88024001365E801E88964200D21A8005
:108450000131C0E76B60D2E702981A01105A019D02
:108460008209D200AA1855680840400043530133DE
:108470009BB2C9E712020000FFFF0000F0B5002424
:108480004F782500220023002600012F08D1CA883A
:108490000B8952BA5BBA0C794D794E8992B29BB274
:1084A0004570C680047042808380F0BD030030B503
:1084B0004118074C07488B4200D130BD1A78050A95
:1084C0004240D2B25200105B01336840F3E7C0462D
:1084D00044DC0008FFFF000083239B00C3588A0987
:1084E000D2009B185A68002A07D03F201B88014001
:1084F0008B4202D34900885A70470148FCE7C046C6
:10850000FFFF000070B514000500FFF7E5FF0D4AFE
:1085100003000120934213D081229200AA5819012E
:1085200052180420115E01208C4209DC0621525EA3
:10853000944205DB8222834000209200AA589C527C
:1085400070BDC046FFFF000070B514000500FFF7C6
:10855000C3FF064A03000120934205D082228340D4
:1085600000209200AA589C5270BDC046FFFF000038
:1085700010B50400FFF7B0FF044B984204D08223EB
:108580009B00E3584000C05A10BDC046FFFF0000EA
:108590008423F0B59B00C25C040087B0002A5CD045
:1085A0000022C2547B4B0100C25204A8FFF766FFB1
:1085B00004AB5D785B882678019304AB9B880393BA
:1085C00004AB1B780293B34216D0112D45D127007E
:1085D0000223FF37FB71601DFD33BD717B720521E6
:1085E0007E713E72FF30FFF761FF030ABB72F872C3
:1085F0000A3D280007B0F0BD6188201D0239FFF751
:1086000055FF04ABDB88834227D120000199FFF797
:1086100063FF87239B00E052062D48D0102D1CD00D
:108620002700661DFF37FF36032D00D0A4E0039A14
:10863000019B9B1880225202934210DB029B29006F
:108640007B718323BB71813BFB713000FFF72EFFF1
:10865000030A3B7278720525CBE70025C9E7029B28
:10866000BD717B71039B5B00FB710027039B7D0049
:10867000ADB29F420DD1EF1CBFB239003000FFF701
:1086800015FFE719FF370535030AADB2BB717871E5
:10869000AFE7019B2000F91889B2FFF769FF651960
:1086A000FF35030A01372B726872BFB2DEE7200084
:1086B0000199FFF711FF2500374B671DFF37FF3585
:1086C00098420ED00301029381239B00029AE35843
:1086D0009B18039385239B00E25C039B1B7A9A42C1
:1086E0000CD98623AB71853BEB71032138006E7189
:1086F000FFF7DCFE030A2B726872ACE722892000C8
:1087000052BA019992B2FFF7FDFE00280CD02378EF
:1087100003216B7186233800AB71E971FFF7C6FE48
:10872000030A6B72287296E7039B5B7A002B09D0D1
:10873000862301999B002000E658FFF719FF0100EE
:108740000198B04706212378A9716B712500E38851
:10875000FE352B81238938006B81FFF7A7FE81232B
:10876000A8819B00E358029A9B18DB68002B01D17B
:1087700008253EE79847FBE7029B803D7B7101237C
:108780000321FB713000BD71FFF790FE030A7B727D
:10879000387260E71E020000FFFF0000F8B5842772
:1087A000BF0004001E00C35D0020150083420ED1EF
:1087B0001800FF2A0BD8201D04F094FB01236580CC
:1087C0002000E355FFF7E4FE3080601DFF30F8BD68
:1087D00010B50400FFF780FE044B984205D08123BA
:1087E0009B00E35800011B18588810BDFFFF0000D4
:1087F00088239B00C15A00290CD0074A835A0133B1
:108800009BB28352994205D8852305219B00C15410
:10881000002383527047C0461E02000030B585B069
:108820000C22002101A804F017FB08222E4C2F4B2C
:10883000626180225202A261C222002523600123CC
:10884000FF32E2612000621D6560A560E560236182
:108850002562D377A56200F045FCA84201D000F064
:1088600021FA80235B0102930623200001A90195D0
:10887000039300F071FD002801D000F013FA0123EA
:10888000200001A9019300F067FD002801D000F04D
:1088900009FA0323200001A9019300F05DFD0028DF
:1088A00001D000F0FFF90423200001A9019300F09A
:1088B00053FD002801D000F0F5F90723200001A99D
:1088C000019300F049FD002801D000F0EBF91023DE
:1088D000200001A9019300F03FFD002801D000F025
:1088E000E1F905B030BDC046A409002000240140D4
:1088F00030B5050089B01422002103A804F0ACFAB9
:108900001E4B2A689A4236D180211D4B89009A69F4
:1089100090200A439A619A69C0050A408021019219
:10892000019A5A6989020A435A615B690B400293B2
:10893000029B9B2303A90393983B049301F0D8FA6D
:10894000104C114B2000236000236360A360803330
:10895000E360803323618023DB0063612023A36114
:1089600080239B01E36101F03BF9002801D000F076
:1089700099F92C63656209B030BDC04600240140FE
:108980000010024060090020080002400D480E4B14
:10899000C02210B503600C231203026180224360E1
:1089A00080235203DB05426180228360002352044E
:1089B000C3608261838300F0ABFD002801D000F02A
:1089C00071F910BDE40900200064004010B50400F6
:1089D00088B01422002103A804F03EFA164B226846
:1089E0009A4227D18021154B8904DA6914480A4339
:1089F000DA61DA690A4080210192019A5A69C90252
:108A00000A435A615B690B400293029BC0239B009F
:108A10000393022304930133069303A901330793BD
:108A200001F066FA00221E20110001F095F81E20C8
:108A300001F0BCF808B010BD006400400010024016
:108A4000000400480121054B82B05A690A435A616B
:108A50005B690B400193019B02B07047001002401C
:108A6000F0B58BB01422002105A804F0F5F980219F
:108A7000414B09035A6990270A435A615A693F4E8C
:108A80000A4080210192019A5A69C9030A435A6136
:108A90005A69FF050A4080210292029A5A698902A6
:108AA0000A435A615A6938000A4080210392039AA6
:108AB0005A69C9020A435A615B6900220B40049358
:108AC0002F49049B01F0D8FA002230002D4901F013
:108AD000D3FAE023002403251B0205A92A480593A5
:108AE0000695079401F004FA05A92848059506950E
:108AF000079401F0FDF9224B38000593012305A9E5
:108B000006930794089401F0F3F920230593C423F6
:108B100038009B0305A90693079401F0E9F91C4B63
:108B2000300005A905930695079401F0E1F90123AA
:108B3000144A300005A9059206930794089401F0A1
:108B4000D7F9E0233800DB0005A9059306950794C3
:108B500001F0CEF90823300005A905930694079487
:108B600001F0C6F922000221072000F0F5FF0720DE
:108B700001F01CF80BB0F0BD0010024000040048EA
:108B80004480000070800000000800480014004885
:108B9000847C0000704700000123264910B50A6854
:108BA0009A431A430A600A681A42FCD0224C626B4C
:108BB000134363630223626B1A42FCD0F823626B97
:108BC0009A43783B134363638023626B5B021343D6
:108BD000636380239B02626B1A42FCD00123626AAA
:108BE000134363620223626A1A42FCD0F022636874
:108BF000934363606368114A1340032263606368B0
:108C0000134363600932636813400C2BFBD10C489B
:108C100003F0D8F8032000F05FF8002801D072B606
:108C2000FEE70422636B93436363236B7C329343BD
:108C3000236310BD0020024000100240FFF8FFFF38
:108C4000006CDC0210B5FDF719FC00F0C7F9FFF766
:108C5000A3FFFFF705FFFFF7F5FEFFF7DFFD03F0CA
:108C60002BFE00F0D5F800F045F9FFF793FFFFF772
:108C70008DFEFEF79BFBFEF76BF8FCE7074B0268E7
:108C800010B504009A4201D100F0B8F9044B2268F3
:108C90001B689A4201D1FEF7A3FB10BD00400140C2
:108CA000580A002072B6FEE701210A4B82B09A6989
:108CB0000A439A619A690A4080210092009ADA690F
:108CC00049050A43DA61DB690B400193019B02B05D
:108CD0007047C046001002408021214B70B59A6950
:108CE00049020A439A619B6986B00B4001930500D3
:108CF000694602A8019B02F04DF8059B002B28D184
:108D000002F038F8174E184B18493360184BF360CF
:108D1000FBF716FE00230138706030003361B3604A
:108D2000B36102F03BFA041E10D1300002F010F9DA
:108D3000041E0BD1142000F039FF032D0DD82200A2
:108D40002900142000F008FF0A4B1D60200006B027
:108D500070BD02F00FF84000D4E70124F6E7C046EA
:108D6000001002400C0A00200040014040420F0069
:108D7000E7030000140200207047FEE770477047C9
:108D8000704710B5202001F07DF910BD10B50248E4
:108D900002F012F910BDC046580A002010B5024872
:108DA00002F00AF910BDC0460C0A002010B50248B6
:108DB00000F0D5FD10BDC046E409002010B5024802
:108DC00001F0DCF910BDC046F81100200B490C4A37
:108DD0000300521A0B4910B50868002801D10A484F
:108DE00008600868C318934206D904F04FF80C23B2
:108DF00003600120404210BD0B60FCE7000400004E
:108E000000400020540A0020201600207047000077
:108E100009480A4B10B50360032343600023084A46
:108E20008360C2600361836102F0B8F9002801D059
:108E3000FFF738FF10BDC046580A00200020004050
:108E4000DF2E0000074B026882B09A4208D102214F
:108E5000054BDA690A43DA61DB690B400193019B38
:108E600002B07047000400400010024007B50B4BF1
:108E700002689A4211D18021094B4900DA69132016
:108E80000A43DA61DB6900220B400193FF39019B41
:108E900000F062FE132000F089FE07BD00200040B4
:108EA0000010024010B5040086B01422002101A871
:108EB00003F0D2FF0C4B22689A4213D180210B4B56
:108EC000C9025A690A480A435A615B690B40009318
:108ED000009B03230193013B029301A9013B0593EE
:108EE00001F006F806B010BD00040040001002407A
:108EF0000004004830B500258BB00822002101A8ED
:108F000003F0AAFF1C22002103A803F0A5FF1B4CBD
:108F10001B4B200023601B4B6560A560E36025614F
:108F2000A56102F063F9A84201D0FFF7BBFE200063
:108F300001A90195029502F095FA002801D0FFF7EA
:108F4000B1FE6023039300230822200003A90493A9
:108F50000593079302F0B2F9002801D0FFF7A2FEB3
:108F60000C22200003A902F0A9F9002801D0FFF784
:108F700099FE2000FFF796FF0BB030BDA00A00203D
:108F800000040040E70300000D4885460D480E49E7
:108F90000E4A002302E0D458C4500433C4188C4253
:108FA000F9D30B4A0B4C002301E013600432A242B8
:108FB000FBD3FFF72BFF03F06FFFFFF743FEFEE746
:108FC0000040002000020020D80300209CDE0008A2
:108FD000D80300201C160020FEE700001023064ADC
:108FE00010B5116803200B431360FFF775FEFFF700
:108FF0005BFE002010BDC04600200240034A044B27
:1090000011681B785B1813607047C046E80A00209F
:1090100010020020014B18687047C046E80A002083
:1090200070B50400FFF7F6FF0500631C02D0044B87
:109030001B78E418FFF7EEFF401BA042FAD370BD87
:1090400010020020002373B503210193036804007C
:109050009A680A40012A07D11968114201D00020FC
:1090600076BDDA681204FAD499681B4A114209D015
:109070001023A26B1343A3630123E26B134301206C
:10908000E363EDE7012299680A439A60134B1449A0
:109090001868FBF755FC0190019B002B17D1FFF7D7
:1090A000B9FF0125060023681B682B42D7D1FFF7C3
:1090B000B1FF801B0228F6D923681B682B42F2D12E
:1090C0001023A26B1343A363E36B2B43D7E7019BEE
:1090D000013B0193E0E7C046170000800C0200202E
:1090E00040420F0070B5041E00D190E0836B002B4E
:1090F00005D102003432C3631370FFF7F9FBA36B91
:10910000DB0600D585E0226893685B0700D580E028
:10911000A16B424B19400633FF330B430321A3637A
:1091200093680B40012B05D1116819420ED1D36809
:109130001B040BD41821D3688B43A1680B43D36065
:10914000136961689B009B080B431361D368344922
:109150000B40D360237E607E9B03C0030343A17E4C
:10916000E068034348030343601DC07F400003439E
:10917000A06A0138451EA841000303432069023854
:109180004542684180000343E07E012804D1002964
:109190002BD1802149020B43C220E169FF3081427B
:1091A00002D0206A01430B438020D1684005194357
:1091B000D160E16A814202D0481E062807D80725FF
:1091C00050692940A8435061506901435161D268F8
:1091D00014490A409A4210D100200323E063A26B95
:1091E0009A43023B1343A36370BD2021A56B29431F
:1091F000A163E16B0843E063CEE71223A26B9A43BD
:10920000023B1343A3630123E26B1343E363012097
:10921000EAE71023A26B1343A363F8E7FDFEFFFF09
:109220001902FEFFE7FF3F83F7B5036804009B6860
:109230000E00022001925B0730D4270034373B78C0
:10924000012B2BD001233B70637E012B27D1A26B16
:10925000164B00251A4080235B001343A363E5638C
:109260003D70206B124B21688362124BC362124B1C
:1092700003631C230B604A680C3B13434B600123C0
:10928000CA681343CB603200019B403100F0DAFC26
:1092900004232800226891680B439360FEBD2000E0
:1092A000FFF7D0FE0028D2D0F8E7C046FEF0FFFF5F
:1092B000C1920008339300083F93000870470000F4
:1092C0005022436A10B5996B11422BD1996BB13280
:1092D000FF320A43C0219A631A680901D068084224
:1092E00013D1997E002910D1116809070DD5916815
:1092F00049070ED40C20516881435160996B0B4A89
:1093000011400432FF320A439A631800FFF7D6FF78
:1093100010BD2022996B0A439A630122D96B0A433C
:10932000DA63F2E71B6B1B6B9847F1E7FEFEFFFF6A
:10933000704710B5406AFFF7FBFF10BD7047402330
:10934000406A10B5826B134383630423C26B1343DB
:10935000C363FFF7F3FF10BDF7B5002204000192CD
:10936000343422780300C56A0220012A2AD0013849
:1093700020701A68966876075ED40B684F681E00E6
:10938000BC46304F9840103EBC453FD0976A3843AA
:1093900090628020400585420FD0013D062D0CD9FA
:1093A0000720556989680540A94206D055690140E2
:1093B00085435561556929435161022E03D9002027
:1093C00000232370FEBD20480168102B1BD01A001B
:1093D000113A55426A411D4D52422A4080256D0482
:1093E00052190A430260102BE9D1194B1949186828
:1093F000FBF7A6FA0A2343430193019B002BDED01F
:10940000019B013BF8E780221204EAE7916A81435D
:109410009162022ED3D80C4A1168102B0AD0113B4E
:10942000581E834109485B4203400B481B180B4000
:109430001360C4E7094BFAE72022996B0A439A6349
:10944000BEE7C0460110000008270140000040FFB1
:109450000C02002040420F00FFFFBFFFFFFF7FFF15
:10946000F8B506003436337804000220012B45D0CD
:1094700001230321337023689A680A40012A05D129
:10948000196811423BD1DA68120438D4A16B1F4A23
:1094900011400632FF320A430321A263DD68DA6815
:1094A0008A43DA608022996812060A439A60FFF7BD
:1094B000B1FD070023689A68002A0DDB0321DA68F2
:1094C0000D401543DD6001230020A26B8A43134346
:1094D000A3630023337011E0FFF79CFDC01B02283B
:1094E000E8D923689B68002BE4DA1223A26B0120E1
:1094F0009A43023B1343A36300233370F8BD202338
:10950000A26B01201343A363E3E7C046FDFEFFFF08
:10951000F8B5041E62D0451CEB7F002B01D1FFF78C
:1095200055FA0127226813683B431360FFF772FD69
:10953000060023685A683A4244D002271A68BA43A0
:109540001A60FFF767FD060023685A683A4247D160
:10955000217E8022012949D119680A431A60617E5F
:109560004022012946D119680A431A60A17E2022AF
:10957000012943D119680A431A60E17E10220129AA
:1095800040D1196891431960217F082201293DD1FA
:1095900019680A431A60617F042201293AD11968C7
:1095A0000A431A60E168A26800200A4321690A435D
:1095B00061690A43616801390A43DA610123606223
:1095C000EB770CE0FFF726FD801B0A28B1D980233A
:1095D000626A9B02134363620523EB770120F8BDA7
:1095E000FFF718FD801B0A28AED9F0E719689143F0
:1095F0001960B4E7196891431960B7E71968914396
:109600001960BAE719680A431A60BDE719689143FF
:109610001960C0E7196891431960C3E770B5421C2F
:10962000D27F0368013A012A64D880240120A40073
:109630001A59872602431A514A69E23CFF3C1440FA
:10964000A040B6009C59C54384439C51CC69002C72
:1096500035D1103E9C59D2002C409C51CC684E68AC
:109660002404B6B2344390269A18B60094518C68FC
:109670000E682404B6B234439126B6009451812278
:109680008C699200002C2FD19C582C409C50852234
:109690000C699200002C2AD19C582C409C500A6ADC
:1096A000012A04D1872189005A5802435A50802147
:1096B000012089005A58824300205A5070BD012C65
:1096C000DDD18326B6009C59D20004439C510C681E
:1096D0004E682404B6B2344390269A18B6009451CA
:1096E0008C68CE682404C5E79C580443CEE79C5898
:1096F0000443D3E78023426ADB0213434362012021
:10970000DCE7F8B5471CFB7F0400DDB2012B1ED15E
:109710000133FB7702681368AB431360FFF77AFCF1
:10972000060023685B68180028402B4201D1606264
:10973000F8BDFFF76FFC801B0A28F2D98023626A0C
:109740009B02134363620523FB770120F0E780232C
:10975000426A1B0313434362F7E7F0B5441CE67FFC
:109760000568013EAC68012E50D8E02676053442EB
:1097700045D0A0010124800F84401C6004008F6844
:10978000CE681834002F35D10B685B0533432401B4
:109790006351C2230E6900012C185B00E650097D5D
:1097A000012903D1E658FF313143E1505179137952
:1097B0000902194393791B040B43D1790906194314
:1097C0002B1818008D30FF3001605078117800029E
:1097D00008439178D27809040143120689330A4379
:1097E000FF331A60C022012300205200A1580B430E
:1097F000A350F0BD4B683743DB003B43C7E78023F2
:10980000426A9B03134343620120F2E78023426ACA
:10981000DB02F7E7F7B5441C0191E47F013C012C22
:1098200000D97AE003240568002909D1EE682642B0
:1098300008D18023426A9B03134343620120FEBD8B
:109840002E69F4E7D826019976000C0104212C1921
:10985000A7590F40976058D1A7597F0D176002276D
:10986000A6593E40D6600826B337FF37E15931424A
:1098700002D10F21E6590E401661E659E459360A25
:10988000240CF6B254619661019A01991201AD1847
:10989000B935FF352C681C700468A418B934FF343E
:1098A0002468240A5C700468A418B934FF3424685E
:1098B000240C9C700468A418B934FF342468240E66
:1098C000DC700468A418BD34FF3424681C7104687B
:1098D000A418BD34FF342468240A5C710468A418F9
:1098E000BD34FF342468240C9C710468A218BD3276
:1098F000FF321268120EDA7102682023002908D1A3
:10990000D1680B43D360002099E7A759FF0857603F
:10991000A5E711690B431361F5E78023426ADB0277
:109920008AE7421CD27F0B00013A012A05D802685F
:10993000002051691943516170478023426ADB025C
:10994000134343620120F7E7704770477047704741
:109950007047704770477047704770477047F0B561
:10996000036885B05E695A689F680192DA683400BE
:1099700002921A69050003929A690092012214402A
:10998000164220D0174205D09A60BB0700D4AAE047
:10999000FDF7CAFE002480235B001F4207D02A681F
:1099A0009360BB0500D4ABE02800FFF7CDFF802318
:1099B0005B021F4207D02A689360BA0300D4AEE06E
:1099C0002800FFF7C2FF330708D51023029A1A4276
:1099D00004D08022920014432A68D360730708D50C
:1099E0000823029A1A4204D02A682800D360FFF79D
:1099F000B0FFB30706D52B68DB689B0702D02800B1
:109A0000FDF782FE730608D51023039A1A4204D08C
:109A10008022D20014432A681361B30608D50823B4
:109A2000039A1A4204D02A6828001361FFF793FFB3
:109A3000F30606D52B681B699B0702D02800FFF7A9
:109A400089FFB30308D51023019A1A4204D02A686B
:109A500028005360FFF780FFF30308D50823019A1D
:109A60001A4204D02A6828005360FFF776FF3304B7
:109A70002FD5019B2A685B0729D5F30504D501235F
:109A80000099194200D01C43B30504D50223009964
:109A9000194200D01C43730504D5042300991942D0
:109AA00000D01C43360512D57021009B00980B4056
:109AB00008420CD0402B46D03DD8202B45D0302B2F
:109AC00045D0102B3ED0702193698B4393610423C2
:109AD0005360002C05D06B6A280023436B62FFF7AC
:109AE0003DFF05B0F0BD7B0704D43B0705D4FFF76D
:109AF0002DFF4FE7802424014DE7802464014AE7CD
:109B00007B0503D580239B011C4350E73B0502D511
:109B10008023DB01F8E72800FFF719FF47E77A0306
:109B200003D580231B021C434DE73F03FBD42800D1
:109B3000FFF70EFF47E7502B0BD0602BC3D18023DC
:109B40005B0000E008231C43BDE71023FBE7202354
:109B5000F9E78023F7E7000010B5FF2403220B008C
:109B600021000240D20091409B012340C943934011
:109B700000280ADBC0240B4A800880008018A4005B
:109B800002590A401343035110BD0F2210400838F8
:109B9000054A800880008018C26911401943C161DC
:109BA000F2E7C04600E100E000ED00E0002805DB40
:109BB0001F2318401E3B8340014A13607047C04674
:109BC00000E100E0BFF34F8F034B044ADA60BFF3BC
:109BD0004F8FC046FDE7C04600ED00E00400FA05E7
:109BE00070B504000120002C24D00223A51CEB77C3
:109BF0002068114B0268A1681A4063680B43E16852
:109C00000B4321690B4361690B43A1690B43E16974
:109C10000B4313430360094B1421C018FAF790FE5D
:109C2000074B80002064E36300200123A063E41855
:109C3000EB77E07770BDC0460FC0FFFFF8FFFDBFB8
:109C400000000240F7B5441C0193E57F012D33D09D
:109C50000125871CE577FD7F0026AC466346EDB203
:109C6000012B28D10224FC77046886632668076CE0
:109C7000AE43BD402660019BC66B75606360436860
:109C8000102B0ED1A260E160C36A2268002B0BD0BA
:109C90000E23134323600123002022681343236013
:109CA000FEBDA160E260EFE70A23134304222360B4
:109CB00023689343EEE7E6770220F1E70C4A102190
:109CC000D06830B503000B40084205D00223094894
:109CD000C4692343C3610B000420D168014205D04D
:109CE0000121044C0343E5692943E161D36030BDA0
:109CF00000200240F00A0020064B00201A691206DC
:109D000006D5054A5A60054A5A6018690006C00F10
:109D10007047C0460020024023016745AB89EFCD64
:109D20008023034A002011690B4313617047C0462A
:109D30000020024070B50400FFF76CF90126050011
:109D4000104BDA68324211D12022D968114200D07A
:109D5000DA60D968102208001040114202D1DB6895
:109D60005B0708D5FFF7AAFF012004E0621CE8D0DA
:109D7000002C01D1032070BDFFF74CF9401BA0421D
:109D8000DED9F7E700200240F0B585B003931E4B03
:109D9000009102921A7E04000220012A31D0012291
:109DA0001A481A76FFF7C6FF002827D12600012C93
:109DB00003D00426022C00D126000024124B01936C
:109DC000029803992201FAF731FF00220127019B33
:109DD0000F4DDA612B69009A3B432B6163009B189E
:109DE00080B218800948FFF7A5FF2B69BB432B61A0
:109DF000002803D1E419E3B29E42E1D80022024BCD
:109E00001A7605B0F0BDC046F00A002050C300002D
:109E1000002002400022064BDA61064B0432196929
:109E20000A431A61402219690A431A617047C04601
:109E3000F00A0020002002400022064BDA61064BA7
:109E4000023219690A431A614022586119690A43AA
:109E50001A617047F00A002000200240F8B5214F37
:109E600004003B7E0E000220012B0CD001233B7628
:109E700023681D48012B12D1FFF75CFF002803D097
:109E8000012000233B76F8BDFFF7C4FF1648FFF71B
:109E900051FF0421154A13698B431361F1E7FFF762
:109EA00049FF0028ECD101235B4233606568013033
:109EB000A3686268DB029B18AB42E2D92800FFF777
:109EC000BBFF0948FFF736FF0221084A13698B439D
:109ED0001361002801D03560D3E780231B01ED1802
:109EE000E6E7C046F00A002050C300000020024010
:109EF0000023F0B587B00A681400DC4001D107B038
:109F0000F0BD012514009D402C4000942A4200D150
:109F10009CE04A685F009446032264462240032482
:109F2000BC40E4430194541E012C2ED88668019C49
:109F30002640CC68BC403443846044680126AC436E
:109F400025006446240934409C402C434460C56885
:109F5000019C25408C68BC402C43C460022A16D169
:109F600007250F261D40AD00AE40DC08A4000419F3
:109F70000294246A03962600039CA64334000E69CB
:109F8000AE402643029C266201E0032ADFD1BA409C
:109F90000468019D25402A43C02402606246A40251
:109FA000224253D001252A4A90279469FF052C4369
:109FB000946192699C082A400592059A254AA4005A
:109FC000A4180F2202351D40AD00AA40A668964392
:109FD0000022B84210D0204F0132B8420CD01F4F9F
:109FE0000132B84208D01E4F0132B84204D01D4A97
:109FF0008218571EBA410432AA4067463243A26013
:10A00000194A009C9668009DE4433543FF0201D441
:10A010003500254067469560D668009D3543BF02F0
:10A0200001D4350025406746D5605668009D35430C
:10A03000BF0301D435002540674655601568009E72
:10A040002E43FF0301D425402E001660013352E752
:10A0500000100240000001400004004800080048D1
:10A06000000C004800F0FFB7000401400069084000
:10A07000431E9841C0B27047002A01D081617047E9
:10A080008162FCE7044B10B55A69104202D0586156
:10A09000FDF7E2F910BDC0460004014070B50400B0
:10A0A0000120002C2BD0224D635DDAB2002B05D1AC
:10A0B000A4239B002000E25402F0ECFC0323635530
:10A0C000206801F00DFA00232200190001262079F2
:10A0D0001032984214D10021220008005132FF3280
:10A0E0008B4217D16168A268206801F003FA00234F
:10A0F000237301336355A37A012B15D0002070BD63
:10A10000137001335670D170116151619161DBB2EE
:10A110002832DEE7117001315070D070106150614B
:10A120009061C9B22832DBE7200000F00EFEE5E7BF
:10A130009102000070B5A425AD00435D040002202B
:10A14000012B09D001236355206801F0BFF9206875
:10A1500001F0C9FB0020605570BD70B5A425AD00AD
:10A16000435D04000220012B07D0012363552068C2
:10A17000217301F0B1FB0020605570BDF0B5040003
:10A1800085B0006801F0B7FB802305001B021D406D
:10A19000184201D100F027FC2068821DD38F1BB22A
:10A1A000002B01DB05B0F0BD0F21D38F19400091CA
:10A1B0000F219AB20B4200D0C0E0102311001940C9
:10A1C0001A4227D10388CA4A13408022120213433D
:10A1D0000380030050331A88237CDB00C3189B18CC
:10A1E000C44A20009B181B88626A9B059B0DE36292
:10A1F000D318636202F07FFC237B002BCCD0A16AD2
:10A2000023680029C8D18020227B4C3302431A8066
:10A210002173C1E7028880211600090193B20E4024
:10A220000A4222D0030050331A88A8235B00E35C63
:10A23000A621DB00C3189B18AF4A89009B18220097
:10A240001B8851329B059B0DFF32D3616118D28868
:10A2500001F09CFD2168A94B0A8820001A40802348
:10A2600013430B8002F032FC96E71BB2002B00DB9D
:10A2700092E70288A14B25001A40802313430380F4
:10A28000030050331A88A8235B00E35C5135DB00E0
:10A29000C3189B18984AFF359B181B889B059B0D7C
:10A2A000EB610DD0696900290AD0EA8801F06EFDE2
:10A2B0006B69EA6931009B1820006B6102F00FFCAA
:10A2C00021680A8893B2120500D565E7C022920181
:10A2D0001340934200D15FE70B00874A50331B883D
:10A2E0008A18D21813889B059B0D13802B69002BAD
:10A2F0000ED1802013880002034313800A88804B0C
:10A300001A40C0239B0153407E4A13430B8043E70E
:10A310003E2B08D8012558082B40C018138880020E
:10A3200003439BB2E9E71F2558092B405D426B416F
:10A33000C01A138880021843734BF1E7009B9F00FB
:10A34000C219138899B21BB20191002B00DB92E075
:10A3500013886A490B4080210B4313802823009AFD
:10A360005343E3181A001D005D32FF321278513555
:10A37000FF35002A14D10200503211882A78D20009
:10A3800052185D491218521812889205950D002A2C
:10A3900056D01A005732FF32FC33190012884BE0B6
:10A3A00019005431FF3109782A78022900D0E3E0FE
:10A3B0008026F601B4466546019EFC332E40039686
:10A3C0000600503602966646019DD96E354200D190
:10A3D000A0E0029D2E88D50086197619454D761984
:10A3E0003588AD05AD0D8D420DD90021D96691009E
:10A3F00041180E88424B1E4080239B017340414E02
:10A4000033430B8002E0491BD966F0D0019B5B0609
:10A4100007D59200821813883C490B403C490B43F6
:10A420001380002D0CD02823009A5343E1180A0012
:10A430005932FF321288FC312B00896E01F0A6FCE4
:10A440002823009959436218FC32106F4019106795
:10A45000906E40199066D06E002803D0526E9542DF
:10A4600000D3B3E0009A20005343E3185133FF3385
:10A47000197802F034FB8022019B2068134200D13E
:10A480008AE6C21913881A49009E0B401E490B43E5
:10A490009BB2138028225643A319D97C012900D0EE
:10A4A000C7E0009901314A43002111511A7F8A42C5
:10A4B00000D19EE04022019D019E1540164200D130
:10A4C000A0E05A7C8A4200D087E002005032118816
:10A4D0001A7C084BD200C0184118521813880A4938
:10A4E0009B059B0D138013880B439BB2138080E068
:10A4F0000F8FFFFF02040000060400008F0F000012
:10A500008FBFFFFF808000000080FFFF8F8FFFFF65
:10A51000C0800000029D2E88D50086197619C74D8F
:10A5200076193588AD05AD0D8D420DD90399D966E3
:10A53000910041180E88C24B1E4080239B0173403E
:10A54000C04E33430B8002E0491BD966F0D0019B1B
:10A550005B0607D4920082181388BB490B40BB49A5
:10A560000B431380002D00D16AE72823009A534340
:10A57000E1180A005B325CE7920082181688B24943
:10A580003140B24E314311802A78910041180D8834
:10A59000010050310988D200521812186D040AD5F2
:10A5A000AB49521812889205950D002A00D147E751
:10A5B0001A005932EFE6A149521812889205950DFA
:10A5C000002A00D13CE71A005B32E4E65131FF314A
:10A5D0002068611801F0A8F94DE7012A09D10200AD
:10A5E0009B4D503212881B7C4019DB0080181B18D1
:10A5F00019802823009A5343E318197C200002F0A5
:10A600007AFAC9E55A7C002A06D102005032118834
:10A610001A7C8A4BD2005EE7012AEAD10200874900
:10A62000503212881B7C4018DB0080181B181D80DC
:10A63000DFE7802701997F0039401A7C8C46019919
:10A6400002929D6AD20039421CD1070050373F88E0
:10A65000BF187F4A3F18BF183A889205920DAA4248
:10A6600003D3624602999A62C8E7596AAD1A8918FB
:10A670005962D96A10368A189D62DA62A11901F00E
:10A6800053F989E540218C46019F06000F4003974E
:10A69000674601995036394200D1DFE06C4937886E
:10A6A00046180021F719BF5A8C46BF05BF0DAF42AF
:10A6B00001D2E91B8C466146802599620199ED0122
:10A6C00029400D006146002947D1282300994B43BA
:10A6D000E3185B7C002B30D1070050373B885D4985
:10A6E000F3189B181E88B605B60D1E801E880E43F3
:10A6F000B6B21E80514E3B888019C018801803885E
:10A700009B059B0D038003880B439BB203802000B5
:10A71000029902F0F0F9002D00D1DCE02823009A24
:10A7200049495343E3181B7C22689B00D2181388C5
:10A730000B4049490B431380CDE0012BE7D10700C3
:10A74000614650373B88F3189B1819803B493B887A
:10A750004018C01880186346D8E7002D0CD0029925
:10A76000890041180D880191AC466146364D0D4077
:10A7700039490D4301990D80282500994D43342115
:10A780008C466519AC4461460978012900D0A2E0E5
:10A79000696AC91969620191D96AC919D9622B6BB1
:10A7A000296A8B4217D35B1A2B632823009D6B43C6
:10A7B000E3185D7C8BB2002D37D1050050352D8814
:10A7C0007519AA181588AD05AD0D158000290ED193
:10A7D0001188204D13E0002B03D161460B70390026
:10A7E000E3E700216746397029631900DDE73E2958
:10A7F00011D801264D080E40AD191188AD0229432C
:10A8000089B21180282200994A43A218128B01991B
:10A8100001F075F85FE01F264D0931404E4271414D
:10A820006D1A1188AD022943D3E7012DEAD1010049
:10A83000503109887618B6183380E3E70604000023
:10A840008FBFFFFF808000008F8FFFFFC080000060
:10A85000020400000080FFFF80C00000AC49368881
:10A860008C4684446644B65A039FB605B60DAE4284
:10A8700000D8AF1B80250199ED0129400D009F6292
:10A88000002F49D1282300994B43E3185B7C002B10
:10A8900033D103009F4950331E8840188019801817
:10A8A00006889D49B605B60D068006880E43B6B2E9
:10A8B00006801B8863449B181A889205920D1A80A3
:10A8C0001A880A4392B21A802000029902F013F902
:10A8D000002D00D122E72823009A5343E3181B7C64
:10A8E00022689B00D21811888C4B194030234B40B2
:10A8F0008B490B431380FFF74FFC012BE4D103007E
:10A90000844950331E8840188019801807801B889E
:10A9100063449B181F80D7E7002908D10299814D15
:10A92000890041180F883D407F4F3D430D80282707
:10A9300000994F43E7193900343101910978012911
:10A94000C9D1796A89197962DD6AAD19DD623B6B1B
:10A950003D6AAB4217D35B1B3B632823009E7343C6
:10A96000E3185E7CABB2002E34D106005036368838
:10A970006644B2181688B605B60D1680002D0ED1A5
:10A980001588654E13E0002B03D1019D2B70350017
:10A99000E3E70025019E3D6335701D00DDE73E2D98
:10A9A0000ED801276E082F40F6191588B6023543D8
:10A9B000ADB215802822009D6A43A218528B27E76A
:10A9C0001F276E093D406F427D41761B1588B602F8
:10A9D0003543D6E7012EEDD1050050352D8865446D
:10A9E000AA181380E6E743050ED523684F490633BE
:10A9F000DA8F20000A40DA8702F08FF82900200061
:10AA0000FFF7ABFBFFF7CEFB430407D523684849AC
:10AA10000633DA8F0A40DA87FFF7C4FB8023010090
:10AA20009B011940184204D0236842490633DA8F4B
:10AA3000F0E7C3041AD5042023680233DA8F824377
:10AA4000DA87DA8F00188243DA87B2239B00E25C50
:10AA5000012A03D12000E15400F08BF9200002F01C
:10AA60007FF8236834490633DA8FD3E7030513D51B
:10AA7000082123689A1CD08F06330143D187D98FD0
:10AA80002E480140D9870423D18F0B43D387200060
:10AA900002F054F8FFF786FB8025284221D0B2202F
:10AAA00023688000991DCA8FAA43CA87225C002AA6
:10AAB000EDD104219A1CD58F54332943D187082125
:10AAC000D58F2943D18701213C2221541B882000A6
:10AAD0009B081340B3229200A35000F04AF9FFF7FD
:10AAE00061FB83050AD5236815490633DA8F2000F8
:10AAF0000A40DA8702F00AF8FFF754FBC00501D4D8
:10AB0000FFF750FB23680F490633DA8F82E7C04610
:10AB100006040000020400000080FFFFBF8FFFFF5B
:10AB2000808000008F8FFFFF80C00000FFFBFFFFD1
:10AB3000FFBFFFFFFFDFFFFFFFEFFFFFFFF7FFFF9D
:10AB4000FFFDFFFFFFFEFFFF70B5040007200D00B3
:10AB50000840282141436DB26618002D18DA0125FE
:10AB600010316118757408700A61CB70022B01D125
:10AB700000230B71A425AD00635D0220012B06D0DC
:10AB800001236355206800F0C3FC0020605570BDB0
:10AB9000002551315236FF31FF3661183570E2E73A
:10ABA00007220B000A40282151435BB270B5040014
:10ABB0004018002B12DA0123103161184374A425C8
:10ABC0000A70AD00635D0220012B06D0012363559E
:10ABD000206800F0ADFD0020605570BD00235131AC
:10ABE0005230FF31FF3061180370E8E7F8B50724F1
:10ABF000214021344C4306193700FC37FB663300F3
:10AC00000025523351365134FF33FF36FF343D6750
:10AC1000BA661D7031700119006800F085FE2800C9
:10AC2000F8BD07230B40282159434018FC30006F22
:10AC3000704770B50724214021344C430619350074
:10AC4000726201223435B3622A7000251034F56235
:10AC50003174336372740119006800F065FE2800D6
:10AC600070BD072270B5037904000A4001209342A9
:10AC700019D348B22823002816DA534319000120BB
:10AC80001031E318611858740123A4258B700A70E1
:10AC9000AD00625D02209A4205D06355206800F045
:10ACA000C1FD0020605570BD4B4319000020E31822
:10ACB00051315233FF31FF3361181870E4E70B0054
:10ACC0000F2270B5017904001A40012091421BD374
:10ACD000072228211A4051435BB26018002B14DA76
:10ACE00001231031611843740025A4268D700A7069
:10ACF000B600A35D0220012B06D00123A3552068D6
:10AD000000F0B0FD2800A55570BD00235131523030
:10AD1000FF31FF3061180370E6E730B528240D06D7
:10AD20000BD5072529404C431034001999B2002A4D
:10AD300007D10273C180002030BD4C435134FF3431
:10AD4000F3E7012283600273F5E703680200B42091
:10AD5000012110B58000B22411500020A40010552C
:10AD600054331A8811430222198019880A431A8021
:10AD700010BD7047044B054A5B6805495B055B0FD6
:10AD8000CB5C1068D8407047001002400C020020D5
:10AD900044DE0008072310B503240360094B5A68FA
:10ADA000224042605A68ED3422408260E0225B68B3
:10ADB000D20013400122C360034B1B6813400B6099
:10ADC00010BDC046001002400020024070B50124B2
:10ADD000036A026AA243026273224468856995434A
:10ADE0000A681543022293438A681343144A904227
:10ADF00008D0144EB04205D0134EB04202D0134ECC
:10AE0000B04216D10826B343CE6833430426B34379
:10AE1000904208D00B4A904205D00B4A904202D093
:10AE20000A4A904205D10A4A8E6922404C6934434D
:10AE300014434A68446085614263036270BDC04642
:10AE4000002C014000400140004401400048014006
:10AE5000FFFCFFFF70B5184A056A036A13400362DE
:10AE600073234268C4699C430B681C43134B1D4009
:10AE70008B681B022B43124DA8420ED1114D1D4071
:10AE8000CB681B022B43104D2B40104D4E691540D3
:10AE90008A69324312012A4308E00D4DA842F4D0DA
:10AEA0000C4DA842F1D00C4DA842EED042604A6849
:10AEB000C461C263036270BDFFFEFFFFFFFDFFFFC1
:10AEC000002C0140FFF7FFFFFFFBFFFFFFCFFFFF5D
:10AED00000400140004401400048014030B5144AA0
:10AEE000046A036A134D134003624368C2692A402F
:10AEF0000D682D021543104A14408A68120322433C
:10AF00000E4CA04208D00E4CA04205D00D4CA042E1
:10AF100002D00D4CA04204D10C4C1C404B699B014B
:10AF2000234343604B68C5610364026230BDC04681
:10AF3000FFEFFFFFFF8CFFFFFFDFFFFF002C014053
:10AF4000004001400044014000480140FFBFFFFFB6
:10AF500001000300012010B53D310C78E2B28442BB
:10AF60001CD1001808701B68D9681143D9600D49BD
:10AF70008B4209D08021C9058B4205D00A498B42FA
:10AF800002D00A498B420AD107219A680A40062A50
:10AF900003D0012219680A431A60002010BD196805
:10AFA000F9E7C046002C0140000400400040014089
:10AFB00070477047704770470222036870B5DD68BC
:10AFC0001E69040016420DD015420BD0053A1A61D5
:10AFD000043202779B699B0700D171E0FFF7E9FF1C
:10AFE0000023237704231E4211D01D420FD00522D7
:10AFF000236852421A61073222779A69C0239B0064
:10B0000020001A4262D0FFF7D4FF002323770823E1
:10B010001E420FD01D420DD00922236852421A61F0
:10B020000D322277DB6920009B0755D0FFF7C1FF67
:10B030000023237710231E4211D01D420FD011226E
:10B04000236852421A6119322277DA69C0239B00C1
:10B0500020001A4246D0FFF7ACFF002323770123DC
:10B060001E4208D01D4206D0022223685242200010
:10B070001A61FDF703FE80231E4208D01D4206D050
:10B0800081222368524220001A6100F01EFA4023F8
:10B090001E4208D01D4206D04122236852422000A1
:10B0A0001A61FFF788FF20231E4208D01D4206D0F8
:10B0B00021222368524220001A6100F005FA70BD77
:10B0C000FFF776FF2000FFF775FF89E7FFF770FFB6
:10B0D0002000FFF76FFF98E7FFF76AFF2000FFF7F8
:10B0E00069FFA5E7FFF764FF2000FFF763FFB4E700
:10B0F000234A10B50368904206D08024E405A0429C
:10B1000002D0204CA0420CD17024A3434C682343AE
:10B11000904212D08024E405A0420ED0194CA042E7
:10B120000BD0194CA04208D0184CA04205D0184CA6
:10B13000A04202D0174CA04203D1174C1C40CB6850
:10B1400023438024A3434C69234303608B68C36279
:10B150000B688362904208D00C4B984205D00C4B90
:10B16000984202D00B4B984201D10B690363012234
:10B1700042610369134202D003699343036110BD26
:10B18000002C01400004004000200040004001402D
:10B190000044014000480140FFFCFFFF70B504007F
:10B1A0000120002C21D025003D352B78DAB2002B70
:10B1B00005D123003C3320001A70FDF757FE02230F
:10B1C0002B702068211DFFF793FF22000123002030
:10B1D000463213704534083A137053709370D3702D
:10B1E00013715371937123702B7070BD70B504008F
:10B1F0000120002C21D025003D352B78DAB2002B20
:10B2000005D123003C3320001A70FDF71BFE0223FA
:10B210002B702068211DFFF76BFF22000123002007
:10B22000463213704534083A137053709370D370DC
:10B2300013715371937123702B7070BD102270B510
:10B24000056A036A174C934303624268836923408B
:10B250000C6824021C4320239D438B681B012B4355
:10B26000114DA8420FD18025AB431E00CB68403D55
:10B270001B013343AB430D4D4E6915408A69324380
:10B2800092002A4308E00A4DA842F4D0094DA84292
:10B29000F1D0094DA842EED042604A6884618263D1
:10B2A000036270BDFF8CFFFF002C0140FFF3FFFF26
:10B2B000004001400044014000480140F8B506004C
:10B2C0003C361500327803000C000220012A0AD017
:10B2D00001383070082D3FD006D8002D19D0042D2C
:10B2E00029D000233370F8BD0C2DFAD11D68280039
:10B2F000FFF7F4FD8023EA691B011343EB61EB695F
:10B300001D4A1340EB612369EA691B021343EB6199
:10B310000FE01D682800FFF759FD0823AA691343B1
:10B320000422AB61AB699343AB61AB692269134300
:10B33000AB610020D5E71D682800FFF77FFF802361
:10B34000AA691B011343AB61AB690B4A1340AB61A4
:10B350002369AA691B02EAE71F683800FFF77AFD34
:10B360000422FB691D43FD61FB699343FB61FB699B
:10B3700022691343FB61DCE7FFFBFFFF1F2310B5CE
:10B38000012419408C408A40036AA3430362036A84
:10B390001A43026210BD00000200030010B500292C
:10B3A00009D13E331B78013B581E8341DBB201209B
:10B3B000002B0AD010BD042901D13F33F2E7082940
:10B3C00001D14033EEE74133ECE7022310000029BE
:10B3D0001DD13E300370146801222000FFF7CEFF1C
:10B3E000194A94421DD0194B9C421AD0184B9C42CA
:10B3F00017D0184B9C4214D08023DB059C4218D1F7
:10B400000722A3681340062B19D10020D2E7042994
:10B4100001D13F30DEE7082901D14030DAE7413081
:10B42000D8E78023616C1B020B4363649442E3D131
:10B43000E6E7094B9C42E3D0044B9C42E0D0012359
:10B44000226813432360E0E7002C014000400140E4
:10B4500000440140004801400004004010B5FFF7DF
:10B460009BFF10BD70B5040002223C342578030018
:10B470001000012D20D01D0070263D352A701B685C
:10B4800058689A68B0430E68304358600B4883424E
:10B4900009D08020C005834205D00948834202D0EC
:10B4A0000848834204D18020496882430A439A6055
:10B4B000012300202B70207070BDC046002C01407D
:10B4C000000400400040014070477047821D0300A7
:10B4D0000020D087014A0233DA87704780BFFFFF20
:10B4E0000230C38F024A1340C38700207047C04612
:10B4F0007F400000821C030001210020D18782B020
:10B50000D0879A1D5033D087188002B07047000052
:10B51000F7B50E787A4AB300C3181C88CF78144068
:10B52000012205000092032F08D83800F9F7F4F93A
:10B5300002423F3C8022920014430097714A144318
:10B54000A4B21C801888704C20403043104380B255
:10B550001880F0008446087BAC44503501950028E3
:10B5600000D06BE0CD8848786D086D00002823D0AE
:10B5700080200199C0000988614409180D8019884C
:10B58000490604D519882140604C21431980604D3B
:10B59000012F00D1AEE020211C882C4061400A43DD
:10B5A00092B200981A80FEBDC022D200144300223D
:10B5B0000092C3E78022F8E7019809690788554897
:10B5C00067443F1801983D800588534865442D180D
:10B5D0002F88BF05BF0D2F80002915D1802729880E
:10B5E0003F02394329801988490404D5198821402C
:10B5F0004A4C214319804A491C880C40C021002E26
:10B6000000D080218901C9E73E2908D801204F08D0
:10B6100001407F182988BF02394389B2E2E71F2021
:10B620004F0901400800414241417F1A2988BF0269
:10B6300039433C4F0F43BFB22F80D4E71D88022F00
:10B640003AD1394E2540354301981D800588802028
:10B650000E896544C00076082D18760001982E806A
:10B6600005884E892B48654476082D1876002E8073
:10B670004978274E8C4680216046294DC901002813
:10B680001FD11F880F4204D01988244F214039430D
:10B6900019801988490604D5198821401B4C21437B
:10B6A0001980C0211C8889012C406140114389B256
:10B6B00019801988314072E71C4E35401543ADB2F0
:10B6C000C2E71888084204D0198814482140014371
:10B6D00019801988490604D5198821400B4C21434B
:10B6E0001980012F09D020211C883440614011436A
:10B6F00089B219801988294051E719883140F6E745
:10B700008F89FFFF8080FFFF8F8FFFFFC0800000C9
:10B71000BF8FFFFF040400000604000080C000008B
:10B720008FBFFFFF0080FFFF808100008F8EFFFF33
:10B73000F0B50B784A78097B9B00C018314B002983
:10B740001AD1002A0CD00288520605D502882E494B
:10B750000A402E490A43028002882D490A402FE000
:10B760000288520405D5028827490A4029490A431C
:10B77000028002882849F1E78027234E244D26497C
:10B78000FF01002A21D102883A4204D00288214CCC
:10B790003240224302800288204C520604D502889F
:10B7A0003240224392B20280028832401443A4B253
:10B7B000048002880A401A4392B2028002882A401A
:10B7C00013439BB203800020F0BD0288144C3A4220
:10B7D00004D002883240224392B20280028852068C
:10B7E00004D50288094F32403A4302800288324031
:10B7F0001443A4B2048002882A401A4392B2028001
:10B800000288ABE78080FFFF8F8FFFFFC0800000C2
:10B81000BF8FFFFF80C000008FBFFFFFC080FFFF12
:10B8200080C0FFFF0B780C4A9B00C0184B78018842
:10B83000002B08D0094B194010234B4013439BB2F7
:10B84000038000207047064B194080235B014B406A
:10B850001A4392B20280F4E78080FFFFBF8FFFFFA0
:10B860008FBFFFFF0B7B002B19D10B789B00C018FB
:10B870004B78002B15D003885B0605D50388104A4A
:10B880001340104A13430380CB78012B07D00E4B93
:10B8900002881A40202353400C4A1343038000209F
:10B8A000704703885B0405D50388054A1340084A9E
:10B8B00013430380074B02881A40C0239B01EAE729
:10B8C0008F8FFFFFC0800000BF8FFFFF80800000D0
:10B8D00080C000008FBFFFFF002902D180234C30C1
:10B8E00003800020704780225830038812021343DF
:10B8F0000380002070470630C08F80B2704730B59B
:10B9000080240133E40012195B0880185B00CB1817
:10B91000401A0C188B4200D130BD4A780D781202C3
:10B920002A4322800231F4E7F0B50C004978050083
:10B93000227B87B0012900D01BE12369A76902930C
:10B940009F4200D91F002B00503361690193002AE8
:10B950001DD1BFB23B00E2882800FFF7D0FF019B5A
:10B96000BE4A19882378AA18DB0052189B181F803A
:10B970002378BB4A9B00EB181988114030224A40BB
:10B98000B8490A4392B21A80002007B0F0BD22786D
:10B99000266A9300D2000392E078EB18022800D0C8
:10B9A000D1E0029AB24200D3BBE01A88AE48F61B3F
:10B9B0001040AE4A104318801B8840209C466246C7
:10B9C000024005926246CB1904932662BBB2024242
:10B9D00055D0019A12889446A54AA818039A604443
:10B9E0008218138062892800FFF789FF049B029A5E
:10B9F00063610023B24201D2F31B3E0062782362EE
:10BA0000B3B2002A2ED1019A94491088227869187D
:10BA10000918D200521811888905890D1180002E4D
:10BA20000AD18020118800020143118022890499E3
:10BA30002800FFF764FF9BE73E2E08D8012170081D
:10BA40003140401811888002014389B2EDE71F2080
:10BA50003040710946427041091A10888902084332
:10BA60008449F1E7012AE1D12A007C49503210884B
:10BA700022786918D200091852181380D6E7019A63
:10BA800012889446754AA818039A60448218138055
:10BA900022892800FFF733FF049B029A6361059B0C
:10BAA000B24201D2F31B3E0062782362B3B2002A95
:10BAB0002AD1019A6E491088227869180918D20093
:10BAC000521811888905890D1180002E06D1802019
:10BAD00011880002014311806289A8E73E2E08D830
:10BAE000012170083140401811888002014389B259
:10BAF000F1E71F2071090640704246411088891BFA
:10BB0000890208435B49F1E7012AE5D12A00584937
:10BB10005032108822786918D20009185218138000
:10BB2000DAE71888544F4F4A3840104380B21880E3
:10BB3000019B039A1888494BEB181B189A18B3B24B
:10BB40001380228974E71888F61B019A26621688EA
:10BB5000BBB2400607D5464AA818039A8019821836
:10BB60001380628964E73D4AA818039A80198218F5
:10BB7000E6E7002A1CD1A36921698B4201D95A1A30
:10BB80000B00A2612A003A495032108822786918C5
:10BB9000D2000918521811888905890D1180002BCF
:10BBA00000D0D6E08021138809020B4313803DE0CA
:10BBB000E378022B00D08CE0002924D10600274A2C
:10BBC000503633882078AA18D218C000121813886B
:10BBD0009B059B0D13802369002B34D1802711888E
:10BBE0003F0239431180224A3188AA18521812188C
:10BBF00011888905890D1180002B54D1802113886B
:10BC000009020B431380E369002B0FD023781B49F3
:10BC10009B00EB181A880A408A4201D0002A05D1FD
:10BC20001A8811490A4016490A431A8023789B0052
:10BC3000ED182A88134B1A40C0239B015340124A27
:10BC400013432B80A0E63E2B20D801215F0819402A
:10BC50007F181188BF02394389B2C3E7020400008C
:10BC6000BF8FFFFF8080FFFF8F8FFFFF808100006D
:10BC7000060400000080FFFF8F8EFFFF40400000A1
:10BC8000C08000008FBFFFFF808000001F271F4083
:10BC900039004F424F415909C91B17880191890248
:10BCA0000F433749D7E73E2B08D8012059080340F6
:10BCB000C918138889020B439BB2A3E71F205909B7
:10BCC000034058424341C91A1388890219432C4B37
:10BCD000F1E70120834200D057E6A36922690020E2
:10BCE000934201D9981A1300A06100299ED12E0019
:10BCF000244A503631882078AA185218C0001218E9
:10BD000011888905890D1180002B0AD1802711889F
:10BD10003F02394311801C4A3188AA185218121860
:10BD200039E73E2B08D801215F0819407F18118898
:10BD3000BF02394389B2EDE71F271F4039004F4248
:10BD40004F415909C91B1788019189020F430C49BA
:10BD5000EFE73E2B08D8012059080340C918138883
:10BD600089020B439BB221E71F2059090340584227
:10BD70004341C91A138889021943014BF1E7C046B0
:10BD80000080FFFF0204000006040000F0B58025DB
:10BD90005C08ED00521926000D008018471AEA19B8
:10BDA000002E06D1DB0703D56400001903880B556C
:10BDB000F0BD1288013E92B22A70120A6A700235F2
:10BDC000EDE70000014B18607047C0460C020020F0
:10BDD000AF239B00C35870B5002B0ED0AE22802538
:10BDE00092008458AD00605DFF2806D0044A9B682D
:10BDF0002100A25C9847FF236355002070BDC04618
:10BE00000102000043230380004870475C020020C9
:10BE10004323038000487047A0020020432303808F
:10BE200000487047180200200A230380004870472A
:10BE30001C03002070B5AE26B6000400855900F042
:10BE400041FF83239B00E850A3590220002B0AD016
:10BE5000832381229B00E918B033E3589200DB680A
:10BE6000A8589847002070BDF8B5AE239B00C7586E
:10BE700004000E000220002F16D014254D43651932
:10BE8000E8690833E35800280FD028224A439B185A
:10BE9000196AF8F7DBFD0A1E07D10B00E9612000E3
:10BEA000310000F0FDFE0020F8BD852300229B003C
:10BEB000FA50F8E7AE23F7B59B00C6586B466A46C2
:10BEC0000D00591D002304000B70D3802B78901DAA
:10BED0001F0060221740134226D0202F3FD1EA884E
:10BEE0006878002A19D05BB2002B0BDAAF239B00D5
:10BEF000E35831009B6898473100EA88200000F041
:10BF000094FC08E080239B00F054184B3100200083
:10BF1000F25400F0A0FC0020FEBDAF239B00E358CC
:10BF200029009B689847F6E76B780A2B0BD00B2B00
:10BF300010D0002B13D1A7239B00E35C032B0ED161
:10BF400002220100DAE7A7239B00E35C032B06D162
:10BF50000122D3E7A7239B00E35C032BDBD0200067
:10BF6000290000F03BFC0220D6E7C0460102000099
:10BF700070B504000025812100F05BFE0121200046
:10BF8000E56200F056FE2300AE26FC331D678221D9
:10BF90002000B60000F04DFEA3592564AB4208D046
:10BFA000AF239B00E3585B689847A05900F096FECA
:10BFB000A551002070BD70B5037C0400002B3AD160
:10BFC000802381219B00022200F027FE0121802393
:10BFD000E1629B000222200000F01FFE23000126E8
:10BFE000FC33032282211E672000082300F015FE87
:10BFF00087202664800000F06DFEAE239B000500C4
:10C00000E0503000002D15D00433E3581B689847EA
:10C01000852200239200AB500432AB50237C143AAB
:10C02000002B11D180239B0031002000AA5800F082
:10C0300040FE002070BD40238121022200F0EDFD72
:10C0400001214023E162C5E74023EDE70300022020
:10C05000002903D0AF220020920099507047AE23F0
:10C060009B00C35882208000195084218900002041
:10C070005A507047AE239B00C258B43B0020D150A9
:10C080007047AE239B00C25810B50223002A12D07D
:10C09000852189005458013B002C0CD15350842336
:10C0A0009B00D3580C39525888390363FF399BB22F
:10C0B00000F0F6FD2300180010BDAE239B00C2580F
:10C0C00010B50223002A0BD081239B00D258037C99
:10C0D000002B07D180239B00012100F0EAFD002303
:10C0E000180010BD4023F7E7022310B5002813D035
:10C0F000AD239B00C458002C01D00024C45000295B
:10C1000002D0AC239B00C150A72301219B00C15446
:10C11000027000F039FD0023180010BD030002205A
:10C12000002903D0AD22002092009950704710B52D
:10C1300000F06AFD002010BDAD239B00C25810B571
:10C140000223002A04D013689847431E98414300F5
:10C15000180010BDAD2310B59B00C3585B6898470D
:10C16000002010BDAA239B0070B5C518040028004C
:10C1700000F020FBA52301229B00E250114BE25A64
:10C18000163BE2501033E15C1F230B40012B09D01A
:10C19000022B0CD0002B0FD12900200000F01AF93F
:10C1A000002070BD2900200000F04AFAF8E72900BD
:10C1B000200000F06DFAF3E77F232000994300F0A0
:10C1C00041FDEDE7AE02000070B504001500002946
:10C1D0002ED1A5239B00C258032A23D10200553239
:10C1E000FF32D368106983420BD91B1AD36082B225
:10C1F000984200D99AB22900200000F03CFB0020B0
:10C2000070BDAD239B00E3581B69002B06D0A7220D
:10C210009200A25C032A01D120009847200000F080
:10C2200032FBECE7052AEAD1C15000F00BFDE6E74E
:10C23000AD239B00C35802209B69002BE0D0A722AE
:10C240009200A25C032ADBD120009847D7E7F8B51B
:10C250000D0004001100002D4DD1A5239B00C358F3
:10C26000022B3ED1036A466AB34211D99B1B03627B
:10C270009AB200F0E8FA2B002A002900200000F012
:10C2800018FDA8239B00E25C012A31D00020F8BDF4
:10C29000C76931003800F8F7D9FB0D1E0CD1BE423A
:10C2A0000AD8A626B600A3599F4205D20A0020004C
:10C2B00000F0C9FAA551DEE7AD239B00E358DB6827
:10C2C000002B06D0A7229200A25C032A01D12000F5
:10C2D00098478021200000F0B5FC200000F0DFFA34
:10C2E000CFE704229343CCD1802100F0ABFCC8E718
:10C2F0000022E254CAE7AD239B00C35802205B69C9
:10C30000002BC4D0A7229200A25C032ABFD129002F
:10C3100020009847BAE7002270B5040011004023BE
:10C3200000F07BFC230001254026FC338021DD65E5
:10C330009E6600223300200000F06FFCA72300213E
:10C340009B00A5616662E554083BE15010336160D3
:10C35000E1501433E3588B4205D0AD239B00E358E2
:10C3600020005B689847002070BD01740020704772
:10C37000A7239B00C15C034A81540422C2540020BD
:10C380007047C0469D020000A7239B00C25C042AA0
:10C3900002D1024A825CC254002070479D02000014
:10C3A000A72310B59B00C35C032B06D1AD239B00D4
:10C3B000C358DB69002B00D09847002010BD10B592
:10C3C0000400802100F03EFC0021200000F03AFC37
:10C3D00010BD000060220B7873B513400D001900EA
:10C3E000921820390400114212D0002B00D096E0A0
:10C3F0006878092800D992E0F8F798FAF0000D0162
:10C40000910005019100830012009100DA00A40060
:10C41000AD239B00C35829009B689847002076BD38
:10C4200000236A46D3806B88180A0138062876D81C
:10C43000F8F772FA0417267575404B00AC239B0081
:10C44000E358207C1B686A46911D98476B46D98843
:10C45000EA88002950D0002A43D1200000F013FAC6
:10C46000DCE7AD23227C9B00E358002A06D19B6ABF
:10C470006A46901D984702234370E7E7DB6AF7E7B7
:10C48000D8B205284BD8AC239B00E358F8F744FA00
:10C4900003080A0C0E105B68002B40D0207CD2E70A
:10C4A0009B68F9E7DB68F7E71B69F5E75B69F3E78A
:10C4B0009B69F1E7237C002B31D1AD236A469B00B9
:10C4C000E358901D5B6B9847C0E7237C002B26D177
:10C4D000AD236A469B00E358901D1B6B98470723CA
:10C4E000CAE70B1C914200D9131C69469AB2CB8053
:10C4F0000100200000F099F9EB88002B00D08DE7B7
:10C50000ABE7AB88002B0AD1EB88002B07D16E88F4
:10C510007F2E04D8A725AD00635D032B03D1200037
:10C52000FFF74DFF7AE7444BF1B2E154200000F0F1
:10C53000AEFB200000F0A7F90223002E00D101235A
:10C5400063556BE7A9783D4D29700129E7D8A723EA
:10C550009B00E25C022A09D0032A15D02000FFF7D5
:10C560002EFF20002978FFF7F5FD57E7002900D1BD
:10C5700073E7012103226160E2542000FFF7DCFD34
:10C58000022800D069E7CAE7002906D1022220006C
:10C59000E2546160FFF7DEFD5FE76168012900D1C9
:10C5A0005BE7C9B22000FFF7D5FD29786160E4E7B9
:10C5B000EA88012AB3D1A7239B00E35C022B06D8AB
:10C5C000002BACD000232100A360083102E0211D24
:10C5D000032BA4D1200000F028F91FE7A7239B001C
:10C5E000E35C013B022B9AD8EB88022B97D1A9235D
:10C5F0009B00E2580123002A00D0023321000222CE
:10C60000E3600C31E6E76B88012B00D006E7A92236
:10C610009200A35021E7A7239B00E35C013B022B80
:10C6200000D97CE76B88012B00D0F7E6A923002214
:10C630009B00E25011E7C0469E020000100B002054
:10C6400060230A7870B5134004000D00520601D52E
:10C65000402B19D1A7239B00E35C013B022B13D88D
:10C660002B79012B10D8AD239B00E35829009B6840
:10C6700020009847EB88002B04D1002802D120002D
:10C6800000F001F9002070BD2000FFF798FEF9E7E7
:10C6900070B50A7804000B00888860210A401500F4
:10C6A0004918203D0D4226D0002A34D15A78C1B213
:10C6B000012A43D0032A27D0002A2CD1A7239B008C
:10C6C000E35C022B54D0032B25D10F2314220B4003
:10C6D0005343E31800065BD59B69002B1BD07F23D7
:10C6E0000B4001335343E5184B065CD10023022273
:10C6F00029002B6048E0AD229200A25819002000CA
:10C7000092689047002070BDA7229200A25C022A86
:10C7100024D0032A03D02000FFF751FEF2E75A8805
:10C72000002A07D14A0605D0DB88002B02D1200061
:10C7300000F088FA200000F0A6F8E3E7A7229200B4
:10C74000A25C022A0AD0032AE5D15B88002BD9D14A
:10C750004B06EFD0200000F07EFAEBE74B06DAD074
:10C76000200000F06FFA8021200000F06BFAC9E78A
:10C770004906D0D121005531FF31000601D541399C
:10C78000FF39002302220B60200000F04EF8B9E7C9
:10C79000FC33DB6D002BBED07F230B405A43553258
:10C7A000FF32A518A0E7200000F05EFA00289DD017
:10C7B00001239CE70B7803704B784370CB788A7821
:10C7C0001B02134343804B790A791B021343838076
:10C7D000CB798A791B021343C380704710B50400DC
:10C7E000802100F02FFA0021200000F02BFA10BD6C
:10C7F00070B504000D00160000280DD0F8F784F87D
:10C80000C3B201335B0033802B70032300206B70B5
:10C81000013B2178002900D170BD5A1CE954D2B2E5
:10C8200002330134DBB2A854F3E71300A52210B59C
:10C830000224920084500A00C3610021036200F0C8
:10C840002FFA002010BD10B513000A00002100F0DF
:10C8500027FA002010BD1300A52210B50324920072
:10C8600084500200FC32136653660A00002100F077
:10C8700020FA002010BD10B513000A00002100F0BE
:10C8800018FA002010BDA52304229B0010B5C25049
:10C8900000231A00190000F003FA002010BDA523A0
:10C8A00005229B0010B5C25000231A00190000F0A9
:10C8B00000FA002010BD000010B5114C002220002D
:10C8C0001049FFF711FC002801D0FCF7EBF920001C
:10C8D0000D49FFF723FC002801D0FCF7E3F9200005
:10C8E0000A49FFF7B3FB002801D0FCF7DBF9200071
:10C8F000FFF71DFC002801D0FCF7D4F910BDC0469D
:10C90000140B00206C030020E40200202803002008
:10C910000020704700207047002070470A00AE21B9
:10C9200010B5084C890003006058A4394158012013
:10C93000002906D119002000FFF791FB2000FFF726
:10C94000A0FB10BD140B002073B50E4D04000E00AB
:10C9500001002800FFF78EFB2800FFF7AEFB002345
:10C960006A46D3806B4632682100074892B206338C
:10C97000FBF714FF002803D06B46D988FFF7CEFFE2
:10C98000002076BD140B00201C0500201223014856
:10C990000B80704758030020042301480B80704728
:10C9A0005403002070B5002652008A188A4200D134
:10C9B00070BD050FECB223003733092D00D8073BBB
:10C9C0000B704E7000010231F0E700001A2310B521
:10C9D0000B800A4B18680A4B1B68C01800280AD045
:10C9E000084B08221C680849FFF7DCFF04222000DE
:10C9F0000649FFF7D7FF064810BDC046ACF7FF1F3A
:10CA0000B4F7FF1FB0F7FF1F3A0300204A030020CE
:10CA10003803002010B5044C0A0021000348FFF73A
:10CA2000E7FE200010BDC046D80D00204CDE0008F7
:10CA300010B5044C0A0021000348FFF7D9FE20007E
:10CA400010BDC046D80D002062DE000810B5044CB1
:10CA50000A0021000348FFF7CBFE200010BDC046AE
:10CA6000D80D002078DE000810B5044C0A00210023
:10CA70000348FFF7BDFE200010BDC046D80D0020C2
:10CA800083DE0008002803D00238431E984101309D
:10CA90007047000007B50B4B02689A4211D1802104
:10CAA000094B0904DA691F200A43DA610022DB69B5
:10CAB0000B4001931100019BFDF74EF81F20FDF77D
:10CAC00075F807BD005C004000100240A62310B5B9
:10CAD0009B00C1184033C058FFF744FB10BD28230A
:10CAE0004B43C318FC339A6EB62310B59B00C05855
:10CAF000FFF76AFB10BD28234B43C3185A6AB623BD
:10CB000010B59B00C058FFF7A2FB10BDB62310B5AF
:10CB10009B00C058FFF744FC10BD70B5437904007A
:10CB2000022B01D0FCF7BEF8B625AD0001216059FB
:10CB3000FFF71BFC6059FFF7EEFB70BDB62310B585
:10CB400004009B00C058FFF713FC637A002B04D04D
:10CB50000623024A11690B43136110BD00ED00E08A
:10CB600010B5437A0400002B06D00621054A13694C
:10CB70008B431361FCF710F8B6239B00E058FFF7D6
:10CB800003FC10BD00ED00E0B62370B504001C48A6
:10CB90009B00C4501B4BB025036082239B00838005
:10CBA0000223C3710023AD00605143724381FDF73E
:10CBB00075FA002801D0FCF775F8002260591100C1
:10CBC0001823FEF7AAF86059582300228021FEF7A7
:10CBD000A4F86059C02300228121FEF79EF8882323
:10CBE0006059002201215B00FEF797F8802360590D
:10CBF000002282215B00FEF790F8002070BDC04645
:10CC0000F8110020005C0040B02310B59B00C05814
:10CC1000FDF790FAFFF736FF10BD10B514001A00AB
:10CC20002300B024A4000059FDF78EFFFFF72AFF70
:10CC300010BDB02310B59B00C058FDF7B1FFFFF742
:10CC400021FF10BDB02310B59B00C058FEF709F8B6
:10CC5000FFF718FF10BDB02310B59B00C058FEF7BA
:10CC60002EF8FFF70FFF10BDB0239B00C35848B24A
:10CC70002822002805DA7F2001404A439B18987C2F
:10CC800070474A439B185333FF331878F8E7B023B3
:10CC900010B59B00C058FDF760FAFFF7F3FE10BD1A
:10CCA00010B5B024A4000059FDF7C3FFFFF7EAFE5A
:10CCB00010BD10B5B024A4000059FDF797FFFFF791
:10CCC000E1FE10BDB02310B59B00C058FDF7A9FFD1
:10CCD00010BD000000487047D80F002070470000CA
:10CCE00010B5034B0100186800F026F810BDC046CF
:10CCF0008803002070B50F4E0D0031680400002934
:10CD000002D100F0B1F830602900200000F0ACF84A
:10CD1000431C03D101256D42280070BD0323C51CAF
:10CD20009D43A842F8D0291A200000F09DF8013058
:10CD3000F2D1EFE7D4140020F7B50322CB1C9343C4
:10CD4000083305001F000C2B34D20C27B94233D80E
:10CD5000280000F071F8374E33681C00002C2FD1EA
:10CD600039002800FFF7C6FF0400431C5FD1346878
:10CD70000094009B002B4AD1002C52D0236828003D
:10CD8000E3180099019300F06FF8019B834248D1AA
:10CD900023682800FF1A3900FFF7ACFF013040D0AC
:10CDA0002368DB19236033685A68002A33D1009B5B
:10CDB000336019E0002BC9DA0C232B600020FEBD84
:10CDC0002168C91B20D40B290AD9E2192760A34284
:10CDD00004D1326063681160536005E05A60F9E77E
:10CDE0006268A3420ED13260280000F02DF82000C6
:10CDF00007220B30231D9043C21A9842DFD01B1A22
:10CE0000A350DCE75A60EFE723006468A6E7009CC4
:10CE100063680093ADE71A005B68A342FBD100236F
:10CE2000DAE70C2328002B6000F00EF8C6E7076055
:10CE3000DAE7C046D814002010B5024800F050F8D8
:10CE400010BDC0461816002010B5024800F049F881
:10CE500010BDC0461816002003008218934200D16E
:10CE6000704719700133F9E7002370B5064D0400CF
:10CE700008002B60FBF7AAFF431C03D12B68002B93
:10CE800000D0236070BDC04614160020014B186806
:10CE90007047C0468803002070B500260C4C0D4D2D
:10CEA000641BA410A64209D1002600F025F80A4C04
:10CEB0000A4D641BA410A64205D170BDB300EB5807
:10CEC00098470136EEE7B300EB5898470136F2E792
:10CED00094DE000894DE000898DE000894DE000866
:10CEE00070477047002310B59A4200D110BDCC5C4A
:10CEF000C4540133F8E70000F8B5C046F8BC08BCDC
:10CF00009E467047F8B5C046F8BC08BC9E467047C0
:10CF10002C4D00081E4D0008FC4C0008284D000850
:10CF2000FC4C000812500008FC4C0008284D00087A
:10CF30001E4D00081E4D000812500008284D000824
:10CF4000E44C0008E44C0008E44C0008845000085D
:10CF5000E803C80050FE020045770008E803C80057
:10CF600052FE020075770008E803C800F7FE0200D1
:10CF70009577000800006405DC05B004010100009D
:10CF8000817B000801000000FF7F0180000000009D
:10CF9000000000000200F40158020000010100003E
:10CFA0002D7C000803000000FF7F0000000000004F
:10CFB000000000000400AA05DC05B0040101000027
:10CFC000557D000805000000007D00000101000003
:10CFD0000000000006001027FF7F00000101000094
:10CFE0000000000007000000FF7F000001010000BA
:10CFF0000000000008000000FF7F000001010000A9
:10D000000000000009000000FF7F00000101000097
:10D01000000000000A0000000A00000001000000FB
:10D02000000000000B0000000100000001000000F3
:10D03000000000000C0001000100000001010000E0
:10D04000000000000D0000000100000001010000D0
:10D05000000000000E0000000100000001010000BF
:10D06000000000000F000300640000000101000048
:10D07000000000001000000001000000040100009A
:10D080000000000011000000E8030000040100009F
:10D09000000000001200E80310270000010100005A
:10D0A0000000000013006400C800410004010000FB
:10D0B0000000000014000000000400000101000056
:10D0C0000000000015000000FF7F000000000000CD
:10D0D0000000000016000000FF7F000000000000BC
:10D0E0000000000018000000F6090AF60000000029
:10D0F0000000000019000000FF0001FF0000000018
:10D10000000000001A000000FF7F00800000000007
:10D11000000000001B000000FF7F008000000000F6
:10D12000000000001C0000000100000000000000E2
:10D13000000000001D000000007D00000100000054
:10D14000B97A00081E000000FF7F00000100000007
:10D15000000000001F000000FF7F008000000000B2
:10D160000000000020000000FF7F018000000000A0
:10D170000000000021000000FF0F00000000000080
:10D180000000000022000000FF0F0000000000006F
:10D190000000000023000000FF0F0000000000005E
:10D1A0000000000024000000FF0F0000000000004D
:10D1B0000000000025000000FF0F0000000000003C
:10D1C0000000000026000000FF0F0000000000002B
:10D1D0000000000027000000FF0F0000000000001A
:10D1E0000000000028000000FF0F00000000000009
:10D1F0000000000029000000010000000400000001
:10D20000957E00082A000000E803000001010000EC
:10D21000BD7C00082B00E803E803000001010000CA
:10D22000057D00082C000000010000000101000045
:10D23000000000002D0000000100000001000000BF
:10D240004D7D00082E0000000100000001000000DC
:10D25000D97E00082F00000001000000010000003E
:10D26000D97D000830000000FF7F01800100000030
:10D270001D7E0008310002000500000001000000D2
:10D28000417E000832000000FF7F008001000000A6
:10D29000517E000833000100010000000101000080
:10D2A0000000000034000100FF0000000401000045
:10D2B000417F000835000000FF000000040100006D
:10D2C000297F000836000000010000000101000075
:10D2D0000000000037000000010000000101000014
:10D2E0000000000038000000000400FC0201000003
:10D2F000E97F000839001707001000000201000054
:10D30000597F00083A000B001000000002010000E5
:10D31000798000083B000000000400FC02010000CE
:10D32000018000083C00E309001000F00201000049
:10D33000717F00083D000C00100000000201000099
:10D34000918000083E000000000400FC0201000083
:10D35000318000083F000000001000F002010000D2
:10D36000A17F000840000A00100000000201000038
:10D37000C18000084100C012002000E0020100004E
:10D38000498000084200FFFF000400FC0201000089
:10D39000B97F0008430005001000000002010000F2
:10D3A000D980000844000000000400FC02010000D5
:10D3B000198000084500F401000400FC020100008F
:10D3C000897F0008460008001000000002010000EC
:10D3D000A98000084700D701001000F002010000FA
:10D3E0006180000848006C00000400FC020100009D
:10D3F000D17F000849000600100000000201000073
:10D40000F18000084A000000010000000201000055
:10D41000117E00084B000500FF0F00000201000014
:10D42000000000004C00FA0FFF0F00000201000096
:10D43000000000004D000500FF0F00000201000089
:10D44000000000004E00FA0FFF0F00000201000074
:10D45000000000004F000500FF0F00000201000067
:10D46000000000005000FA0FFF0F00000201000052
:10D470000000000051000500FF0F00000201000045
:10D48000000000005200FA0FFF0F00000201000030
:10D490000000000053002800FF0F00000201000000
:10D4A000000000005400FA0FFF0F0000020100000E
:10D4B0000000000055000500FF0F00000201000001
:10D4C000000000005600FA0FFF0F000002010000EC
:10D4D0000000000057000000FF0F000002010000E4
:10D4E0000000000058000000FF0F000002010000D3
:10D4F0000000000059000000FF0F000002010000C2
:10D50000000000005A000000FF0F000002010000B0
:10D51000000000005B000000FF7F018000000000B1
:10D52000000000005C000000FF7F018000000000A0
:10D53000000000005D000000FF7F0180000000008F
:10D54000000000005E000000FF7F0180000000007E
:10D55000000000005F000000FF7F0180000000006D
:10D560000000000060000000FF7F0180000000005C
:10D570000000000061000000FF7F0180000000004B
:10D580000000000062000000FF7F0180000000003A
:10D590000000000063000000FF7F01800000000029
:10D5A0000000000064000000FF7F01800000000018
:10D5B0000000000065000000FF7F01800000000007
:10D5C0000000000066000000FF7F018000000000F6
:10D5D0000000000067000000FF7F018000000000E5
:10D5E0000000000068000000FF7F018000000000D4
:10D5F0000000000069000000FF7F018000000000C3
:10D60000000000006A000000FF7F018000000000B1
:10D61000000000006B000000FF7F018000000000A0
:10D62000000000006C000000FF7F0180000000008F
:10D63000000000006D000000FF7F0180000000007E
:10D64000000000006E000000FF7F0180000000006D
:10D65000000000006F000000FF7F0180000000005C
:10D660000000000070000000FF7F0180000000004B
:10D670000000000071000000FF7F0180000000003A
:10D680000000000072000000FF7F01800000000029
:10D690000000000073000000FF7F01800000000018
:10D6A0000000000074000000FF7F01800000000007
:10D6B0000000000075000000FF7F018000000000F6
:10D6C0000000000076000000FF7F018000000000E5
:10D6D0000000000077000000FF7F018000000000D4
:10D6E0000000000078000000FF7F018000000000C3
:10D6F0000000000079000000FF7F018000000000B2
:10D70000000000007A000000FF7F018000000000A0
:10D71000000000007B000000FF7F0180000000008F
:10D72000000000007C000000FF7F0180000000007E
:10D73000000000007D000000FF7F0180000000006D
:10D74000000000007E000000FF7F0180000000005C
:10D75000000000007F000000FF7F0180000000004B
:10D760000000000080000000FF7F0180000000003A
:10D770000000000081000000FF7F01800000000029
:10D780000000000082000000FF7F01800000000018
:10D7900000000000C4260100FF7F0180040000009B
:10D7A00000000000C3260200FF7F0180040000008B
:10D7B00000000000C2260300FF7F0180040000007B
:10D7C00000000000C1260400FF7F0180040000006B
:10D7D00000000000C0260500FF7F0180040000005B
:10D7E00000000000CE260100FF7F01800400000041
:10D7F00000000000CD260200FF7F01800400000031
:10D8000000000000CC260300FF7F01800400000020
:10D8100000000000CB260400FF7F01800400000010
:10D8200000000000CA260500FF7F01800400000000
:10D8300000000000C9260600FF7F018004000000F0
:10D8400000000000C8260700FF7F018004000000E0
:10D8500000000000C7260800FF7F018004000000D0
:10D8600000000000C6260900FF7F018004000000C0
:10D8700000000000C5260A00FF7F018004000000B0
:10D8800000000000CF261027007D000004000000EB
:10D8900000000000D0260000007D00000400000011
:10D8A00000000000D1260000007D00000400000000
:10D8B00000000000D2260000007D000004000000EF
:10D8C00000000000D3260000007D000004000000DE
:10D8D00000000000D526000000000F270500000012
:10D8E00009810008D626000000000F27050000006F
:10D8F0003D810008D726000000000F27010100002D
:10D900003D820008D826000000000F270201000019
:10D910003F820008D926000000000F270301000005
:10D9200041820008DA26000000000F2704010000F1
:10D9300043820008DB260000000001000100000017
:10D9400045820008DF260000FF7F01800400000000
:10D9500000000000E0260000FF7F018004000000BE
:10D9600000000000E1260000FF7F018004000000AD
:10D9700000000000E2260000FF7F0180040000009C
:10D9800000000000E3260000FF7F0180040000008B
:10D9900000000000E4260000FF7F0180040000007A
:10D9A00000000000E5260000FF7F01800400000069
:10D9B00000000000E6260000FF7F01800400000058
:10D9C00000000000E7260000FF7F01800500000046
:10D9D00049820008E8260000FF7F01800500000062
:10D9E00049820008E9260000FF7F01800500000051
:10D9F00049820008EA260000FF7F01800500000040
:10DA000049820008EB260000FF7F0180040000002F
:10DA100000000000EC260000FF7F018004000000F1
:10DA200000000000ED26AA55FF7F018004000000E1
:10DA300000000000EE2655AAFF7F018004000000D0
:10DA400000000000EF260000FF7F018005000000BD
:10DA500085810008F0260000FF7F0180050000009E
:10DA600085810008F126BB66FF7F0180040100006C
:10DA700000000000F22666BBFF7F0180040000006A
:10DA800000000000F3260000020000000400000077
:10DA900000000000F4260000FF7F01800400000069
:10DAA00000000000F5260000FF7F01800400000058
:10DAB00000000000F6260000FF7F01800400000047
:10DAC00000000000F7260000FF7F01800400000036
:10DAD00000000000F8260000FF7F01800400000025
:10DAE00000000000F9260000FF7F01800400000014
:10DAF00000000000FA260000FF7F01800400000003
:10DB000000000000FB260000FF7F018004000000F1
:10DB100000000000FC260000FF7F018004000000E0
:10DB200000000000FD260000FF7F018004000000CF
:10DB300000000000FE260000FF7F018004000000BE
:10DB400000000000FF260000FF7F018004000000AD
:10DB50000000000000270000FF7F0180040000009B
:10DB60000000000001270000FF7F0180040000008A
:10DB70000000000002270000FF7F01800401000078
:10DB80000000000003270000FF7F01800400000068
:10DB90000000000004270000FF7F01800400000057
:10DBA0000000000005274442FF7F018004000000C0
:10DBB0000000000006274332FF7F018004000000C0
:10DBC0000000000007270000FF7F01800400000024
:10DBD0000000000008270000FF7F01800400000013
:10DBE0000000000009270000FF7F01800400000002
:10DBF000000000000A270000FF7F018004000000F1
:10DC0000000000000B270000FF7F018004000000DF
:10DC1000000000000C270000FF7F018004000000CE
:10DC2000000000000D270000FF7F018004000000BD
:10DC3000000000000E270000FF7F018004000000AC
:10DC4000000000000000C1C081C1400101C3C00349
:10DC5000800241C201C6C006800741C70005C1C598
:10DC600081C4400401CCC00C800D41CD000FC1CF58
:10DC700081CE400E000AC1CA81CB400B01C9C00948
:10DC8000800841C801D8C018801941D9001BC1DBE8
:10DC900081DA401A001EC1DE81DF401F01DDC01D98
:10DCA000801C41DC0014C1D481D5401501D7C017B8
:10DCB000801641D601D2C012801341D30011C1D1C8
:10DCC00081D0401001F0C030803141F10033C1F308
:10DCD00081F240320036C1F681F7403701F5C03598
:10DCE000803441F4003CC1FC81FD403D01FFC03F58
:10DCF000803E41FE01FAC03A803B41FB0039C1F948
:10DD000081F840380028C1E881E9402901EBC02BA7
:10DD1000802A41EA01EEC02E802F41EF002DC1ED97
:10DD200081EC402C01E4C024802541E50027C1E7B7
:10DD300081E640260022C1E281E3402301E1C021C7
:10DD4000802041E001A0C060806141A10063C1A3C7
:10DD500081A240620066C1A681A7406701A5C06597
:10DD6000806441A4006CC1AC81AD406D01AFC06F57
:10DD7000806E41AE01AAC06A806B41AB0069C1A947
:10DD800081A840680078C1B881B9407901BBC07BE7
:10DD9000807A41BA01BEC07E807F41BF007DC1BD97
:10DDA00081BC407C01B4C074807541B50077C1B7B7
:10DDB00081B640760072C1B281B3407301B1C071C7
:10DDC000807041B00050C190819140510193C05387
:10DDD000805241920196C056805741970055C19597
:10DDE00081944054019CC05C805D419D005FC19F57
:10DDF000819E405E005AC19A819B405B0199C05947
:10DE0000805841980188C04880494189004BC18BA6
:10DE1000818A404A004EC18E818F404F018DC04D96
:10DE2000804C418C0044C184818540450187C047B6
:10DE3000804641860182C042804341830041C181C6
:10DE4000818040400000000001020304454E2D4B3C
:10DE50004F20436F6E74726F6C2053797374656DCD
:10DE6000730053544D3332205669727475616C20BF
:10DE7000436F6D506F72740043444320436F6E666E
:10DE800069670043444320496E7465726661636547
:04DE9000000000008E
:04DE9400E948000851
:04DE9800C148000875
:10DE9C00E8030000E80300000100000000127A0013
:10DEAC00010000000400000009074300020104C047
:10DEBC0032090400000102020100052400100105D2
:10DECC002401000104240202052406000107058236
:10DEDC000308001009040100020A000000070501F4
:10DEEC0002400000070581024000000009024300C7
:10DEFC00020100C0320904000001020201000524E5
:10DF0C00001001052401000104240202052406006E
:10DF1C00010705820308001009040100020A000031
:10DF2C0000070501024000000705810240000000C7
:10DF3C0009024300020100C0320904000001020280
:10DF4C000100052400100105240100010424020233
:10DF5C0005240600010705820308001009040100CE
:10DF6C00020A0000000705010200020007058102F9
:10DF7C0000020000B7BF000871BF0008B5BE000862
:10DF8C0000000000D1BD000869BE000835BE0008C5
:10DF9C0000000000000000000000000011BE00089E
:10DFAC0005BE00081DBE000829BE00080A060002B6
:10DFBC00000000400100000011C9000819C9000848
:10DFCC0015C9000849C900081A0300000000000028
:10DFDC000000000000000000000000000000000035
:10DFEC0000000000040309041201000202020040B8
:10DFFC008304405700020102030100008DC9000890
:10E00C0099C9000815CA000831CA0008CDC9000812
:10E01C004DCA000869CA00088C03002000000000EB
:10E02C00DC14002044150020AC150020000000007A
:10E03C0000000000000000000000000000000000D4
:10E04C0000000000000000000000000000000000C4
:10E05C0000000000000000000000000000000000B4
:08E06C000000000000000000AC
:04EFFC00454E4B4FE4
:04F7FC00454E4B4FDC
:020000042000DA
:1000000000000000000000000000000000000000F0
:1000100000000000000000000000000000000000E0
:1000200000000000000000000000000000000000D0
:1000300000000000000000000000000000000000C0
:1000400000000000000000000000000000000000B0
:1000500000000000000000000000000000000000A0
:100060000000000000000000000000000000000090
:100070000000000000000000000000000000000080
:100080000000000000000000000000000000000070
:100090000000000000000000000000000000000060
:1000A0000000000000000000000000000000000050
:1000B0000000000000000000000000000000000040
:0800C000000000000000000038
:0400000508008F89D7
:00000001FF
