:020000040800F2
:1040000000400020E5820008CD800008CF80000835
:1040100000000000000000000000000000000000A0
:10402000000000000000000000000000D180000837
:104030000000000000000000D3800008D5800008C8
:104040003583000835830008358300083583000870
:10405000358300083583000835830008D7800008C1
:104060003583000835830008358300083583000850
:104070003583000835830008358300083583000840
:10408000358300083583000835830008E180000887
:10409000F180000835830008358300083583000867
:1040A0003583000835830008358300083583000810
:1040B000358300083583000801810008118100085C
:1040C00010B5064C2378002B07D1054B002B02D0EE
:1040D000044800E000BF0123237010BDD00300207E
:1040E000000000002CC30008044B10B5002B03D0C7
:1040F0000349044800E000BF10BDC04600000000B6
:10410000D40300202CC300080023C25C0133002A22
:10411000FBD1581E7047000002B47146490849009F
:10412000095649008E4402BC7047C04602B471462D
:1041300049084900095C49008E4402BC7047C046EA
:1041400003B47146490840004900095E49008E44A5
:1041500003BC7047002243088B4274D303098B428F
:104160005FD3030A8B4244D3030B8B4228D3030C47
:104170008B420DD3FF22090212BA030C8B4202D3E9
:104180001212090265D0030B8B4219D300E0090A11
:10419000C30B8B4201D3CB03C01A5241830B8B421A
:1041A00001D38B03C01A5241430B8B4201D34B0303
:1041B000C01A5241030B8B4201D30B03C01A524168
:1041C000C30A8B4201D3CB02C01A5241830A8B42ED
:1041D00001D38B02C01A5241430A8B4201D34B02D6
:1041E000C01A5241030A8B4201D30B02C01A52413A
:1041F000CDD2C3098B4201D3CB01C01A52418309EE
:104200008B4201D38B01C01A524143098B4201D327
:104210004B01C01A524103098B4201D30B01C01A52
:104220005241C3088B4201D3CB00C01A52418308CC
:104230008B4201D38B00C01A524143088B4201D3F9
:104240004B00C01A5241411A00D201465241104659
:104250007047FFE701B5002000F0F0F802BDC0464E
:104260000029F7D076E7704703460B437FD400223E
:1042700043088B4274D303098B425FD3030A8B42FA
:1042800044D3030B8B4228D3030C8B420DD3FF2264
:10429000090212BA030C8B4202D31212090265D032
:1042A000030B8B4219D300E0090AC30B8B4201D3E5
:1042B000CB03C01A5241830B8B4201D38B03C01A2C
:1042C0005241430B8B4201D34B03C01A5241030BA3
:1042D0008B4201D30B03C01A5241C30A8B4201D354
:1042E000CB02C01A5241830A8B4201D38B02C01AFF
:1042F0005241430A8B4201D34B02C01A5241030A76
:104300008B4201D30B02C01A5241CDD2C3098B425A
:1043100001D3CB01C01A524183098B4201D38B01D7
:10432000C01A524143098B4201D34B01C01A52417A
:1043300003098B4201D30B01C01A5241C3088B42BF
:1043400001D3CB00C01A524183088B4201D38B00AA
:10435000C01A524143088B4201D34B00C01A52414C
:10436000411A00D201465241104670475DE0CA0F23
:1043700000D04942031000D34042534000229C46E3
:1043800003098B422DD3030A8B4212D3FC228901ED
:1043900012BA030A8B420CD3890192118B4208D3C3
:1043A000890192118B4204D389013AD0921100E025
:1043B0008909C3098B4201D3CB01C01A5241830939
:1043C0008B4201D38B01C01A524143098B4201D366
:1043D0004B01C01A524103098B4201D30B01C01A91
:1043E0005241C3088B4201D3CB00C01A524183080B
:1043F0008B4201D38B00C01A5241D9D243088B4261
:1044000001D34B00C01A5241411A00D20146634603
:1044100052415B10104601D34042002B00D5494267
:10442000704763465B1000D3404201B5002000F0A6
:1044300005F802BD0029F8D016E770477047C0465E
:10444000D0400B00D1409C46203AD3401843524202
:104450006346934018437047F0B5DE4645465746DD
:104460004E46E0B587B0009201930B031B0B9B46B1
:10447000CA0F4B00040080465B0D029200D198E009
:104480007C4A934237D05946420FC9000A438021E3
:1044900009041143C2009046774A894692469A44DD
:1044A000002300240393009E019F3B031B0B9B46AC
:1044B0007B0030005B0DFD0F002B59D06D4A9342FD
:1044C00048D05946720FC9000A438021090411439C
:1044D0008B466949F2008C4651466344CB1A9A4692
:1044E0000021029E6E40F6B20F2C00D9CEE0634B45
:1044F000A4001B599F465A460243914600D090E0C3
:104500009A460223904608240393CCE7CB464246C2
:10451000029D0399022900D1DEE1032900D18DE03B
:10452000012900D079E12E000022002300249046CA
:104530001B052343F60733434046190007B0F0BC80
:10454000BB46B246A946A046F0BD002200249046D4
:10455000484BEDE75A46009B1A43494B9C46E244C0
:10456000002A59D102231C43002302219B46B8E7AD
:104570005A46009B1A4349D05B46002B00D19CE170
:10458000584600F0D1FD020003000B3A1D27009EA3
:10459000BA1A19005846D6400839884032000243FA
:1045A0009346009A8A40374953448A4600219A44E8
:1045B00097E75B460343994621D05B46002B00D129
:1045C00069E1584600F0B0FD0B235B429C460200B7
:1045D000844466461D239B1B260011005846DE407E
:1045E0000839884033000343994623008B4098469E
:1045F000254B00249B1A9A460023039353E700237C
:1046000098469A460133042403934CE701231C4344
:10461000002301219B4664E70323320003211C434E
:104620005FE79A460323D9460C2403933BE7002314
:104630008024984600260F4B240379E780245B46AC
:1046400024031C4324032E0090460A4B240B6FE7DF
:1046500080244B462403234202D05B462342F0D001
:1046600080244B4624031C432403029E014B240B4D
:104670005EE7C046FF07000001FCFFFF44C30008DF
:1046800001F8FFFFF30300000DFCFFFFCB4500D254
:10469000F8E000D1F3E001235B429C4644464846E3
:1046A0000025E2445B46170E1B021F43190C3B0416
:1046B000120200971F0C914602910397FFF7D0FD5D
:1046C00002007A430B04210C804619438A4209D91F
:1046D000009F0123BC465B4261449C46E0448F42FC
:1046E00000D85CE1881A0299FFF7BAFD039A240406
:1046F00042430904240C03000C43A24206D900994A
:10470000013B8C466444A14200D842E1A01A4246D3
:1047100012041A4393464B4659461B0C1F00049340
:104720000B0449460904090C0C001B0C5C43120CD9
:104730007B43884651437A43270CBC465B1863444D
:10474000994203D9802149028C466244190C240401
:104750001B04240C8A181C19904202D316D1A542BE
:1047600014D25B46009F013B4D4405934D459B4150
:10477000BC465B426344C018874200D302E18242D8
:1047800000D929E100D124E1059B9B462C1BA542C1
:10479000AD41009B801A6D42401B834200D10FE166
:1047A0000299FFF75DFD039A0B044243210C0500BB
:1047B00019438A4200D9CBE0881A0299FFF750FDCD
:1047C000039A240442430904240C03000C43A2422C
:1047D00000D9CAE04146A41A2A041A43049F1304CC
:1047E0001B0C594340467B439C46150C68430B0CFD
:1047F000844463447D43984203D980204002844628
:104800006544180C09041B04090C40195B18844208
:1048100027D323D0012335001A43944B5344002B54
:1048200060DD510700D086E02E00D1085A46D20143
:1048300006D55A468E4B1A4080239346DB005344DC
:104840008C4A934200DD80E65A4652070A4390465E
:104850005A465B055402240B5B0D69E63500002BBC
:10486000DBD0009D511EAC466444AC4200D29EE0B9
:10487000844200D2E1E000D1EEE00A00CAE74245FE
:1048800000D908E74B46DC07580843465B081C4341
:104890004346DD0706E700F047FC15239C468444A9
:1048A0000200634620321C2B00DC92E6230008380D
:1048B00083409946002398469AE600F035FC0200B2
:1048C0000300153220331C2A00DC5FE6009908380B
:1048D000814000228B4666E600222E00002490468E
:1048E000654B25E62E000121C91A382900DD1BE69B
:1048F0001F297EDC6148140050445B46824083409F
:10490000CC40501E824123431A435B46CB405107A3
:1049100009D00F211140042905D0111D9142924167
:1049200052429B180A00190200D49BE00022012386
:1049300000249046FCE50F211140042900D173E7C3
:10494000111D9142924152422E00C90893446DE7D5
:10495000009B013D9C4661448B4200D92CE78A4272
:1049600000D829E7851E614426E70099013B8C4663
:104970006444A14200D92DE7A24200D82AE7831E51
:10498000644427E7874200D0FEE6A94500D9FBE64C
:10499000F5E6A24200D8B9E6831E6444B6E68A4230
:1049A00000D89FE6BC46831E984661449AE60A00FA
:1049B000844200D02EE74B4500D02BE735002CE792
:1049C0002A4B2F4A5344924543DB01220021934452
:1049D0002CE7AC4200D8D7E602235B429C46009904
:1049E0004D444D459B41E3448C465B426344C018B3
:1049F000CCE61F204042C31A5846D840202904D094
:104A00005946204B534499400A43531E9A41072369
:104A10001900024300241140134209D00833134007
:104A2000042B1DD0131D934289411A0049424907A6
:104A3000D2080A43904600237AE54946009F4D007C
:104A40004D458941BC4649426144A946023A641831
:104A5000AEE70122524246E79945EED30A00AAE7A3
:104A60000021E5E759075B021C0BE1E7FF030000AB
:104A7000FFFFFFFEFE070000FF0700001E0400000E
:104A800002FCFFFF3E040000F0B557464E46DE46EE
:104A90004546E0B51F000B031B0B16009A46CA0FD4
:104AA0004B000400914685B05B0D00D1CFE1CD4AAB
:104AB000934255D05146420FC9000A438021090450
:104AC0001143C2009046C84A8A4693469B4400233D
:104AD000002502933C037B00FA0F0196240B5B0D2B
:104AE000009200D188E1BF4A934200D192E0BE4AD1
:104AF000944663449B440A2D42DCE400730F234335
:104B00008024494624041C43F3000193009B0020A9
:104B10005940CBB20393022D00DC94E00123AB405B
:104B20001D00A6232A00DB001A401D4200D029E206
:104B300090239B001D4200D14DE200238024994622
:104B40002403A84B10004A461B052343D2071343F6
:104B5000190005B0F0BCBB46B246A946A046F0BD60
:104B600052460243904600D0ACE19B460223924657
:104B700008250293AEE7009BA2469946019B984602
:104B8000029B022B00D1CAE1032B00D192E1012B41
:104B900010D1002300240022D4E701227B083A40F0
:104BA00013435246D2071343984653465B089A462E
:104BB000039B99465B46581C8023DB005B44002B1B
:104BC00000DCB1E1424652070BD00F2241460A40B9
:104BD000042A06D04246111D414592418846524260
:104BE00092445246D20106D55246804B1A40802349
:104BF0009246DB00C3187E4A934200DD8FE14246B5
:104C0000D108524652070A4351465B054C02240B19
:104C10005B0D97E7734B26439C46E344002E00D17F
:104C20006FE1032349461D43009B5940CBB20393D8
:104C30000A2D00DD33E10123AB401D000323029365
:104C400088222A4297D1424643461204120C16008B
:104C500001981D0C030C0004000C4643B4461E00D2
:104C60006E430096160007005E436146B0466F43F0
:104C70000E0CB8444644B74205D980214902884603
:104C8000009F4744009761460904090C370C36041D
:104C90008C463100614401911100260C2404240C3F
:104CA00061438C462100694389466146090C884668
:104CB00072434A4442447543914503D980214902D5
:104CC00088464544110C884661460904090C8C4607
:104CD00012046244B91802915146090C8C4651469F
:104CE0000F043F0C39004143454488466146414327
:104CF0008A4641466046090C894658437B435344E3
:104D00004B449A4503D98021490289464844190CED
:104D1000894641460904090C8846390061431B0451
:104D20004344884661464C4371438C464146774331
:104D30000E0C3F19F6194844B44203D980214902A8
:104D40008946CC440299009F894631044F448946E4
:104D50004146974292410C04240C4C44FF185242A5
:104D60006419A1189F429B41884682465B4299463E
:104D700090459241AC42A441C244D1445242644263
:104D8000144399459B41824592415B4252421343F1
:104D90004A46360CA419E31863445B02D20D1A4349
:104DA000019992467A020A43501E8241FF0D174331
:104DB0004A4652021743B846DB0100D5EDE60D4BDB
:104DC000039A5B449146002B00DCACE03A005207AA
:104DD00000D110E70F2258463A40042A00D0F9E6E5
:104DE00009E7C046FF07000001FCFFFFFFFFFFFED1
:104DF000FE070000FF030000220032436FD0002CAA
:104E000000D1C2E0200000F08FF9020003000B3A4D
:104E10001D20821A30001900D04008398C40020051
:104E2000224334008C405946CB1A86498B469B441A
:104E30000A2D00DDA4E64946009B01945940CBB2FF
:104E4000140000200393022D00DD67E6FBE65346C5
:104E5000034398463CD05346002B00D1A3E0504674
:104E600000F062F90B235B429C460200844411006F
:104E70005046083988401D23804660461B1A200092
:104E8000D8400300404603439A4623008B4098468F
:104E90006C4B00259B1A9B46002302931AE60F2DAC
:104EA00000D0C9E0802352461B031A4202D01C42A4
:104EB00000D192E08024534624031C43240342463D
:104EC000240B3EE69B46032380460C25029301E615
:104ED00000239A469B46013304250293FAE50121FB
:104EE0000D430A2D00DD4BE6494600984140C9B20A
:104EF0000391022D00DC96E00023002401200193A1
:104F00000CE649460223009A2B435140CAB2039251
:104F10000A2B00DD34E6002D57D1039B994600246F
:104F20000022494B0EE658460121C91A382900DDF6
:104F30002FE61F2956DD1F2254465242D31ADC4069
:104F4000202907D0414B42469C465346604483404B
:104F50001A43904642460721531E9A410B002243B2
:104F600013400024114209D00F231340042B5DD0BD
:104F7000111D91429B410A005B425B07D2081A4314
:104F80000023DFE5039B9946FAE5019800F0CCF891
:104F900002000300153220331C2A00DC38E7019A96
:104FA000083882403FE700F0BFF815239C46844450
:104FB0000200634620321C2B00DC58E70023984691
:104FC0002300083883409A4662E71D00002300242E
:104FD00002200193A2E5029032E61C43009B019A55
:104FE0009946AEE51A4B5246C31840469A40C8400F
:104FF0000243404698400300581E834154461A43DA
:10500000CC40530709D00F231340042B05D0131DA8
:10501000934292415242A4181A00230208D5012358
:10502000002400228EE5894600248BE50023A5E7B5
:1050300063076402240BA1E7009BA2469946019BEB
:10504000984637E70DFCFFFFFF0700003E04000015
:105050001E0400000B00020070B5164D0C0382B058
:105060004900002000920193240B490DDE0FA94254
:1050700004DD1148814203DD104BF01802B070BD11
:105080008020400320430E4C641A1F2C08DD0D4B7A
:105090005B1AD84003005842002EEFD11800EDE70C
:1050A000094B009A9C46030061448B40E240134345
:1050B000F1E7C046FE0300001D040000FFFFFF7F74
:1050C0003304000013040000EDFBFFFF70B500285F
:1050D00016D0C317C5185D40C40F280000F024F88F
:1050E000104B1B1A5B055B0D0A2814DC02002E0016
:1050F000153296400B22121AD5402D032D0B03E0DA
:1051000000240023002500261B052B43E40723432E
:105110003000190070BD0B3885402D0300262D0B83
:10512000F2E7C0461E0400001C2101231B04984224
:1051300001D3000C10391B0A984201D3000A083928
:105140001B09984201D30009043902A2105C4018DF
:105150007047C04604030202010101010000000083
:105160000000000010B50F4A2A21535E0E490C7C46
:105170000421E40709D51C24105F012802D119433A
:10518000518510BD8B435385FBE78B4353850C231F
:10519000C15E3323FA394B43D28B5B1253435B42DC
:1051A0004381EEE7E808002010040020014B187846
:1051B0007047C04600020020014B18707047C0467F
:1051C000000200209020042110B5C00504F06AF907
:1051D000094B1886094B1B78012B05D0042B03D0F3
:1051E0000122002B01D010BD002290200421C00517
:1051F00004F05EF9F7E7C046E8080020000200204E
:1052000090330448FF339BB29842804184B04042BF
:1052100004B070476A07000070B5364B26215A5E0D
:10522000012A25D1002234491A820A6033490A60D2
:1052300033490A6030490A6801320A602F4A11680E
:105240000131116020225A861E3A9A860222805E1F
:1052500006229C5EF32262431212904205DD1A0080
:105260004E320020125E914201D301221A8270BD9B
:1052700010215A5E022A20D003DC002ADAD0012A4B
:1052800004D050225A864E3A9A86F0E71A490220F4
:105290000A68988601320A6019490A6801320A6070
:1052A000202159861549096849088A42DFD30A2412
:1052B000195F8A42DBD31882D9E70F480F4D104C93
:1052C00002682968266801328919026049008A4209
:1052D000CDD30C26995F8A42C9D312215A5E012A86
:1052E000C5D118215A5E002AC1D11A8202602A60F3
:1052F0002260BCE7E8080020740400207C04002041
:105300007804002070B501220D00040040211E48E1
:1053100004F0CEF8012210211B4804F0C9F8012244
:105320002021194804F0C4F8022D08D0402C1DD0CB
:1053300006D8202C25D0302C15D0102C0BD070BDC9
:10534000602C19D0702C09D0502CF8D100224021AB
:105350000D4804F0ADF80022102109E000224021A0
:10536000094804F0A5F80022102107E000222100DE
:10537000054804F09DF8E2E700224021024804F0CD
:1053800097F800222021F3E700040048002343603F
:10539000037070470223002901DD4160013B037067
:1053A000704743680278002B04D1012A01D10233EF
:1053B00003707047012AFCD1013B4360F9E710B547
:1053C0000381002302AC2478C160C4740282837418
:1053D0004360037010BD10B5C37C0400002B0BD1DB
:1053E000C36800229A5E1021435E9A420DDB0023BF
:1053F000A374636023701AE0012BF8D1C368002204
:105400009A5E1021435E9A42F1DD2378002B03D18E
:1054100020002189FFF7BEFF2378012B02D1200055
:10542000FFF7BFFF2378022B01D1013BA37410BD0E
:10543000036810B51B880824025F9B1A0A24025FC8
:1054400053430C24025F1F24134142689B016243B3
:105450009B185A11DB121BB24260C3810B8010BD36
:10546000036810B51B880824025F9B1A0A24025F98
:1054700053430C24025F7F24134142681B026243A2
:105480009B18DA11DB131BB24260C3810B8010BD85
:10549000164B10B500229B5E154A164C0020105E7C
:1054A000154A23812260C01AFFF710FE02000B008C
:1054B00000201249FEF7D0FF0022114BFFF7E4FA5B
:1054C000FFF7C8FD0A230F4AA3810F4B60811A60C2
:1054D0000E4B0F4A1A600F4B0F4A1A600F4B104ABF
:1054E0001A60104B104A1A6010BDC046B8F7FF1F73
:1054F000C2F7FF1F3804002024060020000054409B
:105500000000904020060020600400204C04002091
:1055100022060020240400201A0600201004002087
:105520001C060020FC0300201E060020F8B5BE2348
:105530000F001500154E164C9B00984205DA00200E
:1055400001233070E280E385F8BD0A21FEF78CFE6E
:1055500003B21A004C3A92B2092A11D83278002AC2
:105560000ED10C48390058430B4BC018FEF77CFE97
:1055700083B2AB4202D8E0800120E5E7E580FBE79B
:10558000012333700023E385F6E7C046F0030020D3
:10559000E8080020846DFFFF045C3600401A424397
:1055A000174B921270B594B29C4226D800208442C8
:1055B00017D03F23134D191A012913DC8000291835
:1055C0009B0002240C5F295AE8180226865FEB5ADA
:1055D00090B2081AA61B7043C91AFEF745FE201A9E
:1055E00000B270BD19184910CEB28900695AA142A3
:1055F00001D33000DFE73300DDE70348F1E7C046C1
:10560000F40F000084C3000870FEFFFF70B50400B3
:1056100020482100FFF70CFF1F48A11CFFF708FFDF
:105620000222A35E0A2B01DC002363801B48211D9C
:10563000FFF7FEFE1A4B1B491B6818881A4B48439C
:105640001D88FEF787FD431B50205843174B1988D0
:10565000491BFEF709FE164D1E302B682081188865
:105660006A890823E95E80B2FFF798FF1149E0805C
:105670000A68E88110880123272804D912880E4B74
:1056800093429B415B4201200A7C824313430B748B
:1056900070BDC046600400204C040020FC030020C4
:1056A00038040020E40C0000B8F7FF1FC2F7FF1F0A
:1056B0002404002010040020FA0F000000280DD060
:1056C0000023037003730361436143838383837700
:1056D00003628384024B8360012303717047C046D9
:1056E00030750000002809D00023421D8377036233
:1056F000D3770370024B8360012303717047C04668
:105700003075000010B5002808D00A00531E9A41D9
:10571000831DDA77002901D0FFF7E4FF10BD031ED7
:1057200001D00533D87F7047F7B504000D00022083
:10573000002C06D0002904D0A31DDB7F002B01D153
:105740000020FEBD524F201D3E6801363E60FFF72F
:1057500028FE2078631D0193042800D97AE0FEF723
:10576000E5FC03292F3A4C002379022B0DD1494A3D
:105770000023E95E0220135E0A3B994210DB1423EA
:10578000D35E002B0CD101332370019BDB7F002BF8
:10579000D6D0404B1420185E43425841C0B2D0E7E7
:1057A000002320003B60FFF79DFF3B4BA3600123DC
:1057B0002371EAE72B88A3826B88E3820223E3E765
:1057C000344B5A882283354A5A801E2323611D3B5D
:1057D00023730233D8E720000C30FFF7E2FD2F4A95
:1057E0002C4B5A80227B022ACFD12A8862836A8876
:1057F000A283228B5A800423C6E71A23E55E284B36
:105800009D423BDC1622A35E00931423E05E0A2334
:1058100000995843FEF728FD224B186019682800AC
:10582000FEF722FD5F230A215843FEF71DFD1E4AA5
:1058300010601C21635E1268934204DC009A0E2AF9
:105840001CDC0E2B1ADCA37F0133DBB2A377012B08
:1058500003D1266200232370A7E7226A134801219F
:10586000B21A824201D9A177F3E7092BF2D9631D5D
:10587000D9770023A37723623B60EBE70023621D07
:10588000A37723622000D3773B60FFF72BFFE1E78C
:10589000EC030020E8080020307500009C040000A4
:1058A000CE040000F8030020F4030020407E050031
:1058B0000321034A13688B43034313607047C046B8
:1058C00000000140044BDA68002902D00243DA608C
:1058D00070478243FBE7C0460010024010B50C4BF6
:1058E0000C490D4A1868C85004339342FAD101217B
:1058F0000800FFF7E7FF0320FFF7DAFF074B1B78ED
:10590000012B04D1064B1B78012B00D1C04610BDE2
:105910000040000800C0FF17C0400008FCEF00086E
:10592000CCD4000810B5054C200002F043FF06223D
:105930002000034902F026FE10BDC0463C0B0020AB
:105940001A060020002210B5064B074C1A640821E5
:10595000DA63200004F090FF0C21200004F08CFF9B
:1059600010BDC04600040040380C002070B51B4834
:1059700004F006FD1A4804F003FD1A4D0226280023
:10598000FFF704FD184C2000FFF700FDC8212000A0
:105990004900FFF7FFFC154C2000FFF7F7FC2670CD
:1059A000134C2000FFF7F2FC20001249FFF7F2FC35
:1059B0002670114C2000FFF7E9FC20000A21FFF7B8
:1059C000E9FC28000A21FFF7E5FC0C4C2000FFF75A
:1059D000DDFC20000A49FFF7DDFC70BDF00B002064
:1059E000380C002004060020FC050020F4050020EF
:1059F000EC05002060EA0000E4050020DC05002042
:105A0000002E93020021402070B50E4C0E4DA18651
:105A10006086FFF777FCC8200C4E40002E6002F035
:105A2000ADFC2E6001F0C2FA01F0B0FD022390201F
:105A300023822021013BC005E38503F033FD044BA5
:105A4000187070BDE808002000300040AAAA0000CD
:105A50001406002010B5024801F0CAFD10BDC04672
:105A600028060020F8B581260024B600134D144BFB
:105A7000EB5AA34208D801F075FDFFF709FD01F0CC
:105A80003FFD01F051FDF8BD14226243AB599B1854
:105A90001A68002A01D0D98811805A7B012A09D1BD
:105AA000210008489F8800F089FF390002B22800D1
:105AB00001F08EFE0134A4B2D8E7C04628060020CB
:105AC0000E02000000F80008F0B5012487B0FFF7CF
:105AD000C9FF374D374E2A8933006432364937487B
:105AE00012B20094FFF76BFC96222300344935482C
:105AF00000949200FA27FFF762FCAF22BF003B0040
:105B00003149324800949200FFF759FC33000022DB
:105B10002F4930480094FFF752FC2B002E49583390
:105B200000229A5E2D48330000940591FFF747FC50
:105B30002223EA5E05993300294800945635FFF781
:105B40003EFC0023EA5E00253300059900952548B8
:105B5000FFF735FC3B002A00234924480094FFF757
:105B60002EFC3B002A00224922480094FFF727FC24
:105B7000214B0195029300950223192208211F4809
:105B800001F0B8F9C8231B01642282210293019518
:105B90002B0000951A4801F0ADF91A4D2800FFF7C7
:105BA0008DFD21002800FFF7ADFD07B0F0BDC04618
:105BB000E8080020B80B000054090020C8050020A8
:105BC00058090020A005002056090020B405002037
:105BD0000C0600208C0500206009002078050020BC
:105BE000500500203C0500208C04002028050020E2
:105BF0008A04002064050020B6030000F0040020A1
:105C0000B804002090040020F0B5534B0120282256
:105C1000995E524A947C0A008243002C01D0020013
:105C20000A434F4902208C7C11008143002C01D093
:105C3000010011434B4A0420947C0A008243002C4B
:105C400001D002000A431C215C5E4748002C64D04E
:105C50004649897C002960D04549897C00295CD16E
:105C600010310A431A852822995E424A927C002A02
:105C700058D03F4A927C002A54D120320A431A85D8
:105C80002822995E3C4A927C002A51D0384A927C64
:105C9000002A4DD108320A431A852A22995E0C2225
:105CA000855E20269A5F954248DD314A927C002A23
:105CB00044D110320A435A852A22995E1A0054327E
:105CC0000C26855F0026925F95423DDA284A927C39
:105CD000002A39D140320A4328215D5E27498026B7
:105CE0008F7C2900B143002F01D03100294340258A
:105CF000002C2ED01E4CA47C002C2AD029431985C0
:105D00000621455EBE2402201100A4008143A54265
:105D100001DB010011435985F0BD10218A431A852A
:105D2000002CA0D120211A8D8A431A85002CA7D1DE
:105D300008211A8D8A431A85002CAED110215A8D64
:105D40008A435A85002CB7D140215A8D8A4312B21A
:105D5000C2E7A943D3E7C046E8080020A005002019
:105D60008C050020C805002054090020780500207B
:105D700064050020500500203C0500202805002077
:105D800010B517490223CA5E05235343154A5B1217
:105D9000134004D51022013B5242134301331A1C15
:105DA000DBB20A2B00D90A220F48D3B29B001A5843
:105DB00001321A500823CA5E3323002053435A127B
:105DC000834203DB6430824200DC10B20A21FEF71A
:105DD0004BFA064A00B2800083580133835010BD4D
:105DE000540900200F000080980800204808002077
:105DF00010B5A8B0684628227A4900F080FD7A4C98
:105E0000009A5A212000121401F0E2FC009A5B2152
:105E1000200012B201F0DCFC019A5C212000121477
:105E200001F0D6FC019A5D21200012B201F0D0FCF5
:105E3000029A5E212000121401F0CAFC029A5F212E
:105E4000200012B201F0C4FC039A60212000121459
:105E500001F0BEFC039A6121200012B201F0B8FCEF
:105E6000049A62212000121401F0B2FC049A63210A
:105E7000200012B201F0ACFC059A6421200012143B
:105E800001F0A6FC059A6521200012B201F0A0FCE9
:105E9000069A66212000121401F09AFC069A6721E6
:105EA000200012B201F094FC079A6821200012141D
:105EB00001F08EFC079A6921200012B201F088FCE3
:105EC000089A6A212000121401F082FC089A6B21C2
:105ED000200012B201F07CFC099A6C2120001214FF
:105EE00001F076FC099A6D21200012B201F070FCDD
:105EF000149A6E212000121401F06AFC149A6F218A
:105F0000200012B201F064FC159A702120001214D6
:105F100001F05EFC159A7121200012B201F058FCCC
:105F2000169A72212000121401F052FC169A732165
:105F3000200012B201F04CFC179A742120001214B8
:105F400001F046FC179A7521200012B201F040FCC6
:105F5000189A76212000121401F03AFC189A772141
:105F6000200012B201F034FC199A7821200012149A
:105F700001F02EFC199A7921200012B201F028FCC0
:105F80001A9A7A212000121401F022FC1A9A7B211D
:105F9000200012B201F01CFC1B9A7C21200012147C
:105FA00001F016FC1B9A7D21200012B201F010FCBA
:105FB0001C9A7E212000121401F00AFC1C9A7F21F9
:105FC000200012B201F004FC1D9A8021200012145E
:105FD00001F0FEFB1D9A8121200012B201F0F8FBB6
:105FE00028B010BD00F0000828060020274B14221E
:105FF000995E002914D00022012943D19A860021FC
:106000005A5EE121C9008A4202DB30225A8670477B
:10601000C821C9008A4201DC1022F7E76022F5E7B7
:1060200016215A5E002AF2D11020195E0229EED103
:106030009A863C215A5EE121C9008A420BDB30225C
:106040005A86134A0020125E8A42E0DBDF215A8D15
:106050000A405A85DBE70F495218C82192B249001D
:106060008A4209D21022C8215A86094AC900002052
:10607000125E8A42CBDCE9E76022598D5A86403AAB
:106080000A43E6E750219A865986C0E7E8080020CF
:10609000540900204FFBFFFF10B5FFF743FCFFF74B
:1060A000D9FCFFF711FDFFF74DFCFFF75FFCFFF791
:1060B000A9FC054800F01CFD802190200022090267
:1060C000C00503F0F5F910BD7C0B002010B5284881
:1060D000FFF781F92748FFF77EF92748FFF77BF99B
:1060E0002648FFF778F92648FFF775F92548FFF7A6
:1060F00072F92548FFF76FF92448FFF76CF9244837
:10610000FFF769F92348FFF74CF92348FFF749F9EE
:106110002248FFF746F92248FFF743F92148FFF7E5
:1061200040F92148FFF73DF9204801F0BBFC00F0A1
:1061300001FD1F4B80212E229B5E0022012B0AD1E4
:1061400090200902C00503F0B3F9802119488901A4
:1061500003F0B4F910BD1748890103F0A9F98021B3
:10616000902001220902C00503F0A2F9F2E7C0461F
:10617000C8050020B4050020A00500208C050020E3
:1061800078050020500500203C050020280500204F
:1061900064050020F4050020EC0500200406002022
:1061A000E4050020FC050020DC0500202806002076
:1061B000E80800200008004870470000F7B5244BAD
:1061C000019014215A5E0024012A3DD0214A043452
:1061D0001278002A38D1204A013C1278002A33D1A3
:1061E00002000027D75F0221425E5F2000923C221E
:1061F0009E5E642170433E255D5FFEF735F800B278
:1062000087420BDB692064217043FEF72DF800B252
:10621000874203DC009B013CAB4215DB0224B74202
:1062200012DA5F2064216843FEF71EF8009B00B27B
:10623000834209DB692064216843FEF715F8009B5F
:1062400000B2834200DC013C019BDC81F7BDC0460B
:10625000E80800200E0600200F060020F0B5CE4B07
:10626000CE4ACF4F85B038001A60FFF7CFF9FFF75D
:10627000CBFCFFF7BBFECB4BCB4A0093927C9B7CC5
:106280001343CA4A927C1343C94A927C134322D1D6
:10629000C84AC94B927C9B7C002A06D0C74A1C2165
:1062A000525E002A01D0002B15D0C54A927C002AEC
:1062B00006D0C24A1C21525E002A01D0002B0AD00F
:1062C000C04A927C002A00D150E1BC4B1C229B5E4C
:1062D000002B00D14DE1FEF769FF032802D0042016
:1062E000FEF76AFFFEF76EFFB7480378022B00D077
:1062F000C9E00A21FFF74EF8B449B548FFF7B0F8F6
:106300000223F95EAD4B0E201A5E4A4392120292AE
:10631000029A322A01DD32220292029A002A01DA1E
:10632000002202921A005A320020125E4A43921250
:106330000392039A142A01DD14220392039A002A7D
:1063400001DA00220392DA880192A24A94460022DE
:1063500060460270A048027014255A5F012A00D0DE
:1063600064E11826985F1D88012800D00DE102988D
:10637000039E281880191A269D5F6943C911401A87
:1063800058808E4D28216B5E8E49897C002900D172
:10639000ADE1002A00D0AAE1874A927C002A00D011
:1063A000A5E11C216A5E002A00D1A0E12A00523238
:1063B00012886A802022134388482B850378022B99
:1063C0001ED18749FEF7E6FF1422AB5E002B00D0FA
:1063D00090E13C23E95E3E23EA5E0623F85E92B23A
:1063E00089B2FFF7A3F800B27E4B6887002800D17E
:1063F00085E12E216A5E002A00D080E101321A80F8
:10640000794D39002800FFF78FF92800FFF787F949
:10641000764BF988188078883B8800041843BB883D
:106420007A89090419433B8912041A43FB89BD89FF
:106430001B042B43FEF7E4FE6D4B6E4D18800223C8
:10644000FA5E2800019900F070FD5C4C2C22A35EDE
:10645000002B02D12A6B684BDA63684D0023FA5E89
:106460000223E15E280000F060FD2C22A35E002BD9
:1064700002D12A6B604B1A643800FFF79FFE039A23
:1064800063889B1A23875E485E4A03780192022B39
:1064900019D10A21FEF77EFF5B4B00217A5E3E2177
:1064A0005B5E464E594D5A4C9A4200DC5DE19020AD
:1064B0002021C00502F0F6FF2B78834200D120E1B5
:1064C000002328702380019B1B78022B28D144498C
:1064D0000198FEF75FFF394C1422A35E002B09D10F
:1064E0003800FEF799FE1422A35E002B02D138007B
:1064F000FEF738FE0822BB5E2421625E9A4209DA6A
:10650000A3848523434814219B00C55801F04AF910
:106510003989A847FFF734FCFFF76AFC0023E384BE
:106520003D480478022C00D094E1C8214900FEF7D0
:1065300031FF1F4B9A7C214B002A00D122E14022DF
:106540009C865A863422995E009A344C907C344D55
:10655000344A002900D065E1002800D064E12080A1
:1065600010702880588E0021C0B271E1002B00D03D
:10657000ABE62D4B9C7C002C00D0ACE6FEF716FE63
:10658000032800D1AEE62000AAE6029803992D1850
:106590006D185D80F5E6C04600300040AAAA0000F4
:1065A00054090020A0050020B40500208C0500201F
:1065B000C80500205005002064050020E8080020E0
:1065C0003C05002078050020E4050020600900203B
:1065D000100400200F0600200E060020EC0500200D
:1065E00060EA00000C060020900400208C040020CB
:1065F0008A040020B804002000040040F0040020B9
:1066000004060020F4050020EA08002012060020FD
:106610001006002028060020FC0500201806002097
:10662000160600201506002028050020002A00D0AC
:10663000A7E618269D5F012D1ED11A25585F4143FC
:106640001025585FC91189B2022813D19B8F5B1A9C
:106650009BB2029D79890398491909185B189249E0
:106660001BB208004B805C300024005F834236DDA3
:10667000488086E61B89EAE7002D17D110269D5F2A
:10668000022D0BD03A25595F002903D119004C3156
:106690000988019101211B890170DAE7834D844843
:1066A0002E78002E04D10121297002609B8FD0E743
:1066B0001E1D3E24365F8E4201DA2A70F5E701681E
:1066C00001310160981D3E25455F7A48684381424B
:1066D000ECD30121604602330170DB8FB9E708007B
:1066E0005E300024005F834200DB4AE6C0E72022E0
:1066F000934361E60023E95E0423EA5E6DE600222F
:106700007DE62388312B03D8238801339BB2238075
:106710002388312B00D8D6E6674A11782B78994226
:1067200000D1D0E62B786549DBB2137010780B7876
:10673000984216D01378002B05D133004A3300203D
:106740001B5E002B08D01378012B0AD133004A338B
:1067500000201B5E012B04D101230198F384DB1878
:1067600003701378DBB20B70ADE690200023524A21
:106770002021C00513702B70238002F093FE4F4B35
:106780001870A0E64E4A927C002A04D040225A8615
:106790003D3A9A86D6E64B4A927C002A07D01C20C6
:1067A000195E002903D040225A863C3AF1E7464957
:1067B000897C002903D040225A863B3AE9E74349C5
:1067C000897C002909D01C20195E002905D0002AE7
:1067D00003D140325A863A3ADBE73D49897C0029A9
:1067E00009D01C20195E002905D0002A03D14032AF
:1067F0005A86393ACDE73749897C002909D01C20CF
:10680000195E002905D0002A03D140325A86383A51
:10681000BFE7314A927C002A00D193E640225A8693
:10682000373AB6E7002829D00020402120802B4CA1
:10683000598621881578D885042919D82080854261
:1068400001D010708EE6012111700221588EC0B265
:10685000FEF758FD009B22499B7C0A789A4204D09F
:10686000002B02D10120104AD0850B7005B0F0BD7D
:10687000013121801278002AE7D173E6288025882B
:1068800049008D4203DA1678002E07D010700531CA
:106890008D4205DD00212180117063E60120F5E7BE
:1068A00001352580E6E7C046E8080020880400207E
:1068B0008404002070170000130600201406002036
:1068C00028050020640500208C05002078050020A4
:1068D000500500203C050020B405002016060020CD
:1068E000800400200B0010B55C1AA24200D810BD35
:1068F0001C7804705C78023344700230F4E710B501
:1069000092005218401A914200D110BD431810C98C
:106910001C60F8E713B5040002F096FB002811D1C3
:106920008022E4021205A4180122074B019018608E
:1069300001A918005C609A6002F038FC002801D1BF
:1069400002F096FB16BDC046640900200B68F7B53F
:1069500006000F001400012001330DD102F074FB7A
:1069600003231C4201D09C4304343500AB1B9C42E2
:1069700003D802F07DFB0020FEBD002301932B789D
:10698000019A6420134301936B78019A1B0213430D
:106990000193AB78019A1B0413430193EB78019A9E
:1069A0001B061343019302F06DFBB91B4919002329
:1069B0000220019A02F090FB0435D7E74900085AFB
:1069C00070470000F0B593B016006A465C00E31D06
:1069D000DB08DB00D31A00AF9D46220068467960D1
:1069E0001149FFF77FFF08236D46F81840220F4931
:1069F000FFF778FF1F20FFF78DFF7B68310A5B00F0
:106A00005A1CA954F2B2EA54684622000649FFF71C
:106A10009DFF082340220549F818FFF797FF002043
:106A2000BD4613B0F0BDC04600F8000800FF0008E6
:106A3000F7B554006A46E31DDB08DB00D31A00AF4C
:106A40009D460E000B4D2200290078606846FFF736
:106A500049FF1F20FFF75EFF290022006846FFF76D
:106A600075FF320078680449FFF770FFBD460020CB
:106A7000FEBDC04600F8000800FF0008F0B593B066
:106A800055006A46EB1DDB08DB00D31A00AF9D46BC
:106A90002A00684679601449FFF724FF0823402242
:106AA0001249F8186E46FFF71DFF0024AC4211D1C1
:106AB0001F20FFF72FFF220030000B49FFF746FF92
:106AC000082340220949F818FFF740FF0020BD467F
:106AD00013B0F0BD7B68611C1B5F1A12D2B2DBB22F
:106AE000725433550234E1E700F8000800FF000853
:106AF00070B50E4C05000100200000F003F90023E2
:106B0000032220000A4900F0AEF90021200000F025
:106B1000DEF901236434227828001343237001F046
:106B20009AFF2800032102F0A6F870BD700900202A
:106B300084C4000810B5024800F01BF910BDC0461F
:106B400070090020022310B5044A054811780B4350
:106B50000021137000F06FF910BDC046D409002069
:106B600070090020012310B5034A044811780B4333
:106B7000137000F0D7F810BDD40900207009002070
:106B8000094B0A499A89131C12B28A4200DA0B1C7B
:106B90001AB2032353435B1128330371002343715B
:106BA000C38083607047C0465409002070FEFFFF19
:106BB000064B02229A5E33235343C8221B12D20093
:106BC0009B1883800023C380836070475409002092
:106BD000002110B5084C01710223E25E0523183232
:106BE00053435B1443710023E25E0D2353439B1117
:106BF000C380816010BDC04654090020F7B50093E2
:106C000008AB15001A7809AB1F78831CDB8F0400D2
:106C10000120032B25D807263540AC461801035D1B
:106C20002518B3430193009B6B80D3000093634608
:106C3000019A1A431300009A3340134303550B9BE8
:106C40006F70EB6002290DD0032920D0012915D0E7
:106C50000234E38F01339BB2032B00D900230020C1
:106C6000E387FEBD04300822FF21201805F00EFB4B
:106C70000B9B002BECD028009847E9E70023043554
:106C80000A9AD25CEA540133082BF9D1E0E70023D9
:106C900004350A9AD25CEA540133082BF9D1D7E7BC
:106CA00010B5811C041DE38FC98F0200002099429A
:106CB00007D0591C89B2032900D901001B01E187C3
:106CC000D01810BD1FB5069C009303940024130038
:106CD00002940A0001940221DC30FFF78FFF1FBDF0
:106CE00030B585B00A9D08AC24780395099D0093C2
:106CF0000295130001940A0098300121FFF77EFFEE
:106D000005B030BD0200002368320160043A938070
:106D100013809370042202659218436582655C308B
:106D20000370704770B50500012664352B780400A8
:106D300033421DD0DC30FFF7B3FF021E18D02B7892
:106D40000432B3432B700378DB08A36503784188D2
:106D50005B070902DB080B432100653109782068D5
:106D60000B43E364210023004831603301F09FFEB0
:106D700070BDF7B5070005000400002668373B88A2
:106D8000743501333B80AB79022B16D12988002959
:106D900013D03888FDF764FA89B200290DD10C238D
:106DA0007343E31870339979A868CB06AA88DB0E81
:106DB000009049092000FFF785FF01360C35032EAE
:106DC000E1D12000FFF7AEFFF7BDF0B506000200ED
:106DD00004006A3633002C320021006885B001F0CF
:106DE000C3FE23000025206B7833020A070C92B201
:106DF000FFB29978012912D11988914216D10C2736
:106E00007D436519E36BED6F810EC0B20090DBB27C
:106E1000200002950196FFF763FF05B0F0BD03293E
:106E200004D11988090A79400F29E8D901350C33B2
:106E3000032DDED1F1E770B50500022664352B780D
:106E40000400334204D0FFF7C0FF2B78B3432B700C
:106E500020009830FFF724FF002803D0C368002BE0
:106E600000D0984770BDF0B585B003920C22019018
:106E7000944600201F270291039A904201D305B047
:106E8000F0BD614665464143029A5118C2186A43F3
:106E9000019D8C68AA18D467140016008D88783478
:106EA00025808D797036A5708D78B4793D40BC43CE
:106EB0002C43B4718D78E4B26D096D013C402C43D4
:106EC000B4710988743201301180C0B2D4E7002354
:106ED000012210B5836143608360C3600361C361B5
:106EE00043610E33026242628362011D006801F059
:106EF0003FFD10BD70B5838000234280012204ACA9
:106F00000026A65F059D069C0180C6800561856000
:106F10008361C361036243628362C3624461C4608C
:106F2000343003789343037070BDF7B5C7698D1A89
:106F3000040081610762C5610023C05E642168436B
:106F4000FDF792F9019060620223E05E64216843DC
:106F5000FDF78AF9A66A0422A35E8619E81B584346
:106F60006421A662FDF780F9E3680200E0629E42B8
:106F700016DD0120A3622100012534310B78AB43DB
:106F800003430B70A06A019B18186369801898422C
:106F900000DD18002369984200DA18002063F7BD6D
:106FA000A36800209E42E6DAE3E7000010B51E4920
:106FB00014228B5E002B17D13C228B5E3E200A5E92
:106FC000C820C000834214DCFA204000824226DD43
:106FD000F63AFF3A93B283429B410A22134096222B
:106FE000D2009B18CB8610BD00228B5E04200A5E67
:106FF000E6E7AF240D48E4001B1898B20023A04236
:10700000F0D2F533FF339A420BDDF63AFF3A92B2F3
:107010009A429B410A22134096221201E1E7044B57
:10702000E0E7044BDEE7C046E8080020BFF9FFFFB9
:10703000B504000065090000002210B50D4B9A85CB
:107040000022995E04201A5E4A430B498A4202DDFF
:10705000FA2252009A80094C2C21200000F0A2FB59
:10706000074B01000022E35A0648FFF7ABFCFFF78D
:107070009DFF10BDE8080020A0BB0D0028060020E1
:107080000E02000000F80008962210B5124B920084
:107090000420195E914200DD9A8000229A85042125
:1070A0005A5E0020195E0D485143814202DD96214F
:1070B000C90019800A4C0B4920000A822C21DA8071
:1070C00000F070FB084B01000022E35A0748FFF76D
:1070D00079FCFFF76BFF10BDE8080020A0BB0D0096
:1070E00028060020B40500200E02000000F8000869
:1070F000002210B50F4B9A853C22995E3E201A5E05
:107100004A430D498A4202DDFA225200DA870B4CCB
:107110001B890B4A64332C212000138200F042FBB0
:10712000084B01000022E35A0748FFF74BFCFFF72A
:107130003DFF10BDE8080020A0BB0D002806002080
:10714000C80500200E02000000F80008962210B5C5
:10715000124B92003E20195E914200DDDA87002238
:107160009A853E215A5E3C20195E0D48514381426A
:1071700002DD9621C90099870A4C0B4920000A823A
:107180002C21DA8000F00EFB084B01000022E35AAC
:107190000748FFF717FCFFF709FF10BDE8080020BC
:1071A000A0BB0D0028060020B40500200E02000040
:1071B00000F8000870B50125074C084B2C21200071
:1071C0009D8500F0EFFA064B01002A00E35A0548BE
:1071D000FFF7F8FB70BDC04628060020E808002035
:1071E0000E02000000F8000810B5FFF7E3FF10BD25
:1071F00010B501F08FFE10BD0E4B0F491A895218C1
:10720000962192B249008A4202D99622D2001A816E
:1072100008215A5E3E20195E08485143814202DD32
:10722000FA214900D987064964320A8200229A85E8
:107230007047C046E808002050FBFFFFA0BB0D00D0
:10724000C805002010B5084B30229A5E002A08D1EC
:1072500090200421C00502F02BF90320FDF7ACFFBC
:1072600001E0012AF4D010BDE808002010B505485F
:10727000FEF78CF8044B0021588EC0B2FEF742F89E
:1072800010BDC046FC050020E8080020C82110B54C
:1072900002484900FEF77EF810BDC046FC050020FC
:1072A00070B50C4D0C4C32212800267800F0B0FA55
:1072B00003000A487600835323780133DBB223703E
:1072C000202B06D1064B4021EA5AFFF7B1FB0023E1
:1072D000237070BD28060020D00A0020900A0020EC
:1072E0000E02000070B5144B144DEC5A200004F04F
:1072F00011FF011E0FD0124B00221A269E5F812320
:107300009B00E85893B29C4206D822000D48FFF734
:10731000B5FB01F0FFFD70BD383B112B09D8022EE3
:1073200007D1036800255B5F55004B5301321430D1
:10733000E8E70625435FF7E70E0200002806002075
:10734000DA0A002000F8000870B5104C104D20003B
:10735000290000F05DFA060000220E49200000F02E
:1073600037FA00F02BF90C4BB6B20020185E801BE8
:107370004342584184268000B600A05500F036F9FB
:107380002900A25D200000F023FA70BD280600202D
:10739000D5260000D6260000D80A002070B5164C6D
:1073A0001649200000F034FA05000022144920009C
:1073B00000F00EFA00F002F9124BADB200229A5E14
:1073C000032395420CD0104B00229A5E0223954273
:1073D00006D00E4B00229B5E5B1B5A425341DBB230
:1073E0008425AD00635500F001F9625D200003497A
:1073F00000F0EEF970BDC04628060020D626000039
:10740000D5260000D60A0020D40A0020D20A002087
:10741000F7B5224C2249200000F0FAF92149050075
:10742000200000F0F5F920490190200000F0F0F96B
:107430001E490600200000F0EBF91D493618200017
:1074400000F0E6F9754019490600200000F0E0F967
:107450001849070020002DB200F0DAF9A84218D12F
:107460002000154900F0D4F9019BF61973401EB2B3
:10747000B0420ED1842304229B000E49E254200026
:10748000002200F0A5F9002220000B4900F0A0F92D
:10749000F7BD842300229B00E254F9E72806002070
:1074A000F1260000F2260000022700000427000059
:1074B00003270000EF260000F026000010B500F0C2
:1074C00065F810BD024A034B12881A827047C04605
:1074D0004009002078050020024A034B528C1A8292
:1074E0007047C046E808002050050020024A034BC0
:1074F00012881A827047C0463E0900203C050020D1
:107500000649074A0988074B11801900623109882A
:10751000643351801B8893807047C046480900201F
:10752000F0040020E80800200649074A0988074BB4
:1075300011801900683109886A3351801B88938053
:107540007047C0464E090020B8040020E80800201B
:1075500010B50A000100B0230148FFF733FA10BD4F
:1075600000F8000810B5064B064A3E215B5E9342C8
:1075700004D00122044B5A83FFF7B4FE10BDC0466D
:10758000F0080020BE070000DA0A0020064B074A78
:10759000198811805988064A11809988054A1180F6
:1075A000DB88054A13807047DA0A0020D80A0020D9
:1075B000D60A0020D40A0020D20A0020064A074B2F
:1075C00012881A80064A12885A80064A12889A80BF
:1075D000054A1288DA807047D80A0020DA0A0020AB
:1075E000D60A0020D40A0020D20A002070470000EA
:1075F0001FB5074A074B0292074A0192B022009238
:10760000AF3A110000F00AF8FFF7C0FF05B000BD67
:1076100010270000A8C4000851750008F0B585B017
:1076200000930AAB040018880CAB1D88012A47D1CF
:1076300080235B0062706380009A0533FF33217002
:10764000E250832200239200A3543D4A0B99A0529A
:107650000232A3540432A1500432A3500432A55282
:1076600014224243009FD21903923A0003998A429E
:1076700028D101339BB20293DB001800019304F080
:1076800049FD82239B00E050002306000500020014
:107690001900029883421ED33F20039B9F4220D1B2
:1076A000019BF3180193019B9D4228D100231421D3
:1076B0003F20234AA25A9A4232D8002273681A8085
:1076C00005B0F0BD91888909081C994200D2181CA8
:1076D00083B21432CAE70133518011809BB2083261
:1076E000D7E7BA889309DB00F318598802400131C3
:1076F00059801988914200D21A801437CDE76B88DF
:10770000002B0BD02F887F00380004F003FD3A00D7
:107710000C49686004F0BAFD0835C4E76B60FBE70C
:107720000A005A43009DAA1892889509ED00751920
:107730006D6802405200535301339BB2B9E7C04613
:107740000E020000FFFF0000F0B500244F78250076
:10775000220023002600012F08D1CA880B8952BAC3
:107760005BBA0C794D794E8992B29BB24570C68056
:10777000047042808380F0BD030030B54118074C8F
:1077800007488B4200D130BD1A78050A4240D2B278
:107790005200105B01336840F3E7C0467CD200081A
:1077A000FFFF000082239B00C3588A09D2009B1868
:1077B0005A68002A07D03F201B8801408B4202D321
:1077C0004900885A70470148FCE7C046FFFF0000A7
:1077D00070B514000500FFF7E5FF0C4A0300012017
:1077E000934212D014225A4381239B00EB589B18DA
:1077F00008215A5EA24208DB0A215A5EA24204DC3A
:107800001B68002B01D000201C8070BDFFFF000012
:1078100070B504000D00FFF7C5FF154B984225D049
:1078200081239B00E258F13BFF3B43439A580120E0
:10783000002A0DD00F4BE81803280DD884239B0095
:10784000E35CFCF773FC02060C100020032B03D84A
:1078500070BD0020022BFBD90023D05EF8E700208A
:10786000012BF9D8F4E7181EF6D1F1E70248EFE74B
:10787000FFFF000029D9FFFFFF7F00008323F0B541
:107880009B00C25C040087B0002A4ED00022C25484
:10789000754B0100C25204A8FFF756FF04AB5E7897
:1078A0005B88009304AB9B8802932378019304AB1D
:1078B0001F78019B9F4217D0112E36D12500FF352E
:1078C0006B710223EB71019B601D2B72FF23AE7164
:1078D0006B720521FF30FFF74FFF030AAB72E872AE
:1078E0000725280007B0F0BD6188201D0239FFF789
:1078F00043FF04ABDB88834217D120000099FFF7D8
:1079000051FF86239B00E052062E4ED0102E0CD045
:107910002500FF35032E0AD00123803E601D032180
:107920006F71AE71EB71FF3072E00025D9E7029AFA
:10793000009B6F719B188022520293420DDB8323C0
:107940003100AB71601D813BEB71FF30FFF714FF1D
:10795000030A2B7268720525C3E7AE710026029BED
:107960005B00EB71029B7500ADB29E420ED1EE1C26
:10797000B6B2601D3100FF30FFF7FEFEA619FF36DC
:107980000535030AADB2B3717071AAE7009B200000
:10799000F11889B2FFF73CFF651983B2FF351B0A66
:1079A00001362B726872B6B2DCE720000099FFF74F
:1079B000F9FE2500621D2D4BFF320600FF350392B4
:1079C00098420DD014234343029381239B00E75830
:1079D000029BFF1884239B00E25C3B7B9A4208D207
:1079E000019B03216B718623AB71853B0398EB717F
:1079F000ACE7228920000099D2BAFFF7E9FE0028FF
:107A00000CD0237803216B7186230398AB71E97145
:107A1000FFF7B2FE030A6B7228729CE77B7B002B98
:107A200006D03B683000198885239B00E3589847AF
:107A300006212378A9716B712500E388FE352B811F
:107A40002389601D6B81FF30FFF796FE8123A8819B
:107A50009B00E358029A9B181B69002B01D1082553
:107A60003FE79847FBE7C0461A020000FFFF00000F
:107A7000F8B58327BF0004001E00C35D0020150079
:107A800083420ED11800FF2A0BD8201D04F044FCBD
:107A9000012365802000E355FFF7F0FE3080601D74
:107AA000FF30F8BD87239B00C15A00290BD0064A3E
:107AB000835A01339BB28352994204D88421002314
:107AC00089004354835270471A02000030B585B0D4
:107AD0000C22002101A804F0D9FB08222E4C2F4BC8
:107AE000626180225204A261C022E26180220025EC
:107AF00023600123D20022622000621D6560A56020
:107B0000E5602361D377A56200F09AFCA84201D01A
:107B100000F072FA80235B0102930623200001A982
:107B20000195039300F0C6FD002801D000F064FA2F
:107B30000123200001A9019300F0BCFD002801D021
:107B400000F05AFA0323200001A9019300F0B2FDCE
:107B5000002801D000F050FA0423200001A901936D
:107B600000F0A8FD002801D000F046FA072320000D
:107B700001A9019300F09EFD002801D000F03CFA1D
:107B80001023200001A9019300F094FD002801D0EA
:107B900000F032FA05B030BD3C0B0020002401405B
:107BA00030B5050089B01422002103A804F06EFB53
:107BB0001E4B2A689A4236D180211D4B89009A6952
:107BC00090200A439A619A69C0050A408021019277
:107BD000019A5A6989020A435A615B690B40029310
:107BE000029B9B2303A90393983B049301F028FB7A
:107BF000104C114B2000236000236360A36080338E
:107C0000E360803323618023DB0063612023A36171
:107C100080239B01E36101F08BF9002801D000F083
:107C2000EBF92C63656209B030BDC0460024014009
:107C300000100240F80A0020080002400D480E4BD8
:107C4000C02210B503600C2312030261802243603E
:107C500080235203DB0542618022836000235204AB
:107C6000C3608261838300F0FDFD002801D000F035
:107C7000C3F910BD7C0B00200064004010B5040067
:107C800088B01422002103A804F000FB164B2268E0
:107C90009A4227D18021154B8904DA6914480A4396
:107CA000DA61DA690A4080210192019A5A69C902AF
:107CB0000A435A615B690B400293029BC0239B00FD
:107CC0000393022304930133069303A9013307931B
:107CD00001F0B6FA00221E20110001F0E5F81E2086
:107CE00001F00CF908B010BD006400400010024023
:107CF000000400480121054B82B05A690A435A61C9
:107D00005B690B400193019B02B070470010024079
:107D1000F0B58BB01422002105A804F0B7FA802139
:107D20004D4B09035A6980240A435A615A699025C8
:107D30000A4080210192019A5A69C9030A435A6193
:107D40005A69A4010A4080210292029A5A69890262
:107D50000A435A615A69ED050A4080210392039A49
:107D60005A69C9020A435A615B6900220B400493B5
:107D700021003A48049B01F09BFB2800002238496F
:107D800001F096FB00227021364801F091FB01279B
:107D900002230594002405A9304807930697089408
:107DA00001F04EFAC02303261B0205A92B480593B8
:107DB0000696079401F044FA05A92B480596069605
:107DC000079401F03DFA0423280005A905930697BE
:107DD0000794089401F034FA20230593C423280063
:107DE0009B0305A90693079401F02AFAE8232800CB
:107DF000DB0005A905930696079401F021FA1B4BB9
:107E000005A9184805930696079401F019FA8023EE
:107E100028001B0205A9059306970797089401F00F
:107E20000FFA082305A90F4805930694079401F05B
:107E300007FA702305A90B48059306970794089441
:107E400001F0FEF922000221072001F02DF80720A1
:107E500001F054F80BB0F0BD0010024000080048DB
:107E600004800000000400480014004884FC000066
:107E700070470000F0B587B006001422002101A869
:107E800004F004FA8021C0259024134B89025A691A
:107E90006D010A435A615B69E4050B40200029002B
:107EA00000930027009B01F089FA0123200001A91B
:107EB000029301950397049701F0C2F93A00290053
:107EC000200001F0F5FA300000F058FA29002000F7
:107ED00001F074FA07B0F0BD0010024001232649FA
:107EE00010B50A689A431A430A600A681A42FCD01D
:107EF000224C626B134363630223626B1A42FCD011
:107F0000F823626B9A43783B134363638023626B6D
:107F10005B021343636380239B02626B1A42FCD0B3
:107F20000123626A134363620223626A1A42FCD02D
:107F3000F0226368934363606368114A134003222D
:107F400063606368134363600932636813400C2BFA
:107F5000FBD10C4803F046F9032000F067F8002835
:107F600001D072B6FEE70422636B93436363236B15
:107F70007C329343236310BD002002400010024076
:107F8000FFF8FFFF006CDC0210B5FDF7A7FC00F066
:107F9000D3F9FFF7A3FFFA20800000F0EFF9642087
:107FA000FFF768FFFFF7B4FEFFF7A4FEFFF78EFDB3
:107FB00003F09EFE00F0D6F800F046F9FFF758FFF8
:107FC000FFF73CFEFEF768F8FEF748F9FCE7000013
:107FD0000368074A10B5934202D100F0BDF910BD05
:107FE000044A12689342FAD1FEF770F8F7E7C046E8
:107FF00000400140F00B002072B6FEE701210A4B61
:1080000082B09A690A439A619A690A408021009273
:10801000009ADA6949050A43DA61DB690B4001938A
:10802000019B02B07047C04600100240802170B52D
:10803000204B49029A6986B00A439A619B69050000
:108040000B400193694602A8019B02F0C7F8059B0B
:10805000002B28D102F0B2F8174E184B18493360A4
:10806000184BF360FCF776F800230138706030009D
:108070003361B360B36102F0A1FA041E10D1300085
:1080800002F07EF9041E0BD1142000F037FF032DFF
:108090000DD822002900142000F006FF0A4B1D60B5
:1080A000200006B070BD02F089F84000D4E701243A
:1080B000F6E7C04600100240A40B0020004001403B
:1080C00040420F00E70300000C0200207047FEE76B
:1080D00070477047704710B5202001F0F7F910BDC8
:1080E00010B5024802F080F910BDC046F00B002028
:1080F00010B5024802F078F910BDC046A40B00206C
:1081000010B5024800F0D5FD10BDC0467C0B002024
:1081100010B5024801F056FA10BDC0469013002079
:108120000B490C4A0300521A0B4910B50868002885
:1081300001D10A4808600868C318934206D904F0C0
:10814000BFF80C2303600120404210BD0B60FCE728
:108150000004000000400020EC0B0020B8170020B5
:108160007047000009480A4B10B5036003234360C1
:108170000023084A8360C2600361836102F01EFA33
:10818000002801D0FFF738FF10BDC046F00B0020DB
:1081900000200040DF2E0000074B026882B09A42A8
:1081A00008D10221054BDA690A43DA61DB690B4029
:1081B0000193019B02B07047000400400010024090
:1081C00007B50B4B02689A4211D18021094B490037
:1081D000DA6913200A43DA61DB6900220B4001935C
:1081E000FF39019B00F060FE132000F087FE07BD01
:1081F000002000400010024010B5040086B0142298
:10820000002101A804F042F80C4B22689A4213D1D5
:1082100080210B4BC9025A690A480A435A615B69BB
:108220000B400093009B03230193013B029301A9A0
:10823000013B059301F004F806B010BD00040040B6
:10824000001002400004004830B58BB00822002125
:1082500001A804F01BF81C22002103A804F016F862
:108260001D4C1E4B1E4A2360002320006360A36048
:10827000E2602361A36102F0C9F9002801D0FFF791
:10828000BBFE202301930023200001A9029302F0EA
:10829000F7FA002801D0FFF7AFFE60230025039313
:1082A00008225E3B200003A904950593079502F080
:1082B00015FAA84201D0FFF79FFE0C22200003A967
:1082C000059502F00BFA002801D0FFF795FE20007B
:1082D000FFF792FF0BB030BD380C002000040040C7
:1082E0007F0C00000D4885460D480E490E4A0023BC
:1082F00002E0D458C4500433C4188C42F9D30B4A5A
:108300000B4C002301E013600432A242FBD3FFF7C1
:1083100027FF03F0DBFFFFF737FEFEE700400020FA
:1083200000020020D0030020D8D40008D003002091
:10833000B4170020FEE700001023064A10B51168AC
:1083400003200B431360FFF771FEFFF757FE002079
:1083500010BDC04600200240034A044B11681B7840
:108360005B1813607047C046800C00200802002094
:10837000014B18687047C046800C002070B504009F
:10838000FFF7F6FF0500631C02D0044B1B78E418CE
:10839000FFF7EEFF401BA042FAD370BD0802002099
:1083A000002373B503210193036804009A680A400F
:1083B000012A07D11968114201D0002076BDDA6880
:1083C0001204FAD499681B4A114209D01023A26BF7
:1083D0001343A3630123E26B13430120E363EDE73F
:1083E000012299680A439A60134B14491868FBF7F5
:1083F000B1FE0190019B002B17D1FFF7B9FF0125BA
:10840000060023681B682B42D7D1FFF7B1FF801B02
:108410000228F6D923681B682B42F2D11023A26BE5
:108420001343A363E36B2B43D7E7019B013B01930A
:10843000E0E7C046170000800402002040420F0021
:1084400070B5041E00D190E0836B002B05D10200B3
:108450003432C3631370FFF7A3FBA36BDB0600D5B5
:1084600085E0226893685B0700D580E0A16B424BF2
:1084700019400633FF330B430321A36393680B407A
:10848000012B05D1116819420ED1D3681B040BD4FE
:108490001821D3688B43A1680B43D36013696168CB
:1084A0009B009B080B431361D36834490B40D36096
:1084B000237E607E9B03C0030343A17EE0680343E9
:1084C00048030343601DC07F40000343A06A013896
:1084D000451EA84100030343206902384542684114
:1084E00080000343E07E012804D100292BD18021A4
:1084F00049020B43C220E169FF30814202D0206A69
:1085000001430B438020D16840051943D160E16AE3
:10851000814202D0481E062807D807255069294005
:10852000A8435061506901435161D26814490A401F
:108530009A4210D100200323E063A26B9A43023BCE
:108540001343A36370BD2021A56B2943A163E16B95
:108550000843E063CEE71223A26B9A43023B134326
:10856000A3630123E26B1343E3630120EAE71023D3
:10857000A26B1343A363F8E7FDFEFFFF1902FEFFA2
:10858000E7FF3F83F7B5036804009B680E000220F5
:1085900001925B0730D4270034373B78012B2BD076
:1085A00001233B70637E012B27D1A26B164B002564
:1085B0001A4080235B001343A363E5633D70206B87
:1085C000124B21688362124BC362124B03631C235C
:1085D0000B604A680C3B13434B600123CA6813438A
:1085E000CB603200019B403100F0D4FC0423280012
:1085F000226891680B439360FEBD2000FFF7D0FE18
:108600000028D2D0F8E7C046FEF0FFFF1D86000824
:108610008F8600089B860008704700005022436A3E
:1086200010B5996B11422BD1996BB132FF320A43CD
:10863000C0219A631A680901D068084213D1997E53
:10864000002910D1116809070DD5916849070ED48A
:108650000C20516881435160996B0B4A11400432E0
:10866000FF320A439A631800FFF7D6FF10BD20229D
:10867000996B0A439A630122D96B0A43DA63F2E7E2
:108680001B6B1B6B9847F1E7FEFEFFFF704710B5B1
:10869000406AFFF7FBFF10BD70474023406A10B5EA
:1086A000826B134383630423C26B1343C363FFF7DB
:1086B000F3FF10BDF7B50022040001923434227894
:1086C0000300C66A0220012A2CD0013820701A68E3
:1086D00095686D075BD40B684F681D00BC462E4F34
:1086E0009840103DBC453CD0976A38439062072EB5
:1086F0000FD8002E11D10720566989680640B14273
:108700000BD0566901408643566156693143516129
:1087100003E0802040058642EDD1022D03D90020E0
:1087200000232370FEBD1D4880210268102B14D049
:10873000112B14D1C9030A430260102BEFD1184B3F
:1087400018491868FBF706FD0A2343430193019B70
:10875000002BE4D0019B013BF8E70904EBE7490457
:10876000E9E7916A81439162022DD8D80B4A1168DA
:10877000102B0AD0113B581E83410B485B4203402B
:108780000A481B180B401360C9E7094BFAE720227F
:10879000996B0A439A63C3E7011000000827014060
:1087A0000402002040420F00000040FFFFFFBFFF17
:1087B000FFFF7FFFF8B5060034363378040002204F
:1087C000012B45D001230321337023689A680A40A6
:1087D000012A05D1196811423BD1DA68120438D454
:1087E000A16B1F4A11400632FF320A430321A263E4
:1087F000DD68DA688A43DA608022996812060A43E3
:108800009A60FFF7B5FD070023689A68002A0DDB20
:108810000321DA680D401543DD6001230020A26BBF
:108820008A431343A3630023337011E0FFF7A0FDD5
:10883000C01B0228E8D923689B68002BE4DA1223C6
:10884000A26B01209A43023B1343A36300233370BE
:10885000F8BD2023A26B01201343A363E3E7C046C6
:10886000FDFEFFFFF8B5041E62D0451CEB7F002B18
:1088700001D1FFF703FA0127226813683B43136015
:10888000FFF776FD060023685A683A4244D0022773
:108890001A68BA431A60FFF76BFD060023685A682E
:1088A0003A4247D1217E8022012949D119680A43E1
:1088B0001A60617E4022012946D119680A431A6074
:1088C000A17E2022012943D119680A431A60E17E62
:1088D0001022012940D1196891431960217F082293
:1088E00001293DD119680A431A60617F04220129D8
:1088F0003AD119680A431A60E168A26800200A4365
:1089000021690A4361690A43616801390A43DA61EE
:1089100001236062EB770CE0FFF72AFD801B0A2839
:10892000B1D98023626A9B02134363620523EB770C
:108930000120F8BDFFF71CFD801B0A28AED9F0E727
:10894000196891431960B4E7196891431960B7E752
:10895000196891431960BAE719680A431A60BDE7BC
:10896000196891431960C0E7196891431960C3E71A
:1089700070B5421CD27F0368013A012A64D8802472
:108980000120A4001A59872602431A514A69E23C81
:10899000FF3C1440A040B6009C59C54384439C5101
:1089A000CC69002C35D1103E9C59D2002C409C51F2
:1089B000CC684E682404B6B2344390269A18B600A8
:1089C00094518C680E682404B6B234439126B600E4
:1089D000945181228C699200002C2FD19C582C40FC
:1089E0009C5085220C699200002C2AD19C582C4066
:1089F0009C500A6A012A04D1872189005A580243EF
:108A00005A508021012089005A58824300205A5030
:108A100070BD012CDDD18326B6009C59D2000443E1
:108A20009C510C684E682404B6B2344390269A18C0
:108A3000B60094518C68CE682404C5E79C58044362
:108A4000CEE79C580443D3E78023426ADB021343FA
:108A500043620120DCE7F8B5471CFB7F0400DDB270
:108A6000012B1ED10133FB7702681368AB431360FF
:108A7000FFF77EFC060023685B68180028402B4245
:108A800001D16062F8BDFFF773FC801B0A28F2D9A0
:108A90008023626A9B02134363620523FB770120F4
:108AA000F0E78023426A1B0313434362F7E7F0B504
:108AB000441CE67F0568013EAC68012E50D8E026D4
:108AC0007605344245D0A0010124800F84401C600B
:108AD00004008F68CE681834002F35D10B685B0511
:108AE000334324016351C2230E6900012C185B003B
:108AF000E650097D012903D1E658FF313143E150A9
:108B0000517913790902194393791B040B43D179E5
:108B1000090619432B1818008D30FF30016050787A
:108B20001178000208439178D278090401431206B3
:108B300089330A43FF331A60C02201230020520008
:108B4000A1580B43A350F0BD4B683743DB003B43B8
:108B5000C7E78023426A9B03134343620120F2E785
:108B60008023426ADB02F7E7F7B5441C0191E47FFA
:108B7000013C012C00D97AE003240568002909D1C1
:108B8000EE68264208D18023426A9B031343436266
:108B90000120FEBD2E69F4E7D826019976000C016C
:108BA00004212C19A7590F40976058D1A7597F0D60
:108BB00017600227A6593E40D6600826B337FF3714
:108BC000E159314202D10F21E6590E401661E659B2
:108BD000E459360A240CF6B254619661019A01995F
:108BE0001201AD18B935FF352C681C700468A41843
:108BF000B934FF342468240A5C700468A418B934BA
:108C0000FF342468240C9C700468A418B934FF3421
:108C10002468240EDC700468A418BD34FF34246872
:108C20001C710468A418BD34FF342468240A5C71E4
:108C30000468A418BD34FF342468240C9C710468B3
:108C4000A218BD32FF321268120EDA7102682023B8
:108C5000002908D1D1680B43D360002099E7A759B8
:108C6000FF085760A5E711690B431361F5E78023FF
:108C7000426ADB028AE7421CD27F0B00013A012ADA
:108C800005D802680020516919435161704780235B
:108C9000426ADB02134343620120F7E770477047E3
:108CA000704770477047704770477047704770470C
:108CB0007047F0B5036885B05E695A689F68019295
:108CC000DA68340002921A69050003929A690092E8
:108CD00001221440164220D0174205D09A60BB07EB
:108CE00000D4A9E0FDF73EFF002480235B001F4273
:108CF00007D02A689360BB0500D4AAE02800FFF7DC
:108D0000CDFF80235B021F4207D02A689360BA031D
:108D100000D4ADE02800FFF7C2FF330708D51023C9
:108D2000029A1A4204D08022920014432A68D36027
:108D3000730708D50823029A1A4204D02A6828002B
:108D4000D360FFF7B0FFB30706D52B68DB689B073E
:108D500002D02800FDF7F6FE730608D51023039A0B
:108D60001A4204D08022D20014432A681361B30649
:108D700008D50823039A1A4204D02A6828001361F0
:108D8000FFF793FFF30606D52B681B699B0702D0FC
:108D90002800FFF789FFB30308D51023019A1A4270
:108DA00004D02A6828005360FFF780FFF30308D53A
:108DB0000823019A1A4204D02A6828005360FFF75A
:108DC00076FF33042ED5019B2A685B0728D5F3056F
:108DD00003D5012300990B401C43B30504D502239E
:108DE0000099194200D01C43730504D5042300994F
:108DF000194200D01C43360512D57021009B009803
:108E00000B4008420CD0402B46D03DD8202B45D0FB
:108E1000302B45D0102B3ED0702193698B4393614A
:108E200004235360002C05D06B6A280023436B6237
:108E3000FFF73EFF05B0F0BD7B0704D43B0705D428
:108E4000FFF72EFF50E7802424014EE780246401C1
:108E50004BE77B0503D580239B011C4351E73B0572
:108E600002D58023DB01F8E72800FFF71AFF48E767
:108E70007A0303D580231B021C434EE73F03FBD438
:108E80002800FFF70FFF48E7502B0BD0602BC3D112
:108E900080235B0000E008231C43BDE71023FBE7B1
:108EA0002023F9E78023F7E710B5FF2403220B0006
:108EB00021000240D20091409B012340C9439340CE
:108EC00000280ADBC0240B4A800880008018A40018
:108ED00002590A401343035110BD0F2210400838B5
:108EE000054A800880008018C26911401943C16199
:108EF000F2E7C04600E100E000ED00E0002805DBFD
:108F00001F2318401E3B8340014A13607047C04630
:108F100000E100E0BFF34F8F034B044ADA60BFF378
:108F20004F8FC046FDE7C04600ED00E00400FA05A3
:108F300070B504000120002C24D00223A51CEB777F
:108F40002068114B0268A1681A4063680B43E1680E
:108F50000B4321690B4361690B43A1690B43E16931
:108F60000B4313430360094B1421C018FBF7F2F8BD
:108F7000074B80002064E36300200123A063E41812
:108F8000EB77E07770BDC0460FC0FFFFF8FFFDBF75
:108F900000000240F7B5441C0193E57F012D33D05A
:108FA0000125871CE577FD7F0026AC466346EDB2C0
:108FB000012B28D10224FC77046886632668076C9D
:108FC000AE43BD402660019BC66B7560636043681D
:108FD000102B0ED1A260E160C36A2268002B0BD077
:108FE0000E231343236001230020226813432360D0
:108FF000FEBDA160E260EFE70A2313430422236071
:1090000023689343EEE7E6770220F1E70C4A10214C
:10901000D06830B503000B40084205D00223094850
:10902000C4692343C3610B000420D168014205D009
:109030000121044C0343E5692943E161D36030BD5C
:1090400000200240880C0020064B00201A691206FE
:1090500006D5054A5A60054A5A6018690006C00FCD
:109060007047C0460020024023016745AB89EFCD21
:109070008023034A002011690B4313617047C046E7
:109080000020024070B50400FFF772F901260500C8
:10909000104BDA68324211D12022D968114200D037
:1090A000DA60D968102208001040114202D1DB6852
:1090B0005B0708D5FFF7AAFF012004E0621CE8D097
:1090C000002C01D1032070BDFFF752F9401BA042D4
:1090D000DED9F7E700200240F0B585B003931E4BC0
:1090E000009102921A7E04000220012A31D001224E
:1090F0001A481A76FFF7C6FF002827D12600012C50
:1091000003D00426022C00D126000024124B019328
:10911000029803992201FBF793F900220127019B92
:109120000F4DDA612B69009A3B432B6163009B185A
:1091300080B218800948FFF7A5FF2B69BB432B615C
:10914000002803D1E419E3B29E42E1D80022024B89
:109150001A7605B0F0BDC046880C002050C3000050
:10916000002002400022064BDA61064B04321969E6
:109170000A431A61402219690A431A617047C046BE
:10918000880C0020002002400022064BDA61064BCA
:10919000023219690A431A614022586119690A4367
:1091A0001A617047880C002000200240F8B5214F5A
:1091B00004003B7E0E000220012B0CD001233B76E5
:1091C00023681D48012B12D1FFF75CFF002803D054
:1091D000012000233B76F8BDFFF7C4FF1648FFF7D8
:1091E00051FF0421154A13698B431361F1E7FFF71F
:1091F00049FF0028ECD101235B42336065680130F0
:10920000A3686268DB029B18AB42E2D92800FFF733
:10921000BBFF0948FFF736FF0221084A13698B4359
:109220001361002801D03560D3E780231B01ED18BE
:10923000E6E7C046880C002050C300000020024032
:109240000023F0B587B00A681400DC4001D107B0F4
:10925000F0BD012514009D402C4000942A4200D10D
:109260009CE04A685F00944603226446224003243F
:10927000BC40E4430194541E012C2ED88668019C06
:109280002640CC68BC403443846044680126AC432B
:1092900025006446240934409C402C434460C56842
:1092A000019C25408C68BC402C43C460022A16D126
:1092B00007250F261D40AD00AE40DC08A4000419B0
:1092C0000294246A03962600039CA64334000E6988
:1092D000AE402643029C266201E0032ADFD1BA4059
:1092E0000468019D25402A43C02402606246A4020E
:1092F000224253D001252A4A90279469FF052C4326
:10930000946192699C082A400592059A254AA40016
:10931000A4180F2202351D40AD00AA40A66896434E
:109320000022B84210D0204F0132B8420CD01F4F5B
:109330000132B84208D01E4F0132B84204D01D4A53
:109340008218571EBA410432AA4067463243A260CF
:10935000194A009C9668009DE4433543FF0201D4FE
:109360003500254067469560D668009D3543BF02AD
:1093700001D4350025406746D5605668009D3543C9
:10938000BF0301D435002540674655601568009E2F
:109390002E43FF0301D425402E001660013352E70F
:1093A000001002400000014000040048000800488E
:1093B000000C004800F0FFB700040140F0B50022A7
:1093C0000F0085B03B00D34001D105B0F0BD0123B3
:1093D00093401C0001933C401F4255D02B4B03256A
:1093E00091088900C9180F231540AD00AB408E6865
:1093F00002931E40039690260023F605B04213D038
:10940000234B9C46012360450ED0224B9C460223F1
:10941000604509D0204B9C460323604504D01F4B78
:10942000C3185E1EB3410433AB40039DAB4210D161
:109430001B4B1D68A5431D605D68A5435D60DD682D
:10944000A543DD609D68A5439D608B68029CA34396
:109450008B60032451008C4007210F2611408900A6
:109460008E4003680199A3430360D3089B00C3188F
:109470001D6AB5431D62C368A343C36043688B4341
:1094800043608368A343836001329BE7000001408F
:109490000004004800080048000C004800F0FFB736
:1094A0000004014000690840431E9841C0B2704763
:1094B000002A01D0816170478162FCE74269130094
:1094C0000B401B0491430B4383617047044B10B561
:1094D0005A69104202D05861FCF76EFE10BDC046BA
:1094E0000004014070B504000120002C2BD0224D57
:1094F000635DDAB2002B05D1A4239B002000E25467
:1095000002F0E2FC03236355206801F0F7F9002321
:1095100022001900012620791032984214D100212E
:10952000220008005132FF328B4217D16168A268D5
:10953000206801F0EDF90023237301336355A37A0A
:10954000012B15D0002070BD137001335670D170FF
:10955000116151619161DBB22832DEE71170013196
:109560005070D070106150619061C9B22832DBE751
:10957000200000F00EFEE5E79102000070B5A42582
:10958000AD00435D04000220012B09D00123635587
:10959000206801F0A9F9206801F0B5FB00206055B2
:1095A00070BD70B5A425AD00435D04000220012B01
:1095B00007D0012363552068217301F09DFB002033
:1095C000605570BDF0B5040085B0006801F0A3FBE4
:1095D000802305001B021D40184201D100F027FC2A
:1095E0002068821DD38F1BB2002B01DB05B0F0BDBC
:1095F0000F21D38F194000910F219AB20B4200D056
:10960000C0E01023110019401A4227D10388CA4A2A
:1096100013408022120213430380030050331A8840
:10962000237CDB00C3189B18C44A20009B181B88AE
:10963000626A9B059B0DE362D318636202F075FCBE
:10964000237B002BCCD0A16A23680029C8D18020BD
:10965000227B4C3302431A802173C1E702888021A8
:109660001600090193B20E400A4222D00300503383
:109670001A88A8235B00E35CA621DB00C3189B18B3
:10968000AF4A89009B1822001B8851329B059B0D15
:10969000FF32D3616118D28801F088FD2168A94B9F
:1096A0000A8820001A40802313430B8002F028FC14
:1096B00096E71BB2002B00DB92E70288A14B250046
:1096C0001A40802313430380030050331A88A823D1
:1096D0005B00E35C5135DB00C3189B18984AFF35EB
:1096E0009B181B889B059B0DEB610DD069690029B8
:1096F0000AD0EA8801F05AFD6B69EA6931009B18CB
:1097000020006B6102F005FC21680A8893B2120503
:1097100000D565E7C02292011340934200D15FE774
:109720000B00874A50331B888A18D21813889B0570
:109730009B0D13802B69002B0ED180201388000213
:10974000034313800A88804B1A40C0239B01534077
:109750007E4A13430B8043E73E2B08D80125580867
:109760002B40C0181388800203439BB2E9E71F25F2
:1097700058092B405D426B41C01A13888002184380
:10978000734BF1E7009B9F00C219138899B21BB27B
:109790000191002B00DB92E013886A490B40802185
:1097A0000B4313802823009A5343E3181A001D002B
:1097B0005D32FF3212785135FF35002A14D1020094
:1097C000503211882A78D20052185D491218521866
:1097D00012889205950D002A56D01A005732FF3292
:1097E000FC33190012884BE019005431FF3109781D
:1097F0002A78022900D0E3E08026F601B4466546C7
:10980000019EFC332E4003960600503602966646B3
:10981000019DD96E354200D1A0E0029D2E88D50071
:109820007619464D361876193588AD05AD0D8D4241
:109830000DD90021D966910041180E88424B1E4077
:1098400080239B017340414E33430B8002E0491B50
:10985000D966F0D0019B5B0607D592008218138869
:109860003C490B403C490B431380002D0CD028236E
:10987000009A5343E1180A005932FF321288FC3132
:109880002B00896E01F092FC28230099594362183D
:10989000FC32106F40191067906E40199066D06EC0
:1098A000002803D0526E954200D3B3E0009A200006
:1098B0005343E3185133FF33197802F02AFB802217
:1098C000019B2068134200D18AE6C21913881A4905
:1098D000009E0B401E490B439BB213802822564327
:1098E000A319D97C012900D0C7E0009901314A436E
:1098F000002111511A7F8A4200D19EE04022019D31
:10990000019E1540164200D1A0E05A7C8A4200D048
:1099100087E00200503211881A7C084BD200C01830
:109920004118521813880A499B059B0D1380138810
:109930000B439BB2138080E00F8FFFFF02040000F7
:10994000060400008F0F00008FBFFFFF8080000023
:109950000080FFFF8F8FFFFFC0800000029D2E88D8
:10996000D5007619C74D361876193588AD05AD0D79
:109970008D420DD90399D966910041180E88C24BCA
:109980001E4080239B017340C04E33430B8002E096
:10999000491BD966F0D0019B5B0607D49200821860
:1099A0001388BB490B40BB490B431380002D00D1EA
:1099B0006AE72823009A5343E1180A005B325CE708
:1099C000920082181688B2493140B24E314311805C
:1099D0002A78910041180D88010050310988D20081
:1099E000521812186D040AD5AB4952181288920504
:1099F000950D002A00D147E71A005932EFE6A14938
:109A0000521812889205950D002A00D13CE71A00E1
:109A10005B32E4E65131FF312068611801F094F9BE
:109A20004DE7012A09D102009B4D503212881B7C60
:109A30004019DB0080181B1819802823009A534313
:109A4000E318197C200002F070FAC9E55A7C002A5C
:109A500006D10200503211881A7C8A4BD2005EE790
:109A6000012AEAD102008749503212881B7C401833
:109A7000DB0080181B181D80DFE7802701997F001D
:109A800039401A7C8C46019902929D6AD200394273
:109A90001CD1070050373F88BF187F4A3F18BF18B6
:109AA0003A889205920DAA4203D3624602999A62BD
:109AB000C8E7596AAD1A89185962D96A10368A18E6
:109AC0009D62DA62A11901F03FF989E540218C46D7
:109AD000019F06000F4003976746019950363942AF
:109AE00000D1DFE06C49378846180021F719BF5ACA
:109AF0008C46BF05BF0DAF4201D2E91B8C466146C3
:109B0000802599620199ED0129400D0061460029E7
:109B100047D1282300994B43E3185B7C002B30D1BD
:109B2000070050373B885D49F3189B181E88B6051F
:109B3000B60D1E801E880E43B6B21E80514E3B8865
:109B40008019C018801803889B059B0D038003882B
:109B50000B439BB203802000029902F0E6F9002D2E
:109B600000D1DCE02823009A49495343E3181B7CC9
:109B700022689B00D21813880B4049490B4313807D
:109B8000CDE0012BE7D10700614650373B88F31841
:109B90009B1819803B493B884018C01880186346C1
:109BA000D8E7002D0CD00299890041180D88019149
:109BB000AC466146364D0D4039490D4301990D8043
:109BC000282500994D4334218C466519AC446146E3
:109BD0000978012900D0A2E0696AC9196962019176
:109BE000D96AC919D9622B6B296A8B4217D35B1AC0
:109BF0002B632823009D6B43E3185D7C8BB2002D03
:109C000037D1050050352D887519AA181588AD056E
:109C1000AD0D158000290ED11188204D13E0002BC9
:109C200003D161460B703900E3E7002167463970C4
:109C300029631900DDE73E2911D801264D080E40A1
:109C4000AD191188AD02294389B2118028220099EB
:109C50004A43A218128B019901F061F85FE01F26B8
:109C60004D0931404E4271416D1A1188AD022943B0
:109C7000D3E7012DEAD10100503109887618B618D2
:109C80003380E3E7060400008FBFFFFF8080000001
:109C90008F8FFFFFC0800000020400000080FFFFE4
:109CA00080C00000AC4936888C4684446644B65A6D
:109CB000039FB605B60DAE4200D8AF1B80250199B3
:109CC000ED0129400D009F62002F49D12823009902
:109CD0004B43E3185B7C002B33D103009F49503387
:109CE0001E8840188019801806889D49B605B60D53
:109CF000068006880E43B6B206801B8863449B1814
:109D00001A889205920D1A801A880A4392B21A8014
:109D10002000029902F009F9002D00D122E7282342
:109D2000009A5343E3181B7C22689B00D2181188C9
:109D30008C4B194030234B408B490B431380FFF76A
:109D40004FFC012BE4D10300844950331E88401896
:109D50008019801807801B8863449B181F80D7E7F1
:109D6000002908D10299814D890041180F883D4092
:109D70007F4F3D430D80282700994F43E719390055
:109D80003431019109780129C9D1796A8919796237
:109D9000DD6AAD19DD623B6B3D6AAB4217D35B1BDD
:109DA0003B632823009E7343E3185E7CABB2002E16
:109DB00034D10600503636886644B2181688B60587
:109DC000B60D1680002D0ED11588654E13E0002BC0
:109DD00003D1019D2B703500E3E70025019E3D6313
:109DE00035701D00DDE73E2D0ED801276E082F408F
:109DF000F6191588B6023543ADB215802822009DAC
:109E00006A43A218528B27E71F276E093D406F4215
:109E10007D41761B1588B6023543D6E7012EEDD17C
:109E2000050050352D886544AA181380E6E74305E0
:109E30000ED523684F490633DA8F20000A40DA87AF
:109E400002F085F829002000FFF7ABFBFFF7CEFBFF
:109E5000430407D5236848490633DA8F0A40DA8776
:109E6000FFF7C4FB802301009B011940184204D076
:109E7000236842490633DA8FF0E7C3041AD5042079
:109E800023680233DA8F8243DA87DA8F001882433D
:109E9000DA87B2239B00E25C012A03D12000E1545F
:109EA00000F08BF9200002F075F82368344906337E
:109EB000DA8FD3E7030513D5082123689A1CD08FC6
:109EC00006330143D187D98F2E480140D987042317
:109ED000D18F0B43D387200002F04AF8FFF786FBAF
:109EE0008025284221D0B22023688000991DCA8F86
:109EF000AA43CA87225C002AEDD104219A1CD58F7F
:109F000054332943D1870821D58F2943D187012193
:109F10003C2221541B8820009B081340B32292004E
:109F2000A35000F04AF9FFF761FB83050AD52368C7
:109F300015490633DA8F20000A40DA8702F000F86C
:109F4000FFF754FBC00501D4FFF750FB23680F490E
:109F50000633DA8F82E7C0460604000002040000E0
:109F60000080FFFFBF8FFFFF808000008F8FFFFF0B
:109F700080C00000FFFBFFFFFFBFFFFFFFDFFFFF11
:109F8000FFEFFFFFFFF7FFFFFFFDFFFFFFFEFFFFFC
:109F900070B5040007200D000840282141436DB230
:109FA0006618002D18DA01251031611875740870D3
:109FB0000A61CB70022B01D100230B71A425AD00E7
:109FC000635D0220012B06D001236355206800F059
:109FD000ADFC0020605570BD002551315236FF3177
:109FE000FF3661183570E2E707220B000A4028218E
:109FF00051435BB270B504004018002B12DA012304
:10A00000103161184374A4250A70AD00635D02200D
:10A01000012B06D001236355206800F097FD002036
:10A02000605570BD002351315230FF31FF3061184F
:10A030000370E8E7F8B50724214021344C430619A2
:10A040003700FC37FB66330000255233513651345C
:10A05000FF33FF36FF343D67BA661D70317001195A
:10A06000006800F071FE2800F8BD07230B4028218E
:10A0700059434018FC30006F704770B507242140E9
:10A0800021344C4306193500726201223435B36223
:10A090002A7000251034F56231743363727401192B
:10A0A000006800F051FE280070BD072270B50379EA
:10A0B00004000A400120934219D348B22823002803
:10A0C00016DA5343190001201031E318611858744F
:10A0D0000123A4258B700A70AD00625D02209A42B4
:10A0E00005D06355206800F0ABFD0020605570BDC1
:10A0F0004B4319000020E31851315233FF31FF3335
:10A1000061181870E4E70B000F2270B501790400A4
:10A110001A40012091421BD3072228211A405143A3
:10A120005BB26018002B14DA0123103161184374FC
:10A130000025A4268D700A70B600A35D0220012BB5
:10A1400006D00123A355206800F09CFD2800A555EA
:10A1500070BD002351315230FF31FF306118037060
:10A16000E6E730B528240D060BD5072529404C43DA
:10A170001034001999B2002A07D10273C18000205F
:10A1800030BD4C435134FF34F3E701228360027346
:10A19000F5E703680200B420012110B58000B22465
:10A1A00011500020A400105554331A881143022284
:10A1B000198019880A431A8010BD7047044B054A5C
:10A1C0005B6805495B055B0FCB5C1068D840704746
:10A1D00000100240040200207CD40008072310B5C0
:10A1E00003240360094B5A68224042605A68ED34E8
:10A1F00022408260E0225B68D20013400122C360EB
:10A20000034B1B6813400B6010BDC046001002409A
:10A210000020024070B50124036A026AA243026270
:10A2200073224468856995430A6815430222934363
:10A230008A6813430E4A904208D00E4A904205D0D5
:10A240000D4A904202D00D4A90420BD1082293430E
:10A25000CA688E69134304229343094A22404C6919
:10A26000344314434A68446085614263036270BDAD
:10A27000002C0140004001400044014000480140E2
:10A28000FFFCFFFF70B5184A056A036A13400362BA
:10A2900073234268C4699C430B681C43134B1D40E5
:10A2A0008B681B022B43124DA8420ED1114D1D404D
:10A2B000CB681B022B43104D2B40104D8E6915406F
:10A2C0004A69324312012A4308E00D4DA842F4D0F6
:10A2D0000C4DA842F1D00C4DA842EED042604A6825
:10A2E000C461C263036270BDFFFEFFFFFFFDFFFF9D
:10A2F000002C0140FFF7FFFFFFFBFFFFFFCFFFFF39
:10A3000000400140004401400048014030B5144A7B
:10A31000046A036A134D134003624368C2692A400A
:10A320000D682D021543104A14408A681203224317
:10A330000E4CA04208D00E4CA04205D00D4CA042BD
:10A3400002D00D4CA04204D10C4C1C404B699B0127
:10A35000234343604B68C5610364026230BDC0465D
:10A36000FFEFFFFFFF8CFFFFFFDFFFFF002C01402F
:10A37000004001400044014000480140FFBFFFFF92
:10A3800001000300012010B53D310C78E2B2844297
:10A390001CD1001808701B68D9681143D9600D4999
:10A3A0008B4209D08021C9058B4205D00A498B42D6
:10A3B00002D00A498B420AD107219A680A40062A2C
:10A3C00003D0012219680A431A60002010BD1968E1
:10A3D000F9E7C046002C0140000400400040014065
:10A3E00070477047704770470222036870B5DD6898
:10A3F0001E69040016420DD015420BD0053A1A61B1
:10A40000043202779B699B0700D171E0FFF7E9FFF7
:10A410000023237704231E4211D01D420FD00522B2
:10A42000236852421A61073222779A69C0239B003F
:10A4300020001A4262D0FFF7D4FF002323770823BD
:10A440001E420FD01D420DD00922236852421A61CC
:10A450000D322277DB6920009B0755D0FFF7C1FF43
:10A460000023237710231E4211D01D420FD011224A
:10A47000236852421A6119322277DA69C0239B009D
:10A4800020001A4246D0FFF7ACFF002323770123B8
:10A490001E4208D01D4206D00222236852422000EC
:10A4A0001A61FDF795FD80231E4208D01D4206D09B
:10A4B00081222368524220001A6100F014FA4023DE
:10A4C0001E4208D01D4206D041222368524220007D
:10A4D0001A61FFF788FF20231E4208D01D4206D0D4
:10A4E00021222368524220001A6100F0FBF970BD5E
:10A4F000FFF776FF2000FFF775FF89E7FFF770FF92
:10A500002000FFF76FFF98E7FFF76AFF2000FFF7D3
:10A5100069FFA5E7FFF764FF2000FFF763FFB4E7DB
:10A5200010B51F4C0368A04206D08022D20590428D
:10A5300002D01C4A904208D1702293434A681343C8
:10A54000194A1A40CB6813430BE0184A9042F7D0DF
:10A55000174A9042F4D0174A9042F1D0164A9042DE
:10A56000EED0802293434A69134303608B68C36231
:10A570000B688362A04208D00D4B984205D00D4B6A
:10A58000984202D00C4B984201D10B69036301221F
:10A5900042610369134202D003699343036110BD12
:10A5A000002C014000040040FFFCFFFF00200040A1
:10A5B00000400140004401400048014070B50400E3
:10A5C0000120002C21D025003D352B78DAB2002B5C
:10A5D00005D123003C3320001A70FDF7F1FD022362
:10A5E0002B702068211DFFF79BFF22000123002014
:10A5F000463213704534083A137053709370D37019
:10A6000013715371937123702B7070BD70B504007A
:10A610000120002C21D025003D352B78DAB2002B0B
:10A6200005D123003C3320001A70FDF7B5FD02234D
:10A630002B702068211DFFF773FF220001230020EB
:10A64000463213704534083A137053709370D370C8
:10A6500013715371937123702B7070BD102270B5FC
:10A66000056A036A174C9343036242688369234077
:10A670000C6824021C4320239D438B681B012B4341
:10A68000114DA8420FD18025AB431E00CB68403D41
:10A690001B013343AB430D4D8E6915404A6932436C
:10A6A00092002A4308E00A4DA842F4D0094DA8427E
:10A6B000F1D0094DA842EED042604A6884618263BD
:10A6C000036270BDFF8CFFFF002C0140FFF3FFFF12
:10A6D000004001400044014000480140F8B5060038
:10A6E0003C361500327803000C000220012A0AD003
:10A6F00001383070082D3FD006D8002D19D0042D18
:10A7000029D000233370F8BD0C2DFAD11D68280024
:10A71000FFF7FCFD8023EA691B011343EB61EB6942
:10A720001D4A1340EB612369EA691B021343EB6185
:10A730000FE01D682800FFF76DFD0823AA69134389
:10A740000422AB61AB699343AB61AB6922691343EC
:10A75000AB610020D5E71D682800FFF77FFF80234D
:10A76000AA691B011343AB61AB690B4A1340AB6190
:10A770002369AA691B02EAE71F683800FFF782FD18
:10A780000422FB691D43FD61FB699343FB61FB6987
:10A7900022691343FB61DCE7FFFBFFFF1F2310B5BA
:10A7A000012419408C408A40036AA3430362036A70
:10A7B0001A43026210BD00000200030010B5002918
:10A7C00009D13E331B78013B581E8341DBB2012087
:10A7D000002B0AD010BD042901D13F33F2E708292C
:10A7E00001D14033EEE74133ECE7022310000029AA
:10A7F00023D13E300370146801222000FFF7CEFF02
:10A80000184A944208D0184B9C4205D0174B9C42E2
:10A8100002D0174B9C421AD18023616C1B020B4360
:10A820006364944202D0104B9C4216D10722A36865
:10A830001340062B11D10020CCE7042901D13F3071
:10A84000D8E7082901D14030D4E74130D2E780234E
:10A85000DB059C42EAD0074BE6E70123226813435D
:10A860002360E8E7002C0140004001400044014023
:10A87000004801400004004010B5FFF79DFF10BDE7
:10A8800070B5040002223C34257803001000012D2D
:10A8900020D01D0070263D352A701B6858689A68C4
:10A8A000B0430E68304358600B48834209D0802083
:10A8B000C005834205D00948834202D0084883423C
:10A8C00004D18020496882430A439A600123002012
:10A8D0002B70207070BDC046002C01400004004069
:10A8E0000040014070477047821D03000020D08760
:10A8F000014A0233DA87704780BFFFFF0230C38FFF
:10A90000024A1340C38700207047C0467F400000C2
:10A91000821C03000121002082B0D187D0879A1DBC
:10A920005033D087188002B070470000F7B50E781A
:10A930007A4AB300C3181C88CF781440012205005E
:10A940000092032F08D83800F9F7F0FB02423F3C91
:10A950008022920014430097714A1443A4B21C80D1
:10A960001888704C20403043104380B21880F000AB
:10A970008446087BAC4450350195002800D06BE03C
:10A98000CD8848786D086D00002823D0802001997B
:10A99000C0000988614409180D801988490604D54A
:10A9A00019882140604C21431980604D012F00D14E
:10A9B000AEE020211C882C4061400A4392B20098EE
:10A9C0001A80FEBDC022D200144300220092C3E7C9
:10A9D0008022F8E7019809690788554867443F18BD
:10A9E00001983D800588534865442D182F88BF0580
:10A9F000BF0D2F80002915D1802729883F023943B8
:10AA000029801988490404D5198821404A4C2143DA
:10AA100019804A491C880C40C021002E00D080219A
:10AA20008901C9E73E2908D801204F0801407F1855
:10AA30002988BF02394389B2E2E71F204F0901404C
:10AA40000800414241417F1A2988BF0239433C4FE7
:10AA50000F43BFB22F80D4E71D88022F3AD1394E61
:10AA60002540354301981D80058880200E89654466
:10AA7000C00076082D18760001982E8005884E8932
:10AA80002B48654476082D1876002E804978274E8D
:10AA90008C4680216046294DC90100281FD11F889E
:10AAA0000F4204D01988244F214039431980198856
:10AAB000490604D5198821401B4C21431980C02127
:10AAC0001C8889012C406140114389B21980198882
:10AAD000314072E71C4E35401543ADB2C2E71888CD
:10AAE000084204D01988144821400143198019886C
:10AAF000490604D5198821400B4C21431980012FA8
:10AB000009D020211C8834406140114389B219804A
:10AB10001988294051E719883140F6E78F89FFFFEE
:10AB20008080FFFF8F8FFFFFC0800000BF8FFFFF7F
:10AB3000040400000604000080C000008FBFFFFF77
:10AB40000080FFFF808100008F8EFFFFF0B50B7843
:10AB50004A78097B9B00C018314B00291AD1002A82
:10AB60000CD00288520605D502882E490A402E498B
:10AB70000A43028002882D490A402FE002885204CD
:10AB800005D5028827490A4029490A4302800288DC
:10AB90002849F1E78027234E244D2649FF01002A4A
:10ABA00021D102883A4204D00288214C324022430B
:10ABB00002800288204C520604D50288324022438B
:10ABC00092B20280028832401443A4B20480028808
:10ABD0000A401A4392B2028002882A4013439BB271
:10ABE00003800020F0BD0288144C3A4204D0028851
:10ABF0003240224392B202800288520604D5028873
:10AC0000094F32403A430280028832401443A4B2D2
:10AC1000048002882A401A4392B202800288ABE77D
:10AC20008080FFFF8F8FFFFFC0800000BF8FFFFF7E
:10AC300080C000008FBFFFFFC080FFFF80C0FFFF0C
:10AC40000B7849789B000C4AC018002909D001886C
:10AC50000A4B194010234B4013439BB20380002042
:10AC600070470188064B194080235B014B401A4313
:10AC700092B20280F3E7C0468080FFFFBF8FFFFFE4
:10AC80008FBFFFFF0B7B002B19D10B784A789B00FD
:10AC9000C0180388002A14D05B0605D50388104A23
:10ACA0001340104A13430380CB78012B07D00E4B7F
:10ACB00002881A40202353400C4A1343038000208B
:10ACC00070475B0405D50388054A1340084A1343BF
:10ACD0000380084B02881A40C0239B01EBE7C04663
:10ACE0008F8FFFFFC0800000BF8FFFFF80800000BC
:10ACF00080C000008FBFFFFF002902D180234C30AD
:10AD000003800020704780225830038812021343CA
:10AD10000380002070470630C08F80B2704730B586
:10AD200080240133E40012195B0880185B00CB1803
:10AD3000401A0C188B4200D130BD4A780D781202AF
:10AD40002A4322800231F4E7F0B50C00497805006F
:10AD5000227B87B0012900D01BE12369A7690293F8
:10AD60009F4200D91F002B00503361690193002AD4
:10AD70001DD1BFB23B00E2882800FFF7D0FF019B46
:10AD8000BE4A19882378AA18DB0052189B181F8026
:10AD90002378BB4A9B00EB181988114030224A40A7
:10ADA000B8490A4392B21A80002007B0F0BD227859
:10ADB000266A9300D2000392E078EB18022800D0B4
:10ADC000D1E0029AB24200D3BBE01A88AE48F61B2B
:10ADD0001040AE4A104318801B8840209C466246B3
:10ADE000024005926246CB1904932662BBB202422E
:10ADF00055D0019A12889446A54AA818039A60442F
:10AE00008218138062892800FFF789FF049B029A49
:10AE100063610023B24201D2F31B3E0062782362D9
:10AE2000B3B2002A2ED1019A944910882278691869
:10AE30000918D200521811888905890D1180002E39
:10AE40000AD18020118800020143118022890499CF
:10AE50002800FFF764FF9BE73E2E08D80121700809
:10AE60003140401811888002014389B2EDE71F206C
:10AE70003040710946427041091A1088890208431E
:10AE80008449F1E7012AE1D12A007C495032108837
:10AE900022786918D200091852181380D6E7019A4F
:10AEA00012889446754AA818039A60448218138041
:10AEB00022892800FFF733FF049B029A6361059BF8
:10AEC000B24201D2F31B3E0062782362B3B2002A81
:10AED0002AD1019A6E491088227869180918D2007F
:10AEE000521811888905890D1180002E06D1802005
:10AEF00011880002014311806289A8E73E2E08D81C
:10AF0000012170083140401811888002014389B244
:10AF1000F1E71F2071090640704246411088891BE5
:10AF2000890208435B49F1E7012AE5D12A00584923
:10AF30005032108822786918D200091852181380EC
:10AF4000DAE71888544F4F4A3840104380B21880CF
:10AF5000019B039A1888494BEB181B189A18B3B237
:10AF60001380228974E71888F61B019A26621688D6
:10AF7000BBB2400607D5464AA818039A8019821822
:10AF80001380628964E73D4AA818039A80198218E1
:10AF9000E6E7002A1CD1A36921698B4201D95A1A1C
:10AFA0000B00A2612A003A495032108822786918B1
:10AFB000D2000918521811888905890D1180002BBB
:10AFC00000D0D6E08021138809020B4313803DE0B6
:10AFD000E378022B00D08CE0002924D10600274A18
:10AFE000503633882078AA18D218C0001218138857
:10AFF0009B059B0D13802369002B34D1802711887A
:10B000003F0239431180224A3188AA185218121877
:10B0100011888905890D1180002B54D18021138856
:10B0200009020B431380E369002B0FD023781B49DF
:10B030009B00EB181A880A408A4201D0002A05D1E9
:10B040001A8811490A4016490A431A8023789B003E
:10B05000ED182A88134B1A40C0239B015340124A13
:10B0600013432B80A0E63E2B20D801215F08194016
:10B070007F181188BF02394389B2C3E70204000078
:10B08000BF8FFFFF8080FFFF8F8FFFFF8081000059
:10B09000060400000080FFFF8F8EFFFF404000008D
:10B0A000C08000008FBFFFFF808000001F271F406F
:10B0B00039004F424F415909C91B17880191890234
:10B0C0000F433749D7E73E2B08D8012059080340E2
:10B0D000C918138889020B439BB2A3E71F205909A3
:10B0E000034058424341C91A1388890219432C4B23
:10B0F000F1E70120834200D057E6A36922690020CE
:10B10000934201D9981A1300A06100299ED12E0004
:10B11000244A503631882078AA185218C0001218D4
:10B1200011888905890D1180002B0AD1802711888B
:10B130003F02394311801C4A3188AA18521812184C
:10B1400039E73E2B08D801215F0819407F18118884
:10B15000BF02394389B2EDE71F271F4039004F4234
:10B160004F415909C91B1788019189020F430C49A6
:10B17000EFE73E2B08D8012059080340C91813886F
:10B1800089020B439BB221E71F2059090340584213
:10B190004341C91A138889021943014BF1E7C0469C
:10B1A0000080FFFF0204000006040000F0B58025C7
:10B1B0005C08ED00521926000D008018471AEA19A4
:10B1C000002E06D1DB0703D56400001903880B5558
:10B1D000F0BD1288013E92B22A70120A6A700235DE
:10B1E000EDE70000014B18607047C04604020020E4
:10B1F000AF239B00C35870B5002B0ED0AE22802524
:10B2000092008458AD00605DFF2806D0044A9B6818
:10B210002100A25C9847FF236355002070BDC04603
:10B2200001020000432303800048704754020020BD
:10B230004323038000487047980200204323038083
:10B2400000487047100200200A230380004870471E
:10B250001403002070B5AE26B6000400855900F036
:10B260004BFF83239B00E850A3590220002B0AD0F8
:10B27000832381229B00E918B033E3589200DB68F6
:10B28000A8589847002070BDF8B5AE239B00C7585A
:10B2900004000E000220002F16D014254D4365191E
:10B2A000E8690833E35800280FD028224A439B1846
:10B2B000196AF8F7D5FF0A1E07D10B00E9612000D3
:10B2C000310000F007FF0020F8BD852300229B001D
:10B2D000FA50F8E7AE23F7B59B00C6586B466A46AE
:10B2E0000D00591D002304000B70D3802B78901D96
:10B2F0001F0060221740134226D0202F3FD1EA883A
:10B300006878002A19D05BB2002B0BDAAF239B00C0
:10B31000E35831009B6898473100EA88200000F02C
:10B32000A0FC08E080239B00F054184B3100200063
:10B33000F25400F0ACFC0020FEBDAF239B00E358AC
:10B3400029009B689847F6E76B780A2B0BD00B2BEC
:10B3500010D0002B13D1A7239B00E35C032B0ED14D
:10B3600002220100DAE7A7239B00E35C032B06D14E
:10B370000122D3E7A7239B00E35C032BDBD0200053
:10B38000290000F047FC0220D6E7C0460102000079
:10B3900070B504000025812100F065FE0121200028
:10B3A000E56200F060FE2300AE26FC331D678221BB
:10B3B0002000B60000F057FEA3592564AB4208D028
:10B3C000AF239B00E3585B689847A05900F0A0FEAC
:10B3D000A551002070BD70B5037C0400002B3AD14C
:10B3E000802381219B00022200F031FE0121802375
:10B3F000E1629B000222200000F029FE23000126CA
:10B40000FC33032282211E672000082300F01FFE68
:10B4100087202664800000F077FEAE239B000500A5
:10B42000E0503000002D15D00433E3581B689847D6
:10B43000852200239200AB500432AB50237C143A97
:10B44000002B11D180239B0031002000AA5800F06E
:10B450004AFE002070BD40238121022200F0F7FD4A
:10B4600001214023E162C5E74023EDE7030002200C
:10B47000002903D0AF220020920099507047AE23DC
:10B480009B00C3588220800019508421890000202D
:10B490005A507047AE239B00C258B43B0020D15095
:10B4A0007047AE239B00C25810B50223002A12D069
:10B4B000852189005458013B002C0CD15350842322
:10B4C0009B00D3580C39525888390363FF399BB21B
:10B4D00000F000FE2300180010BDAE239B00C258F0
:10B4E00010B50223002A0BD081239B00D258037C85
:10B4F000002B07D180239B00012100F0F4FD0023E5
:10B50000180010BD4023F7E7022310B5002813D020
:10B51000AD239B00C458002C01D00024C450002946
:10B5200002D0AC239B00C150A72301219B00C15432
:10B53000027000F043FD0023180010BD030002203C
:10B54000002903D0AD22002092009950704710B519
:10B5500000F074FD002010BDAD239B00C25810B553
:10B560000223002A04D013689847431E98414300E1
:10B57000180010BDAD2310B59B00C3585B689847F9
:10B58000002010BDAA239B0070B5C5180400280038
:10B5900000F02CFBA52301229B00E250114BE25A44
:10B5A000163BE2501033E15C1F230B40012B09D006
:10B5B000022B0CD0002B0FD12900200000F01AF92B
:10B5C000002070BD2900200000F054FAF8E729009F
:10B5D000200000F077FAF3E77F232000994300F082
:10B5E0004BFDEDE7AE02000070B504001500002928
:10B5F0002ED1A5239B00C258032A23D10200553225
:10B60000FF32D368106983420BD91B1AD36082B210
:10B61000984200D99AB22900200000F048FB00208F
:10B6200070BDAD239B00E3581B69002B06D0A722F9
:10B630009200A25C032A01D120009847200000F06C
:10B640003EFBECE7052AEAD1C15000F015FDE6E724
:10B65000AD239B00C35802209B69002BE0D0A7229A
:10B660009200A25C032ADBD120009847D7E7F8B507
:10B670000D0004001100002D4DD1A5239B00C358DF
:10B68000022B3ED1036A466AB34211D99B1B036267
:10B690009AB200F0F4FA2B002A002900200000F0F2
:10B6A00022FDA8239B00E25C012A31D00020F8BDD6
:10B6B000C76931003800F8F7D3FD0D1E0CD1BE422A
:10B6C0000AD8A626B600A3599F4205D20A00200038
:10B6D00000F0D5FAA551DEE7AD239B00E358DB6807
:10B6E000002B06D0A7229200A25C032A01D12000E1
:10B6F00098478021200000F0BFFC200000F0EBFA0A
:10B70000CFE704229343CCD1802100F0B5FCC8E7F9
:10B710000022E254CAE7AD239B00C35802205B69B4
:10B72000002BC4D0A7229200A25C032ABFD129001B
:10B7300020009847BAE7002270B5040011004023AA
:10B7400000F085FC230001254026FC338021DD65C7
:10B750009E6600223300200000F079FCA723002120
:10B760009B00A5616662E554083BE15010336160BF
:10B77000E1501433E3588B4205D0AD239B00E358CE
:10B7800020005B689847002070BD0174002070475E
:10B79000A7239B00C15C034A81540422C2540020A9
:10B7A0007047C0469D020000A7239B00C25C042A8C
:10B7B00002D1024A825CC254002070479D02000000
:10B7C000A72310B59B00C35C032B06D1AD239B00C0
:10B7D000C358DB69002B00D09847002010BD10B57E
:10B7E0000400802100F048FC0021200000F044FC0F
:10B7F00010BD000060220B7873B513400D001900D6
:10B80000921820390400114205D0002B0BD02000E3
:10B81000FFF7E5FF05E0AD239B00C35829009B68B7
:10B820009847002076BD68780928F0D8F8F788FC9A
:10B83000EF000E01EFFF0601EFFF7D000A00EFFFB2
:10B84000D6009F0000236A46D3806B88180A01380F
:10B850000628DCD8F8F760FC041726DBDB404C0038
:10B86000AC239B00E358207C1B686A46911D9847D7
:10B870006B46D988EA88002952D0002A45D1200099
:10B8800000F01DFACDE7AD23227C9B00E358002A8F
:10B8900006D19B6A6A46901D984702234370E7E7EA
:10B8A000DB6AF7E7D8B20528B1D8AC239B00E35890
:10B8B000F8F73CFC03080A0C0E105B68002BA6D0BE
:10B8C000207CD2E79B68F9E7DB68F7E71B69F5E7BF
:10B8D0005B69F3E79B69F1E7237C002B00D096E7D7
:10B8E000AD236A469B00E358901D5B6B9847BFE70A
:10B8F000237C002B00D08AE7AD236A469B00E358E7
:10B90000901D1B6B98470723C8E70B1C914200D979
:10B91000131C69469AB2CB800100200000F0A1F907
:10B92000EB88002B00D07CE7A9E7AB88002B00D088
:10B930006DE7EB88002B00D069E76D887F2D00D97B
:10B9400065E7A726B600A35D032B00D15FE7474B51
:10B95000EDB2E5542900200000F0B3FB200000F018
:10B96000AEF90223002D00D10123A35559E7A97890
:10B970003F4D2970012900D949E7A7239B00E25CCC
:10B98000022A09D0032A15D02000FFF728FF200043
:10B990002978FFF7EFFD44E7002900D16FE7012187
:10B9A00003226160E2542000FFF7D6FD022800D098
:10B9B00065E72CE7002906D102222000E2546160ED
:10B9C000FFF7D8FD5BE76168012900D157E7C9B2ED
:10B9D0002000FFF7CFFD29786160E4E7EA88012ABB
:10B9E00000D014E7A7239B00E35C022B07D8002BB1
:10B9F00000D10CE700232100A360083103E0211DE2
:10BA0000032B00D003E7200000F02BF909E7A72360
:10BA10009B00E35C013B022B00D9F8E6EB88022B8C
:10BA200000D0F4E6A9239B00E2580123002A00D0AD
:10BA3000023321000222E3600C31E4E76B88012B22
:10BA400000D0EEE6A9229200A35018E7A7239B009E
:10BA5000E35C013B022B00D9D9E66B88012B00D0B7
:10BA6000DFE6A92300229B00E25008E79E020000C7
:10BA7000A80C002060230A7870B5134004000D0064
:10BA8000520601D5402B19D1A7239B00E35C013B53
:10BA9000022B13D82B79012B10D8AD239B00E35830
:10BAA00029009B6820009847EB88002B04D10028D0
:10BAB00002D1200000F003F9002070BD2000FFF744
:10BAC0008EFEF9E770B5040060200B008A880978C3
:10BAD00001400D000018203D054205D000290CD082
:10BAE0002000FFF77CFE06E0AD229200A25819006C
:10BAF000200092689047002070BD5878D1B201288C
:10BB000038D0032820D00028EAD1A7239B00E35C8B
:10BB1000022B49D0032BE3D10F2314250B406B4399
:10BB2000E318120650D59B69002BD9D07F230B4018
:10BB300001335D436519802951D0200000F0AEFA31
:10BB4000002851D001234BE0A7229200A25C022AD8
:10BB500020D0032AC4D15A88002A07D14A0605D02A
:10BB6000DB88002B02D1200000F086FA200000F0D4
:10BB7000A6F8C0E7A7229200A25C022A0AD0032AF4
:10BB8000AED15B88002BB6D14B06EFD0200000F081
:10BB90007CFAEBE74B06A3D0200000F06DFA802181
:10BBA000200000F069FAA6E7490699D12100553135
:10BBB000FF31120601D54139FF39002302220B6003
:10BBC000200000F04EF896E7FC33DB6D002B00D12F
:10BBD00086E74D435535FF3565190029ADD1002362
:10BBE0002B6002222900EBE72860FAE70B7803704C
:10BBF0004B784370CB788A781B02134343804B7990
:10BC00000A791B0213438380CB798A791B02134381
:10BC1000C380704710B50400802100F02DFA002188
:10BC2000200000F029FA10BD70B504000D001600C8
:10BC300000280DD0F8F768FAC3B201335B003380F7
:10BC40002B70032300206B70013B2178002900D169
:10BC500070BD5A1CE954D2B202330134DBB2A8548D
:10BC6000F3E71300A52210B50224920084500A00C5
:10BC7000C3610021036200F02DFA002010BD10B551
:10BC800013000A00002100F025FA002010BD130067
:10BC9000A52210B50324920084500200FC321366E2
:10BCA00053660A00002100F01EFA002010BD10B5F6
:10BCB00013000A00002100F016FA002010BDA52391
:10BCC00004229B0010B5C25000231A00190000F096
:10BCD00001FA002010BDA52305229B0010B5C2501B
:10BCE00000231A00190000F0FEF9002010BD00002A
:10BCF00010B5114C002220001049FFF705FC002868
:10BD000001D0FCF779F920000D49FFF717FC002856
:10BD100001D0FCF771F920000A49FFF7A7FB0028C2
:10BD200001D0FCF769F92000FFF711FC002801D0D1
:10BD3000FCF762F910BDC046AC0C00206403002083
:10BD4000DC02002020030020002070470020704704
:10BD5000002070470A00AE2110B5084C890003008E
:10BD60006058A43941580120002906D1190020004B
:10BD7000FFF785FB2000FFF794FB10BDAC0C002003
:10BD800073B50E4D04000E0001002800FFF782FB82
:10BD90002800FFF7A2FB00236A46D3806B46326877
:10BDA0002100074892B20633FBF762FE002803D059
:10BDB0006B46D988FFF7CEFF002076BDAC0C002083
:10BDC00028060020122301480B80704750030020F2
:10BDD000042301480B8070474C03002070B50026F7
:10BDE00052008A18050FECB223003733092D00D812
:10BDF000073B0B704E70023100018A42F2D170BDD8
:10BE00001A2310B50B800A4B18680A4B1B68C01820
:10BE100000280AD0084B08221C680849FFF7DEFFFB
:10BE2000042220000649FFF7D9FF064810BDC0468E
:10BE3000ACF7FF1FB4F7FF1FB0F7FF1F320300205E
:10BE4000420300203003002010B5044C0A002100FA
:10BE50000348FFF7E9FE200010BDC046700F002028
:10BE600084D4000810B5044C0A0021000348FFF7F1
:10BE7000DBFE200010BDC046700F00209AD40008E1
:10BE800010B5044C0A0021000348FFF7CDFE200046
:10BE900010BDC046700F0020B0D4000810B5044C8F
:10BEA0000A0021000348FFF7BFFE200010BDC04676
:10BEB000700F0020BBD40008002803D00238431EB6
:10BEC000984101307047000007B50B4B02689A4259
:10BED00011D18021094B0904DA691F200A43DA6174
:10BEE0000022DB690B4001931100019BFCF7DCFF92
:10BEF0001F20FDF703F807BD005C00400010024062
:10BF0000A62310B59B00C1184033C058FFF73AFB79
:10BF100010BD28234B43C318FC339A6EB62310B5CB
:10BF20009B00C058FFF760FB10BD28234B43C3188C
:10BF30005A6AB62310B59B00C058FFF798FB10BD96
:10BF4000B62310B59B00C058FFF73AFC10BD70B582
:10BF500043790400022B01D0FCF74EF8B625AD0062
:10BF600001216059FFF711FC6059FFF7E4FB70BD38
:10BF7000B62310B504009B00C058FFF709FC637A94
:10BF8000002B04D00623024A11690B43136110BD34
:10BF900000ED00E010B5437A0400002B06D0062126
:10BFA000054A13698B431361FBF798FFB6239B0087
:10BFB000E058FFF7F9FB10BD00ED00E0B62370B5C7
:10BFC00004001C489B00C4501B4BB0250360822317
:10BFD0009B0083800223C3710023AD006051437234
:10BFE0004381FDF77FFA002801D0FCF705F8002215
:10BFF000605911001823FEF7B4F860595823002245
:10C000008021FEF7AEF86059C02300228121FEF79F
:10C01000A8F888236059002201215B00FEF7A1F8EF
:10C0200080236059002282215B00FEF79AF80020ED
:10C0300070BDC04690130020005C0040B02310B5D6
:10C040009B00C058FDF79AFAFFF736FF10BD10B5F8
:10C0500014001A002300B024A4000059FDF798FF33
:10C06000FFF72AFF10BDB02310B59B00C058FDF7A5
:10C07000BBFFFFF721FF10BDB02310B59B00C058D8
:10C08000FEF713F8FFF718FF10BDB02310B59B00A3
:10C09000C058FEF738F8FFF70FFF10BDB0239B0024
:10C0A000C35848B22822002805DA7F2001404A43BD
:10C0B0009B18987C70474A439B185333FF3318787A
:10C0C000F8E7B02310B59B00C058FDF76AFAFFF7F8
:10C0D000F3FE10BD10B5B024A4000059FDF7CDFF4C
:10C0E000FFF7EAFE10BD10B5B024A4000059FDF71B
:10C0F000A1FFFFF7E1FE10BDB02310B59B00C058B3
:10C10000FDF7B3FF10BD000000487047701100201C
:10C110007047000010B5034B0100186800F026F8C6
:10C1200010BDC0468003002070B50F4E0D00316871
:10C130000400002902D100F0B1F83060290020008D
:10C1400000F0ACF8431C03D101256D42280070BDFE
:10C150000323C51C9D43A842F8D0291A200000F0F3
:10C160009DF80130F2D1EFE76C160020F7B50322FD
:10C17000CB1C9343083305001F000C2B34D20C2733
:10C18000B94233D8280000F071F8374E33681C00EC
:10C19000002C2FD139002800FFF7C6FF0400431CF4
:10C1A0005FD134680094009B002B4AD1002C52D000
:10C1B00023682800E3180099019300F06FF8019BB1
:10C1C000834248D123682800FF1A3900FFF7ACFFEB
:10C1D000013040D02368DB19236033685A68002A95
:10C1E00033D1009B336019E0002BC9DA0C232B609C
:10C1F0000020FEBD2168C91B20D40B290AD9E219F1
:10C200002760A34204D1326063681160536005E087
:10C210005A60F9E76268A3420ED13260280000F04C
:10C220002DF8200007220B30231D9043C21A98429C
:10C23000DFD01B1AA350DCE75A60EFE723006468E5
:10C24000A6E7009C63680093ADE71A005B68A34211
:10C25000FBD10023DAE70C2328002B6000F00EF856
:10C26000C6E70760DAE7C0467016002010B502483E
:10C2700000F050F810BDC046B017002010B50248BD
:10C2800000F049F810BDC046B01700200300821826
:10C29000934200D1704719700133F9E7002370B55C
:10C2A000064D040008002B60FBF73AFF431C03D146
:10C2B0002B68002B00D0236070BDC046AC17002057
:10C2C000014B18687047C0468003002070B50026F7
:10C2D0000C4C0D4D641BA410A64209D1002600F0A1
:10C2E00025F80A4C0A4D641BA410A64205D170BD66
:10C2F000B300EB5898470136EEE7B300EB58984788
:10C300000136F2E7D0D40008D0D40008D4D4000815
:10C31000D0D4000870477047002310B59A4200D16E
:10C3200010BDCC5CC4540133F8E70000F8B5C0463A
:10C33000F8BC08BC9E467047F8B5C046F8BC08BCBF
:04C340009E4670475E
:10C344008C4600084A4500082845000814450008A2
:10C35400284500082E460008284500081445000812
:10C364004A4500084A4500082E46000814450008BE
:10C374000C4500080C4500080C4500085046000810
:10C38400F50F70FEF10FA2FEEB0FD4FEE30F06FFD4
:10C39400D90F38FFCB0F6AFFBA0F9CFFA40FCEFF53
:10C3A400890F0000670F32003E0F64000C0F9600E7
:10C3B400D00EC800C30ED200B60EDC00A80EE600F4
:10C3C4009A0EF0008B0EFA007B0E04016C0E0E0127
:10C3D4005C0E18014B0E22013A0E2C01280E360178
:10C3E400160E4001040E4A01F10D5401DD0D5E01EB
:10C3F400C90D6801B50D7201A00D7C018B0D86017C
:10C40400750D90015F0D9A01480DA401310DAE0127
:10C41400190DB801010DC201E90CCC01D00CD601F3
:10C42400B60CE0019D0CEA01820CF401FA0B260221
:10C43400680B5802D00A8A02330ABC029409EE023D
:10C44400F308200355085203B90784032307B603EE
:10C454009306E80389054C04A104B004DA03140527
:10C4640034037805AA02DC05000000000000000087
:10C4740000000000000000000000000000000000B8
:10C48400E803C80050FE0200816B0008E803C800FE
:10C4940052FE0200B16B0008E803C800F7FE020078
:10C4A400D16B0008E80800200000B004DC05B004EB
:10C4B4000101000039700008EA08002001000000B2
:10C4C400FF7F01800400000000000000EC08002051
:10C4D4000200F401580264000101000089700008A0
:10C4E400EE08002003000000FF7F000004000000AD
:10C4F40000000000F00800200400AA05DC05B004D8
:10C5040003010000F9710008F20800200500000092
:10C51400007D00000301000000000000F40800207A
:10C5240006001027007D0000030100000000000049
:10C534000000000007000000FF7F0000040000006E
:10C54400000000000000000008000000FF7F000061
:10C554000400000000000000F608002009000000AC
:10C56400C80000000201000000000000F8080020DC
:10C574000A0000000A0000000100000000000000A2
:10C58400FA0800200B000000010000000200000077
:10C5940000000000FC0800200C0001000100000065
:10C5A4000101000000000000FE0800200D00000052
:10C5B4000100000004010000000000000009002048
:10C5C4000E00000001000000010100000000000056
:10C5D400020900200F0003006400000002010000B3
:10C5E4000000000004090020100000000100000009
:10C5F40001010000000000000609002011000000F5
:10C604000A000000020100000000000008090020E8
:10C614001200C201E8030000020100000000000053
:10C624000A0900201300F401D007000002010000F1
:10C63400D97400080C09002014000000FF00000059
:10C64400040100000000000054090020150000004F
:10C6540088130000040000000000000056090020B8
:10C664001600000088130000040000000000000011
:10C67400620900201700000004000000040000000C
:10C68400000000006009002018000000F6090AF606
:10C6940004000000000000005A09002019000000F6
:10C6A400F6090AF604000000000000005C090020FE
:10C6B4001A000000FF0001FF040000000000000059
:10C6C400580900201B000000881378EC04000000C7
:10C6D400000000000E0900201C0000000100000002
:10C6E40004000000000000001E0900201D000000DE
:10C6F4000F27000004000000AD6F0008220900208D
:10C704001E00000001000000040000000000000002
:10C71400100900201F000000FF7F008004000000BB
:10C72400000000001209002020000000FF7F0080AC
:10C73400040000000000000020060020210000008A
:10C74400FF0F00000400000000000000220600208B
:10C7540022000000FF0F00000400000000000000A1
:10C764001E06002023000000FF0F0000040000004C
:10C77400000000001C06002024000000FF0F000041
:10C7840004000000000000001A060020250000003C
:10C79400FF0F000004000000000000002406002039
:10C7A40026000000FF0F000004000000000000004D
:10C7B4002009002027000000007D00000400000084
:10C7C400000000000000000028000000007D0000C0
:10C7D4000500000000000000F40A00202900000009
:10C7E4000200000004000000E5720008400400405C
:10C7F4002A000000800C000004010000B57100084C
:10C804003C0400402B00800C800C0000040100005C
:10C81400E9710008140900202C0000000100000048
:10C824000401000000000000F60A00202D000000B2
:10C834000100000001000000F17100081609002049
:10C844002E000100010000000400000000000000B0
:10C85400180900202F00000001000000040000005F
:10C86400457200081A09002030000000FF7F018093
:10C87400040000006D7200081C0900203100020051
:10C8840005000000040000008D7200080000000094
:10C8940032000000FF7F008004000000A172000845
:10C8A4000000000034000100FF000000040100004B
:10C8B400000000000000000035000000FF00000040
:10C8C4000401000000000000000000003600000029
:10C8D400010000000400000000000000000000004F
:10C8E4003700000001000000040000000000000008
:10C8F4006804002038000000000400FC040100006B
:10C90400000000006A04002039002E0E0010000010
:10C9140004010000000000006C0400203A000C0038
:10C924001000000004000000000000005404002077
:10C934003B001700000400FC04010000000000009C
:10C94400560400203C003B09001000F004010000E4
:10C9540000000000580400203D000C0010000000FE
:10C964000400000000000000400400203E0000001D
:10C97400000400FC04010000000000004204002048
:10C984003F000000001000F004010000000000005F
:10C994004404002040000A001000000004000000CD
:10C9A400000000002C04002041000000002000E0F2
:10C9B40004010000000000002E04002042000004D6
:10C9C400000400FC0401000000000000300400200A
:10C9D40043000000100000000400000000000000FC
:10C9E4000404002044000000000400FC04010000D2
:10C9F40000000000060400204500401F000400FC65
:10CA040004010000000000000804002046000C009F
:10CA140010000000040000000000000018040020C2
:10CA24004700A903001000F004010000000000000A
:10CA34001A0400204800A107001000F004010000BF
:10CA4400000000001C04002049000C00100000003D
:10CA54000400000000000000000000005A00000074
:10CA6400FF7F0180050000000000000000000000BE
:10CA74005B000000FF7F0180050000000000000053
:10CA8400000000005C000000FF7F01800500000042
:10CA940000000000000000005D000000FF7F018036
:10CAA4000500000000000000000000005E0000001F
:10CAB400FF7F01800500000000000000000000006E
:10CAC4005F000000FF7F01800500000000000000FF
:10CAD4000000000060000000FF7F018005000000EE
:10CAE400000000000000000061000000FF7F0180E2
:10CAF40005000000000000000000000062000000CB
:10CB0400FF7F01800500000000000000000000001D
:10CB140063000000FF7F01800500000000000000AA
:10CB24000000000064000000FF7F01800500000099
:10CB3400000000000000000065000000FF7F01808D
:10CB44000500000000000000000000006600000076
:10CB5400FF7F0180050000000000000000000000CD
:10CB640067000000FF7F0180050000000000000056
:10CB74000000000068000000FF7F01800500000045
:10CB8400000000000000000069000000FF7F018039
:10CB94000500000000000000000000006A00000022
:10CBA400FF7F01800500000000000000000000007D
:10CBB4006B000000FF7F0180050000000000000002
:10CBC400000000006C000000FF7F018005000000F1
:10CBD40000000000000000006D000000FF7F0180E5
:10CBE4000500000000000000000000006E000000CE
:10CBF400FF7F01800500000000000000000000002D
:10CC04006F000000FF7F01800500000000000000AD
:10CC14000000000070000000FF7F0180050000009C
:10CC2400000000000000000071000000FF7F018090
:10CC34000500000000000000000000007200000079
:10CC4400FF7F0180050000000000000000000000DC
:10CC540073000000FF7F0180050000000000000059
:10CC64000000000074000000FF7F01800500000048
:10CC7400000000000000000075000000FF7F01803C
:10CC84000500000000000000000000007600000025
:10CC9400FF7F01800500000000000000000000008C
:10CCA40077000000FF7F0180050000000000000005
:10CCB4000000000078000000FF7F018005000000F4
:10CCC400000000000000000079000000FF7F0180E8
:10CCD4000500000000000000000000007A000000D1
:10CCE400FF7F01800500000000000000000000003C
:10CCF4007B000000FF7F01800500000000000000B1
:10CD0400000000007C000000FF7F0180050000009F
:10CD140000000000000000007D000000FF7F018093
:10CD24000500000000000000000000007E0000007C
:10CD3400FF7F0180050000000000000000000000EB
:10CD44007F000000FF7F018005000000000000005C
:10CD54000000000080000000FF7F0180050000004B
:10CD6400000000000000000081000000FF7F01803F
:10CD74000500000000000000F00A0020D526000095
:10CD84000F2700000000000049730008F20A002089
:10CD9400D62600000F270000000000009D73000845
:10CDA40000000000DF260000FF7F0180010000007A
:10CDB4000000000000000000E0260000FF7F01806A
:10CDC400010000000000000000000000E126000057
:10CDD400FF7F01800100000000000000000000004F
:10CDE400E2260000FF7F0180010000000000000037
:10CDF40000000000E3260000FF7F01800100000026
:10CE04000000000000000000E4260000FF7F018015
:10CE1400010000000000000000000000E526000002
:10CE2400FF7F0180010000000000000000000000FE
:10CE3400E6260000FF7F01800100000000000000E2
:10CE4400E00A0020DA26B80B0F27E80301010000EE
:10CE5400BD740008DE0A0020D926D0070F27E80396
:10CE640002010000BD740008DC0A0020D8268307F4
:10CE74000F27E80303010000BD740008DA0A00204C
:10CE8400D726D2040F27E80304010000BD7400086C
:10CE9400E60A0020EF260000FF7F0180000000006A
:10CEA40011740008E80A0020F0260000FF7F0180CA
:10CEB4000000000011740008E20A0020F126BB669D
:10CEC400FF7F01800100000000000000E40A002050
:10CED400F22666BBFF7F0180010000000000000015
:10CEE400FE3F0008F6260000FF7F018001000000DD
:10CEF4000000000002020020F726E3070F270000CD
:10CF04000100000000000000EA0A002002270000DF
:10CF1400FF7F01800100000000000000EC0A0020F7
:10CF240003270000FF7F01800100000000000000D3
:10CF3400EE0A002004270000FF7F018001000000AA
:10CF44000000000068D2000805270000FF7F018070
:10CF540001000000000000006AD20008062700005B
:10CF6400FF7F018001000000000000006CD2000877
:10CF740007270000FF7F018001000000000000007F
:10CF84006ED2000808270000FF7F01800100000026
:10CF94000000000070D2000809270000FF7F018014
:10CFA400010000000000000072D200080A270000FF
:10CFB400FF7F0180010000000000000074D200081F
:10CFC4000B270000FF7F018001000000000000002B
:10CFD40076D200080C270000FF7F018001000000CA
:10CFE4000000000078D200080D270000FF7F0180B8
:10CFF40001000000000000007AD200080E270000A3
:10D00400FF7F0180010000000000000024090020CF
:10D014004A006405DC05B00401010000F170000859
:10D02400260900204B00F4015802640001010000AD
:10D034004D710008280900204C00E2047805B00472
:10D0440002010000000000002A0900204D006400D5
:10D054002C01000003010000000000002C09002046
:10D064004E000F002C01000003010000000000002E
:10D074002E0900204F00BE07FF7F0180040100003D
:10D08400000000000000000050001405AA054C0434
:10D0940004010000000000000000000051009600A0
:10D0A400F4010A000401000000000000300900201F
:10D0B4005200020002000000020100000000000013
:10D0C40032090020530000000100000002010000AA
:10D0D400000000003409002054002C01F401320047
:10D0E40003010000000000003609002055003C0048
:10D0F400780001000301000000000000380900204E
:10D104005600A00534173C00030100000000000095
:10D114003A0900205700E40478054C040301000098
:10D12400000000003C09002058003200640070FE3A
:10D1340002010000000000003E0900205900000028
:10D14400640070FE02010000ED7400084009002034
:10D1540084002602D007FA0003010000C574000809
:10D164004209002085000000640000000401000062
:10D1740000000000440900208600AA05DC0514050F
:10D1840004010000000000004609002087007E041E
:10D1940014054C04040100000000000048090020AC
:10D1A40088000800E803000004010000017500087D
:10D1B4004A09002089001900E80300000401000066
:10D1C400017500084C0900208A000200E8030000F1
:10D1D40004010000017500084E0900208B00820044
:10D1E400E80300000401000029750008500900202C
:10D1F4008C006400E80300000401000029750008A5
:10D20400520900208D000000E80300000401000022
:10D214002975000800000000000000000000000064
:10D2240000000000000000000000000000000000FA
:10D2340000000000000000000000000000000000EA
:10D2440000000000000000000000000000000000DA
:10D2540000000000000000000000000000000000CA
:10D2640000000000444243320000000000000000BF
:10D2740000000000000000000000C1C081C14001A6
:10D2840001C3C003800241C201C6C006800741C772
:10D294000005C1C581C4400401CCC00C800D41CD42
:10D2A400000FC1CF81CE400E000AC1CA81CB400B12
:10D2B40001C9C009800841C801D8C018801941D9E2
:10D2C400001BC1DB81DA401A001EC1DE81DF401F72
:10D2D40001DDC01D801C41DC0014C1D481D5401582
:10D2E40001D7C017801641D601D2C012801341D392
:10D2F4000011C1D181D0401001F0C030803141F122
:10D304000033C1F381F240320036C1F681F7403771
:10D3140001F5C035803441F4003CC1FC81FD403D41
:10D3240001FFC03F803E41FE01FAC03A803B41FB11
:10D334000039C1F981F840380028C1E881E9402961
:10D3440001EBC02B802A41EA01EEC02E802F41EF71
:10D35400002DC1ED81EC402C01E4C024802541E581
:10D364000027C1E781E640260022C1E281E3402391
:10D3740001E1C021802041E001A0C060806141A1A1
:10D384000063C1A381A240620066C1A681A7406771
:10D3940001A5C065806441A4006CC1AC81AD406D41
:10D3A40001AFC06F806E41AE01AAC06A806B41AB11
:10D3B4000069C1A981A840680078C1B881B94079E1
:10D3C40001BBC07B807A41BA01BEC07E807F41BF71
:10D3D400007DC1BD81BC407C01B4C074807541B581
:10D3E4000077C1B781B640760072C1B281B3407391
:10D3F40001B1C071807041B00050C1908191405121
:10D404000193C053805241920196C0568057419770
:10D414000055C19581944054019CC05C805D419D40
:10D42400005FC19F819E405E005AC19A819B405B10
:10D434000199C059805841980188C0488049418960
:10D44400004BC18B818A404A004EC18E818F404F70
:10D45400018DC04D804C418C0044C1848185404580
:10D464000187C047804641860182C0428043418390
:10D474000041C1818180404000000000010203049A
:10D48400454E2D4B4F20436F6E74726F6C20537951
:10D494007374656D730053544D333220566972743E
:10D4A40075616C20436F6D506F7274004344432068
:10D4B400436F6E6669670043444320496E74657226
:08D4C4006661636500000000D1
:04D4CC00454E4B4F2F
:04D4D000E940000827
:04D4D400C14000084B
:10D4D8000100E30700127A000100000004000000C8
:10D4E80009074300020104C03209040000010202D6
:10D4F8000100052400100105240100010424020292
:10D50800052406000107058203080010090401002C
:10D51800020A000000070501024000000705810219
:10D528004000000009024300020100C03209040063
:10D538000001020201000524001001052401000178
:10D5480004240202052406000107058203080010CE
:10D5580009040100020A000000070501024000005A
:10D56800070581024000000009024300020100C0D3
:10D57800320904000001020201000524001001051F
:10D588002401000104240202052406000107058283
:10D598000308001009040100020A00000007050141
:10D5A800020002000705810200020000D7B300084C
:10D5B80091B30008D5B2000800000000F1B10008DE
:10D5C80089B2000855B20008000000000000000001
:10D5D8000000000031B2000825B200083DB2000882
:10D5E80049B200080A0600020000004001000000DD
:10D5F80049BD000851BD00084DBD000881BD0008A7
:10D608001A030000000000000000000000000000F5
:10D6180000000000000000000000000004030904EE
:10D628001201000202020040830440570002010276
:10D6380003010000C5BD0008D1BD000849BE0008AF
:10D6480065BE000801BE000881BE00089DBE000836
:10D65800840300200000000074160020DC1600205F
:10D668004417002000000000000000000000000037
:10D6780000000000000000000000000000000000A2
:10D688000000000000000000000000000000000092
:10D698000000000000000000000000000000000082
:04EFFC00454E4B4FE4
:020000042000DA
:1000000000000000000000000000000000000000F0
:1000100000000000000000000000000000000000E0
:1000200000000000000000000000000000000000D0
:1000300000000000000000000000000000000000C0
:1000400000000000000000000000000000000000B0
:1000500000000000000000000000000000000000A0
:100060000000000000000000000000000000000090
:100070000000000000000000000000000000000080
:100080000000000000000000000000000000000070
:100090000000000000000000000000000000000060
:1000A0000000000000000000000000000000000050
:1000B0000000000000000000000000000000000040
:0800C000000000000000000038
:04000005080082E588
:00000001FF
