:020000040800F2
:2048000000400020F97C0008197B00081B7B00080000000000000000000000000000000081
:204820000000000000000000000000001D7B000800000000000000001F7B0008217B000892
:20484000497D0008497D0008497D0008497D0008497D0008497D0008497D00082D7B000806
:20486000497D0008417B0008497D0008497D0008497D0008497D0008497D0008497D0008D2
:20488000497D0008497D0008497D0008517B0008497D0008497D0008497D0008497D0008A2
:2048A000497D0008497D0008497D0008497D0008497D0008497D0008617B0008717B00084C
:2048C00010B5064C2378002B07D1054B002B02D0044800E000BF0123237010BD90030020B4
:2048E00000000000E4CD0008044B10B5002B03D00349044800E000BF10BDC04600000000E3
:2049000094030020E4CD000802B4714649084900095C49008E4402BC7047C04603B47146B7
:20492000490840004900095A49008E4403BC7047002243088B4274D303098B425FD3030A10
:204940008B4244D3030B8B4228D3030C8B420DD3FF22090212BA030C8B4202D31212090209
:2049600065D0030B8B4219D300E0090AC30B8B4201D3CB03C01A5241830B8B4201D38B03E1
:20498000C01A5241430B8B4201D34B03C01A5241030B8B4201D30B03C01A5241C30A8B423C
:2049A00001D3CB02C01A5241830A8B4201D38B02C01A5241430A8B4201D34B02C01A524119
:2049C000030A8B4201D30B02C01A5241CDD2C3098B4201D3CB01C01A524183098B4201D33D
:2049E0008B01C01A524143098B4201D34B01C01A524103098B4201D30B01C01A5241C30827
:204A00008B4201D3CB00C01A524183088B4201D38B00C01A524143088B4201D34B00C01A88
:204A20005241411A00D20146524110467047FFE701B5002000F006F802BDC0460029F7D070
:204A400076E770477047C046D0400B00D1409C46203AD3401843524263469340184370478D
:204A600070B500220C4B04000D0001F05FFD002804D12000290001F037FC70BD064B002230
:204A80002000290001F09EF801F02EFC80231B069C466044F1E7C0460000E041F0B5C64631
:204AA00043025B0A4E0245004F00DA00C40F9C46700A904600B52D0E3F0EC90FB6098C42E7
:204AC0004BD0EA1B002A36DD002F61D0FF2D00D1ADE08023DB041E431B2A00DCD3E00120B7
:204AE0004346181A430100D48CE080018709380001F026FD05388740854200DCB6E02D1A96
:204B0000B3483840430704D00F230340042B00D00430430100D478E06A1CFE2D65D0800185
:204B2000430A9C46D2B26346D0051843E407204380BCB846F0BD002A35D07A1B002D00D0F3
:204B4000AFE04346002B00D1A7E0531E012A00D12FE1FF2A69D01A00AAE0E91B002970DDBD
:204B6000002F37D0FF2D62D08023DB041E431B2900DCB0E001204044430143D50135FF2DAB
:204B800033D00123934A0340400810401843B9E7002E00D183E0511E012A00D1D8E0FF2A8D
:204BA00045D00A0098E7FE276A1C174200D086E0002D00D0B7E04346002B00D1F3E000220F
:204BC000002EB0D0981B430100D4FAE043460C00F01A97E7002E00D1C8E04A1E012900D15B
:204BE000AEE0FF2923D01100C1E70023FF229C4699E7FE216A1C114277D0FF2AF5D015006B
:204C000046447008430700D07EE7C308FF2D0ED05B025B0A9C46EAB285E7002E07D08022EB
:204C2000D203134203D0104201D10C000300002BDBD08020C00318434002430A9C46FF221E
:204C400071E70029D5D07A1B002D60D14346002B24D0531E012A73D0FF2AE7D01A001B2A75
:204C600000DC85E001203D00801985E720233A00451B38000135EA405D1BA840431E984181
:204C8000002510433EE7202330009B1A31009840D140431E9841084322E70C000300150083
:204CA000B4E7FF2FC1D080234046DB04184380461B2A51DD01200C003D00301A12E74346C8
:204CC0009F1B7B012BD4002F00D010E70023002400229C4627E7202332003000CA40591A2E
:204CE0008840431E9841104345E7002D4AD14346002B63D00022002E00D114E73000404434
:204D0000430100D47EE7324B013518407AE7FF2F8CD080234146DB04194388469FE74346DE
:204D20000C00F71AE3E64246002A00D075E7002E00D07AE78023DB0300249C46FF22F2E6D0
:204D4000300040440125430100D45BE7022518E743460125981BC5E6202344464046D44085
:204D60009A1A9040431E98412043A4E70D004DE7202341464046D1409A1A9040431E984127
:204D8000084370E74246002A00D14FE7002E00D14DE78022D203134200D148E7104200D097
:204DA00045E7030043E7002E90D00C0084460022B9E643460C00F01A013593E6844600223B
:204DC000B1E6002800D01DE7002300249C46AAE6FFFFFFFBFFFFFF7DF0B54F464646D64633
:204DE00044024500C0B5640A0F1C2D0EC60F002D00D18DE0FF2D00D192E00023802099468E
:204E00009A46E400C00404437F3D7802430A98467B001B0EFF0F002B00D170E0FF2B00D169
:204E200086E04246D00080227F3BED180023D204024390469C4631004B467940681C0F2B24
:204E40001CD8764A9B00D3589F4639004446E2465346022B0FD0032B00D1D7E0012B37D179
:204E600000200024C0052043C9070843E0BCBA46B146A846F0BDFF200024F3E7260C240406
:204E8000220C44462404240C434627001B0C574374435A435E4312193B0C9B189C4203D9BD
:204EA00080225202944666443F041A043F0CD2199401671EBC411B0C920E9B1914439B015C
:204EC0001C431B0100D49BE0012362081C40144302007F32002A64DD630704D00F232340D6
:204EE000042B00D00434230103D502004C4B80321C40FE2ABFDCA401640AD0B2B2E743465E
:204F0000002B3DD14A4601331A4391469C4692E7002C29D104239946033B00259A4674E73B
:204F2000002C1BD108239946063BFF259A466CE74346FF35002B0BD102234A461A4391460A
:204F40009C4678E753463100022B00D083E792E703234A461A4391469C466CE70C23994639
:204F6000093BFF259A4650E7200001F0E9FA7625431F9C4000236D4299469A462D1A44E7E2
:204F8000404601F0DDFA4246431F9A4000232D1A90469C46763D4EE780240021FF20E4032A
:204FA00060E701239B1A1B2B00DD59E722009E30DA4084401300621E94411C43630704D09B
:204FC0000F232340042B00D0043463011AD50120002447E78020C003044209D043460342EF
:204FE00006D14446044364023900FF20640A39E78020C003044364023100FF20640A31E7D7
:20500000280065E7A4010020640A2BE78020C00304436402FF20640A24E7C046FCCD000858
:20502000FFFFFFF741024200C30F490A0020120E7E2A03DD9D2A02DD094A9818704780200A
:2050400000040143952A07DC9620821AD1404842002BF3D10800F1E7963A9140F7E7C04625
:20506000FFFFFF7FF8B5002813D0C317C6185E40C40F300001F064FA9E2305001B1A962B98
:205080000FDC082801DD083DAE407602760AD8B202E0002400200026C0053043E407204390
:2050A000F8BD992B0CDD05223100121AD1400A00010030001B318840411E88410243160027
:2050C000052D12DC31000D4F3940720709D00F203040042805D004314A0102D59F23394026
:2050E0005B1B89014E0AD8B2D6E76A1F96403100024F39407207F4D0E9E7C046FFFFFFFBAC
:20510000F0B557464E464546DE46E0B5814605000C03480092461F0085B0240B400DCE0FCD
:20512000002800D156E1D44B984200D172E16B0FE4001C4380231B0423439846CF4BED0058
:205140009B4600239946834400933C037B005046240B5B0DFF0F002B00D11FE1C64A93423C
:2051600000D162E1C549420F8C46E40059461443802263441204CB1A14439B46C2000020B2
:2051800033007B409A464B460F2B27D8BC499B00CB589F46B246009B022B16D0032B00D12A
:2051A0008EE2012B00D0D9E000230024002552461B052343D20713432800190005B0F0BC6F
:2051C000BB46B246A946A046F0BD00240025AA4BEDE7BA46A04615000090DCE7444500D299
:2051E000C7E100D1C2E101235B429C462E0040460025E3442302140E1C431B0C994623041D
:205200001F0C1202494600920197FFF717FC02007A430B04310C804619438A4207D9012390
:205220005B429C460919E0448C4200D807E2881A4946FFF703FC09048C4631046646019A99
:20524000090C4243030031438A4204D90919013B8C4200D8EDE1881A424612041A4390464F
:205260004146009B0E041B0C1F000293009B360C1B04190C0B007343120C7E430391514336
:205280007A431F0CBC4676186644B14203D9802149028C466244310C8A1831041E04360C41
:2052A0008E19904202D312D1B54210D24346591E009B9C4665441F009D429B415B421B1913
:2052C000C018844200D2A0E100D19BE18846AE1BB542AD41801A6D42401B844200D1D5E123
:2052E0004946FFF7ABFB019A0B044243310C050019438A4200D96CE1881A4946FFF79EFB04
:20530000019A360442430904360C03000E43B24200D953E10398B61A02002D041D43029FF0
:205320002B041B0C5A437B439C46290C4843130C844463447943984203D98020400284466E
:205340006144180C12041B04120C41189B188E4200D2FFE000D1FAE001231D43494A5A4444
:20536000002A00DCAAE06B0700D03DE1ED084346DB0106D54246444B1A4090468022D2004D
:205380005A44424B9A4200DD1FE743465B071D43434652055C02240B530D08E7524622431F
:2053A00000D17BE0002C00D1FAE0200001F0C8F802000B3A1D2301009B1A52460839DA40E9
:2053C0008C40144352468A40314B58449B4683440020D5E64B462343984644D0002C00D1C7
:2053E000CEE0200001F0ACF8010002000B391D235B1A49461000D940083884400B004D46F4
:205400002343984685402348831A9B460023994600939AE64B46234398461DD108239946B8
:20542000063B0025834600938FE65246224309D1022349461943184B89469C4600240220F4
:20544000E3449DE603234A461A43134B91469C4652460320E34493E60C239946093BA046E5
:205460008346009371E60423994600239B4601330025009369E6C046FF07000001FCFFFF2D
:205480003CCE0008FF030000FFFFFFFEFE070000F30300000DFCFFFF01F8FFFF4946012351
:2054A00019438946002401206AE6002380249A4600258A4B24037AE601256D4201239B1A56
:2054C000382B00DD70E61F2B00DCBFE01F2149428A1A4146D1400A00202B04D04146804BEF
:2054E0005B4499400D436B1E9D4107232A431D0000241540134200D1D4E00F2100231140D2
:20550000042900D1CBE0111D9142924152429B180A00190200D4C2E001230024002546E693
:20552000802341461B03194208D01C4206D11C432403BA461500694B240B38E680244346F2
:2055400024031C432403B246644B240B2FE6002B00D103E7A619681EA64200D28DE08E4291
:2055600000D2A3E000D1B3E00500F5E6AA4200D939E64346DE0758086B081E43ED0739E6F9
:20558000484600F0DDFF01000200153120321C2900DC2CE74B46083883400025984632E732
:2055A00000F0CEFF03001A00153220301C2A00DC00E75446083B00229C4005E73619013B1F
:2055C000B44200D9A6E6B24200D8A3E6831E3619A0E60919013D8C4200D98DE68A4200D887
:2055E0008AE6851E091987E60F232B40042B00D1BCE605235B42AB429B4104355B42ED0871
:205600009844B4E6AF4200D960E6824204D800D05CE6AE4200D859E602235B429C46009B0C
:20562000E0449C4665449D429B415B421B19C0184DE68A4200D80EE6831E09190BE68A420C
:2056400000D8F4E5831E98460919F0E52549280059448D4042468A40691E8D414146D840DD
:20566000D94002432A430B00510700D151E70F211140042900D046E74BE705008E4200D071
:205680006AE6009A934200D066E667E6164A5A44002A00DC10E701230025984467E65D0711
:2056A0005B021C0BD2080023154380E50098023D42008242BF417F423C1936190092DDE714
:2056C0008024434624031C432403044B240B6EE5009A9A42EAD30500D3E7C046FF07000021
:2056E0003E0400001E040000FF030000F0B557464E464546DE46E0B598460C034B000600EC
:20570000924687B0240B5B0DCF0F002B00D15CE1D94A934200D175E1420FE400144380227F
:2057200012041443D54AC500944663440093002399469B46434642461E03D20F5B0050461D
:205740009046360B5B0D00D120E1CB4A934200D162E1CA49420F8C4600996344F6008C46BC
:20576000164380229C44120463461643C200002000930099434601318C4649467B400193BD
:205780000F2926D8BE4B890059588F46434601933400150083465B46022B16D0032B00D1D9
:2057A00003E2012B00D0CDE0002200240025019B12052243DB071A432800110007B0F0BCFD
:2057C000BB46B246A946A046F0BD00240025AA4AEDE7280C2D042D0C2B00110C1204120C23
:2057E0005343984613002F00434399464F434F44BB4647460B003F0CBA464343DA4402934C
:20580000D14504D980277F02B9464B44029353461B0C9B4653461F0443461B041B0C984640
:205820003B0043440493330C3604360C9846330043439946434643432F009A46434677437D
:205840005D43380C4D444519A94503D980235B029946CA443F04280C3F0C2D04ED19270C92
:205860002404240C0300200050437A4391463A0053440593030C9A464A43614349445144DB
:20588000AB44894503D980235B0299464A4400040B0C000C09040918200099464346704372
:2058A0005C437E435F43030C9846A41944444A440397A64204D980235B02984647440397C4
:2058C0002304029E9A46059B5E449846AE42AD4176188E4289410004000C504440446D4224
:2058E0004719B846934649428946C344D94498428041A845AD4193459241894589416D428B
:2059000040422843240C524249420A43039B00198018C7184B46DC0D049B75021D436A1E58
:2059200095414B46F60D7F0235435A023C431543FB0100D41CE101216A080D401543E207E2
:20594000154364084F496144002900DCB0E06B0709D00F222A40042A05D02A1DAA42AD41A7
:205960006D4264191500E30104D58021464AC90014406144454A914200DD26E76207ED088C
:20598000640249051543240B4A0D10E75246324300D17FE0002E00D1DCE0300000F0D0FD99
:2059A00002000B3A1D2301009B1A52460839DA408E40164352468A40009B3549181A0300E0
:2059C0008C46634400200093D3E6250005434AD0002C00D1B0E0200000F0B2FD010002000C
:2059E0000B391D2310005B1A3100350008388440D94085400C432648831A00930023994667
:205A00009B4697E60500254326D1082200930223002491469B468DE65246009B324310D10A
:205A2000154900268C4663444946009302231943894602209DE65B460197022B00D0ADE689
:205A4000C3E60D4A0320944663444A46009303231A43914652468CE60C220093032305002F
:205A600091469B4666E60423994600230093013300249B465EE6C046FF07000001FCFFFFE2
:205A80007CCE0008FF030000FFFFFFFEFE0700000DFCFFFF49460123194389460026012086
:205AA00067E6002380240025434A019324037EE60120401A382800DD76E61F285BDD1F222D
:205AC00023005242511ACB401900202803D03B4A6244944025436A1E95412A000A43072101
:205AE0000D000024154011425BD00F2100241140042953D0111D914292415242A4180A007F
:205B000023024BD501220024002550E680231B031C4209D01E4207D133431C03434615003B
:205B2000240B254A019342E68022120314432403214A240B01973AE600F002FD0100020092
:205B4000153120321C2900DC4BE7340008380025844050E700F0F4FC03001A001532203032
:205B60001C2A00DC1EE75646083B00229E4023E7009B9C46E6E61249220061442E008D40AF
:205B80008A40C640691E8D4132432A43C4405307B6D00F2111400429ACD1B1E76507640285
:205BA000240BD2081543002201E68022120314432403014A240BFAE5FF0700003E040000A5
:205BC0001E040000F8B557464E464546DE46E0B51E0017004A000B03520D5B0A9046420F09
:205BE0001A43CD0FCD4C3103C300944670007A0F490AFF009A46B946400DF60F1143A042D0
:205C000000D1B1E001225640B346B54200D188E04246121A002A00DCAEE0002800D1C1E05E
:205C2000BE48804500D151E1802000040143382A00DD7BE11F2A00DDEEE120203E00801A06
:205C40000C00D640D140874062468440521A781E8741944634432743DC1BA3429B416246F9
:205C60005B42D31A99464B461B0200D418E14B465802430A99464B46002B00D137E14846F6
:205C800000F05EFC010008392023220048465B1ADA4088408C4043461043884500DD36E1C5
:205CA000C91A4B1C1F2B00DDEAE020222600D21A01009440DE40D84000239140621E944101
:205CC0008146984631430C43630709D00F232340042B05D0231DA342A4416442A1441C00CF
:205CE0004B461B0200D4DEE041468C4B0131994200D1E7E04B468A48E40803401800490569
:205D00005B07400223434A0D040B1205ED0722432A4318001100F0BCBB46B246A946A04693
:205D2000F8BD4246121A002A52DD002800D19CE0A04500D1CAE0802000040143382A00DDA5
:205D400049E11F2A00DC97E110000E002038C640202A04D04020821A91400F43B9464C4632
:205D6000621E944134433AE10A003A4328D0B346B5422BD06B4A4244002A5DD0424644462E
:205D8000821A002C00D0F5E065461D4300D19CE1551E012A00D1FBE1604CA24200D1BDE1F3
:205DA0002A00F0E00800384300D1C3E0501E012A00D1A8E1594CA24200D187E0020036E71F
:205DC00001225640B346B54200D021E7554A4244002A00D1B5E042464446821A002C00D1E2
:205DE00038E14E4EB04200D1DEE18026644636043443A446382A00DD96E11F2A00DD24E29F
:205E00002026B41AA24664465646B440A1461C004E46D440264334005646B3405E1EB34105
:205E20001C436346D340C918E419BC42BF417F42B94680468944D8E040463B4C01302042C0
:205E400000D0B4E04046002800D044E16046184300D190E10800384300D0AAE16146DB0890
:205E600049070B436146CC0827E00800384361D0501E012A00D139E1A24227D002005DE7A9
:205E800002001F39CA401100202B03D04022D31A98400443631E9C410023994698460C4374
:205EA000630700D012E74B464A46E4085B072343D408424619498A420ED024035205240BBD
:205EC000520D22E70A00002400231EE7DB086246520713436246D4081A00224300D1FCE119
:205EE00080221203144324030C4A240B0DE7200000F026FB010018311F2900DCC4E608386B
:205F00008440434620000024884500DCC8E6044A5B1A104098468146D6E6C046FF07000019
:205F2000FFFF7FFF01F8FFFFFE0700000F437A1E974191E66146DB0849070B436146CC080D
:205F4000B8E74046D34C0130204200D0A2E04046002800D001E16046184300D15EE108009F
:205F6000384300D05FE16146DB0849070B436146CC08A2E7C84DA84200D1CFE0802564469C
:205F80002D042C43A446382A56DC1F2A00DDD1E020251E00AD1A6446AB40AC40D6405D1ED0
:205FA000AB41344323436446D440091B49E06046DC1B461AA34280414042814630004E465D
:205FC000801B8146000276D44B46234300D052E60024002571E739430C00621E9441E4189A
:205FE0009C429B415B42634499464B461B0200D456E701239C46A84BE044984538D04B4672
:20600000A648012203401800630814401C43C3071C434308994657E610000E002038C640EA
:20602000202A04D04020821A91400F43B9464F467A1E974137430FE662461A4313005A1E20
:206040009341FC1AA742BF417F42CB1B99465D46804608E666461E4300D1BEE0561E012A75
:2060600000D109E18C4CA24200D119E13200C1E642460024002348E620200C00801A3E00E4
:2060800087408440D640781E8741D14034433C438C44A4E7804A904200D1E9E0DF199F4290
:2060A0009B4161445B42C918CC077F084B08994680463C43F4E6FC1AA742BF4163467F42CD
:2060C000C91ACB1B99465D46D5E5FF084B075D463B43CC08EEE662461A4300D082E00B0057
:2060E0003B431BD1802400252403F9E6DC199C429B41614489465B4299444B461B0244D404
:2061000001239846CCE6DC1B6246A3429B41511A5B42CB1A994601239846A4E5FF084B07BB
:206120005D463B43CC08D7E662461A431400631E9C4179E615006446203DEC40A046202A5F
:2061400005D040256446AA1A944023439A465446631E9C414346234373E762461A4323D044
:206160000A003A4300D0A0E06246DB08520713436246D408B0E60B003B4300D128E7FF0884
:206180004B075D463B43CC0897E60223984636E7FC1AA742BF4163467F42C91ACB1B99460A
:2061A00001235D4698465EE54B07FF083B43CC0892E6DC1B6046A342B641401A7642801BAE
:2061C0008146000260D5FC1AA742BF4163467F42C91ACB1B99465D4676E5FF084B073B43DB
:2061E000CC0867E60A00DB083A4300D16FE66246520713436246D40880221203144207D02F
:20620000C808104204D15D460400FB0849070B435A0FDB00DB08520713435DE64B07FF08CD
:206220003B43CC0849E6DC199C429B41614489465B4299444B461B0200D431E64A46174BB5
:206240001A400123914698462AE616006446203EF440A046202A05D040266446B21A9440F4
:2062600023439A465446631E9C4143461C43DBE502000024002348E5DC19BC42BF4161442A
:2062800089467F42B94438E74B46234300D19FE606E6C046FE070000FF070000FFFF7FFF8C
:2062A000FF084B073B43CC0816E66246DB08520713436246D40880221203144207D0C808C5
:2062C000104204D15D460400FB0849070B435A0FDB005207DB081343FEE50023014A1C000C
:2062E00013E5C046FF0700000A0030B5134C530009030500090B00205B0DD20FA34204DDA5
:206300000F48834202DD0F4BD01830BD8020400301430D48C01A1F2808DD0C48C31AD94087
:206320000B005842002AF0D11800EEE7084CC540A446634499400B002B43F2E7FE030000CA
:206340001D040000FFFFFF7F3304000013040000EDFBFFFF70B5002816D0C317C5185D40E5
:20636000C40F280000F0ECF8114A121A0A2816DC03002E0015339E400B23181AC540520590
:206380002D032D0B530D03E000240023002500261B052B43E40723433000190070BD0B3828
:2063A000854052052D0300262D0B530DF0E7C0461E04000002004B00F0B55B0D0C033D4EE0
:2063C000640A400F5F1CC90F0443D50037420AD039481E18FE2E16DDFF200024C0052043FD
:2063E000C9070843F0BD002B06D12C4326D005229201540AD8B2F1E72543EDD08020C0036C
:206400000443FF20EAE7002E1BDD9201531E9A41E4006D0F22432A43530748D00F23134017
:20642000042B00D004328023DB0413403FD0701CFE2ED1D09201540AC0B2CFE7002000248D
:20644000CCE73200173222DB8020000420431E24A41B1F2C1DDD02225242961B0200F24027
:206460001600202C04D0154A94466344984005432A00531E9A41324300265307CED1802438
:206480001300E404012023402242D3D1B0E70023ADE70B4A94462A00E24014002A006344C7
:2064A0009A409840551EAA4102432243E4E733009EE7C046FE07000080FCFFFFA2FCFFFF7E
:2064C00082FCFFFF8446100062468C461900634600E0C0461FB500F0F9F8002801D4002171
:2064E000C8421FBD10B500F049F84042013010BD10B500F0EBF8002801DB002010BD012096
:2065000010BDC04610B500F0E1F8002801DD002010BD012010BDC04610B500F071F80028ED
:2065200001DC002010BD012010BDC04610B500F067F8002801DA002010BD012010BDC046A5
:206540001C2101231B04984201D3000C10391B0A984201D3000A08391B09984201D30009BF
:20656000043902A2105C40187047C04604030202010101010000000000000000F0B54E4671
:206580004546DE4657469046E0B517001A03120B0500844619480E034C0091465A00DB0F4B
:2065A0009B46360B640DC90F520D844219D0824210D0012094420ED14E450CD10120C4454E
:2065C00009D1594517D0002C05D130002843431E984100E00120F0BCBB46B246A946A0460A
:2065E000F0BD330001202B43F5D1A242F3D14B463B43F0D1E2E70020EDE7C046FF07000025
:20660000F0B54746CE460400180016001B031B0B2D4D4A00994680B543000F03A446B046B1
:206620003F0B520DC90F5B0DC00FAA4221D0AB4213D0002A22D13C43002B02D14D462E4357
:2066400022D0002C10D0814222D00220013908400138C0BCB946B046F0BD4D462E4329D18E
:20666000002AF0D13C43EED10028F2D101204042EFE73D0025431DD19342EED0002BE2D189
:206680004C462643DFD1E0E70020002CE1D0DCE79A420ADCE8DB4F45D7D80ED000204F456E
:2066A000D7D20029E2D00800D3E74342584140000138CEE702204042CBE7C445C5D800202C
:2066C000C445C6D2EDE7C046FF070000F0B54746CE460400180016001B031B0B2C4D4A00BA
:2066E000994680B543000F03A446B0463F0B520DC90F5B0DC00FAA420DD0AB4210D0002AD9
:2067000027D13C43002B11D14D462E430ED10020002C15D00EE03D00254310D1934218D1AF
:206720004D462E430BD1002A02D13C43002C0BD0814214D0022001390840013800E0022070
:20674000C0BCB946B046F0BD0028F9D101204042F6E7002BECD14C462643E9D1EAE79A425F
:2067600004DD4342584140000138E9E79A42EBDB4F45DFD806D000204F45E1D20029E5D0C9
:206780000800DDE7C445D5D80020C445D8D2F5E7FF07000030B585B002912249031C0392F6
:2067A0000A681BB201909B1A00140A2B21DD1E4B1E4A556B1C681E4BA54204D9546B013CCF
:2067C0005463002201E01A6801321A60194B1B68012B0CD04B68C01A0A2817DD134B164A70
:2067E000996B1268914202D29A6B01329A6305B030BD0A3308DA0D4B104A5C6B12689442B5
:020000040800F2
:20680000E4D25A6B01325A63094BDAE70A30EEDA064B0B4A996B12689142E8D99A6B013AFE
:20682000E4E7C046B8030020B003002000040040D0030020B4030020000200200402002083
:20684000AC030020074B08495A6B28320A60596B064A1E2903D95B6B283B13607047002390
:20686000FBE7C0460004004004020020B003002010B5FFF76FFD084B084AFEF737FFFEF707
:20688000EFF80023B32801D90300B33B044A5363FFF7D8FF10BDC04683C0D23F8D976E12AC
:2068A00000040040054B006810B5C21896239B009A4202D800B2FFF7DBFF10BDA0F6FFFF50
:2068C000074B08499A6B64320A60996B064A642903D99B6B643B136070470023FBE7C04679
:2068E0000004004000020020AC03002010B5FFF731FD0022094BFEF703FC0022084BFEF7A6
:20690000F5FEFEF7ADF8074A0023904201D8064B1B1A064A9363FFF7D3FF10BD00005940D1
:20692000008058405504000056040000000400404068044B10B5984202DC00B2FFF7D6FF57
:2069400010BDC046DC050000002210B5012802D0002805D1012290202021C00502F04AF995
:2069600010BD9020202110B5C00502F03DF90023012805D090202021C00502F035F901238C
:20698000180010BD1FB515200CB205F085FF0123844200DC0023D8B204B010BD1FB503B255
:2069A00001AC012002910392002B0CD0074AE3889B18074A9BB2934205D80823E05E9638E4
:2069C00043425841C0B204B010BDC046C0E2FFFFDF30000084B001901F20044B02911B6888
:2069E000039298428041404204B07047D0030020044A012384B00014904200DC0023D8B272
:206A000004B07047DB0500000020054B090CC918044B89B28B42404184B0C0B204B07047DC
:206A2000C0E2FFFFDF30000070B511282ED82A4B1C5C2A4B1D5C032C45D003D8002C03D04A
:206A4000012C2DD0022070BD0124AC40244B24B21B5C012B1BD1952005F026FF03881C4022
:206A6000048090200821C00502F0BEF8012805D1902000220821C00502F0BCF8FFF771FF81
:206A80000028DFD00020FFF75FFFDBE70025A12005F00AFF0123AB40028813400380E0E7CF
:206AA000952005F001FFAC4003881C430480FFF758FF012805D0902000222021C00502F0BD
:206AC00099F8C046BEE7A12005F0EEFE0122AA40038813430380B5E7BCCE0008CECE000895
:206AE000E0CE00087047000013B5040001F0C0FE002811D18022E4021205A4180122074BD4
:206B00000190186001A918005C609A6001F05EFF002801D101F0C0FE16BDC046D40300202D
:206B200003000C4830B50C4C0D180120A5420FD8C2400024501E5B1A5200944206D00D6831
:206B40000234A4B25D500431A042F6DCC046002030BDC04600087FFFFF078007F8B5070033
:206B60000E00140001F084FE002807D10500A408AB00F118AC4202DC01F08EFEF8BDFA58CB
:206B80000220002301F0BCFE0028F7D10135EFE7920892005218401A914201D1002070479D
:206BA0000B6843500431F7E7F0B580270E4C0F4EA5440C00BF003A00310005006846FFF7F1
:206BC000E7FF0B4B1F20E4186B46A408A400E550FFF78AFF3A0031006846FFF7BFFF00209C
:206BE000044B9D44F0BDC046FCF7FFFF00F800080008FFF70408000030B585B00C2200214E
:206C000001A806F0E6F808222E4C2F4B626180225202A261C222002523600123FF32E261F9
:206C20002000621D6560A560E56023612562D377A56201F033F9A84201D000F053FF80238D
:206C40005B0102930623200001A90195039301F063FA002801D000F045FF0123200001A9BB
:206C6000019301F059FA002801D000F03BFF0223200001A9019301F04FFA002801D000F073
:206C800031FF0823200001A9019301F045FA002801D000F027FF0923200001A9019301F081
:206CA0003BFA002801D000F01DFF1023200001A9019301F031FA002801D000F013FF05B03D
:206CC00030BDC046E00300200024014070B5050088B01422002103A806F07BF8264B2A6889
:206CE0009A4246D18020254B800099690324014399619A690026024080200092009A5969B1
:206D000080020143596180215A69C90202400192019A5A6990200A435A615B69C0050B4005
:206D20000293029B072303A90393049401F098FE134803A903940494059601F091FE114CE8
:206D4000114B200023608023E360DB1823618023DB0063612023A36180235B016660A66083
:206D6000E36101F0ADFCB04201D000F0BBFE2C63656208B070BDC0460024014000100240D1
:206D80000004004820040020080002400B480C4B802210B5036010239202436002610023B5
:206DA000C0228361920383838360C360426101F091FA002801D000F095FE10BD640400207C
:206DC0000064004010B5040088B01422002103A805F0FFFF164B22689A4227D18020154B5A
:206DE0008004D9690143D9618021DA69C90202400192019A5A6910480A435A615B690B40FE
:206E00000293029BC0239B000393022304930133069303A90133079301F022FE00221E20B8
:206E2000110001F0EFFB1E2001F016FC08B010BD00640040001002400004004807B5012081
:206E4000084A516901435161536902210340002201930830019B01F0D5FB092001F0FCFBB2
:206E600007BDC04600100240F0B589B01422002103A805F0AEFF8020374B000359699426D3
:206E8000014359615A699027024080200092009A596980020143596180215A69C9020240B9
:206EA0000192019A5A69FF050A435A615B6976000B403800310002930022029B01F09AFE0A
:206EC000F821264D00222800C90101F093FE80239B010393882300245B0303A920480493E3
:206EE000059401F0BDFD0396283EFF3E380003A904960594069401F0B3FD1023380003A9A9
:206F000003930494059401F0ABFD0C23280003A903930494059401F0A3FDF8222800D201A1
:206F200003A9039204960594069401F099FD80231B020393882328005B0303A90493059459
:206F400001F08EFD22003100072001F05BFB072001F082FB09B0F0BD00100240000400485B
:206F60000008004830B53024102599B0220000210CA805F02EFF2A000021684605F029FFDB
:206F80001C22002104A805F024FF0B940BA82F3C13941094119502F0F3FC002801D072B61E
:206FA000FEE70723029000930390043B21006846019302F077FF002801D072B6FEE7802357
:206FC0000A909B0204A8049302F0F8FF002801D072B6FEE719B030BDF7B5002501243F4B12
:206FE00018685968001969417F25186059601A685B68154270D1222005F04EFC9623384E1B
:20700000384C328852099B1A584380122081212005F042FC7288344B5343344A1B129B1873
:20702000434323209B12E38005F036FCFA23B2885B0053431B1258438012A0801F2005F05A
:207040002BFCF2882A4B5343DB12584380122080202005F021FC3289264B53439B1358436D
:20706000254B8012608070891E68244B00229B5EC01AFDF7F7FF311CFDF7AEFE2049FDF717
:207080000DFDFDF7CFFF60813D2005F005FC0600012813D11B4F3E207B6901930223E25E38
:2070A000D3171D40AD1805F0F7FBED114543019B30005D1B3D6005F0F7FB05806088228878
:2070C000E188A38800041043090462891943238912041A43FFF75EFBF7BDC04650070020D2
:2070E0008C040020AC040020330300003F1D000017070000AB26000098040020A804002007
:207100000000F041B80300207047000007231A4A10B51068516803422CD110685168174B53
:207120001C68844202D15C688C4223D01068516818605960124A134B1189188809184908E5
:20714000198091885888091849085980118898880918490899805188D88809184908D9800A
:20716000D188188909184908198152895989521852085A8110BDC04650070020200700201C
:207180009C0400208C0400200321034A13688B43034313607047C0460000014070B50124C4
:2071A0000C4D20000023EE5E05F086FB864209DA200005F095FB28800134A4B20235B42CD7
:2071C000EFD170BD20000023EE5E05F07FFB8642EEDCF1E7580A002070B51A4C236801338E
:2071E0000FD121001848FFF7DFFC18491648FFF7DBFC17491448FFF7D7FC16491248FFF79D
:20720000D3FC154A21681548FFF78AFC051E16D1FFF7C4FF012005F03FFB114C20600220CC
:2072200005F03AFB6060042005F036FBA060052005F032FBE060062005F02EFB20612800A6
:2072400070BDC04600F800084CF8000804F8000808F800080CF800082E040000580A0020E3
:20726000B803002010B50C4C102221000020FFF78FFC00280FD11F30FFF736FC00280AD1A0
:2072800010222100FFF76AFC002804D1034A21680348FFF763FC10BD00F8000817020000E6
:2072A000580A0020704700001A4B026810B59A4223D180211848890101F096FC174C237825
:2072C00083421AD080211448890101F08DFC144B002813D11A6801321A60312A0DD9114AC8
:2072E0001178012909D01860012313700E4B0F4A19782070117003221A7010BD00220020D1
:2073000000211A60074B1A70094B1860596001232370F2E7002000400008004810070020FA
:207320000C0700200807002034070020400700200007002070B50E4D04002B88834214D022
:20734000802101220B48C90101F054FC802101220848490101F04EFC8021012205488901D7
:2073600001F048FC2C80200070BD0024FBE7C0462807002000040048F0B5E44BE449E54A08
:207380008FB01868C85004339342FAD10123E24A0320D1680B43D360FFF7F6FEDF4B1B786B
:2073A000012B00D1C04600F0F5FCFFF7DBFDFFF75BFDFFF743FDFFF71FFC05F09BFA00F00C
:2073C00051FC00F0DFFBFFF7E1FCD54C8025200000F028FF06222000D24900F007FE0C2240
:2073E00000210BA805F0F5FC902001246D0109A9C00509950A9401F033FB902029000022C3
:20740000C00501F0F7FB8021902000220901C00501F0F0FB05F066F8C34DC44E28003100D8
:2074200004F064FEC24B2800C24AC3490093C34B04F08EFEC24BC34A3000C34904F068FDD9
:207440002800210004F058FF2800022104F05AFF0A21280004F05CFF03F0C6FF03F0A2FF12
:20746000BA4D200005F03CFA0134B94BA4B2288002359C42F5D1FFF7AFFE162005F00CFAD4
:20748000B44F002800D0CEE13800FFF751FA3800FFF708FA00240022AF497D2005F0CEF902
:2074A000AE4AAF4BAF4DD36204219462280003F071F92100280003F06DF9AB4BAB4AAC4888
:2074C000DA6207229A6202F0DDFEAA4B00229B5EA94A1380A94A0020105EA94A1080C01A0A
:2074E000FEF738FF02000B000020A649FDF708FEFEF760FFA44B186000F068FCA34B1B68CA
:2075000018180293A24B18602000FFF713FF8020C001FFF70FFF9F4D220029889E4801F01E
:2075200069FBFA20400000F057FC80208001FFF701FF22002988984801F05CFBFA204000DE
:2075400000F04AFC80204001FFF7F4FE22002988914801F04FFBFA20400000F03DFC3B681F
:207560008E4C2A887B6123608D4B01201A60874B1B680293029A8B4B1A608B4B1A788B4B99
:207580001A7005F089F9802120608901884801F02BFB884B18703E2005F086F904003E20C9
:2075A00005F09EF98023844E2080784A9B00708813603388F18800041843B388728909048C
:2075C0001943338912041A43FFF7E8F9012800D034E170883388F18800041843B38872897A
:2075E00009041943338912041A43FFF70DFA012802D00820FFF718FA0020FFF715FA9020F6
:2076000000220821C00501F0F5FA0023029303936A4805F049F90022B35E0380684805F0E8
:2076200043F90222B35E0380664805F03DF90622B35E03808320800005F036F90822B35E3F
:207640000380614805F030F90422B35E03805F4805F02AF90A22B35E0380162005F01CF967
:2076600000280CD13D4D04306C6BBC6005F01CF90480AC6B0520FC6005F016F90480544B07
:20768000029A18685968904202D1039A914206D01A685B6824480292039304F069FD00F0FD
:2076A00095FB3B4C2368984214D900F08FFB374B1B6818180493206000F088FB23689842C3
:2076C00003D9324B1B6804932360324B3248198801F096FA70883388F18800041843B388D5
:2076E000728909041943338912041A43FFF74AF9012800D0A4E00130FFF796F9354D344C89
:20770000286869682268636866E0C0460048000800B8FF17C048000800100240FCF70008EC
:20772000E00300209C040020B8040020E00600202BC5000815C50008FDC400081FC5000815
:20774000D9C40008CDC400088DC30008580A002017020000B80300200C04000000040040C9
:20776000BF030000A0070020002000405FEA000058070020B8F7FF1FA8040020C2F7FF1FE8
:20778000AA0400200000544098040020300700202C0700202807002000040048080200205C
:2077A000380700203C07002034070020400700200008004810070020AC04002009020000E3
:2077C0000A0200000B0200000D0200000F0200005007002048070020904201D1994262D0D9
:2077E00022686368D2045ED12268636839202A606B6005F051F8012800D009E7AB4C608826
:207800002388E18800041843A388628909041943238912041A43FFF7F7F8012812D008203F
:20782000FFF702F9F4E6162005F036F8012800D030E6FFF707F8FFF743F82BE60120DCE6FB
:20784000032059E70920FFF7EFF80623E05EFEF781FD974A974BFDF749FF0022964BFEF7EE
:20786000B1F9FEF741FD04B23A2005F015F8002807D03A2005F010F8904B60431A6810189B
:207880001860342005F008F8A04201DD0B20C7E70A20FFF7C9F83B2004F0FEFFA04202DAA3
:2078A0000A20FFF7C1F8814C60882388E18800041843A388628909041943238912041A4329
:2078C000FFF788F8012824D10B30FFF7ADF860882388E18800041843A38862890904194364
:2078E000238912041A43FFF783F8012805D18022734B0D301A60FFF797F80F20FFF794F8AC
:2079000070490878032800D982E6FCF7FDFF0407236E0D20D9E701230B7079E601203C6887
:2079200004F0C2FF048002207C6804F0BDFF048080204001FFF7FEFC482004F0ADFF604B50
:207940001860FFF70EF8002800D161E60020FEF7FBFF5DE61B2004F09FFF01203C6804F09B
:20796000A3FF048002207C6804F09EFF0480FEF7F8FF002802D00020FEF7E6FF012004F0D1
:2079800093FFE1250022835E4D4CED00AB4210DBC0208001FFF7CEFC00232360434B002277
:2079A0009B5EAB4219DB1120FFF73EF8FFF79AF82EE6012004F078FFC8250022835EED008B
:2079C000C020AB420BDC8001FFF7B4FC00232360364B00229B5EAB42E5DD102020E7C001E3
:2079E000FFF7A8FC80232360F7E73748026843681A4318D1354B1B78002B14D1344B00224B
:207A00001B780B70002333490A604B6002604360314B01201C683C6004F046FF04803800ED
:207A2000FEF740FFF4E52D4A2D4B1468556818685968844201D18D421CD0186859681468C0
:207A400055680490059120498C46086849680690079104980599001BA941069C079D241AF2
:207A60008D41200029006446206061601868596810605160012004F00FFF104C2569A842AB
:207A800000D1C5E52268144B01201A6080230C4A2560136004F008FF05802000FEF702FF60
:207AA00080208001FFF746FC4BE7C046AC040020B37BF2B0506B9A3F00207040B803002056
:207AC0003007002034070020000700200807002040070020F80600200802002018070020B0
:207AE0005007002072B6FEE701200A4B82B099690143996180219A69490502400092009ABA
:207B0000DA690A43DA61DB690B400193019B02B07047C04600100240FEE7FEE770477047E2
:207B200010B5FFF759FA00F045F910BD802010B5800101F06DF88020000201F069F810BD3F
:207B400010B5024800F02CFE10BDC0462004002010B5024802F0CAFB10BDC04658070020CD
:207B600010B5024800F04CFC10BDC0466404002010B5024801F0EAF810BDC0465413002027
:207B80007047000009480A4BFA2210B503600023920043608360C2600361836102F09AFC17
:207BA000002801D0FFF79EFF10BDC0465807002000200040074B026882B09A4208D10220C2
:207BC000054AD1690143D161D36903400193019B02B07047000400400010024007B50B4BE6
:207BE00002689A4211D18020094A4000D1690143D161D369012103400193ED380022019B62
:207C000000F000FD132000F027FD07BD002000400010024010B5040086B01422002101A8BB
:207C200005F0D7F80D4B22689A4214D180200C4A8002516901435161536901A90340009379
:207C4000009BC02390200193BE3B0293C005013B059300F005FF06B010BDC046000400407A
:207C60000010024030B500258BB00822002101A805F0AFF81C22002103A805F0AAF81B4CD5
:207C80001B4B200023601B4B6560A560E3602561A56102F047FCA84201D0FFF723FF2000B4
:207CA00001A90195029502F079FD002801D0FFF719FF00226023200003A90393049205924A
:207CC000079202F097FC002801D0FFF70BFF0422200003A902F08EFC002801D0FFF702FF2F
:207CE0002000FFF797FF0BB030BDC046A007002000040040BF0300000D4885460D480E4991
:207D00000E4A002302E0D458C4500433C4188C42F9D30B4A0B4C002301E013600432A242DC
:207D2000FBD3FFF72DFF05F027F8FFF725FBFEE700400020000200208C030020B8DC000877
:207D40009003002068180020FEE7000070B50500FA200D4B80001978FCF7EAFD0B4B01000D
:207D60001868FCF7E5FD00F091FC04000120002C09D1032D07D802382200290000F042FC44
:207D80002000034B1D6070BD100200200C020020140200201023064A10B5116800200B4306
:207DA0001360FFF7D3FFFFF79FFE002010BDC04600200240034A044B11681B785B18136012
:207DC0007047C046E807002010020020014B18687047C046E807002070B50400FFF7F6FFF9
:207DE0000500631C02D0044B1B78E418FFF7EEFF401BA042FAD370BD10020020002373B5B8
:207E000003210193036804009A680A40012A07D11968114201D0002076BDDA681204FAD4CE
:207E200099681B4A114208D010230120A26B1343A363E36B0343E363EEE7012299680A43D4
:207E40009A60144B14491868FCF772FD0190019B002B19D1FFF7BAFF0125060023681B685F
:207E60002B42D8D1FFF7B2FF801B0228F6D923681B682B42F2D11023A26B01201343A363B6
:207E8000E36B1D43E563C7E7019B013B0193DEE7170000800C02002040420F00F8B5040006
:207EA0000120002C00D180E0A36B002B06D122003432E36320001370FEF708FFA36BDB06D8
:207EC00000D587E023680422996808001040114200D07FE0A26B4249114002220A4303215C
:207EE000A2639A680A40012A05D1196811420ED1DA6812040BD41821DA688A43A1680A43A8
:207F0000DA60196962688900890811431961DA6834490A40DA60A26A267E571E7A1E97411B
:207F2000617EE268C903B6030E43A57E1643226969033F030E43022A00D10420621DD27F4B
:207F4000E17E520032433A430243012904D1002D2CD1802149020A43C220E169FF308142B9
:207F600002D0206A01430A438020D96840051143D960E16A814202D0481E062807D80725E2
:207F800058692940A8435861586901435961DB6815490B40934211D100200322E063A36B1B
:207FA00093431A0001231343A363F8BD2020A56B2843A063E06B0143E163CDE71222A36B15
:207FC000012093431A0010231343A363E36B0343E363EAE71023A26B01201343A363E4E7CE
:207FE000FDFEFFFF1902FEFFE7FF3F83F7B5036804009B680E00022001925B0730D427005A
:2080000034373B78012B2BD001233B70637E012B27D1A36B164A00251A4080235B00134306
:20802000A363E5633D70206B124B21688362124BC362124B03631C230B604A680C3B1343B1
:208040004B600123CA681343CB603200019B403100F068FB04232800226891680B439360F9
:20806000FEBD2000FFF7CAFE0028D2D0F8E7C046FEF0FFFF81800008F3800008FF800008C1
:208080005022436A10B5996B11422AD1996BB132FF320A43C0219A631A680901D068084259
:2080A00012D1997E00290FD1116809070CD5916849070DD40C205168814351609A6B0B4976
:2080C000114001220A439A631800FFF71FF810BD2022996B0A439A630122D96B0A43DA636F
:2080E000F2E71B6B1B6B9847F1E7C046FEFEFFFF704710B5406AFFF7FBFF10BD70474023E7
:20810000406A10B5826B134383630423C26B1343C363FFF7F3FF10BDF7B5002204000192DD
:20812000343422780300C56A0220012A2BD0013820701A689668760761D40B68324F9840FC
:208140001E0084464868103EB84240D06046976A384390628020400585420FD0013D062D1F
:208160000CD90720556989680540A94206D05569014085435561556929435161022E03D9D9
:20818000002000232370FEBD20480168102B1BD01A00113A55426A411D4D52422A408025A3
:2081A0006D0452190A430260102BE9D1194B1A491868FCF7BDFB0A2343430193019B002B3F
:2081C000DED0019B013BF8E780221204EAE76046916A81439162022ED2D80C4A1168102B75
:2081E0000BD0113B58424341C0205B42000403400A481B180B401360C2E7094BFAE7202213
:20820000996B0A439A63BCE70110000008270140000040FF0C02002040420F00FFFFFFFEF3
:20822000FFFF7FFFF8B506003436337804000220012B46D001230321337023689A680A40D0
:20824000012A05D1196811423CD1DA68120439D4A26B1F49114002220A430321A263DD6832
:20826000DA688A43DA608022996812060A439A60FFF7ACFD070023689A68002A0EDB032248
:20828000D96815400D43DD60A36B002093431A0001231343A3630023337012E0FFF796FDDC
:2082A000C01B0228E7D923689B68002BE3DA1222A36B012093431A0010231343A36300237E
:2082C0003370F8BD2023A26B01201343A363E2E7FDFEFFFFF8B504000120002C64D0251848
:2082E000EB7F002B02D12000FEF76CFD0127226813683B431360FFF769FD060023685A68CB
:208300003A4244D002271A68BA431A60FFF75EFD060023685A683A4247D1217E8022012908
:2083200049D119680A431A60617E4022012946D119680A431A60A17E2022012943D11968F1
:208340000A431A60E17E1022012940D1196891431960217F082201293DD119680A431A6072
:20836000617F042201293AD119680A431A60E168A26800200A4321690A4361690A43616803
:2083800001390A43DA6101236062EB770CE0FFF71DFD801B0A28B1D98023626A9B0213431E
:2083A000636205230120EB77F8BDFFF70FFD801B0A28AED9F0E7196891431960B4E7196881
:2083C00091431960B7E7196891431960BAE719680A431A60BDE7196891431960C0E7196861
:2083E00091431960C3E770477047704770477047704770477047704770477047704770473B
:20840000F0B5036885B05E695A689F680192DA68340002921A69050003929A690092012215
:208420001440164222D03C001440174206D09A60BB0700D4AAE0FFF7D6FF002480235B00D8
:208440001F4207D02A689360BB0500D4AEE02800FFF7CAFF80235B021F4207D02A68936099
:20846000BA0300D4B1E02800FFF7BFFF330708D51023029A1A4204D08022920014432A68CB
:20848000D360730708D50823029A1A4204D02A682800D360FFF7AEFFB30706D52B68DB6860
:2084A0009B0702D02800FFF7A4FF730608D51023039A1A4204D08022D20014432A68136160
:2084C000B30608D50823039A1A4204D02A6828001361FFF791FFF30606D52B681B699B07CD
:2084E00002D02800FFF787FFB30308D51023019A1A4204D02A6828005360FFF77EFFF3039F
:2085000008D50823019A1A4204D02A6828005360FFF774FF33042FD5019B2A685B0729D5E9
:20852000F30504D501230099194200D01C43B30504D502230099194200D01C43730504D5F9
:2085400004230099194200D01C43330512D57021009B00980B4008420CD0402B49D040D8E1
:20856000202B48D0302B48D0102B41D0702193698B43936104235360002C05D06B6A2800B2
:208580001C436C62FFF73BFF05B0F0BD7B0707D408233C001C401F4205D1FFF727FF4DE775
:2085A000802424014AE78024640147E77B0503D580239B011C434DE73B0502D58023DB01CA
:2085C000F8E72800FFF713FF44E77A0303D580231B021C434AE73A03FBD42800FFF708FF8B
:2085E00044E7502B0BD0602BC0D180235B0000E008231C43BAE71023FBE72023F9E78023FA
:20860000F7E7000030B5FF2503242A000440E400A24089012940D243A140C3B200280ADBAD
:20862000C0240B4B80088000C018A40003591A401143015130BD0F200340083B05489B088E
:208640009B001B18D86902401143D961F2E7C04600E100E000ED00E0002805DB1F2318402C
:208660001E3B8340014A13607047C04600E100E0BFF34F8F034B044ADA60BFF34F8FC046A6
:20868000FDE7C04600ED00E00400FA058022431E5204012093420DD2C021074A07485360BE
:2086A000036A09061B021B0A0B43036200200723906013607047C04610E000E000ED00E042
:2086C00070B504000120002C24D00223A51CEB772068114B0268A1681A4063680B43E168D5
:2086E0000B4321690B4361690B43A1690B43E1690B4313430360094B1421C018FCF718F92E
:20870000074B80002064E36300200123A063E418EB77E07770BDC0460FC0FFFFF8FFFDBF0E
:2087200000000240F7B5451C0193EB7F04000220012B27D001232718EB77FB7F00269C465C
:208740006046DBB2012828D10130F8772068A6630568266C9D43B3400560E56B6B60019BA5
:2087600043606368102B0ED18260C160E36A0268002B0BD00E2313430360012302681343E3
:2087800003600020FEBD8160C260EFE70A2313430422036003689343EEE70220EE77F1E741
:2087A000F8B504273E00016CC26B8E40156803681C6835420DD03C420BD01968890602D43C
:2087C0001968B9431960C36A5660002B19D0984717E002273E008E40354213D03C4211D0E8
:2087E0001968890606D40A241968A14319600121C319D97756600022431CDA77836A9342EB
:020000040800F2
:20880000E5D1F8BD082637008F403D42F9D03442F7D00E251C68AC431C6001231C008C4006
:208820005460821C8363D3770022C318DA77036BE5E700000C4A1021D06830B503000B403C
:20884000084205D002230948C4692343C3610B000420D168014205D00121044C0343E56946
:208860002943E161D36030BD00200240F0070020064B00201A69120606D5054A5A60054A72
:208880005A6018690006C00F7047C0460020024023016745AB89EFCD8023034A002011695F
:2088A0000B4313617047C0460020024070B50400FFF78CFA01260500104BDA68324211D113
:2088C0002022D968114200D0DA60D968102208001040114202D1DB685B0708D5FFF7AAFFA6
:2088E000012004E0621CE8D0002C01D1032070BDFFF76CFA401BA042DED9F7E7002002405F
:20890000F0B585B003931C4B019102921A7E04000220012A2ED0012218481A76FFF7C6FFA5
:20892000002824D12600012C02D0022C00D004260024029803992201FCF786F80022012795
:208940000D4B0F4DDA612B69019A3B432B6163009B1880B218800948FFF7A8FF2B69BB438F
:208960002B61002803D1E419E3B29E42E1D80022014B1A7605B0F0BDF007002050C30000BA
:20898000002002400022064BDA61064B043219690A431A61402219690A431A617047C0468D
:2089A000F0070020002002400022064BDA61064B023219690A431A614022586119690A43D7
:2089C0001A617047F007002000200240F8B5214F04003B7E0E000220012B0CD001233B7605
:2089E00023681D48012B12D1FFF760FF002803D0012000233B76F8BDFFF7C4FF1648FFF771
:208A000055FF0421154A13698B431361F1E7FFF74DFF0028ECD101235B423360656801306F
:208A2000A3686268DB029B18AB42E2D92800FFF7BBFF0948FFF73AFF0221084A13698B4312
:208A40001361002801D03560D3E780231B01ED18E6E7C046F007002050C300000020024037
:208A60005A4AF0B58218541EA241002389B0043203910592039A12681400DC4001D109B02F
:208A8000F0BD01210D0014009D402C408C4602942A4200D198E00324039A5E005268019211
:208AA0002240B440E143541E049164452AD887680F400399CC680199B4403C4384604468DF
:208AC000AC4325000C0961460C409C402C434460C56804990D4003998C68B4402C43C4605D
:208AE000022A11D107250F211D40AD00A940DC08A4000419276A8F4303990969A9400F43C8
:208B0000276201E0032AE3D1B2400468049921400A430260C02201999202114254D0012651
:208B20002B4A032794691D003443946192699C0832400792079A274AA400A418A2683D406D
:208B400094460F22AD00AA40614691439022D2059446002260450DD01F4A944632006045D7
:208B600008D01E4E9218B04204D01D4E3A00B04200D0059AAA400A430299A2600D00194AF7
:208B8000CC43166801993543C90301D43500254015605668029D01993543890301D4350081
:208BA000254055609668029D01993543C90201D4350025409560D568029E01992E4389024A
:208BC00001D425402E00D660013353E700F0FFB700100240000001400004004800080048B4
:208BE000000C00480004014000690840431E9841C0B27047002A01D0816170478162FCE76E
:208C0000426913000B401B049143194381617047044B10B55A69104202D05861FEF774FA4C
:208C200010BDC04600040140F0B50400012587B0002832D0314D435DDAB2002B04D1AA2375
:208C40009B00C25403F06EFF03236355206801F0E3FD0023012719006068834220D30022C6
:208C600028261100904234D823006A46103343CB43C203CB03C2A268E3686168206801F064
:208C8000D5FD0023621DD377012262551D00E369934202D1200000F05DFE280007B0F0BD34
:208CA00029262822B4465A43A2189444664637702826B4469444664633702B26B44694440D
:208CC0006646D38601333170DBB29163D1631164C3E733005343E3181F006A37FF37397083
:208CE000013F3A70F97081336C3FF967FF33803701323960D2B21960B4E7C046A902000064
:208D000070B5AA25AD00435D04000220012B09D001236355206801F075FD206801F081FF27
:208D20000020605570BD70B5AA25AD00435D04000220012B08D001236355631DD977206892
:208D400001F068FF0020605570BD0000F0B5040085B0006801F06DFF030400D5DBE02068F7
:208D600001F067FF43050CD52368B4490633DA8F20000A40DA8703F019FF00212000FFF73C
:208D8000D2FF206801F055FF430405D52368AC490633DA8F0A40DA87206801F04AFF8304FE
:208DA00005D52368A7490633DA8F0A40DA87206801F03FFFC3041CD5042123680233DA8F54
:208DC0008A43DA87DA8F49188A43DA87B8239B00E25C012A04D100212000E15400F0CEFD88
:208DE000200003F007FF236897490633DA8F0A40DA87206801F01DFF030511D5082123686B
:208E00009A1CD08F06330143D187D98F8F480140D9870423D18F20000B43D38703F0D8FE70
:208E2000206801F006FF8025284221D0B82023688000991DCA8FAA43CA87225C002A01D00B
:208E400000F05DFC991CCD8F04322A43CA870822CD8F54332A43CA8701213C2221541B8861
:208E600020009B081340B9229200A35000F086FD206801F0DEFE830508D5236874490633CE
:208E8000DA8F20000A40DA8703F089FE206801F0D0FEC30505D523686E490633DA8F0A400D
:208EA000DA8705B0F0BD0F21D38F194001910F219AB20B4200D0DFE01023110019401A4221
:208EC00030D10388644A13408022120213430380030050331A88230028331B78DB00C31887
:208EE0009B185E4A20009B181B88E26B9B059B0D6364D318E36303F047FE631DDA7F002AD9
:208F000009D0206C002806D18022D97F114322684C321180D8772068821DD38F1BB2002B36
:208F2000C1DB1CE7028880211600090193B20E400A4222D0030050331988B4235B00E35CDE
:208F4000474ADB00C3185B189B182200AC211B8869329B059B0DFF328900D3616118D2886E
:208F600002F098F822683F49138820000B4080210B43138003F0F2FDCDE71BB2002BCADAA3
:208F80000388384A25001340802213430380030050331988B4235B00E35C314ADB00C31808
:208FA0005B189B181B8869359B059B0DFF35EB61002B0DD0696900290AD0EA8802F06AF8DF
:208FC0006B69EA6931009B1820006B6103F0CFFD21680B881B059ED40B00214A50331B8891
:208FE0008A18D2182B69002B09D113881E48034080201380138800020343138008E03E2B0E
:2090000010D8012558082B40C018800280B210800B88164A1A40C0239B015340144A134348
:209020000B8078E71F2558092B405D426B41C01A104B800203439BB2DFE7C046FFFBFFFFDD
:20904000FFBFFFFFFFDFFFFFFFEFFFFFFFF7FFFFFFFDFFFFFFFEFFFF0F8FFFFF0204000001
:20906000060400008F0F0000FF83FFFF8FBFFFFF808000000080FFFF019B9F00C21913884D
:2090800099B21BB20291002B00DBE3E01388C3490B4080210B4313802823019A5343E31871
:2090A0001A001D007532FF3212786935FF35002A1AD10200503211882A78D2005218B84934
:2090C0001218521812889205950D002A00D1A0E01A006F327D33FF331900FF322B00128802
:2090E000096801F0D7FF94E019006C31FF3109782A78022972D18026F601B4466546029E6B
:2091000081332E4003960600503600966646029DFF331968354230D0009D2E88D500861936
:209120007619A04D76193588AD05AD0D8D420DD900211960910041180B889B4E1E40802345
:209140009B017340994E33430B8002E0491B1960F0D0029B5B0607D59200821813889449DB
:209160000B4094490B431380002D52D02823019A5343E3181A007132ACE7009D2E88D500A8
:2091800086197619864D76193588AD05AD0D8D420DD903991960910041180B88824E1E40A1
:2091A00080239B017340814E33430B8002E0491B1960F0D0029B5B0607D4920082181388CE
:2091C0007B490B407B490B431380002D21D02823019A5343E3181A0073327BE792008218F9
:2091E000168873493140734E314311802A78910041180D88010050310988D2005218121844
:209200006D045ED56749521812889205950D002AB0D1282301995943621816008536FF3611
:209220003068083E4019B06030684019306010008130FF300068002803D0FC32D26F9542CD
:2092400047D2019A20005343E3186933FF33197803F08DFC8022029B134200D15BE62068A0
:209260005549C2191388554F0B403B439BB213802822019D554365192B002B331978AB18B2
:20928000022960D0002240212A649446029E029A0E4029350A4235D02978614520D1020015
:2092A000404D503211881A784019D20040181018028843490A40028002883A4392B202801A
:2092C0001BE03749521812889205950D002AA0D081E76931FF312068611801F0C3FCB9E7B9
:2092E00001290AD101002F4A5031801862460D8819784019C90009180A801978200003F097
:2093000043FC08E62A78002A10D10200244D503211881A784019D2004018101802882849AD
:209320000A400280028825490A43C7E7012AE4D102001B4D503211881A784019D2004018F4
:2093400012181680D9E780261B78029F029903937600DB00009337402B6C314232D1060014
:2093600050360099368876180E49361876183688B605B60D9E4202D303992F64BEE79B1BD4
:2093800001992B64EB6B01319B195143EB636B6C61189E196E6401F065FCBCE58F0F00001C
:2093A00006040000020400008FBFFFFF808000008F8FFFFFC08000000F8FFFFF0080FFFFDB
:2093C000FF83FFFF40270600029A02993A405036394200D1CEE0CC49328847180099BA18D6
:2093E000525A9205920D944600229C4501D262469A1A282380260199F6014B43E3181A64F6
:20940000029B33401E00002A4AD12B0029331B78002B31D10200BD4950328C461388FF1884
:20942000009BFF183B880B403B803B88B8490B439BB23B801388B74A80186246C018009B48
:20944000C01803881340038003880B439BB203802000039903F098FB002E00D1CAE02B0014
:2094600028331A78236892009A181388AA490B40AA490B431380BDE0012BE9D14F339C469C
:20948000844463461B880099FB185B181A806346A0491B884018C018009BC0180280D7E7E7
:2094A000002B08D0039B990041180A889A4B13409A4A13430B802823019A5343E3181E00F5
:2094C0004C363278012A00D094E0DA6B996C62440292DA635A6C62445A649A6B914221D33A
:2094E000891A99642B002933197893B2002937D10100503109887F1800997F18002A1BD14E
:209500003A8882490A403A803A8881490A4392B23A802821019A514361180A8E029901F0CE
:209520008CFB67E0002902D162463170DAE7002232709A640A00D5E73E2A07D80126510808
:2095400032408918890289B23980E2E71F265109324056427241891A6D4A89021143F2E742
:209560000129D6D1020050321288BF18009ABF183B80CEE7674936888C46009984446644F9
:20958000775ABF05BF0D9F4200D8DA1B282380260199F6014B43E3181A64029B33401E0005
:2095A000002A40D12B0029331B78002B2CD102005549503213884018C018009B534FC0182C
:2095C000038853493B40038003880B439BB203801388009A63449B181A8817401F801A88F4
:2095E0000A4392B21A802000039903F0CDFA002E00D134E7283529782368890059180B889A
:20960000474A1A40302308E5012BECD103003E4950331F8840180099C019401802801B883B
:2096200063445B18DEE7002B08D1039B990041180A88394B1340394A13430B802823019A04
:209640005343E3181A004C3202921278012AD1D1DA6B9E6CD1195A6CD963D2195A649A6B0D
:20966000964220D3B61A9E642B0029331E7893B20293002E38D1060050363688009F66448C
:20968000F619002A1BD13288204F3A40328032881F4F3A4392B232802822019B5A43A21878
:2096A000528E029B3BE7002E03D1029B3A001E70DAE700229A64029B1A703200D4E73E2A47
:2096C00007D8012357081A40BF18BF02BFB23780E2E71F2357091A4013005A425A410C4BA8
:2096E000BF1ABF021F43F1E7012ED5D1020050321288009B6244D218029B1380CCE7200075
:2097000003F066FAFFF7B4FB02040000FF83FFFF0080FFFF060400008F8FFFFF80C00000E7
:20972000BF8FFFFF70B505000720084049B2282400291EDA2100461C7143012669184E703F
:209740000A614A780870CB70002A00D0C881022B01D100230B71AA24A4002B5D0220012B00
:2097600006D001232B55286801F074F80020285570BD4443210000262C1969316A34FF313D
:20978000FF3469182670DBE707220A4049B270B528230400002914DA1900501C414301209A
:2097A00061184870AA250A70AD00635D0220012B06D001236355206801F058F90020605523
:2097C00070BD534319006931FF31C318411800206A33FF331870E5E770B507242140213466
:2097E0004C4305192E007D36FF3632602A008132FF3213602B0000268533FF3369351E603C
:20980000FF351B3B1E70297021006931FF314118006801F027FA300070BD07230B402821BE
:20982000594340188530FF300068704770B528260724214034004C4304192500E2630122C5
:209840004C3523642A700025A364230065642933A4191A702170891871434118006801F013
:2098600001FA280070BD70B504000722636801200A409A4218D848B22823002815DA1900CF
:20988000501C41430120611848700123AA258B700A70AD00625D02209A4205D0635520689F
:2098A00001F060F90020605570BD4B4319000020E31869316A33FF31FF3361181870E4E735
:2098C00070B504000F23626801200B4093421BD807220A4049B22823002916DA190010181C
:2098E00041430120611848700025AA268D700A70B600A35D0220012B06D00123A3552068A8
:2099000001F04EF92800A55570BD534319000020E31869316A33FF31FF3361181870E3E792
:2099200010B50C0021060CD507212140282401316143401899B2002A08D10273C180002027
:2099400010BD282161436931FF31F2E7012283600273F4E703680200BA20012110B58000A6
:20996000B82411500020A400105554331A8811430222198019880A431A8010BD704700003B
:20998000F0B5040085B000284ED00368DB0733D423689B0700D58AE023681B0700D5CAE0B7
:2099A00023685B0700D5EDE02368DB061AD562690423BC4D012A00D058E1696B02270B4343
:2099C0006B636B6B1A436A63FEF700FA06006B6B3B4200D143E1F8216A6BA3698A43DB00DA
:2099E00013436B6323689B0600D567E1636A002B00D0A4E100202FE00C21AA4D6A680A403E
:209A0000042A0BD06B680B40082B0FD1C0226B685202134080225202934207D12B689B03DC
:209A2000B6D56368002BB3D1012015E06368012B14D180232A685B0213432B60FEF7C6F908
:209A400080270600BF022B683B42A1D1FEF7BEF9801B6428F7D9032005B0F0BD002B16D1DC
:209A60002B68914A802713402B602B688F4ABF0213402B60FEF7AAF906002B683B4200D169
:209A800086E7FEF7A3F9801B6428F6D9E3E7052B05D180232A68DB0213432B60C9E72B68CC
:209AA000814A13402B602B68804A1340C5E70C227C4D6B6813420BD06B681340082B15D168
:209AC000C0226B68520213408022120293420DD12B689B0702D5E368012BA5D1F8212A681D
:209AE00023698A43DB0013432B6055E7E2680123002A0FD02A68022713432B60FEF766F9AE
:209B000006002B683B42E9D1FEF760F9801B0228F7D9A0E72A6802279A432A60FEF756F9A5
:209B200006002B683B4200D136E7FEF74FF9801B0228F6D98FE7E26901235A4D002A10D0BA
:209B40006A6A022713436B62FEF740F906006B6A3B4200D024E7FEF739F9801B0228F6D9C9
:209B600079E76A6A02279A436A62FEF72FF906006B6A3B4200D113E7FEF728F9801B0228C4
:209B8000F6D968E780220021464D5205EB690091134208D1EB691343EB61EB6913400393B4
:209BA000039B012300938027414E7F0033683B4206D0A368012B13D12A6A13432B6230E00B
:209BC00033683B433360FEF701F9019033683B42EFD1FEF7FBF8019BC01A6428F6D93AE7A7
:209BE0000122002B14D12B6A022793432B622B6A033293432B62FEF7E9F806002B6A3B42F6
:209C000016D0FEF7E3F82B4B801B9842F6D922E7052B16D1296A013B0B432B622B6A1A4318
:209C20002A62FEF7D3F8022706002B6A3B420FD0009B012B00D0B7E6EB691F4A1340EB6128
:209C4000B2E62B6A934304222B622B6A9343B5E7FEF7BCF8174B801B9842E6D9FBE6FEF732
:209C6000B5F8801B022800D8B1E6F4E6053203D16A6B9A436A63AEE66A6B02271343012294
:209C80006B636B6B93436B63FEF7A0F806006B6B3B4200D1A6E6FEF799F8801B0228F6D91F
:209CA000D9E6C04600100240FFFFFEFFFFFFFBFF0070004088130000FFFFFFEF0C21544D95
:209CC0006A680A408A4209D06B680B40082B0ED1C0226B6852021340934208D16B6BDB03D5
:209CE00000D483E6236A012B00D09DE67EE6236A002B11D080276B6B7F023B436B63FEF7DF
:209D000065F806006B6B3B4200D06FE6FEF75EF8801B0228F6D99EE66B6B3E4A80271340AD
:209D20006B63FEF753F806007F026B6B3B4200D15CE6FEF74BF8801B0228F6D98BE60C21BE
:209D4000334D6A680A40082A47D0334A022B32D12B68802713402B60FEF738F80600BF046B
:209D60002B683B4221D10F22EB6A80269343226BB6041343EB62A16AE36A6A680B4327490D
:209D80000A4013436B6080232A685B0413432B60FEF71CF804002B68334200D02AE6FEF7F9
:209DA00015F8001B0228F6D955E6FEF70FF8801B0228D5D94FE62B68802613402B60FEF797
:209DC00005F80400B6042B68334200D112E6FDF7FDFF001B0228F6D93DE6012B00D123E6CA
:209DE000C0216B68A06A4902EA6A1940814200D01AE60F210A40216B8A4200D014E6F0226C
:209E000092031340E26A934200D1F3E50CE6C04600100240FFFFFEFFFFFFFFFEFF7FC2FF11
:209E200030B589B010221949684604AD02F0C8FF10222800164902F0C3FF0C20154A5368A5
:209E40001840082809D00C38431E9841124B40421840124BC01809B030BD0F206C46D26AF4
:209E6000990C01400240645CA95CC0228020520213404002834201D1094802E09342FBD11F
:209E80000648FAF755FD6043E5E7C04602CF000813CF00080010024000A69DFD006CDC021D
:209EA00000127A00F7B504000F00002801D10120FEBD01223B4D2B6813408B421CD32168AB
:209EC0008B0722D4CB072FD401232A681A40BA4259D82368344D5B075CD4FFF7A1FF6B68E1
:209EE000324A1B061B0FD35CD840314B18600020FDF72CFF0020DBE72B6893430B432B60FD
:209F00002B6813408B42D2D1D9E7274A4B0704D5E0235068DB0003435360F020536883436F
:209F2000A06803435360CDE762681F4E012A1AD133689B03BBD5032173688B431343736060
:209F4000FDF744FF01900C2372681A4063689B009A42B9D0FDF73AFF019BC01A154B98422E
:209F6000F1D90320A4E7022A03D133689B01E2D49DE7032A03D1736BDB03DCD497E7336872
:209F80009B07D8D493E72A689A432A602A681A429FD08CE76B68084A1340E26813436B604D
:209FA0009BE7C0460020024000100240F2CE00080C02002088130000FFF8FFFFF0B50368CF
:209FC000050085B0DB032AD580220021454C5205E3690091134208D1E3691343E361E36982
:209FE00013400393039B0123009380273E4E7F0033683B4243D0226AC02311009B003B4EA2
:20A0000019401A424DD1236A1E406B681E43009B2662012B03D1E369354A1340E3612B6836
:20A02000DA0706D503202F490A6B8243A86802430A639A0706D52B492E480A6B0240E86860
:20A0400002430A639A0606D5102026490A6B8243286902430A639A0306D5802021490A6BC0
:20A060008243A86902430A6300205B0517D540211C4A136B8B4369690B4313630FE03368B9
:20A080003B433360FDF7A2FE019033683B42B2D1FDF79CFE019BC01A6428F6D9032005B0B8
:20A0A000F0BD6A6813408B42ADD08023226A206A11005B0203432362236A0F4831400340FA
:20A0C00023622162D3079ED5FDF780FE07000222236A134297D1FDF779FE084BC01B9842D1
:20A0E000F5D9DBE70010024000700040FFFCFFFFFFFFFFEFFFFFFCFFFFFFFEFF881300005A
:20A100000122036A70B593430362036A44688569723295430A681543022293438A681343C0
:20A12000144A904208D0144EB04205D0134EB04202D0134EB04216D10826B343CE683343BF
:20A140000426B343904208D00B4A904205D00B4A904202D00A4A904205D10A4A8E69224097
:20A160004C69344314434A68446085614263036270BDC046002C0140004001400044014070
:20A1800000480140FFFCFFFF70B57325036A174A13400362036A4268C469AC430D682C43E3
:20A1A000134D2B408D682D022B43124DA8420ED1114D1D40CB681B022B43104D2B40104D7C
:20A1C0004E6915408A69324312012A4308E00D4DA842F4D00C4DA842F1D00C4DA842EED096
:20A1E00042604A68C461C263036270BDFFFEFFFFFFFDFFFF002C0140FFF7FFFFFFFBFFFFE1
:20A20000FFCFFFFF004001400044014000480140036A144A30B513400362026A124C436806
:20A22000C56925400C6824022543104C22408C68240322430E4CA04208D00E4CA04205D026
:20A240000D4CA04202D00D4CA04204D10C4C23404C69A401234343604B68C561036402621F
:20A2600030BDC046FFEFFFFFFF8CFFFFFFDFFFFF002C01400040014000440140004801409E
:20A28000FFBFFFFF0200030001203D32117881421CD1022111701B68DA680243DA600E4AF4
:20A2A000934209D08022D205934205D00B4A934202D00B4A93420AD107219A6800200A4038
:20A2C000062A03D0012219680A431A6070471A68104318600020F9E7002C0140000400405B
:20A2E0000040014070477047704770470222036810B51969040011420ED0D96811420BD087
:20A30000053A1A61043202779B699B0700D179E0FFF7E9FF002323770422236819691142E3
:20A3200010D0D96811420DD0093A1A61073222779A69C0239B0020001A4269D0FFF7D3FF3E
:20A340000023237708222368196911420ED0D96811420BD0113A1A610D322277DB69200067
:20A360009B075BD0FFF7BFFF00232377102223681969114210D0D96811420DD0213A1A61E6
:20A3800019322277DA69C0239B0020001A424BD0FFF7A9FF002323770122236819691142A3
:20A3A00007D0D968114204D0033A20001A61FCF77BFF802223681969114208D0D9681142AB
:20A3C00005D0023AFF3A20001A6100F01AFA402223681969114207D0D968114204D0813AD8
:20A3E00020001A61FFF781FF202223681969114207D0D968114204D0413A20001A6100F065
:20A40000FFF910BDFFF76EFF2000FFF76DFF81E7FFF768FF2000FFF767FF91E7FFF762FF82
:20A420002000FFF761FF9FE7FFF75CFF2000FFF75BFFAFE7204A10B50368904206D08024E3
:20A44000E405A04202D01D4CA0420CD17024A3434C682343904212D08024E405A0420ED0A2
:20A46000164CA0420BD0164CA04208D0154CA04205D0154CA04202D0144CA04203D1144CFE
:20A480002340CC6823438024A3434C69234303608B68C3620B688362904208D0094B98426F
:20A4A00005D0094B984202D0084B984201D10B6903630123436110BD002C014000040040A8
:20A4C00000200040004001400044014000480140FFFCFFFF70B504000120002C21D0250008
:20A4E0003D352B78DAB2002B05D123003C3320001A70FDF773FB02232B702068211DFFF7A0
:20A5000099FF220001230020463213704534083A137053709370D37013715371937123701C
:20A520002B7070BD70B504000120002C21D025003D352B78DAB2002B05D123003C33200073
:20A540001A70FDF737FB02232B702068211DFFF771FF220001230020463213704534083A43
:20A56000137053709370D37013715371937123702B7070BD1022036A70B593430362026A3D
:20A58000164C4368856925400C68240225432024A2438C6824012243114CA0420FD18024EF
:20A5A000A2431400CA68120122434024A2430D4E4C691E408B6923439B00334308E00A4C98
:20A5C000A042F4D0094CA042F1D0094CA042EED043604B6885618363026270BDFF8CFFFFAC
:20A5E000002C0140FFF3FFFF004001400044014000480140F8B507003C373B7804000E0083
:20A6000015000220012B0AD001383870082A3DD006D8002A17D0042A27D000233B70F8BD46
:20A620000C2AFAD12068FFF7F3FD802223681201D9690A43DA61DA691C490A40DA613269D9
:20A64000D96912022FE02068FFF75AFD0822236899690A4304219A619A698A439A619A69CE
:20A6600031690A439A610020D7E72068FFF782FF80222368120199690A439A619A690B493A
:20A680000A409A61326999691202EAE72068FFF77BFD04212368DA691543DD61DA698A4364
:20A6A000DA61DA6931690A43DA61DCE7FFFBFFFF1F2310B5012419408C408A40036AA343D1
:20A6C0000362036A1A43026210BD000010B503000400002905D101203E331A78824218D07F
:20A6E00010BD04290FD13F331B780120013B5A1E9341DBB2002BF3D102232200042926D1EB
:20A700003F32137007E0082901D14033ECE74133EAE702221A7001222068FFF7C9FF23682E
:20A7200017498B4219D0174A934216D0164A934213D0164A934210D08022D205934214D187
:20A7400007219A680A40062A15D10020C8E7082901D14032D5E74132D3E78022586C1202C8
:20A7600002435A648B42E7D1EAE7094A9342E7D0044A9342E4D0012219680A431A60E4E794
:20A78000002C01400040014000440140004801400004004010B5FFF799FF10BD70B5040030
:20A7A00002223C34257803001000012D20D01D0070263D352A701B6858689A68B0430E68CA
:20A7C000304358600B48834209D08020C005834205D00948834202D00848834204D18020EC
:20A7E000496882430A439A60012300202B70207070BDC046002C01400004004000400140C8
:020000040800F2
:20A8000070477047821D03000020D087014A0233DA87704780BFFFFF0230C38F024A1340B9
:20A82000C38700207047C0467F40000084B010B50400049205930122831C0020DA87D88765
:20A84000A31D5034D8870391208010BC08BC04B018470000F7B50E78774AB300C3181C8859
:20A86000CF781440012205000192032F08D83800FAF74AF8023C3936802292001443019735
:20A880006E4A1443A4B21C8018886D4C20403043104380B2F6001880A81900900E7B503519
:20A8A000002E00D064E0CE88487876087600002824D02988009809188020C00009180E80B7
:20A8C0001988490604D519880C405E490C431C805D4C1988012F0BD00C402021614008E0C5
:20A8E000C022D200144300220192C9E78022F8E721400A4392B201981A80FEBD2F88009838
:20A9000009693F1851483F183E8000982E8836184F483618002909D131884E4D29408025DA
:20A92000318031882D022943318008E03E2914D801274D0839406D18AD02ADB23580198847
:20A94000490404D519880C4043490C431C801988424C0C40C0218901C0E71F274D093940CB
:20A960004F4279416D1A3E49AD02294389B2DBE71E88022F3CD13B48264006431E802E88FC
:20A98000009836188020C0008446B44460460E897608760006802E8800984D8936182B4813
:20A9A0006D0836186D0035804978274E8C46802160462A4DC90100281FD11F880F4204D03E
:20A9C0001988254F2140394319801988490604D519880C401B490C431C8019882940C025F8
:20A9E000AD014D401543ADB21D801988314080E71D4806401643B6B2C0E71888084204D07E
:20AA0000198815482140014319801988490604D519880C400B490C431C801988012F09D05B
:20AA20000E4020217140114389B2198019880D402A435FE73140F6E78F89FFFF8080FFFFAB
:20AA40008F8FFFFFC0800000BF8FFFFF0404000006040000FF83FFFF80C000008FBFFFFF30
:20AA60000080FFFF808100008F8EFFFFF0B50B780A7B9B00C0184D78324B002A1DD1028838
:20AA8000002D0FD0520605D502882F490A402F490A43028002882E490A4013439BB2038074
:20AAA0000020F0BD520405D5028827490A4029490A43028002882849EEE78021224A244EC5
:20AAC000254CC901002D1DD105880D4204D00188204D1140294301800188204D490604D51E
:20AAE00001881140294389B2018001880A401543ADB20580028814401C43A4B204800288A4
:20AB00003240CAE70788164D0F4204D001881140294389B201800188490604D501880B4F65
:20AB200011403943018001880A401543ADB20580028832401A4392B2028002881440234355
:20AB4000ACE7C0468080FFFF8F8FFFFFC0800000BF8FFFFF80C000008FBFFFFFC080FFFFEC
:20AB600080C0FFFF0B780B4A9B00C0184B78002B09D003880849194010234B4013439BB2EF
:20AB800003800020704703880449194080235B01F3E7C0468080FFFFBF8FFFFF8FBFFFFFB5
:20ABA0000B7B002B19D10B789B00C0184B78002B15D003885B0605D50388104A1340104AD9
:20ABC00013430380CB78012B07D003880D4A1A40202353400C4A13430380002070470388B3
:20ABE0005B0405D50388054A1340084A134303800388074A1A40C0239B01EAE78F8FFFFF22
:20AC0000C0800000BF8FFFFF8080000080C000008FBFFFFF002902D180234C30038000205E
:20AC20007047802258300388120213430380002070470630C08F80B2704730B580240133B9
:20AC4000E40012195B0880185B00CB18401A4418994200D130BD4A780D7812022A432280F3
:20AC60000231F4E7F0B50C0049780500227B85B0012900D00EE12069A669864200D9060055
:20AC80002F00636950370193002A1DD1B6B23300E28801992800FFF7D0FFBD4A3988237897
:20ACA000AA18DB0052189B181E802078B94A80002D182B881A4030235340B74A13439BB245
:20ACC00000202B8005B0F0BD2278236AD1000291E1789200022900D0C5E0AA18984200D3C2
:20ACE000B0E01188AD489B1B0840AD4908431080108840220100114023620391B3B210424B
:20AD000051D0A84A38880299AA18121852181380280062890199FFF790FF6369226A2069C9
:20AD2000991961610023824201D9931B32006078236293B200282BD195483F8826782818B6
:20AD4000F600C0193018002A0DD10288964E32408026028002883602324302802289280040
:20AD6000FFF76BFFA1E73E2A06D8012756083A40B618B20292B2F0E71F2756093A40574250
:20AD80007A41B61AB202894E1643B6B20680E5E70128E3D17E4A3888AA1812182078C000E1
:20ADA00012181380DAE77A4A38880299AA18121852181380280022890199FFF73EFF6369A1
:20ADC000226A206999196161039B824201D9931B32006078236293B2002828D171483F888B
:20ADE00026782818F600C0193018002A0AD102886D4E3240802602800288360232430280C1
:20AE00006289ACE73E2A06D8012756083A40B618B20292B2F3E71F2756093A4057427A415B
:20AE2000B61AB202614E1643B6B20680E8E70128E6D15C483E8822782818D2008019121810
:20AE40001380DDE710885A4E53493040084380B210804F4A38880299AA18121852189BB2AB
:20AE6000138022890EE0AA189B1B128823623888B3B2520608D54B4A0299AA18121852182F
:20AE80001380628901996AE7414A0299AA1812185218E5E7002A1DD1A36921698B4201D9AC
:20AEA0005A1A0B00A2612A00503210883D4A2178AA18C90012188A18002B00D1CEE03E2B42
:20AEC00000D9D5E0012059080340C918890289B211803EE0E378022B00D088E0002925D1EA
:20AEE0002B4A503001882378AA18DB0052189A182369002B39D111882B4E31408026118005
:20AF00001188360231431180264A00882178AA18C90012188A18002B54D03E2B5CD8012066
:20AF200059080340C918890289B21180E369002B0FD023781F499B00EB181A880A408A4286
:20AF400001D0002A05D11A8814490A401A490A431A802078194A80002D182B881A40C023DD
:20AF60009B015340164A1343AAE63E2B06D8012659081E408919890289B2C4E71F261E4079
:20AF800077427E415909891B8E0208493143F3E702040000BF8FFFFF8080FFFF8F8FFFFF98
:20AFA0008081000006040000FF83FFFF0080FFFF8F8EFFFF40400000C08000008FBFFFFF61
:20AFC00080800000138830490B4080211380138809020B431380A9E71F2059090340584249
:20AFE0004341C91A294B89020B439BB2F2E70120834200D066E6A36922690020934201D90F
:20B00000981A1300A0610029A3D12800204A503006882178AA18C90092198A18002B0AD1B6
:20B020001188194E314080261180118836023143118000883AE73E2B06D8012659081E40BC
:20B040008919890289B2F3E71F261E4077427E415909891B8E020D493143F3E713880A496B
:20B060000B4080211380138809020B43138070E71F205909034058424341C91A034B8902B5
:20B080000B439BB2F2E7C046FF83FFFF0080FFFF02040000F0B580255C08ED005219260006
:20B0A0000D008018471A7A19002E07D1640000190919DB0701D503880B70F0BD1288013E0E
:20B0C00092B22A70120A6A700235ECE7034A044B43601388002001331380704718020020E0
:20B0E000BE0700000020704710B5084C038204600024074B44604361064B81608361064B8D
:20B10000C260C361054B036210BDC0460706000053B10008A1B10008CDB00008E5B00008CC
:20B12000C361009B416182610362704701607047006870474160704740687047038A9A4258
:20B1400004DAC36800209200D150704701204042FBE770B5050000242B8AA34201D80020F6
:20B1600070BD69682B6822B2280059400134FFF7E5FFA4B2F0E7038A8B4203D9C368890083
:20B18000C858704701204042FBE7038A934204D9836800209200D150704701204042FBE71A
:20B1A00070B5050000242B8AA34201D8002070BD21002800FFF7DFFF2968220041400134FB
:20B1C0002800FFF7E2FFA4B2EDE7038A8B4203D983688900C858704701204042FBE7000040
:20B1E00070B50C00022913D11E4D2800FFF7C3FF002201B2672001F021FB21002800FFF71C
:20B20000E4FF002201B26B2001F018FB002070BD012910D1134D2800FFF7ADFF002201B290
:20B22000662001F00BFB21002800FFF7CEFF002201B26A20E8E7002910D10A4D2800FFF7D8
:20B240009AFF220001B2652001F0F8FA21002800FFF7BBFF220001B26920D5E70120404262
:20B26000D5E7C0461008002010B50400FCF7AEFDFA218900F9F7E2FB2000FFF75BFF00206C
:20B2800010BD70B502210400FFF775FF05002000FFF74EFF03216840F9F74AFB022201009D
:20B2A0002000FFF772FF01212000FFF764FF05002000FFF73DFF03216840F9F739FB012202
:20B2C00001002000FFF761FF00212000FFF753FF05002000FFF72CFF03216840F9F728FB49
:20B2E000002201002000FFF750FF002070BD0000F7B50500FFF720FF0126304004002800F0
:20B30000FFF71AFFFA270190FF002800013CFFF70FFF3C40019BE419E11803235943022210
:20B3200041402800FFF70AFF2800FFF705FF30400400194A013C28003C40A418FFF7FCFEDF
:20B3400007002800FFF7F4FE032332000026E119594341402800FFF7F1FE2800FFF7ECFE2C
:20B36000A62334005B00834274410C490C4A64420C402800A418FFF7DFFE07002800FFF782
:20B38000D7FE0323E1195943320041402800FFF7D5FE3000FEBDC0467017000030F8FFFFDA
:20B3A000B80B000013B504000423084A0849FFF79BFE084B084A00932000084B0849FFF7B3
:20B3C000AFFE20000749FFF7B1FE13BD4408002034080020E1B1000883B2000869B2000819
:20B3E000F1B20008BE0B00000048704710080020AF239B00C35870B5002B0ED0AE22802577
:20B4000092008458AD00605DFF2806D0044A9B682100A25C9847FF236355002070BDC046DB
:20B42000010200004323038000487047540200204323038000487047980200204323038020
:20B4400000487047E80200200A23038000487047DC02002070B5AE26B6000400855901F0B4
:20B460007DFC83239B00E850A3590220002B0AD0832381229B00E918B033E3589200DB68DF
:20B48000A8589847002070BDAE23F7B59B00C35805000F0002200193002B18D014264E43A5
:20B4A000AE19F069002813D02822B0234A439B00EB589B18996BF9F7C1FA0C1E08D10B0069
:20B4C0000A00F1612800390001F036FC2000FEBD85230020019A9B00D050F8E7AE23F7B537
:20B4E0009B00C7586B466A460E00591D002305000B70D3803378901D1C0060221440134218
:20B500002AD0202C46D1F4887078002C1CD05BB2002B0EDAAF239B00EB58220039009B6824
:20B52000984739002800F28800F0ACFC00242000FEBD80239B00F854194B22003900280049
:20B54000FC5400F0B5FCF1E7AF239B00EB58220031009B689847EAE773780A2B0ED00B2B38
:20B5600013D0002B16D1A7239B00EB5C032B11D102220100280000F085FCD8E7A7239B0038
:20B58000EB5C032B06D10122F4E7A7239B00EB5C032BCCD03100280000F04CFC0224C6E787
:20B5A0000102000070B504000025812101F08BFB01212000E56201F086FB2300AE26FC3300
:20B5C0001D6782212000B60001F07DFBA3592564AB4208D0AF239B00E3585B689847A05978
:20B5E00001F0C8FBA551002070BDF8B50600037C0400FC36002B39D1802302229B008121B3
:20B6000001F055FB01258023E5629B0029000222200001F04CFB08233567032282212000EA
:20B6200001F045FB012787202764800001F09EFBAE239B0005003E00E050002814D0043353
:20B64000E3581B689847852300229B00EA500433EA508122267C9200002E10D139002000FE
:20B66000AA58183B01F071FB3000F8BD012540230222812101F01BFB4023E562C6E7402323
:20B6800039002000AA5801F060FB0026ECE703000220002903D0AF220020920099507047C6
:20B6A000AE239B00C3588220800019508421890000205A507047AE239B00C258B43B002034
:20B6C000D1507047AE239B00C25810B50223002A12D0852189005458013B002C0CD1535053
:20B6E00084239B00D3580C39525888390363FF399BB201F021FB2300180010BDAE239B00C1
:20B70000C35810B50224002B0AD08122047C92009A58002C06D1802301219B0001F015FB13
:20B72000200010BD4023012101F00FFB0024F7E7022310B5002813D0AD239B00C458002CF2
:20B7400001D00024C450002902D0AC239B00C150A72301219B00C154027001F05FFA0023EF
:20B76000180010BD03000220002903D0AD22002092009950704710B501F090FA002010BD75
:20B78000AD239B00C35810B5002B01D1022010BD1B6898470028FAD0F8E7AD2310B59B000F
:20B7A000C3585B689847002010BD0000AA239B0070B5C5180400280000F028FBA52301224B
:20B7C0009B00E250114BE25A163BE2501033E15C1F230B40012B09D0022B0CD0002B0FD15B
:20B7E0002900200000F01EF9002070BD2900200000F04EFAF8E72900200000F071FAF3E7CE
:20B800007F232000994301F067FAEDE7AE02000070B50D0004001100002D2ED1A5239B00DE
:20B82000C258032A22D102005532FF32D368106983420AD91B1AD36082B2984200D99AB21D
:20B84000200000F045FB280070BDAD239B00E3581B69002B06D0A7229200A25C032A01D1C0
:20B8600020009847200000F03BFBECE7052AEAD12900C55001F030FAE5E7AD239B00C3581B
:20B880009B69002B08D0A7229200825C032A03D1290098470025D6E70225D4E7F8B50D00E1
:20B8A00004001100002D4DD1A5239B00C358022B41D1036A466AB34213D99B1B03629AB206
:20B8C00000F0EEFA2B002A002900200001F03DFAA8239B00E25C012A01D10022E2542800A9
:20B8E000F8BDC76931003800F9F7A8F800290DD1BE420BD8A626B600A3599F4206D22A001F
:20B900002900200000F0CCFAA551DBE7AD239B00E358DB68002B06D0A7229200A25C032A00
:20B9200001D1200098478021200001F0D5F9200000F0E2FACCE704229343C9D1802101F0EF
:20B94000CBF9C5E7AD239B00C3585B69002B08D0A7229200825C032A03D1290098470025C3
:20B96000BDE70225BBE7002270B504001100402301F09DF9230001254026FC338021DD6553
:20B980009E6600223300200001F091F9A72300219B00A5616662E554083BE15010336160AE
:20B9A000E1501433E3588B4205D0AD239B00E35820005B689847002070BD01740020704731
:20B9C000A7239B00C15C034A81540422C25400207047C0469D020000A7239B00C25C042A5A
:20B9E00002D1024A825CC254002070479D020000A72310B59B00C35C032B06D1AD239B0005
:20BA0000C358DB69002B00D09847002010BD10B50400802101F060F90021200001F05CF9C5
:20BA200010BD000060220B7873B513400D001900921820390400114212D0002B00D096E0E6
:20BA40006878092800D992E0F8F768FFF0000E01910006019100830012009100DA00A40068
:20BA6000AD239B00C35829009B689847002076BD00236A46D3806B88180A0138062876D8F2
:20BA8000F8F742FF0417267575404B00AC239B00E358207C1B686A46911D98476B46D988AD
:20BAA000002951D0EA88002A43D1200000F018FADCE7AD23227C9B00E358002A06D19B6A5D
:20BAC0006A46901D984702234370E7E7DB6AF7E7D8B205284BD8AC239B00E358F8F714FFE0
:20BAE00003080A0C0E105B68002B40D0207CD2E79B68F9E7DB68F7E71B69F5E75B69F3E7B2
:20BB00009B69F1E7237C002B31D1AD236A469B00E358901D5B6B9847C0E7237C002B26D16D
:20BB2000AD236A469B00E358901D1B6B98470723CAE70B1C914200D9131C69469AB2CB807A
:20BB40000100200000F09EF9EB88002B00D08DE7ABE7AB88002B0AD1EB88002B07D16E8824
:20BB60007F2E04D8A725AD00635D032B03D12000FFF74DFF7AE7444BF1B2E154200001F0C6
:20BB8000D2F8200000F0ACF90223002E00D1012363556BE7A9783D4D29700129E7D8A723DD
:20BBA0009B00E25C022A09D0032A15D02000FFF72EFF20002978FFF7F0FD57E7002900D176
:20BBC00073E7012103226160E2542000FFF7D8FD022800D069E7CAE7002906D102222000A3
:20BBE000E2546160FFF7D9FD5FE76168012900D15BE7C9B22000FFF7D0FD29786160E4E7AB
:20BC0000EA88012AB3D1A7239B00E35C022B06D8002BACD000232100A360083102E0211D0D
:20BC2000032BA4D1200000F02DF91FE7A7239B00E35C013B022B9AD8EB88022B97D1013B62
:20BC4000E360A9239B00E358002B01D00323E360210002220C31E5E76B88012B00D005E771
:20BC6000A9229200A35020E7A7239B00E35C013B022B00D97BE76B88012B00D0F6E6A9238E
:20BC800000229B00E25010E79E0200005408002060230A7870B5134004000D00402B01D0D8
:20BCA000530619D4A7239B00E35C013B022B13D82B79012B10D8AD239B00E35829009B68BC
:20BCC00020009847EB88002B04D1002802D1200000F006F9002070BD2000FFF798FEF9E70F
:20BCE0000A780B0060210A4070B50400100049182038084229D0002A37D198885A78C1B220
:20BD0000012A45D0032A29D0002A2ED1A7239B00E35C022B56D0032B27D10F2214230A40C5
:20BD20005A43A21800065DD59269002A1DD07F250D4001355D437F230A0065191A401942BC
:20BD40005AD12A600222290048E0AD229200A2581900200092689047002070BDA7229200AC
:20BD6000A25C022A24D0032A03D02000FFF74FFEF2E75A88002A07D14A0605D0DB88002BD2
:20BD800002D1200000F0A8FF200000F0A9F8E3E7A7229200A25C022A0AD0032AE5D15B8879
:20BDA000002BD9D14B06EFD0200000F09EFFEBE74B06DAD0200000F08FFF8021200000F0D5
:20BDC0008BFFC9E74B06D0D121005531FF31030601D54139FF39002302220B60200000F00D
:20BDE00051F8B9E7FC32D26D002ABED07F250D405D435535FF359EE7200000F07FFF0028AB
:20BE000002D001232B609DE728609BE70B7803704B784370CA788B7812029B1843804A7915
:20BE20000B7912029B188380CA798B7912029B18C380704710B50400802100F04DFF0021E5
:20BE4000200000F049FF10BD70B50025461EA8420FD02B000135745D002CFAD1DBB201335C
:20BE60005B0013800B7003234B70013B0578002D00D170BD5A1CCD54D2B202330130DBB286
:20BE80008C54F3E71300A52210B50224920084500A00C3610021036200F04EFF002010BDDF
:20BEA00010B513000A00002100F046FF002010BD1300A52210B50324920084500200FC3201
:20BEC000136653660A00002100F03FFF002010BD10B513000A00002100F037FF002010BDD4
:20BEE000A52304229B0010B5C25000231A00190000F022FF002010BDA52305229B0010B53F
:20BF0000C25000231A00190000F01FFF002010BD0261C1604361704743681A7880235B4262
:20BF200013430268137003685970022303817047F7B50327036806001F70436839001D79DA
:20BF4000DA782D0215436DBA0268ADB26B00537043689C785A782402144364BA6B1EA4B2DF
:20BF60007C2B03D93000FFF7D7FFF7BD200073699847002801DA0221F4E72B199BB2581EAB
:20BF80003900019380B27369984702270028F2DB019B9C4203D301356D003581E5E7200034
:20BFA0003369984733680012D85533692000984733680134DB195870A4B20237E8E770B582
:20BFC0000400436806219D785A782D0215436DBAADB2280063699847022100280EDB6368C5
:20BFE0000122D91C2800E36898470321431C05D00621831C02D0002804DA04212000FFF7A6
:20C000008BFF70BD062322681370636822685B785BB25370636822689B785BB293706368F8
:20C020002268DB785BB2D370636822681B795BB2137105232381E4E770B542680400167960
:20C04000D178957836020E43517876BA2D02B6B20D436DBA731EADB27A2B04D90321200044
:20C06000FFF75AFF70BD1021280063699847002801DA0221F3E7701901381021636980B24F
:20C0800098470028F5DB1023226828001370636822685B785BB25370636822689B785BB2F4
:20C0A000937063682268DB785BB2D370636822681B795BB213710523238163683200991D8C
:20C0C000E3689847431CC9D00621831CC7D00028C8DA0421C3E70120404270470120704716
:20C0E000012040427047012040427047812292008150821CFF324A60421C0A608222802100
:20C10000920049008152030000200C49083A98501C3299500432033999500A2104329952F1
:20C120000749183A99500749043299500649043299500649043299507047C0460300010068
:20C14000D7C00008DDC00008E1C00008E7C0000810B58324A400015184218900425085227A
:20C16000920083508623029A9B00C25010BD0000822370B59B00C55C0400002D27D180214B
:20C1800001300833E358FF304900984780239B00564EE052002816D08822A15B9200814284
:20C1A00002D1A35A01339DB28721A5528900615AA94208D80023A352822301229B00E254CD
:20C1C0000C33E358984780239B00E35AA35382229200A35C012B0BD123004549FF335B78A2
:20C1E000615C5BB25B1A59424B415B00A3543EE0022B1CD1FF33FF33E15A601CFF300329D9
:20C2000011D901250026431802399A1E6D4289B25D57965700F080F82D02F6B23543ADB2F9
:20C220000323A84200D0002382229200DEE7032B3ED18125AD00605943681B785BB2032B3E
:20C2400028D1FFF775FE2A4B2000E35C237063591989013189B200F05FF8635904221B897D
:20C26000E3185870000A987082239B00E2548225AD00635D052B2ED181239B00E358200096
:20C280001989832303319B00E35889B298470623635570BD062B02D1FFF791FED3E7102BA6
:20C2A00002D1FFF7C9FECEE70121FFF735FECAE7042BDCD18821892089008000635A205ACF
:20C2C000984204D30B4AA25A9B186352CFE70023635205338AE7062BDBD186239B00E35861
:20C2E00098470128D5D10023D2E7C046020200000902000022020000014BC1547047C0465D
:20C3000009020000014BC1527047C0462202000089239B00C15270470200094870B5040045
:20C32000084D013989B2A14200D170BD1378060A4340DBB25B00585B01327040F1E7C046D8
:20C34000FFFF000024CF00080E4A03008218502A04D80D4A8318013398B207E0822292000C
:20C36000904204D3103200209342F4D37047A92803D90020B42BF9D8EDE7013080B2932BED
:20C38000F4D8E8E740D9FFFF41D9FFFFF7B50D00140006B2012A0BD13000FFF7D5FF69786C
:20C3A0002A7809021143C9BA220000F047FAFEBD454A1388012B0AD9022B02D0022040420F
:20C3C000F5E75388022BF9D1002313805380FE2113884B43D3181900FF314A78002AEDD100
:20C3E0001F00FC373C8001279880FE3300191A8003B24F700193019B334CB34213D10020EF
:20C40000FE2322885343E318FF335978012903D101310132597022806388012B47D9013384
:20C4200003206380CBE70122FF23AA5630001A400023EB561B021A430092FFF785FF070084
:20C4400000F03AFA009B98421FDC380000F03EFA009B984219DBFE202788784320180100BE
:20C46000FE310A887A2A0CD8FF304378012B08D17E337B439B185B00E418009B0132E380DA
:20C480000A80013636B20235B5E7FE23228801205343E3181900FE310A884042002AAFD19D
:20C4A0000A809A800239FF330A805A707FE79A1C92B26280002B03D1FF225200A35476E70F
:20C4C0000022FC231A70FFDE5608002010B5FFF73BFF00F0E1F910BD014B83428041704721
:20C4E0001602000010B500F005FA80230021024A9B00D15010BDC046B8040020802310B58D
:20C500000024034A9B00D45000F068FA200010BDB804002010B500F077FA80B210BD10B5E6
:20C52000002000F077FA002010BD01207047704770B5012000F0B0F996231C4C1B01984208
:20C5400006DA002201200023E15E00F077F970BD012000F0A1F9164B9842F2DC012000F004
:20C560009BF9144B2060186060612000FAF79AF9162000F099F900250580012000F08CF973
:20C580000D4B9842E3DD022000F086F9FA2149008842DCDD2A00022000F050F9022000F09A
:20C5A0007BF960602000FAF7C3F9D0E7B8030020B80B000008020020DC05000070B50220D3
:20C5C00000F06AF9174D184CA84206DD002202200423E15E00F032F970BD022000F05CF91A
:20C5E00060602000FAF7A4F9162000F05DF900260680022000F050F9FA235B009842EBDD30
:20C60000012000F049F9A842E6DD32002900012000F014F9012000F03FF920602000FAF7C7
:20C6200041F9D9E7DC050000B803002010B5042000F032F9054B5863FAF704F9162000F021
:20C6400033F901230380FAF70DFE10BD0004004010B5052000F020F9054B9863FAF730F9A2
:20C66000162000F021F901230380FAF7FBFD10BD0004004010B5FBF7FBFF10BD10B5062070
:20C6800000F00AF996230D4C1B01984206DA002206200023E15E00F0D1F810BD062000F079
:20C6A000FBF8074B9842F2DC062000F0F5F82061162000F0F9F800230380EEE7B80300209C
:20C6C000B80B00007047704710B53D2000F0E4F8012803D1064B1A685A6110BD3D2000F096
:20C6E000DBF80028F9D1024B5A691A60F5E7C046B8030020704710B5032000F0CDF80028B2
:20C7000003D10130FAF720F910BD032000F0C4F80128F9D10020F5E770470000008810B57B
:20C72000472804D100F0B8F8044B188010BD4828FCD100F0B1F8024B1860F7E72807002099
:20C7400030070020704770477047000010B5B32000F0A2F8012805D1FEF746FE2C49FEF799
:20C76000E5FC10BDB32000F097F8022803D1FEF73BFE2849F3E7B32000F08EF8032803D1FA
:20C78000FEF732FE2449EAE7B32000F085F8042803D1FEF729FE2149E1E7B32000F07CF871
:20C7A000052803D1FEF720FE1D49D8E7B32000F073F8062803D1FEF717FE1A49CFE7B3201A
:20C7C00000F06AF8072803D1FEF70EFE1649C6E7B32000F061F8082803D1FEF705FE134983
:20C7E000BDE7B32000F058F8092803D1FEF7FCFD0F49B4E7B32000F04FF80A2803D1FEF797
:020000040800F2
:20C80000F3FD0C49ABE7FEF7EFFD0B49A7E7C046DF0A0000070600001C0600002306000037
:20C820006B060000F1060000EF0600000C070000FF06000045070000BE0B0000F7B50600BC
:20C840000192B3281FD8431E104C1D0162190227D05F884206DC0420125E8A4202DB0C4A86
:20C860005B0099526319DB7A012B01D1FAF7FAFC0848019B06800026012B02D16419E3685D
:20C8800098473000FEBD01267642FAE724D10008580A0020560A0020024B01384000185ED3
:20C8A0007047C046580A0020024B01384000C0187047C046580A0020034B013800011818A4
:20C8C0000223C05E7047C04624D10008034B0138000118180423C05E7047C04624D10008A4
:20C8E000034B0138000118180623C05E7047C04624D1000810B5114C002220001049FEF7CD
:20C9000017FF002801D0FBF7EDF820000D49FEF729FF002801D0FBF7E5F820000A49FEF76E
:20C92000B6FE002801D0FBF7DDF82000FEF723FF002801D0FBF7D6F810BDC046880E00200A
:20C940003C0300201C0200202C030020002070470020704710B50378452B0AD143784E2B7E
:20C9600007D183784B2B04D1C3784F2B01D1FAF799FC0B4B1868AE239B00C258AC3BD3581E
:20C98000084A11885B1880211BB249008B4204DC1380FEF7B3FE002010BD0023F8E7C046A7
:20C9A0004C1100205011002010B50848084C002208492060FEF774FE07492068FEF77BFE70
:20C9C0002068FEF79BFE002010BDC046880E00204C110020B8040020B80500200022084BED
:20C9E00010B51A80074BFF201B68934207D0AE2292009858A83A81501800FEF763FE10BDF8
:20CA0000501100204C110020014B0020185E704750110020014B18807047C04650110020DC
:20CA2000122301480B80704758030020042301480B8070476C03002030B5002552008A187C
:20CA4000040FE3B2092C07D830330B704D70023100018A42F4D130BD3733F6E71A2370B524
:20CA60000B800B4B0B4C18680B4B1B68C01800280BD00A4B0822A11C1D68FFF7DDFF210096
:20CA8000042228001231FFF7D7FF200070BDC046ACF7FF1F70030020B4F7FF1FB0F7FF1F04
:20CAA00010B5044C0A0021000348FFF7CDF9200010BDC0465411002064DC000810B5044C5A
:20CAC0000A0021000348FFF7BFF9200010BDC046541100207ADC000810B5044C0A0021001C
:20CAE0000348FFF7B1F9200010BDC0465411002090DC000810B5044C0A0021000348FFF7DE
:20CB0000A3F9200010BDC046541100209BDC000803000220032B01D8014AD05C7047C04622
:20CB2000A9DC000807B50B4B02689A4211D18020094A0004D1690143D161D36900220340E6
:20CB400001931F201100019BFBF75CFD1F20FBF783FD07BD005C004000100240AC2310B513
:20CB60009B00C1184033C058FEF720FE10BD28234B43C3187D33FF331A68BC2310B59B007F
:20CB8000C058FEF745FE10BD28234B43C318DA6BBC2310B59B00C058FEF780FE10BDBC2309
:20CBA00010B59B00C058FEF723FF10BD836870B50400022B01D0FAF795FFBC25AD000121D2
:20CBC0006059FEF7FAFE6059FEF7CDFE70BD0000BC2310B504009B00C058FEF7F1FEA369BE
:20CBE000002B04D00623024A11690B43136110BD00ED00E0836910B50400002B06D006210E
:20CC0000054A13698B431361FAF7ACF9BC239B00E058FEF7E1FE10BD00ED00E0BC2370B54D
:20CC200004001C489B00C4501B4BB025036008234360063B836003610023AD006051836184
:20CC4000C3610362FBF7F0FF002801D0FAF74AFF0022605911001823FCF762FE6059582389
:20CC600000228021FCF75CFE6059C02300228121FCF756FE88236059002201215B00FCF707
:20CC80004FFE80236059002282215B00FCF748FE002070BD54130020005C0040B02310B58A
:20CCA0009B00C058FCF72CF8FFF732FF10BD10B514001A002300B024A4000059FCF732FDAD
:20CCC000FFF726FF10BDB02310B59B00C058FCF75BFDFFF71DFF10BDB02310B59B00C058AC
:20CCE000FCF7C1FDFFF714FF10BDB02310B59B00C058FCF7E5FDFFF70BFF10BDB0234AB2F1
:20CD00009B00C358002A07DA7F2211400131573A51435B1898787047282251435B186B33E0
:20CD2000FF331878F7E7B02310B59B00C058FBF7FAFFFFF7EDFE10BD10B5B024A4000059D9
:20CD4000FCF774FDFFF7E4FE10BD10B5B024A4000059FCF741FDFFF7DBFE10BDB02310B5CF
:20CD60009B00C058FCF759FD10BD000000487047481600207047000070B500260C4D0D4CB9
:20CD8000641BA410A64209D1002600F02BF80A4D0A4C641BA410A64205D170BDB300EB58A4
:20CDA00098470136EEE7B300EB5898470136F2E7B0DC0008B0DC0008B0DC0008B4DC00084F
:20CDC000002310B59A4200D110BDCC5CC4540133F8E703008218934200D1704719700133E7
:20CDE000F9E70000F8B5C046F8BC08BC9E467047F8B5C046F8BC08BC9E4670477C4E0008F5
:20CE00004C4E00084C4E00084A4E0008504E0008504E0008984F00084A4E0008504E0008AD
:20CE2000984F0008504E00084A4E0008444F0008444F0008444F0008D44F0008DC5100088C
:20CE4000CA510008A8510008D2510008A8510008AA540008A8510008D2510008CA5100082D
:20CE6000CA510008AA540008D251000894510008945100089451000820550008D2570008E9
:20CE800090570008905700088C5700089657000896570008A25A00088C57000896570008FB
:20CEA000A25A0008965700088C570008365A0008365A0008365A00080C5B00080300010053
:20CEC00003000100030003000100030003000101010102020202030304040303050506060B
:20CEE000000000010000000100000000000100000000000000000000000001020304060718
:20CF0000080902030405060708090A0B0C0D0E0F1010000102030405060708090A0B0C0D0E
:20CF20000E0F10000000C1C081C1400101C3C003800241C201C6C006800741C70005C1C50D
:20CF400081C4400401CCC00C800D41CD000FC1CF81CE400E000AC1CA81CB400B01C9C00919
:20CF6000800841C801D8C018801941D9001BC1DB81DA401A001EC1DE81DF401F01DDC01D19
:20CF8000801C41DC0014C1D481D5401501D7C017801641D601D2C012801341D30011C1D139
:20CFA00081D0401001F0C030803141F10033C1F381F240320036C1F681F7403701F5C03579
:20CFC000803441F4003CC1FC81FD403D01FFC03F803E41FE01FAC03A803B41FB0039C1F999
:20CFE00081F840380028C1E881E9402901EBC02B802A41EA01EEC02E802F41EF002DC1ED59
:20D0000081EC402C01E4C024802541E50027C1E781E640260022C1E281E3402301E1C021B8
:20D02000802041E001A0C060806141A10063C1A381A240620066C1A681A7406701A5C065B8
:20D04000806441A4006CC1AC81AD406D01AFC06F806E41AE01AAC06A806B41AB0069C1A918
:20D0600081A840680078C1B881B9407901BBC07B807A41BA01BEC07E807F41BF007DC1BD18
:20D0800081BC407C01B4C074807541B50077C1B781B640760072C1B281B3407301B1C07138
:20D0A000807041B00050C190819140510193C053805241920196C056805741970055C195F8
:20D0C00081944054019CC05C805D419D005FC19F819E405E005AC19A819B405B0199C05998
:20D0E000805841980188C04880494189004BC18B818A404A004EC18E818F404F018DC04D58
:20D10000804C418C0044C184818540450187C047804641860182C042804341830041C181B7
:20D12000818040400100B004B80B6405FEFF110131C5000802000000A00FF401FEFF1101CB
:20D14000BDC500080300FFFF0100000000002101F7C6000804000000BF0300000000110184
:20D160002DC6000805000000BF03BF030000110151C600080600B004B80BAA05FEFF2101AF
:20D180007DC600080700FFFF01000000000011012FC5000808000000A00FF401FEFF110175
:20D1A0002FC500080900B004B80B6405FEFF21012FC500080A00B004B80B6405FEFF110176
:20D1C0002FC500080B000000007D0000000011012FC500080C000000007D00000000110122
:20D1E0002FC500080D000000007D0000000011012FC500080E000000007D000000001101FE
:20D200002FC500080F00000000000000000011012FC5000810000000007D00000000110057
:20D220002FC5000811000000007D0000000011002FC500081200FFFF010000000000110035
:20D24000C7C6000813000000007D000000001100C5C60008140000000100000000001100DF
:20D2600075C600081500640070176400FEFF110149C70008160000000100000000001100B8
:20D280002FC500081700000000000000000011012FC5000818000000000000000000110143
:20D2A0002FC500081900000000000000000011012FC500081A00000000000000000011011F
:20D2C0002FC500081B00000001000000000011012FC500081C0000000000000000001101FA
:20D2E0002FC500081D00000000000000000011012FC500081E0000000000000000001101D7
:20D300002FC500081F002003B0040004FDFF110119C7000820002003B0040004FDFF110118
:20D3200019C7000821002003B0040004FDFF110119C7000822002003B0040004FDFF110108
:20D3400019C7000823002003B0040004FDFF110119C70008240018FCE803000000001101BC
:20D3600019C70008250018FCE80300000000110119C70008260018FCE80300000000110170
:20D3800019C70008270018FCE80300000000110119C70008280018FCE8030000000011014C
:20D3A00019C7000829000083007D00000000110119C700082A000083007D00000000110126
:20D3C00019C700082B000083007D0000FEFF110119C700082C000083007D0000FEFF110108
:20D3E00019C700082D000083007D0000FEFF110119C700082E000083007D0000FEFF1101E4
:20D4000019C700082F000083007D0000FEFF110119C7000830000083007D0000FEFF1101BF
:20D4200019C7000831000083007D0000FEFF110119C7000832000083007D0000FEFF11019B
:20D4400019C70008330000001027D0070000110145C70008340000001027E803FEFF110118
:20D4600045C7000835000000102700000000110145C7000836000000102700000000110187
:20D4800045C7000837000000102700000000110145C7000838000000102700000000110163
:20D4A00045C7000839000000010000000000110145C700083A0018FCE8030000FEFF1101B0
:20D4C00045C700083B000000C80000000000110145C700083C00000010270000000011018A
:20D4E00045C700083D0000000100000000001101C9C600083E00000064000300000011017A
:20D50000F5C600083F00F6FF0A00000000001101C9C600084000F6FF0A0000000000110110
:20D52000C9C600084100F6FF0A00000000001101C9C600084200F6FF0A0000000000110118
:20D54000C9C600084300F6FF0A00000000001101C9C600084400F6FF0A00000000001101F4
:20D56000C9C600084500F6FF0A00000000001101C9C600084600F6FF0A00000000001101D0
:20D58000C9C6000847000000007D0000000011001DC7000848000000007D0000000011005D
:20D5A0001DC700084900F6FF0A000000000011011DC700084A00F6FF0A00000000001101DE
:20D5C0001DC700084B00F6FF0A000000000011011DC700084C00F6FF0A00000000001101BA
:20D5E0001DC700084D00F6FF0A000000000011011DC700084E00F6FF0A0000000000110196
:20D600001DC700084F00F6FF0A000000000011011DC700085000F6FF0A0000000000110171
:20D620001DC7000851000080FF7F00000000140147C7000852000080FF7F0000000014011F
:20D6400047C7000853000080FF7F00000000140147C7000854000080FF7F000000001401D1
:20D6600047C7000855000080FF7F00000000140147C7000856000080FF7F3030000014014D
:20D6800047C7000857000080FF7F30300000140147C7000858000080FF7F303000001401C9
:20D6A00047C7000859000080FF7F30300000140147C700085A000080FF7F303000001401A5
:20D6C00047C700085B000080FF7F30300000140147C700085C000080FF7F30300000140181
:20D6E00047C700085D000080FF7F30300000140147C700085E000080FF7F000000001401BD
:20D7000047C700085F000080FF7F00000000140147C7000860000000007D17020000140061
:20D7200047C7000861000000007D88130000140047C7000862000000007DA00F000014008E
:20D7400047C7000863000000007DB80B0000140047C7000864000000007D7017000014006A
:20D7600047C7000865000080FF7F00000000140047C7000866000080FF7F0000000014008E
:20D7800047C7000867000080FF7F00000000140047C7000868000080FF7F0000000014006A
:20D7A00047C7000869000080FF7F00000000140047C700086A000080FF7F00000000140046
:20D7C00047C700086B000080FF7F00000000140047C700086C000080FF7F00000000140022
:20D7E00047C700086D000080FF7F00000000140047C700086E000080FF7F000000001400FE
:20D8000047C700086F000080FF7F00000000140047C7000870000080FF7F000000001400D9
:20D8200047C7000871000080FF7F00000000140047C7000872000080FF7F000000001400B5
:20D8400047C7000873000080FF7FAA550000140147C7000874000080FF7F55AA0000140191
:20D8600047C7000875000080FF7F00000000140047C7000876000080FF7F0000000014006D
:20D8800047C7000877000080FF7FBB660000140147C7000878000080FF7F66BB0000140105
:20D8A00047C7000879000000020000000000140147C700087A000080FF7F00000000140020
:20D8C00047C700087B000080FF7F00000000140047C700087C000080FF7F00000000140001
:20D8E00047C700087D000080FF7F00000000140047C700087E000080FF7F000000001400DD
:20D9000047C700087F000080FF7F00000000140047C7000880000080FF7F000000001400B8
:20D9200047C7000881000080FF7F00000000140047C7000882000080FF7F00000000140094
:20D9400047C7000883000080FF7F00000000140047C7000884000080FF7F00000000140070
:20D9600047C7000885000080FF7F00000000140047C7000886000080FF7F0000000014004C
:20D9800047C7000887000080FF7F00000000140047C7000888000080FF7FE407000014013C
:20D9A00047C7000889000080FF7F0C000000140147C700088A000080FF7F1E0000001401D8
:20D9C00047C700088B000080FF7F43430000140147C700088C000080FF7F533300001401D2
:20D9E00047C700088D000080FF7F32300000140147C700088E000080FF7F30000000140128
:20DA000047C700088F000080FF7F00000000140147C7000890000080FF7F00000000140195
:20DA200047C7000891000080FF7F00000000140147C7000892000080FF7F00000000140171
:20DA400047C7000893000080FF7F00000000140147C7000894000080FF7F0000000014014D
:20DA600047C7000895000080FF7F0000000014002FC5000896000080FF7F00000000140045
:20DA80002FC5000897000080FF7F0000000014002FC5000898000080FF7F0000000014003B
:20DAA0002FC5000899000080FF7F0000000014002FC500089A000080FF7F00000000140017
:20DAC0002FC500089B000080FF7F0000000014002FC500089C000080FF7F000000001400F3
:20DAE0002FC500089D000080FF7F0000000014002FC500089E000080FF7F000000001400CF
:20DB00002FC500089F000080FF7F0000000014002FC50008A0000080FF7F000000001400AA
:20DB20002FC50008A1000080FF7F0000000014002FC50008A2000080FF7F00000000140086
:20DB40002FC50008A3000080FF7F0000000014002FC50008A4000080FF7F00000000140062
:20DB60002FC50008A5000080FF7F0000000014002FC50008A6000080FF7F0000000014003E
:20DB80002FC50008A7000080FF7F0000000014002FC50008A8000080FF7F0000000014001A
:20DBA0002FC50008A9000080FF7F0000000014002FC50008AA000080FF7F000000001400F6
:20DBC0002FC50008AB000080FF7F0000000014002FC50008AC000080FF7F000000001400D2
:20DBE0002FC50008AD000080FF7F0000000014002FC50008AE000080FF7F000000001400AE
:20DC00002FC50008AF000080FF7F0000000014002FC50008B0000080FF7F00000000140089
:20DC20002FC50008B1000080FF7F0000000014002FC50008B2000080FF7F00000000140065
:20DC40002FC50008B3000080FF7F0000000014004DC70008B4000080FF7F00000000140021
:20DC60002FC50008454E2D4B4F20436F6E74726F6C2053797374656D730053544D333220BC
:20DC80005669727475616C20436F6D506F72740043444320436F6E66696700434443204946
:20DCA0006E746572666163650000020102000000E9480008C1480008E8030000E8030000F7
:20DCC0006405000000127A000100000004000000BE070000EBB50008A5B50008DDB40008E2
:20DCE00000000000F1B3000889B4000855B4000800000000000000000000000031B4000835
:20DD000025B400083DB4000849B4000809024300020100C0320904000001020201000524A5
:20DD200000100105240100010424020205240600010705820308001009040100020A000088
:20DD40000007050102400000070581024000000009024300020100C0320904000001020250
:20DD600001000524001001052401000104240202052406000107058203080010090401002A
:20DD8000020A0000000705010200020007058102000200000A060002000000400100000082
:20DDA00009074300020104C032090400000102020100052400100105240100010424020273
:20DDC00005240600010705820308001009040100020A000000070501024000000705810272
:20DDE00040000000A9C900084DC9000851C9000855C9000821CA00082DCA0008A1CA00089E
:20DE0000BDCA00085DCA0008D9CA0008F5CA00081201000202020040830440570002010256
:20DE200003010000040309041A0300000000000000000000000000000000000000000000AD
:20DE400000000000FFFFFFFFFFFFFFFFFFFFFFFFFFFFFFFFFFFFFFFFFFFFFFFFFFFFFFFFDE
:20DE6000FFFFFFFFFFFFFFFFFFFFFFFFFFFFFFFFFFFFFFFFFFFFFFFFFFFFFFFFFFFFFFFFC2
:20DE8000FFFFFFFFFFFFFFFFFFFFFFFFFFFFFFFFFFFFFFFFFFFFFFFFFFFFFFFFFFFFFFFFA2
:20DEA000FFFFFFFFFFFFFFFFFFFFFFFFFFFFFFFFFFFFFFFFFFFFFFFFFFFFFFFFFFFFFFFF82
:20DEC000FFFFFFFFFFFFFFFFFFFFFFFFFFFFFFFFFFFFFFFFFFFFFFFFFFFFFFFFFFFFFFFF62
:20DEE000FFFFFFFFFFFFFFFFFFFFFFFFFFFFFFFFFFFFFFFFFFFFFFFFFFFFFFFFFFFFFFFF42
:20DF0000FFFFFFFFFFFFFFFFFFFFFFFFFFFFFFFFFFFFFFFFFFFFFFFFFFFFFFFFFFFFFFFF21
:20DF2000FFFFFFFFFFFFFFFFFFFFFFFFFFFFFFFFFFFFFFFFFFFFFFFFFFFFFFFFFFFFFFFF01
:20DF4000FFFFFFFFFFFFFFFFFFFFFFFFFFFFFFFFFFFFFFFFFFFFFFFFFFFFFFFFFFFFFFFFE1
:20DF6000FFFFFFFFFFFFFFFFFFFFFFFFFFFFFFFFFFFFFFFFFFFFFFFFFFFFFFFFFFFFFFFFC1
:20DF8000FFFFFFFFFFFFFFFFFFFFFFFFFFFFFFFFFFFFFFFFFFFFFFFFFFFFFFFFFFFFFFFFA1
:20DFA000FFFFFFFFFFFFFFFFFFFFFFFFFFFFFFFFFFFFFFFFFFFFFFFFFFFFFFFFFFFFFFFF81
:20DFC000FFFFFFFFFFFFFFFFFFFFFFFFFFFFFFFFFFFFFFFFFFFFFFFFFFFFFFFFFFFFFFFF61
:20DFE000FFFFFFFFFFFFFFFFFFFFFFFFFFFFFFFFFFFFFFFFFFFFFFFFFFFFFFFFFFFFFFFF41
:20E00000FFFFFFFFFFFFFFFFFFFFFFFFFFFFFFFFFFFFFFFFFFFFFFFFFFFFFFFFFFFFFFFF20
:20E02000FFFFFFFFFFFFFFFFFFFFFFFFFFFFFFFFFFFFFFFFFFFFFFFFFFFFFFFFFFFFFFFF00
:20E04000FFFFFFFFFFFFFFFFFFFFFFFFFFFFFFFFFFFFFFFFFFFFFFFFFFFFFFFFFFFFFFFFE0
:20E06000FFFFFFFFFFFFFFFFFFFFFFFFFFFFFFFFFFFFFFFFFFFFFFFFFFFFFFFFFFFFFFFFC0
:20E08000FFFFFFFFFFFFFFFFFFFFFFFFFFFFFFFFFFFFFFFFFFFFFFFFFFFFFFFFFFFFFFFFA0
:20E0A000FFFFFFFFFFFFFFFFFFFFFFFFFFFFFFFFFFFFFFFFFFFFFFFFFFFFFFFFFFFFFFFF80
:20E0C000FFFFFFFFFFFFFFFFFFFFFFFFFFFFFFFFFFFFFFFFFFFFFFFFFFFFFFFFFFFFFFFF60
:20E0E000FFFFFFFFFFFFFFFFFFFFFFFFFFFFFFFFFFFFFFFFFFFFFFFFFFFFFFFFFFFFFFFF40
:20E10000FFFFFFFFFFFFFFFFFFFFFFFFFFFFFFFFFFFFFFFFFFFFFFFFFFFFFFFFFFFFFFFF1F
:20E12000FFFFFFFFFFFFFFFFFFFFFFFFFFFFFFFFFFFFFFFFFFFFFFFFFFFFFFFFFFFFFFFFFF
:20E14000FFFFFFFFFFFFFFFFFFFFFFFFFFFFFFFFFFFFFFFFFFFFFFFFFFFFFFFFFFFFFFFFDF
:20E16000FFFFFFFFFFFFFFFFFFFFFFFFFFFFFFFFFFFFFFFFFFFFFFFFFFFFFFFFFFFFFFFFBF
:20E18000FFFFFFFFFFFFFFFFFFFFFFFFFFFFFFFFFFFFFFFFFFFFFFFFFFFFFFFFFFFFFFFF9F
:20E1A000FFFFFFFFFFFFFFFFFFFFFFFFFFFFFFFFFFFFFFFFFFFFFFFFFFFFFFFFFFFFFFFF7F
:20E1C000FFFFFFFFFFFFFFFFFFFFFFFFFFFFFFFFFFFFFFFFFFFFFFFFFFFFFFFFFFFFFFFF5F
:20E1E000FFFFFFFFFFFFFFFFFFFFFFFFFFFFFFFFFFFFFFFFFFFFFFFFFFFFFFFFFFFFFFFF3F
:20E20000FFFFFFFFFFFFFFFFFFFFFFFFFFFFFFFFFFFFFFFFFFFFFFFFFFFFFFFFFFFFFFFF1E
:20E22000FFFFFFFFFFFFFFFFFFFFFFFFFFFFFFFFFFFFFFFFFFFFFFFFFFFFFFFFFFFFFFFFFE
:20E24000FFFFFFFFFFFFFFFFFFFFFFFFFFFFFFFFFFFFFFFFFFFFFFFFFFFFFFFFFFFFFFFFDE
:20E26000FFFFFFFFFFFFFFFFFFFFFFFFFFFFFFFFFFFFFFFFFFFFFFFFFFFFFFFFFFFFFFFFBE
:20E28000FFFFFFFFFFFFFFFFFFFFFFFFFFFFFFFFFFFFFFFFFFFFFFFFFFFFFFFFFFFFFFFF9E
:20E2A000FFFFFFFFFFFFFFFFFFFFFFFFFFFFFFFFFFFFFFFFFFFFFFFFFFFFFFFFFFFFFFFF7E
:20E2C000FFFFFFFFFFFFFFFFFFFFFFFFFFFFFFFFFFFFFFFFFFFFFFFFFFFFFFFFFFFFFFFF5E
:20E2E000FFFFFFFFFFFFFFFFFFFFFFFFFFFFFFFFFFFFFFFFFFFFFFFFFFFFFFFFFFFFFFFF3E
:20E30000FFFFFFFFFFFFFFFFFFFFFFFFFFFFFFFFFFFFFFFFFFFFFFFFFFFFFFFFFFFFFFFF1D
:20E32000FFFFFFFFFFFFFFFFFFFFFFFFFFFFFFFFFFFFFFFFFFFFFFFFFFFFFFFFFFFFFFFFFD
:20E34000FFFFFFFFFFFFFFFFFFFFFFFFFFFFFFFFFFFFFFFFFFFFFFFFFFFFFFFFFFFFFFFFDD
:20E36000FFFFFFFFFFFFFFFFFFFFFFFFFFFFFFFFFFFFFFFFFFFFFFFFFFFFFFFFFFFFFFFFBD
:20E38000FFFFFFFFFFFFFFFFFFFFFFFFFFFFFFFFFFFFFFFFFFFFFFFFFFFFFFFFFFFFFFFF9D
:20E3A000FFFFFFFFFFFFFFFFFFFFFFFFFFFFFFFFFFFFFFFFFFFFFFFFFFFFFFFFFFFFFFFF7D
:20E3C000FFFFFFFFFFFFFFFFFFFFFFFFFFFFFFFFFFFFFFFFFFFFFFFFFFFFFFFFFFFFFFFF5D
:20E3E000FFFFFFFFFFFFFFFFFFFFFFFFFFFFFFFFFFFFFFFFFFFFFFFFFFFFFFFFFFFFFFFF3D
:20E40000FFFFFFFFFFFFFFFFFFFFFFFFFFFFFFFFFFFFFFFFFFFFFFFFFFFFFFFFFFFFFFFF1C
:20E42000FFFFFFFFFFFFFFFFFFFFFFFFFFFFFFFFFFFFFFFFFFFFFFFFFFFFFFFFFFFFFFFFFC
:20E44000FFFFFFFFFFFFFFFFFFFFFFFFFFFFFFFFFFFFFFFFFFFFFFFFFFFFFFFFFFFFFFFFDC
:20E46000FFFFFFFFFFFFFFFFFFFFFFFFFFFFFFFFFFFFFFFFFFFFFFFFFFFFFFFFFFFFFFFFBC
:20E48000FFFFFFFFFFFFFFFFFFFFFFFFFFFFFFFFFFFFFFFFFFFFFFFFFFFFFFFFFFFFFFFF9C
:20E4A000FFFFFFFFFFFFFFFFFFFFFFFFFFFFFFFFFFFFFFFFFFFFFFFFFFFFFFFFFFFFFFFF7C
:20E4C000FFFFFFFFFFFFFFFFFFFFFFFFFFFFFFFFFFFFFFFFFFFFFFFFFFFFFFFFFFFFFFFF5C
:20E4E000FFFFFFFFFFFFFFFFFFFFFFFFFFFFFFFFFFFFFFFFFFFFFFFFFFFFFFFFFFFFFFFF3C
:20E50000FFFFFFFFFFFFFFFFFFFFFFFFFFFFFFFFFFFFFFFFFFFFFFFFFFFFFFFFFFFFFFFF1B
:20E52000FFFFFFFFFFFFFFFFFFFFFFFFFFFFFFFFFFFFFFFFFFFFFFFFFFFFFFFFFFFFFFFFFB
:20E54000FFFFFFFFFFFFFFFFFFFFFFFFFFFFFFFFFFFFFFFFFFFFFFFFFFFFFFFFFFFFFFFFDB
:20E56000FFFFFFFFFFFFFFFFFFFFFFFFFFFFFFFFFFFFFFFFFFFFFFFFFFFFFFFFFFFFFFFFBB
:20E58000FFFFFFFFFFFFFFFFFFFFFFFFFFFFFFFFFFFFFFFFFFFFFFFFFFFFFFFFFFFFFFFF9B
:20E5A000FFFFFFFFFFFFFFFFFFFFFFFFFFFFFFFFFFFFFFFFFFFFFFFFFFFFFFFFFFFFFFFF7B
:20E5C000FFFFFFFFFFFFFFFFFFFFFFFFFFFFFFFFFFFFFFFFFFFFFFFFFFFFFFFFFFFFFFFF5B
:20E5E000FFFFFFFFFFFFFFFFFFFFFFFFFFFFFFFFFFFFFFFFFFFFFFFFFFFFFFFFFFFFFFFF3B
:20E60000FFFFFFFFFFFFFFFFFFFFFFFFFFFFFFFFFFFFFFFFFFFFFFFFFFFFFFFFFFFFFFFF1A
:20E62000FFFFFFFFFFFFFFFFFFFFFFFFFFFFFFFFFFFFFFFFFFFFFFFFFFFFFFFFFFFFFFFFFA
:20E64000FFFFFFFFFFFFFFFFFFFFFFFFFFFFFFFFFFFFFFFFFFFFFFFFFFFFFFFFFFFFFFFFDA
:20E66000FFFFFFFFFFFFFFFFFFFFFFFFFFFFFFFFFFFFFFFFFFFFFFFFFFFFFFFFFFFFFFFFBA
:20E68000FFFFFFFFFFFFFFFFFFFFFFFFFFFFFFFFFFFFFFFFFFFFFFFFFFFFFFFFFFFFFFFF9A
:20E6A000FFFFFFFFFFFFFFFFFFFFFFFFFFFFFFFFFFFFFFFFFFFFFFFFFFFFFFFFFFFFFFFF7A
:20E6C000FFFFFFFFFFFFFFFFFFFFFFFFFFFFFFFFFFFFFFFFFFFFFFFFFFFFFFFFFFFFFFFF5A
:20E6E000FFFFFFFFFFFFFFFFFFFFFFFFFFFFFFFFFFFFFFFFFFFFFFFFFFFFFFFFFFFFFFFF3A
:20E70000FFFFFFFFFFFFFFFFFFFFFFFFFFFFFFFFFFFFFFFFFFFFFFFFFFFFFFFFFFFFFFFF19
:20E72000FFFFFFFFFFFFFFFFFFFFFFFFFFFFFFFFFFFFFFFFFFFFFFFFFFFFFFFFFFFFFFFFF9
:20E74000FFFFFFFFFFFFFFFFFFFFFFFFFFFFFFFFFFFFFFFFFFFFFFFFFFFFFFFFFFFFFFFFD9
:20E76000FFFFFFFFFFFFFFFFFFFFFFFFFFFFFFFFFFFFFFFFFFFFFFFFFFFFFFFFFFFFFFFFB9
:20E78000FFFFFFFFFFFFFFFFFFFFFFFFFFFFFFFFFFFFFFFFFFFFFFFFFFFFFFFFFFFFFFFF99
:20E7A000FFFFFFFFFFFFFFFFFFFFFFFFFFFFFFFFFFFFFFFFFFFFFFFFFFFFFFFFFFFFFFFF79
:20E7C000FFFFFFFFFFFFFFFFFFFFFFFFFFFFFFFFFFFFFFFFFFFFFFFFFFFFFFFFFFFFFFFF59
:20E7E000FFFFFFFFFFFFFFFFFFFFFFFFFFFFFFFFFFFFFFFFFFFFFFFFFFFFFFFFFFFFFFFF39
:020000040800F2
:20E80000FFFFFFFFFFFFFFFFFFFFFFFFFFFFFFFFFFFFFFFFFFFFFFFFFFFFFFFFFFFFFFFF18
:20E82000FFFFFFFFFFFFFFFFFFFFFFFFFFFFFFFFFFFFFFFFFFFFFFFFFFFFFFFFFFFFFFFFF8
:20E84000FFFFFFFFFFFFFFFFFFFFFFFFFFFFFFFFFFFFFFFFFFFFFFFFFFFFFFFFFFFFFFFFD8
:20E86000FFFFFFFFFFFFFFFFFFFFFFFFFFFFFFFFFFFFFFFFFFFFFFFFFFFFFFFFFFFFFFFFB8
:20E88000FFFFFFFFFFFFFFFFFFFFFFFFFFFFFFFFFFFFFFFFFFFFFFFFFFFFFFFFFFFFFFFF98
:20E8A000FFFFFFFFFFFFFFFFFFFFFFFFFFFFFFFFFFFFFFFFFFFFFFFFFFFFFFFFFFFFFFFF78
:20E8C000FFFFFFFFFFFFFFFFFFFFFFFFFFFFFFFFFFFFFFFFFFFFFFFFFFFFFFFFFFFFFFFF58
:20E8E000FFFFFFFFFFFFFFFFFFFFFFFFFFFFFFFFFFFFFFFFFFFFFFFFFFFFFFFFFFFFFFFF38
:20E90000FFFFFFFFFFFFFFFFFFFFFFFFFFFFFFFFFFFFFFFFFFFFFFFFFFFFFFFFFFFFFFFF17
:20E92000FFFFFFFFFFFFFFFFFFFFFFFFFFFFFFFFFFFFFFFFFFFFFFFFFFFFFFFFFFFFFFFFF7
:20E94000FFFFFFFFFFFFFFFFFFFFFFFFFFFFFFFFFFFFFFFFFFFFFFFFFFFFFFFFFFFFFFFFD7
:20E96000FFFFFFFFFFFFFFFFFFFFFFFFFFFFFFFFFFFFFFFFFFFFFFFFFFFFFFFFFFFFFFFFB7
:20E98000FFFFFFFFFFFFFFFFFFFFFFFFFFFFFFFFFFFFFFFFFFFFFFFFFFFFFFFFFFFFFFFF97
:20E9A000FFFFFFFFFFFFFFFFFFFFFFFFFFFFFFFFFFFFFFFFFFFFFFFFFFFFFFFFFFFFFFFF77
:20E9C000FFFFFFFFFFFFFFFFFFFFFFFFFFFFFFFFFFFFFFFFFFFFFFFFFFFFFFFFFFFFFFFF57
:20E9E000FFFFFFFFFFFFFFFFFFFFFFFFFFFFFFFFFFFFFFFFFFFFFFFFFFFFFFFFFFFFFFFF37
:20EA0000FFFFFFFFFFFFFFFFFFFFFFFFFFFFFFFFFFFFFFFFFFFFFFFFFFFFFFFFFFFFFFFF16
:20EA2000FFFFFFFFFFFFFFFFFFFFFFFFFFFFFFFFFFFFFFFFFFFFFFFFFFFFFFFFFFFFFFFFF6
:20EA4000FFFFFFFFFFFFFFFFFFFFFFFFFFFFFFFFFFFFFFFFFFFFFFFFFFFFFFFFFFFFFFFFD6
:20EA6000FFFFFFFFFFFFFFFFFFFFFFFFFFFFFFFFFFFFFFFFFFFFFFFFFFFFFFFFFFFFFFFFB6
:20EA8000FFFFFFFFFFFFFFFFFFFFFFFFFFFFFFFFFFFFFFFFFFFFFFFFFFFFFFFFFFFFFFFF96
:20EAA000FFFFFFFFFFFFFFFFFFFFFFFFFFFFFFFFFFFFFFFFFFFFFFFFFFFFFFFFFFFFFFFF76
:20EAC000FFFFFFFFFFFFFFFFFFFFFFFFFFFFFFFFFFFFFFFFFFFFFFFFFFFFFFFFFFFFFFFF56
:20EAE000FFFFFFFFFFFFFFFFFFFFFFFFFFFFFFFFFFFFFFFFFFFFFFFFFFFFFFFFFFFFFFFF36
:20EB0000FFFFFFFFFFFFFFFFFFFFFFFFFFFFFFFFFFFFFFFFFFFFFFFFFFFFFFFFFFFFFFFF15
:20EB2000FFFFFFFFFFFFFFFFFFFFFFFFFFFFFFFFFFFFFFFFFFFFFFFFFFFFFFFFFFFFFFFFF5
:20EB4000FFFFFFFFFFFFFFFFFFFFFFFFFFFFFFFFFFFFFFFFFFFFFFFFFFFFFFFFFFFFFFFFD5
:20EB6000FFFFFFFFFFFFFFFFFFFFFFFFFFFFFFFFFFFFFFFFFFFFFFFFFFFFFFFFFFFFFFFFB5
:20EB8000FFFFFFFFFFFFFFFFFFFFFFFFFFFFFFFFFFFFFFFFFFFFFFFFFFFFFFFFFFFFFFFF95
:20EBA000FFFFFFFFFFFFFFFFFFFFFFFFFFFFFFFFFFFFFFFFFFFFFFFFFFFFFFFFFFFFFFFF75
:20EBC000FFFFFFFFFFFFFFFFFFFFFFFFFFFFFFFFFFFFFFFFFFFFFFFFFFFFFFFFFFFFFFFF55
:20EBE000FFFFFFFFFFFFFFFFFFFFFFFFFFFFFFFFFFFFFFFFFFFFFFFFFFFFFFFFFFFFFFFF35
:20EC0000FFFFFFFFFFFFFFFFFFFFFFFFFFFFFFFFFFFFFFFFFFFFFFFFFFFFFFFFFFFFFFFF14
:20EC2000FFFFFFFFFFFFFFFFFFFFFFFFFFFFFFFFFFFFFFFFFFFFFFFFFFFFFFFFFFFFFFFFF4
:20EC4000FFFFFFFFFFFFFFFFFFFFFFFFFFFFFFFFFFFFFFFFFFFFFFFFFFFFFFFFFFFFFFFFD4
:20EC6000FFFFFFFFFFFFFFFFFFFFFFFFFFFFFFFFFFFFFFFFFFFFFFFFFFFFFFFFFFFFFFFFB4
:20EC8000FFFFFFFFFFFFFFFFFFFFFFFFFFFFFFFFFFFFFFFFFFFFFFFFFFFFFFFFFFFFFFFF94
:20ECA000FFFFFFFFFFFFFFFFFFFFFFFFFFFFFFFFFFFFFFFFFFFFFFFFFFFFFFFFFFFFFFFF74
:20ECC000FFFFFFFFFFFFFFFFFFFFFFFFFFFFFFFFFFFFFFFFFFFFFFFFFFFFFFFFFFFFFFFF54
:20ECE000FFFFFFFFFFFFFFFFFFFFFFFFFFFFFFFFFFFFFFFFFFFFFFFFFFFFFFFFFFFFFFFF34
:20ED0000FFFFFFFFFFFFFFFFFFFFFFFFFFFFFFFFFFFFFFFFFFFFFFFFFFFFFFFFFFFFFFFF13
:20ED2000FFFFFFFFFFFFFFFFFFFFFFFFFFFFFFFFFFFFFFFFFFFFFFFFFFFFFFFFFFFFFFFFF3
:20ED4000FFFFFFFFFFFFFFFFFFFFFFFFFFFFFFFFFFFFFFFFFFFFFFFFFFFFFFFFFFFFFFFFD3
:20ED6000FFFFFFFFFFFFFFFFFFFFFFFFFFFFFFFFFFFFFFFFFFFFFFFFFFFFFFFFFFFFFFFFB3
:20ED8000FFFFFFFFFFFFFFFFFFFFFFFFFFFFFFFFFFFFFFFFFFFFFFFFFFFFFFFFFFFFFFFF93
:20EDA000FFFFFFFFFFFFFFFFFFFFFFFFFFFFFFFFFFFFFFFFFFFFFFFFFFFFFFFFFFFFFFFF73
:20EDC000FFFFFFFFFFFFFFFFFFFFFFFFFFFFFFFFFFFFFFFFFFFFFFFFFFFFFFFFFFFFFFFF53
:20EDE000FFFFFFFFFFFFFFFFFFFFFFFFFFFFFFFFFFFFFFFFFFFFFFFFFFFFFFFFFFFFFFFF33
:20EE0000FFFFFFFFFFFFFFFFFFFFFFFFFFFFFFFFFFFFFFFFFFFFFFFFFFFFFFFFFFFFFFFF12
:20EE2000FFFFFFFFFFFFFFFFFFFFFFFFFFFFFFFFFFFFFFFFFFFFFFFFFFFFFFFFFFFFFFFFF2
:20EE4000FFFFFFFFFFFFFFFFFFFFFFFFFFFFFFFFFFFFFFFFFFFFFFFFFFFFFFFFFFFFFFFFD2
:20EE6000FFFFFFFFFFFFFFFFFFFFFFFFFFFFFFFFFFFFFFFFFFFFFFFFFFFFFFFFFFFFFFFFB2
:20EE8000FFFFFFFFFFFFFFFFFFFFFFFFFFFFFFFFFFFFFFFFFFFFFFFFFFFFFFFFFFFFFFFF92
:20EEA000FFFFFFFFFFFFFFFFFFFFFFFFFFFFFFFFFFFFFFFFFFFFFFFFFFFFFFFFFFFFFFFF72
:20EEC000FFFFFFFFFFFFFFFFFFFFFFFFFFFFFFFFFFFFFFFFFFFFFFFFFFFFFFFFFFFFFFFF52
:20EEE000FFFFFFFFFFFFFFFFFFFFFFFFFFFFFFFFFFFFFFFFFFFFFFFFFFFFFFFFFFFFFFFF32
:20EF0000FFFFFFFFFFFFFFFFFFFFFFFFFFFFFFFFFFFFFFFFFFFFFFFFFFFFFFFFFFFFFFFF11
:20EF2000FFFFFFFFFFFFFFFFFFFFFFFFFFFFFFFFFFFFFFFFFFFFFFFFFFFFFFFFFFFFFFFFF1
:20EF4000FFFFFFFFFFFFFFFFFFFFFFFFFFFFFFFFFFFFFFFFFFFFFFFFFFFFFFFFFFFFFFFFD1
:20EF6000FFFFFFFFFFFFFFFFFFFFFFFFFFFFFFFFFFFFFFFFFFFFFFFFFFFFFFFFFFFFFFFFB1
:20EF8000FFFFFFFFFFFFFFFFFFFFFFFFFFFFFFFFFFFFFFFFFFFFFFFFFFFFFFFFFFFFFFFF91
:20EFA000FFFFFFFFFFFFFFFFFFFFFFFFFFFFFFFFFFFFFFFFFFFFFFFFFFFFFFFFFFFFFFFF71
:20EFC000FFFFFFFFFFFFFFFFFFFFFFFFFFFFFFFFFFFFFFFFFFFFFFFFFFFFFFFFFFFFFFFF51
:20EFE000FFFFFFFFFFFFFFFFFFFFFFFFFFFFFFFFFFFFFFFFFFFFFFFFFFFFFFFFFFFFFFFF31
:20F00000FFFFFFFFFFFFFFFFFFFFFFFFFFFFFFFFFFFFFFFFFFFFFFFFFFFFFFFFFFFFFFFF10
:20F02000FFFFFFFFFFFFFFFFFFFFFFFFFFFFFFFFFFFFFFFFFFFFFFFFFFFFFFFFFFFFFFFFF0
:20F04000FFFFFFFFFFFFFFFFFFFFFFFFFFFFFFFFFFFFFFFFFFFFFFFFFFFFFFFFFFFFFFFFD0
:20F06000FFFFFFFFFFFFFFFFFFFFFFFFFFFFFFFFFFFFFFFFFFFFFFFFFFFFFFFFFFFFFFFFB0
:20F08000FFFFFFFFFFFFFFFFFFFFFFFFFFFFFFFFFFFFFFFFFFFFFFFFFFFFFFFFFFFFFFFF90
:20F0A000FFFFFFFFFFFFFFFFFFFFFFFFFFFFFFFFFFFFFFFFFFFFFFFFFFFFFFFFFFFFFFFF70
:20F0C000FFFFFFFFFFFFFFFFFFFFFFFFFFFFFFFFFFFFFFFFFFFFFFFFFFFFFFFFFFFFFFFF50
:20F0E000FFFFFFFFFFFFFFFFFFFFFFFFFFFFFFFFFFFFFFFFFFFFFFFFFFFFFFFFFFFFFFFF30
:20F10000FFFFFFFFFFFFFFFFFFFFFFFFFFFFFFFFFFFFFFFFFFFFFFFFFFFFFFFFFFFFFFFF0F
:20F12000FFFFFFFFFFFFFFFFFFFFFFFFFFFFFFFFFFFFFFFFFFFFFFFFFFFFFFFFFFFFFFFFEF
:20F14000FFFFFFFFFFFFFFFFFFFFFFFFFFFFFFFFFFFFFFFFFFFFFFFFFFFFFFFFFFFFFFFFCF
:20F16000FFFFFFFFFFFFFFFFFFFFFFFFFFFFFFFFFFFFFFFFFFFFFFFFFFFFFFFFFFFFFFFFAF
:20F18000FFFFFFFFFFFFFFFFFFFFFFFFFFFFFFFFFFFFFFFFFFFFFFFFFFFFFFFFFFFFFFFF8F
:20F1A000FFFFFFFFFFFFFFFFFFFFFFFFFFFFFFFFFFFFFFFFFFFFFFFFFFFFFFFFFFFFFFFF6F
:20F1C000FFFFFFFFFFFFFFFFFFFFFFFFFFFFFFFFFFFFFFFFFFFFFFFFFFFFFFFFFFFFFFFF4F
:20F1E000FFFFFFFFFFFFFFFFFFFFFFFFFFFFFFFFFFFFFFFFFFFFFFFFFFFFFFFFFFFFFFFF2F
:20F20000FFFFFFFFFFFFFFFFFFFFFFFFFFFFFFFFFFFFFFFFFFFFFFFFFFFFFFFFFFFFFFFF0E
:20F22000FFFFFFFFFFFFFFFFFFFFFFFFFFFFFFFFFFFFFFFFFFFFFFFFFFFFFFFFFFFFFFFFEE
:20F24000FFFFFFFFFFFFFFFFFFFFFFFFFFFFFFFFFFFFFFFFFFFFFFFFFFFFFFFFFFFFFFFFCE
:20F26000FFFFFFFFFFFFFFFFFFFFFFFFFFFFFFFFFFFFFFFFFFFFFFFFFFFFFFFFFFFFFFFFAE
:20F28000FFFFFFFFFFFFFFFFFFFFFFFFFFFFFFFFFFFFFFFFFFFFFFFFFFFFFFFFFFFFFFFF8E
:20F2A000FFFFFFFFFFFFFFFFFFFFFFFFFFFFFFFFFFFFFFFFFFFFFFFFFFFFFFFFFFFFFFFF6E
:20F2C000FFFFFFFFFFFFFFFFFFFFFFFFFFFFFFFFFFFFFFFFFFFFFFFFFFFFFFFFFFFFFFFF4E
:20F2E000FFFFFFFFFFFFFFFFFFFFFFFFFFFFFFFFFFFFFFFFFFFFFFFFFFFFFFFFFFFFFFFF2E
:20F30000FFFFFFFFFFFFFFFFFFFFFFFFFFFFFFFFFFFFFFFFFFFFFFFFFFFFFFFFFFFFFFFF0D
:20F32000FFFFFFFFFFFFFFFFFFFFFFFFFFFFFFFFFFFFFFFFFFFFFFFFFFFFFFFFFFFFFFFFED
:20F34000FFFFFFFFFFFFFFFFFFFFFFFFFFFFFFFFFFFFFFFFFFFFFFFFFFFFFFFFFFFFFFFFCD
:20F36000FFFFFFFFFFFFFFFFFFFFFFFFFFFFFFFFFFFFFFFFFFFFFFFFFFFFFFFFFFFFFFFFAD
:20F38000FFFFFFFFFFFFFFFFFFFFFFFFFFFFFFFFFFFFFFFFFFFFFFFFFFFFFFFFFFFFFFFF8D
:20F3A000FFFFFFFFFFFFFFFFFFFFFFFFFFFFFFFFFFFFFFFFFFFFFFFFFFFFFFFFFFFFFFFF6D
:20F3C000FFFFFFFFFFFFFFFFFFFFFFFFFFFFFFFFFFFFFFFFFFFFFFFFFFFFFFFFFFFFFFFF4D
:20F3E000FFFFFFFFFFFFFFFFFFFFFFFFFFFFFFFFFFFFFFFFFFFFFFFFFFFFFFFFFFFFFFFF2D
:20F40000FFFFFFFFFFFFFFFFFFFFFFFFFFFFFFFFFFFFFFFFFFFFFFFFFFFFFFFFFFFFFFFF0C
:20F42000FFFFFFFFFFFFFFFFFFFFFFFFFFFFFFFFFFFFFFFFFFFFFFFFFFFFFFFFFFFFFFFFEC
:20F44000FFFFFFFFFFFFFFFFFFFFFFFFFFFFFFFFFFFFFFFFFFFFFFFFFFFFFFFFFFFFFFFFCC
:20F46000FFFFFFFFFFFFFFFFFFFFFFFFFFFFFFFFFFFFFFFFFFFFFFFFFFFFFFFFFFFFFFFFAC
:20F48000FFFFFFFFFFFFFFFFFFFFFFFFFFFFFFFFFFFFFFFFFFFFFFFFFFFFFFFFFFFFFFFF8C
:20F4A000FFFFFFFFFFFFFFFFFFFFFFFFFFFFFFFFFFFFFFFFFFFFFFFFFFFFFFFFFFFFFFFF6C
:20F4C000FFFFFFFFFFFFFFFFFFFFFFFFFFFFFFFFFFFFFFFFFFFFFFFFFFFFFFFFFFFFFFFF4C
:20F4E000FFFFFFFFFFFFFFFFFFFFFFFFFFFFFFFFFFFFFFFFFFFFFFFFFFFFFFFFFFFFFFFF2C
:20F50000FFFFFFFFFFFFFFFFFFFFFFFFFFFFFFFFFFFFFFFFFFFFFFFFFFFFFFFFFFFFFFFF0B
:20F52000FFFFFFFFFFFFFFFFFFFFFFFFFFFFFFFFFFFFFFFFFFFFFFFFFFFFFFFFFFFFFFFFEB
:20F54000FFFFFFFFFFFFFFFFFFFFFFFFFFFFFFFFFFFFFFFFFFFFFFFFFFFFFFFFFFFFFFFFCB
:20F56000FFFFFFFFFFFFFFFFFFFFFFFFFFFFFFFFFFFFFFFFFFFFFFFFFFFFFFFFFFFFFFFFAB
:20F58000FFFFFFFFFFFFFFFFFFFFFFFFFFFFFFFFFFFFFFFFFFFFFFFFFFFFFFFFFFFFFFFF8B
:20F5A000FFFFFFFFFFFFFFFFFFFFFFFFFFFFFFFFFFFFFFFFFFFFFFFFFFFFFFFFFFFFFFFF6B
:20F5C000FFFFFFFFFFFFFFFFFFFFFFFFFFFFFFFFFFFFFFFFFFFFFFFFFFFFFFFFFFFFFFFF4B
:20F5E000FFFFFFFFFFFFFFFFFFFFFFFFFFFFFFFFFFFFFFFFFFFFFFFFFFFFFFFFFFFFFFFF2B
:20F60000FFFFFFFFFFFFFFFFFFFFFFFFFFFFFFFFFFFFFFFFFFFFFFFFFFFFFFFFFFFFFFFF0A
:20F62000FFFFFFFFFFFFFFFFFFFFFFFFFFFFFFFFFFFFFFFFFFFFFFFFFFFFFFFFFFFFFFFFEA
:20F64000FFFFFFFFFFFFFFFFFFFFFFFFFFFFFFFFFFFFFFFFFFFFFFFFFFFFFFFFFFFFFFFFCA
:20F66000FFFFFFFFFFFFFFFFFFFFFFFFFFFFFFFFFFFFFFFFFFFFFFFFFFFFFFFFFFFFFFFFAA
:20F68000FFFFFFFFFFFFFFFFFFFFFFFFFFFFFFFFFFFFFFFFFFFFFFFFFFFFFFFFFFFFFFFF8A
:20F6A000FFFFFFFFFFFFFFFFFFFFFFFFFFFFFFFFFFFFFFFFFFFFFFFFFFFFFFFFFFFFFFFF6A
:20F6C000FFFFFFFFFFFFFFFFFFFFFFFFFFFFFFFFFFFFFFFFFFFFFFFFFFFFFFFFFFFFFFFF4A
:20F6E000FFFFFFFFFFFFFFFFFFFFFFFFFFFFFFFFFFFFFFFFFFFFFFFFFFFFFFFFFFFFFFFF2A
:20F70000FFFFFFFFFFFFFFFFFFFFFFFFFFFFFFFFFFFFFFFFFFFFFFFFFFFFFFFFFFFFFFFF09
:20F72000FFFFFFFFFFFFFFFFFFFFFFFFFFFFFFFFFFFFFFFFFFFFFFFFFFFFFFFFFFFFFFFFE9
:20F74000FFFFFFFFFFFFFFFFFFFFFFFFFFFFFFFFFFFFFFFFFFFFFFFFFFFFFFFFFFFFFFFFC9
:20F76000FFFFFFFFFFFFFFFFFFFFFFFFFFFFFFFFFFFFFFFFFFFFFFFFFFFFFFFFFFFFFFFFA9
:20F78000FFFFFFFFFFFFFFFFFFFFFFFFFFFFFFFFFFFFFFFFFFFFFFFFFFFFFFFFFFFFFFFF89
:20F7A000FFFFFFFFFFFFFFFFFFFFFFFFFFFFFFFFFFFFFFFFFFFFFFFFFFFFFFFFFFFFFFFF69
:20F7C000FFFFFFFFFFFFFFFFFFFFFFFFFFFFFFFFFFFFFFFFFFFFFFFFFFFFFFFFFFFFFFFF49
:20F7E000FFFFFFFFFFFFFFFFFFFFFFFFFFFFFFFFFFFFFFFFFFFFFFFFFFFFFFFF454E4B4FF8
:00000001FF
