:020000040800F2
:1048000000400020298E0008198C00081B8C00082D
:104810000000000000000000000000000000000098
:104820000000000000000000000000001D8C0008D7
:1048300000000000000000001F8C0008218C000810
:10484000798E0008798E0008798E0008798E00082C
:10485000798E0008798E0008798E0008238C000874
:10486000798E0008798E0008798E0008798E00080C
:10487000798E0008798E0008798E0008798E0008FC
:10488000798E0008798E0008798E00082D8C00083A
:104890003D8C0008798E0008798E0008798E00081A
:1048A000798E0008798E0008798E0008798E0008CC
:1048B000798E0008798E00084D8C00085D8C000808
:1048C00010B5064C2378002B07D1054B002B02D0E6
:1048D000044800E000BF0123237010BDD80300206E
:1048E0000000000098CD0008044B10B5002B03D049
:1048F0000349044800E000BF10BDC04600000000AE
:10490000DC03002098CD00080023C25C0133002A9C
:10491000FBD1581E7047000002B471464908490097
:10492000095C49008E4402BC7047C04603B471461E
:10493000490840004900095A49008E4403BC7047A9
:10494000002243088B4274D303098B425FD3030ACE
:104950008B4244D3030B8B4228D3030C8B420DD3E1
:10496000FF22090212BA030C8B4202D3121209026F
:1049700065D0030B8B4219D300E0090AC30B8B42AD
:1049800001D3CB03C01A5241830B8B4201D38B035B
:10499000C01A5241430B8B4201D34B03C01A524100
:1049A000030B8B4201D30B03C01A5241C30A8B4243
:1049B00001D3CB02C01A5241830A8B4201D38B022E
:1049C000C01A5241430A8B4201D34B02C01A5241D2
:1049D000030A8B4201D30B02C01A5241CDD2C30944
:1049E0008B4201D3CB01C01A524183098B4201D3C0
:1049F0008B01C01A524143098B4201D34B01C01AAB
:104A0000524103098B4201D30B01C01A5241C30822
:104A10008B4201D3CB00C01A524183088B4201D391
:104A20008B00C01A524143088B4201D34B00C01A7D
:104A30005241411A00D20146524110467047FFE7E9
:104A400001B5002000F0F0F802BDC0460029F7D003
:104A500076E7704703460B437FD4002243088B421E
:104A600074D303098B425FD3030A8B4244D3030BF5
:104A70008B4228D3030C8B420DD3FF22090212BABA
:104A8000030C8B4202D31212090265D0030B8B4236
:104A900019D300E0090AC30B8B4201D3CB03C01A20
:104AA0005241830B8B4201D38B03C01A5241430BFB
:104AB0008B4201D34B03C01A5241030B8B4201D3EB
:104AC0000B03C01A5241C30A8B4201D3CB02C01A56
:104AD0005241830A8B4201D38B02C01A5241430ACE
:104AE0008B4201D34B02C01A5241030A8B4201D3BD
:104AF0000B02C01A5241CDD2C3098B4201D3CB0164
:104B0000C01A524183098B4201D38B01C01A524112
:104B100043098B4201D34B01C01A524103098B4216
:104B200001D30B01C01A5241C3088B4201D3CB0001
:104B3000C01A524183088B4201D38B00C01A5241E4
:104B400043088B4201D34B00C01A5241411A00D294
:104B500001465241104670475DE0CA0F00D04942FD
:104B6000031000D34042534000229C4603098B426D
:104B70002DD3030A8B4212D3FC22890112BA030AF5
:104B80008B420CD3890192118B4208D38901921177
:104B90008B4204D389013AD0921100E08909C309FC
:104BA0008B4201D3CB01C01A524183098B4201D3FE
:104BB0008B01C01A524143098B4201D34B01C01AE9
:104BC000524103098B4201D30B01C01A5241C30861
:104BD0008B4201D3CB00C01A524183088B4201D3D0
:104BE0008B00C01A5241D9D243088B4201D34B00EB
:104BF000C01A5241411A00D20146634652415B102D
:104C0000104601D34042002B00D54942704763460D
:104C10005B1000D3404201B5002000F005F802BD52
:104C20000029F8D016E770477047C046D0400B0007
:104C3000D1409C46203AD3401843524263469340A9
:104C400018437047F0B5DE46454657464E46E0B538
:104C500087B0009201930B031B0B9B46CA0F4B00BE
:104C6000040080465B0D029200D16AE1D44A93426F
:104C700000D18CE15946420FC9000A438021090442
:104C80001143C2009046CF4A894692469A44002377
:104C900000240393009E019F3B031B0B9B467B005C
:104CA00030005B0DFD0F002B00D128E1C44A934278
:104CB00000D177E15946720FC9000A4380210904E7
:104CC00011438B46BF49F2008C4651466344CB1AD0
:104CD0009A460023029E6E400F2C27D8BA49A400A2
:104CE00009598F46CB464246029E039B022B16D0A3
:104CF000032B00D1A6E2012B00D0DFE0002200232D
:104D0000002490461B052343F60733434046190011
:104D100007B0F0BCBB46B246A946A046F0BD002293
:104D200000249046A64BEDE72E00DFE7CB4500D2EE
:104D3000D4E100D1CFE101235B429C464446484682
:104D40000027E2445B46150E1B021D43190C2B0481
:104D5000120200951D0C914602910395FFF776FE15
:104D600002006A430B04210C804619438A4209D988
:104D7000009D0123AC465B4261449C46E0448D4269
:104D800000D8FBE1881A0299FFF760FE039A240419
:104D900042430904240C03000C43A24206D90099A3
:104DA000013B8C466444A14200D8E1E1A01A42468E
:104DB00012041A4393464B4659461B0C1D0004939C
:104DC0000B0449460904090C0C001B0C5C43120C33
:104DD0006B43884651436A43250CAC465B186344D9
:104DE000994203D9802149028C466244190C24045B
:104DF0001B04240C8A181C19904202D316D1A74216
:104E000014D25B46009D013B4F4405934F459B41A7
:104E1000AC465B426344C018854200D3A1E18242A4
:104E200000D9F6E100D1F1E1059B9B463C1BA7426E
:104E3000BF41009D801A7F42C01B854200D1D0E156
:104E40000299FFF703FE039A0B044243210C07006B
:104E500019438A4200D978E1881A0299FFF7F6FDD2
:104E6000039A240442430904240C03000C43A24285
:104E700000D95DE14146A41A3A041A43049D130483
:104E80001B0C594347466B439C46100C47430B0C85
:104E9000BC44634468439F4203D980256D02AC46FD
:104EA00060441F0C09041B04090C3F185B18BC422A
:104EB00000D202E100D1FDE001231A43434B5344E9
:104EC000002B00DCAEE0510700D098E15946C90143
:104ED00006D559463E4B194080238B46DB00534490
:104EE0003C498B4200DD1AE75946D2084907114375
:104EF0005A465B0554028846240B5B0D02E75A466E
:104F0000009B1A4300D17EE05B46002B00D100E1FC
:104F1000584600F0E3FC020003000B3A1D27009EF8
:104F2000BA1A19005846D640083988403200024360
:104F30009346009A8A40284953448A469A4400235B
:104F4000C8E65B460343994656D05B46002B00D12A
:104F5000CDE0584600F0C2FC0B235B429C460200A9
:104F6000844466461D239B1B260011005846DE40E4
:104F70000839884033000343994623008B40984604
:104F8000164B00249B1A9A460023039382E65A4646
:104F9000024391462AD100229A46022390460824D1
:104FA000039377E65A46009B1A430D4B9C46E24416
:104FB000002A17D102231C4300239B46023389E6B3
:104FC000FF07000001FCFFFFB0CD0008FF03000059
:104FD000FFFFFFFEFE070000F30300000DFCFFFFD4
:104FE00001F8FFFF032332001C4373E69A460323B4
:104FF000D9460C2403934DE6002398469A46013384
:105000000424039346E601231C4300239B460133FB
:1050100060E60023802498460026924B240371E624
:10502000012252420121C91A382900DD66E61F29F2
:1050300000DCABE01F204042C31A5846D8400300B2
:10504000202904D058468849514488400243511EC3
:105050008A411A43072319000024114013420CD03F
:105060000F231340042B00D1F9E0111D91429B4105
:105070000A005B4259075B021C0BD2080A439046A8
:1050800000233FE680244B462403234209D05B469D
:10509000234206D11C4324032E009046714B240B5F
:1050A00030E680244B4624031C432403029E6D4BB0
:1050B000240B27E6002B00D100E70098511E844600
:1050C0006444844200D284E0BC4200D2AEE000D10D
:1050D000C1E00A00F0E6424500D92CE64B46DC0769
:1050E000580843465B081C434346DF072AE600F0A6
:1050F000F5FB15239C4684440200634620321C2B9A
:1051000000DC2EE7230008388340994600239846A8
:1051100036E700F0E3FB02000300153220331C2ABF
:1051200000DCFBE600990838814000228B4602E74C
:105130000099013B8C466444A14200D99AE6A24200
:1051400000D897E6831E644494E6AC466144013F70
:105150008D4200D980E68A4200D87DE6871E6144F0
:105160007AE6854200D05FE6B94500D95CE656E6AE
:10517000A24200D81AE6831E644417E68A4200D889
:1051800000E6AC46831E98466144FBE537481400B0
:10519000504482405B4617008340CC407A1E9741C2
:1051A00023433B431A005B46CB40510709D00F21F4
:1051B0001140042905D0111D9142924152429B1881
:1051C0000A00190200D455E700220123002490466A
:1051D00098E50A00BC4200D06EE64B4500D06BE675
:1051E0006CE6234B234A5344924500DA18E7012129
:1051F00049420A1D8A42894149428B4466E60F2191
:105200001140042900D161E61100F2E7BC4200D848
:105210000AE602235B429C4600994F444F459B415E
:10522000E3448C465B426344C018FFE54946009D59
:10523000480048458941AC46494261448146023AAA
:105240006418C7E780245B4624031C43240390466C
:10525000044B240B56E59945E8D30A00BDE700232B
:1052600008E7C046FF0700003E0400001E040000DF
:10527000FF03000002FCFFFFF0B55746DE464E4636
:105280004546E0B51F000B031B0B16009A46CA0FDC
:105290004B000400934687B05B0D00D1D5E0BB4ABC
:1052A000934200D1F8E05146420FC9000A438021E1
:1052B00009041143C2009146B54A8A469D1800234D
:1052C000984602933C037B00FA0F3000240B5B0DE1
:1052D000009200D196E0AD4A934231D0720FE400C3
:1052E0002243802424041443A94AF00094466344D2
:1052F0005B195A1C0192424600260A2A42DC5A4691
:1053000000994A4093464246022A32DC013A012A79
:1053100000D949E1022E00D1CAE0012E3DD100237F
:105320000024002210005A461B052343D2071343D2
:10533000190007B0F0BCBB46B246A946A046F0BD76
:10534000924B2643EB18002E00D1BBE003224146CE
:1053500011435A46884600994A40802109018C46EB
:1053600029006144019141460A2900DD33E2934658
:105370000326424601279740A6213A00C9000A4069
:105380000F4231D0029E022E00D135E2032E00D111
:10539000D2E154464846012EC1D0019A7D4B944635
:1053A0006344002B00DCC0E0420709D00F2202401A
:1053B000042A05D0021D8242804140422418100078
:1053C000E20106D5744B019A1C4080239446DB0011
:1053D0006344724A93426BDC6207C00864025B0557
:1053E0000243240B5B0D9DE7902189000F4263D19E
:1053F00088223A4200D1D7E0009BA2469B468146D4
:105400000296BFE72300334300D17FE0002C00D198
:10541000ADE1200000F062FA020003000B3A1D200B
:105420001900821A30000839D0408C400443300003
:1054300088405B4AEB1A944663445A1C01924246E8
:1054400000260A2A00DC5AE79CE7534603439946A4
:1054500054D05346002B00D177E1504600F03EFA7D
:105460000B235B429C4602008444110050460839DD
:1054700088401D23804660461B1A2000D840030048
:10548000404603439A4623008B4099460023444DEF
:105490009846AD1A029315E752460243914626D12B
:1054A00000221D000223924608329046029309E72B
:1054B00000240022354B35E7002380249B4624033B
:1054C000324B2FE7022241461143802212019446BB
:1054D0002A006244884601920A2900DD52E75A46B2
:1054E0000020009904004A40934602260BE70C2254
:1054F0001D000323814690460293E3E600239A466B
:1055000004339846033B00250293DBE64246013311
:105510001A432B0090465A1C019242460024002058
:1055200001260A2A00DCEAE62CE70122D21A382AF0
:1055300000DDF4E61F2A00DC2AE11F214942CB1AD4
:105540002100D9400B00202A05D0164A019D94461F
:105550006544AC402043421E904118430723190084
:105560000024014003420CD00F230340042B00D140
:1055700040E1031D8342A4411800644261076402B4
:10558000240BC20800230A43CCE6C046FF070000F4
:1055900001FCFFFFFF030000FFFFFFFEFE0700000E
:1055A0000DFCFFFF3E04000049464A460904090C71
:1055B0000D00160C020C0004000C4543AC4605001F
:1055C0007543A84615000F007543009202952A0006
:1055D000009D6F4365462D0CA94647444F44B8458E
:1055E00005D91500802252029046454402953D0C93
:1055F000039565462D043F042D0CAC463D006544E3
:105600000495250C2404240CAC4625007543A846BB
:1056100065460F006943414489466743390C494454
:105620006E43884503D980225202904646440D0CB1
:10563000A846350045440595039D3F04A8463F0C08
:105640000904C91988444546039555462E04360C6D
:105650002F0C35004543784381463800A8462D0C71
:10566000AA46009A504372434A445244914503D992
:1056700080256D02A9464844150CA94645462D04CF
:105680002D0CA84665467D43120448449044A94623
:105690003200654662436E437C43170C3619BF19CE
:1056A000BC4203D980246402A446E144029C039EC8
:1056B000A446059D66448E428941AC4612043C04D2
:1056C000120CA2186244494254184644A446464566
:1056D000A44182466442A046AA4292418C45894137
:1056E000E244D044494252420A43A045A441824583
:1056F0008941644249420C4341463F0CD219121978
:10570000CC0D049970020843411E884141464A4429
:10571000F60D52023043490214430843D20135D5F5
:105720000122430802401343E0071843640834E6AB
:10573000009BA2469B4681468024534624031C437B
:1057400024034A462E4B240BECE500F0C7F8152342
:105750009C4684440200634620321C2B00DC84E615
:10576000002399462300083883409A468EE600F0CD
:10577000B5F802000300153220331C2A00DC4EE687
:1057800002003400083A0020944052E6019304E6F7
:105790001C4B21009C460300019DD3406544A94059
:1057A00019430300AB40581E834119430800D440FD
:1057B0004B0709D00F230B40042B05D00B1D8B4248
:1057C0008041404224181800230200D4D6E6012369
:1057D00000240022A6E50F29AAD1802352461B03EC
:1057E0001A42A9D01C42A7D11C43009B02009B4631
:1057F000034B97E50024C1E60024014B220091E50C
:10580000FF0700001E0400000B00020070B5164DDB
:105810000C0382B04900002000920193240B490D33
:10582000DE0FA94204DD1148814203DD104BF01860
:1058300002B070BD8020400320430E4C641A1F2C20
:1058400008DD0D4B5B1AD84003005842002EEFD103
:105850001800EDE7094B009A9C46030061448B4019
:10586000E2401343F1E7C046FE0300001D040000C0
:10587000FFFFFF7F3304000013040000EDFBFFFF78
:1058800070B5002816D0C317C5185D40C40F280096
:1058900000F024F8104B1B1A5B055B0D0A2814DC82
:1058A00002002E00153296400B22121AD5402D030D
:1058B0002D0B03E000240023002500261B052B43AD
:1058C000E40723433000190070BD0B3885402D03D9
:1058D00000262D0BF2E7C0461E0400001C21012308
:1058E0001B04984201D3000C10391B0A984201D3C3
:1058F000000A08391B09984201D30009043902A2A1
:10590000105C40187047C046040302020101010107
:1059100000000000000000007FB5244E00900191BF
:1059200005B20121041430000292039302F070FDCD
:10593000281A0A2819DD1E4B1E4A196C126891425A
:1059400002D91A6C013A1A640321300002F060FD9A
:10595000201A0A2819DD164B174AD96B1268914292
:1059600002D2DA6B0A32DA637FBD0121300002F025
:105970004FFD2D1A0A35E7DA0D4B104A196C1268E3
:105980009142E1D21A6C0132DDE70321300002F0CE
:105990003FFD241A0A34E7DA054B094AD96B12682D
:1059A0009142E1D9DA6B013ADDE7C04614050020E7
:1059B00000040040740400200402002000020020C3
:1059C000700400200122234B70B51B7C224C050083
:1059D0001021200013421AD002F01AFD01280AD12A
:1059E0002021200002F014FD042202432021200087
:1059F00092B202F0D7FC2021200002F009FD04231E
:105A0000984382B22021200002F0CCFC70BD02F04D
:105A1000C9FC2021200002F0FBFC0423984382B241
:105A20002021200002F0BEFCAA891821200002F0EB
:105A3000DBFC1121200002F0EBFC0C23EA5E332397
:105A40005A435212193A504343435B125B426B81F3
:105A5000DCE7C0460C04002014050020064A074974
:105A6000136C64330B60116C0023642901D9136C2F
:105A7000643B034A136070470004004000020020AA
:105A80007404002010B58010642800D26420034BF9
:105A900064381864FFF7E2FF10BDC0460004004000
:105AA00010B50C4C0021200002F0B2FC9623DB0064
:105AB00098420DD30021200002F0AAFC064B984228
:105AC00006D80021200002F0A3FC00B2FFF7DAFFA5
:105AD00010BDC04614050020DC050000064A074939
:105AE000D36BC8330B60D16B0023C82901D9D36BAA
:105AF000C83B034A136070470004004004020020C2
:105B000070040020A02362229B0043435B120133F8
:105B100053430649002210B58B4202D8044ADB09E0
:105B2000D21A044BDA63FFF7D9FF10BDFF2A020037
:105B3000560400000004004010B5084C022120006B
:105B400002F066FC96239B00984206D802212000B2
:105B500002F05EFC00B2FFF7D5FF10BD1405002077
:105B600010B5084C0321200002F052FC96239B0044
:105B7000984206D80321200002F04AFC00B2FFF749
:105B8000C1FF10BD14050020014B18787047C046B6
:105B900008020020014B18707047C0460802002020
:105BA00010B5084B1B78012B05D0042B03D0012224
:105BB000002B01D010BD002290200421C00504F06C
:105BC000ABF9F7E70802002084B0039303B2019118
:105BD0000120002B0ED06B469B89074A9033FF3380
:105BE0009BB2934206D86B460620185E9638434215
:105BF0005841C0B204B070476A07000070B5E12692
:105C00000022835E0500264CF600B34219DB00211A
:105C1000244A200002F0C6FBAF220421120120001A
:105C200002F0C0FB0022AB5EB3421CDB202120004F
:105C300002F0EEFBDF2220210240200002F0B2FB46
:105C400011E0C826F600B34217DC0021164A2000F6
:105C500002F0A8FB154A0421200002F0A3FB002259
:105C6000AB5EB342E2DD00220D21200002F09AFB80
:105C700001F0D6FE01F0BEFF70BD96220021D200D9
:105C8000200002F08FFB094A0421200002F08AFB69
:105C90002021200002F0BCFB2021084382B2CCE787
:105CA00014050020C80A000064050000AA050000D1
:105CB000F8B5464C05001C21200002F0A9FB012884
:105CC0000BD100220A21200002F06CFB0023404A85
:105CD0001360404A1360404A13600A21200002F01A
:105CE00097FB012822D0022845D0002866D1384AE7
:105CF00030211368200001331360364A13680133E2
:105D00001360202202F04EFB02223121200002F01B
:105D100049FB032120000223ED5E02F079FBF3230F
:105D2000434301221B129D4220DDF8BD284A2A4D23
:105D300013683021013313602B68202201332000C7
:105D40002B6002F02FFB02223121200002F02AFBFF
:105D5000204B2A681B685B089342E6D80521200087
:105D600002F056FB2B689842DFD802220A2120005D
:105D700002F018FBD9E7164D164F174E2A683B68FC
:105D8000316801325B182A605B009A42CDD306214C
:105D9000200002F03DFB2B689842C6D80B21200062
:105DA00002F036FB0128C0D100220A21200002F0B7
:105DB000F9FA00232B603B603360B6E750223021B4
:105DC000200002F0EFFA02223121D0E71405002072
:105DD00078040020800400207C04002070B501229B
:105DE0000D00040040211E4804F096F80122102105
:105DF0001B4804F091F801222021194804F08CF886
:105E0000022D08D0402C1DD006D8202C25D0302CB7
:105E100015D0102C0BD070BD602C19D0702C09D06F
:105E2000502CF8D1002240210D4804F075F80022D2
:105E3000102109E000224021094804F06DF80022F9
:105E4000102107E000222100054804F065F8E2E790
:105E500000224021024804F05FF800222021F3E7ED
:105E6000000400480321034A13688B430343136073
:105E70007047C04600000140044BDA68002902D098
:105E80000243DA6070478243FBE7C04600100240DD
:105E900000234360037070470223002901DD416045
:105EA000013B0370704743680278002B04D1012A3C
:105EB00001D1023303707047012AFCD1013B4360DA
:105EC000F9E70381002310B502AC2478C160C474E3
:105ED000028283744360037010BD10B5C37C04005C
:105EE000002B0BD1C36800229A5E1021435E9A42B8
:105EF0000DDB0023A374636023701AE0012BF8D13B
:105F0000C36800229A5E1021435E9A42F1DD237835
:105F1000002B03D120002189FFF7BEFF2378012B3E
:105F200002D12000FFF7BFFF2378022B01D1013BF4
:105F3000A37410BD036810B51B880824025F9B1A68
:105F40000A24025F0F2453438289134142689B0154
:105F500062439B181A119B121BB24260C3810B80D3
:105F600010BD0000224B10B500241C5F214B002007
:105F7000185E001BFFF784FC02000B0000201E4986
:105F8000FEF760FE00221D4BFFF776F9FFF73CFCA1
:105F90001B4B1C4A1A601C4A9A600B229A811B4BAD
:105FA0001B4A1A601B4A9A600C229A811A4B1B4AA0
:105FB0001C811A600A2258819A81194B194A1A6069
:105FC000194A9A6005229A81184B194A1A60194A8F
:105FD0009A6006229A81197C053A0A431A74164B74
:105FE000164A1A60FA2252049A6008229A8110BD59
:105FF000B8F7FF1FC2F7FF1F000054400000904099
:106000005C0400200E050020000017074804002053
:10601000100500200000E3093404002012050020D0
:106020002004002008050020C012FFFF0C040020FF
:106030000A050020E8023800F80300200C050020C3
:10604000414B70B500241C5F404B0020185E001BC4
:10605000FFF716FC02000B0000203D49FEF7F2FDA1
:1060600000223C4BFFF708F9FFF7CEFB3A4B3B4AC7
:106070001C811A600A223A4C5881382120009A81EA
:1060800002F0C6F939210600200002F0C1F93A21D8
:106090000500200002F0BCF9324B334A98813B21C5
:1060A00020001A601E815D8102F0B2F93C210600D9
:1060B000200002F0ADF93D210500200002F0A8F912
:1060C0002A4B2B4A9881412120001A601E815D8154
:1060D00002F09EF942210600200002F099F94321C6
:1060E0000500200002F094F9224B234A98814721B1
:1060F00020001A601E815D8102F08AF948210600A5
:10610000200002F085F949210500200002F080F905
:106110001A4B1B4A9881442120001A601E815D8120
:1061200002F076F945210600200002F071F94621BF
:106130000500200002F06CF9124B134A1E815D81AC
:106140001A60988170BDC046B8F7FF1FC2F7FF1FE5
:10615000000054400000904034040020120500204C
:10616000140500205C0400200E05002048040020D7
:106170001005002020040020080500200C04002049
:106180000A050020F80300200C050020F7B57C4E1E
:10619000010005003000FFF7CDFE3368794C1A8806
:1061A000212192B2200002F0FDF833684B2120003B
:1061B0001F8802F02DF9BFB20123874209D333684B
:1061C0004C2120001F8802F023F9BFB2B8429B4146
:1061D0005B420127327CA91CBA43134333746A4ED5
:1061E0003000FFF7A7FE336822211A88200092B200
:1061F00002F0D8F833684D211B8820009BB2019330
:1062000002F006F9019A3B00824209D333684E211D
:1062100020001F8802F0FCF8BFB2B842BF417B42A9
:106220000127327C291DBA4313433374574E300083
:10623000FFF780FE336823211A88200092B202F013
:10624000B1F8336855211B8820009BB2019302F0FE
:10625000DFF8019B834209D33368562120001F8851
:1062600002F0D6F8BFB2B842BF417F420122337C70
:10627000474993433B433374464E474B37681B882B
:10628000388801934843FEF75BFB019BC01A5023FB
:106290005843424B1988019BC91AFEF7DBFB1E309D
:1062A00028813A88262192B2200002F07BF83368D8
:1062B0004F211B8820009BB21F0002F0A9F8012388
:1062C00087420AD3336850211B8820009BB21F00ED
:1062D00002F09EF8B8429B415B420127327CA91D27
:1062E000BA43134333742E4E3000FFF723FE336856
:1062F00025211A88200092B202F054F83368512107
:106300001B8820009BB2019302F082F8019A3B00A7
:10631000824209D33368522120001F8802F078F8A6
:10632000BFB2B842BF417B4201272900327C0C3109
:10633000BA43134333741B4E3000FFF7FBFD336841
:1063400024211A88200092B202F02CF833685321DD
:106350001D882000ADB202F05BF8854209D3336896
:10636000542120001D8802F053F8ADB2A842BF416D
:106370007F420122337C93433B433374F7BDC046D5
:106380005C0400201405002048040020F8030020CD
:10639000E40C000034040020B8F7FF1FC2F7FF1F11
:1063A000200400200C040020F8B507000E001500A2
:1063B000294B2A4C4B2818D8002203211A702000A0
:1063C0002A0001F0EFFF2021200002F021F8FD2239
:1063D00020210240200001F0E5FF01222E212000B3
:1063E00001F0E0FF01F0C8FC23E002004C3A092A6A
:1063F00022D81A78002A1FD12021200002F008F8A4
:1064000002220243202192B2200001F0CBFF64203F
:10641000134B144A7B439B1831005843FEF71AFB79
:1064200082B2AA4206D80321200001F0BBFFFFF789
:1064300097FBF8BD2A00F6E70122202120001A7000
:1064400001F0E6FF0222024392B22021200001F077
:10645000A9FF0022C2E7C046F40300201405002073
:1064600089FEFFFF298B000010B50C4B0C490D4A2B
:106470001868C85004339342FAD101210800FFF78D
:10648000FBFC0320FFF7EEFC074B1B78012B04D12C
:10649000064B1B78012B00D1C04610BD00480008F8
:1064A00000B8FF17C0480008FCEF0008FCF7000820
:1064B00010B5054C200002F023FF062220000349FE
:1064C00002F002FE10BDC0469C0900200805002015
:1064D00010B5054C0821200004F010FF0C2120000D
:1064E00004F00CFF10BDC046980A002070B50225CC
:1064F000164804F07DFC1648FFF7CAFC154C200036
:10650000FFF7C6FCC8212000FFF7C6FC124C200094
:10651000FFF7BEFC2570114C2000FFF7B9FC2000EE
:106520000F49FFF7B9FC25700E4C2000FFF7B0FCB7
:106530000A212000FFF7B0FC0B4C2000FFF7A8FC5D
:1065400020000A49FFF7A8FC70BDC046500A002091
:10655000FC040020F4040020EC040020E4040020EB
:1065600060EA0000DC040020D4040020002E930226
:1065700070B5444C00223121200001F013FF40226D
:106580003021200001F00EFF3021200001F040FFFB
:106590003D4E3E4D0021C0B2FFF720FC2E60C820CA
:1065A00002F08EFC2E6001F0D7F9394D38212A898E
:1065B000200001F0F7FE6A893921200001F0F2FE87
:1065C000AA893A21200001F0EDFE324D3B212A89B3
:1065D000200001F0E7FE6A893C21200001F0E2FE84
:1065E000AA893D21200001F0DDFE2B4D3E212A89A4
:1065F000200001F0D7FE6A893F21200001F0D2FE81
:10660000AA894021200001F0CDFE244D41212A8994
:10661000200001F0C7FE6A894221200001F0C2FE7D
:10662000AA894321200001F0BDFE1D4D44212A8985
:10663000200001F0B7FE6A894521200001F0B2FE7A
:10664000AA894621200001F0ADFE164D47212A8976
:10665000200001F0A7FE6A894821200001F0A2FE77
:10666000AA894921200001F09DFE02220A21200072
:1066700001F098FE01222E21200001F093FE01F08E
:106680007BFB70BD14050020AAAA0000003000406A
:106690005C04002048040020340400202004002072
:1066A000F80300200C04002010B5024801F072FD30
:1066B00010BDC0461405002070B581260024B60028
:1066C0001A4D1B4BEB5AA34208D84A21280001F06F
:1066D0009FFE012827D1FFF7B3FC70BD21002800E1
:1066E00001F04AFE134B98420ED0AB5900011B1823
:1066F0005B7A2100012B0AD0280001F0B9FF2100AC
:106700000200280001F04EFE0134A4B2D8E70A4886
:1067100000F086FE21000200280001F043FE002860
:10672000F2D02100E8E7FFF71DFCD6E714050020B2
:1067300012020000FFFF000000F8000837B5FFF765
:10674000BBFF234C2C21200001F062FE002828D141
:10675000FFF7F2F9FFF7A4F90421200001F058FE39
:106760000124643002B21B491B481C4B0094FFF704
:10677000A8FB23001A491B481B4A0094FFF7A1FB02
:10678000FA23AF2219491A4800949B009200FFF7A0
:1067900098FB4B2217491848104B0094FFF791FBC8
:1067A00037BD2C21200001F033FE0128D4D12A214D
:1067B000200001F02DFE114D2864FFF74FF92B2129
:1067C000200001F025FEE863FFF788F9C4E7C04622
:1067D00014050020D8070020C0040020B80B0000DA
:1067E000DC0700209804002014050000DA070020D0
:1067F000AC040020E00700208404002000040040D6
:1068000070B5434B434C9B7C1F212000002B60D074
:1068100001F0FEFD0122024392B21F21200001F08F
:10682000C1FD3D4B1F219B7C2000002B57D001F068
:10683000EFFD0222024392B21F21200001F0B2FDBF
:10684000364B1F219B7C2000002B4ED001F0E0FD39
:106850000422024392B21F21200001F0A3FD304D1B
:10686000132120000C23EE5E01F0D2FD2021864290
:1068700008DC122120000C23EE5E01F0C9FD20216E
:10688000864238DD200001F0C3FD0822024392B2A7
:106890002021200001F086FD68882B88E98800040B
:1068A0001843AB886A89090419432B8912041A43D7
:1068B000AB89FFF789F9202105002000012D21D1A6
:1068C00001F0A6FD0543AAB22021200001F06AFDD7
:1068D00070BD01F09DFD0123984382B29DE701F058
:1068E00097FD0223984382B2A6E701F091FD0423AD
:1068F000984382B2AFE7200001F08AFD0823984355
:1069000082B2C5E701F084FDFE220240DCE7C0460A
:10691000980400201405002084040020C0040020F6
:10692000D807002010B517490223CA5E0523534338
:10693000154A5B12134004D51022013B5242134307
:1069400001331A1CDBB20A2B00D90A220F48D3B23A
:106950009B001A5801321A500823CA5E33230020C4
:1069600053435A12834203DB6430824200DC10B28C
:106970000A21FEF76FF8064A00B2800083580133FF
:10698000835010BDD80700200F000080880700202A
:106990003807002010B5A8B0684628227A4900F0D0
:1069A000E0FC7A4C009A5B212000120C01F0FAFC0A
:1069B000009A5C21200092B201F0F4FC019A5D2162
:1069C0002000120C01F0EEFC019A5E21200092B230
:1069D00001F0E8FC029A5F212000120C01F0E2FCB9
:1069E000029A6021200092B201F0DCFC039A61213E
:1069F0002000120C01F0D6FC039A6221200092B212
:106A000001F0D0FC049A63212000120C01F0CAFCB2
:106A1000049A6421200092B201F0C4FC059A652119
:106A20002000120C01F0BEFC059A6621200092B2F3
:106A300001F0B8FC069A67212000120C01F0B2FCAC
:106A4000069A6821200092B201F0ACFC079A6921F5
:106A50002000120C01F0A6FC079A6A21200092B2D5
:106A600001F0A0FC089A6B212000120C01F09AFCA6
:106A7000089A6C21200092B201F094FC099A6D21D1
:106A80002000120C01F08EFC099A6E21200092B2B7
:106A900001F088FC149A6F212000120C01F082FC96
:106AA000149A7021200092B201F07CFC159A712199
:106AB0002000120C01F076FC159A7221200092B28F
:106AC00001F070FC169A73212000120C01F06AFC90
:106AD000169A7421200092B201F064FC179A752175
:106AE0002000120C01F05EFC179A7621200092B271
:106AF00001F058FC189A77212000120C01F052FC8A
:106B0000189A7821200092B201F04CFC199A792150
:106B10002000120C01F046FC199A7A21200092B252
:106B200001F040FC1A9A7B212000120C01F03AFC83
:106B30001A9A7C21200092B201F034FC1B9A7D212C
:106B40002000120C01F02EFC1B9A7E21200092B234
:106B500001F028FC1C9A7F212000120C01F022FC7D
:106B60001C9A8021200092B201F01CFC1D9A812108
:106B70002000120C01F016FC1D9A8221200092B216
:106B800001F010FC28B010BD00F000081405002032
:106B900070B5474C0C21200001F03AFC002821D0B0
:106BA000012800D07BE000223121200001F0FAFB17
:106BB0000021200001F02CFCE123DB00984205D3EA
:106BC00030221100200001F0EDFB14E00021200034
:106BD00001F01EFCC8231022DB00984200D960227D
:106BE0003021EFE70D21200001F012FC012803D134
:106BF0003048FFF703F870BD0D21200001F008FCBC
:106C0000051EF8D10A21200001F002FC0228F2D171
:106C10002A003121200001F0C5FB29002000E126D7
:106C200001F0F6FBF600B04211D330222000110033
:106C300001F0B8FB1F4B00229B5EB342DBDB20213F
:106C4000200001F0E5FBDF2220210240BAE7290005
:106C50002000C82601F0DCFBF600B04212D8290063
:106C6000200001F0D5FB9623DB0098420AD91022C0
:106C70003021200001F096FB0E4B00229B5EB342B8
:106C8000B9DCDCE760223021200001F08BFB202101
:106C9000200001F0BDFB2021084382B292E7502280
:106CA0003021200001F07EFB002231218AE7C0461E
:106CB00014050020D8070020F0B5B64BB64CB74AF3
:106CC00085B01A600A21200001F0A2FB1E210200FB
:106CD000200001F067FBB24E3000FFF757FA152194
:106CE0003288200001F05EFB16217288200001F03E
:106CF00059FB1921F288200001F054FB1B21B288B6
:106D0000200001F04FFB1A213289200001F04AFBDC
:106D10001821B289200001F067FBFFF771FDFFF732
:106D200037FF2C21200001F073FB00280CD19D4D72
:106D30002A212A6C200092B201F034FBEA6B2B214D
:106D4000200092B201F02EFB142120000623F55EF4
:106D500001F05EFB854204DD14212000F28801F081
:106D600021FB914B0093914B0193009B9D7C019BD8
:106D70009B7C1D438E4B9B7C1D438E4B9B7C1D43FC
:106D80002DD0FEF701FF032802D00420FEF702FFFA
:106D9000FEF706FF88480378022B5AD10A21FFF735
:106DA0007BF80C21200001F033FB012800D093E098
:106DB0000E21200001F02CFB012816D10F2120000C
:106DC0000223F75E01F024FB00210290200001F075
:106DD0001FFB029B5F43FF11C21B92B20AE0FEF74A
:106DE000D3FE0328D4D02800D0E70021200001F0F2
:106DF0000FFB02000121200001F0D4FA6F48057852
:106E0000022D11D16E49FFF747F800212000F788C5
:106E100001F0FEFA29000290200001F0F9FA02992F
:106E200002003800FFF7C0FA2C21200001F0F0FA30
:106E300000280ED170883388F18800041843B38885
:106E4000728909041943338912041A43B389FEF77E
:106E500063FD5C4B5C4D1F780293022F00D0B5E0C0
:106E60000C21200001F0D4FA0390002800D0ADE0FE
:106E70000298FFF70DF890202021C00503F046F896
:106E80000122002808D090202021C00503F03EF800
:106E9000012800D09AE0039A1C21200001F082FA18
:106EA0002F7028004649FEF7F7FF0C21200001F063
:106EB000AFFA002802D13000FEF7FAFE0C212000C4
:106EC00001F0A6FA002802D13000FEF77BFDFFF7A3
:106ED00029FDFFF75FFD7DE00C21200001F098FA0D
:106EE000071E8BD10E21200001F092FA012822D139
:106EF0000A21200001F08CFA02281CD10222B35E84
:106F00000F212000029301F083FA39000390200042
:106F100001F07EFA029B039F5F43FB11C21A92B2FB
:106F20000121200001F03EFA0121200001F070FA59
:106F30007289821851E70E21200001F069FA0128B8
:106F400015D10A21200001F063FA02280FD00F2189
:106F500020000223F75E01F05BFA0421029020007A
:106F600001F056FA029B5F43FF11C21BD7E70E21C7
:106F7000200001F04DFA002806D10A21200001F07E
:106F800047FA0421022800D10021200001F040FA34
:106F90000200C5E70030004014050020AAAA000046
:106FA000D80700200004004098040020AC04002012
:106FB00084040020C0040020DC040020E40400203D
:106FC00060EA0000FC040020EC0400202B78022B77
:106FD00000D166E734480578022D35D1C821FEF787
:106FE0005BFF009B9B7C002B30D040223021200097
:106FF00001F0D8F900223121200001F0D3F92B4A09
:10700000138801339DB20A2D00D9002531212000BB
:10701000158001F0FDF9264E4000854204DA3378F0
:10702000002B34D0002333703121200001F0F0F91F
:1070300000282ED1012333703021200001F0E8F91F
:107040000021C0B2FEF7CAFE05B0F0BD194B9B7C13
:10705000002B06D040223021200001F0A3F90122AC
:10706000C9E7154B9B7C002B06D040223021200025
:1070700001F098F92A00BEE7019B9B7C002BBED053
:1070800040223021200001F08DF90322B3E70123D3
:10709000C9E73378002BCFD13021200001F0B8F9B7
:1070A0000221C0B2CEE7C046F4040020060500204D
:1070B00004050020C00400208404002010B54B4BC0
:1070C0004B4C1A8820004B4901F06CF9002220003B
:1070D000494901F067F9494B20001A88484901F0F5
:1070E00061F9FB2220004749D20001F05BF9464BD1
:1070F00020001A88454901F055F9454B20001A88AF
:10710000444901F04FF9444B20001A88434901F0EB
:1071100049F9434B20001A88424901F043F9424B98
:1071200020001A88414901F03DF9414B20001A889E
:10713000404901F037F9002220003F4901F032F9BF
:10714000002220003D4901F02DF9002220003C4999
:1071500001F028F9002220003A4901F023F9002229
:107160002000394901F01EF900222000374901F0C2
:1071700019F900222000364901F014F900222000FC
:10718000344901F00FF92000334A344901F00AF97B
:107190002000334A334901F005F90022200032492A
:1071A00001F000F900222000304901F0FBF8002234
:1071B00020002F4901F0F6F8002220002D4901F0AF
:1071C000F1F8002220002C4901F0ECF80022200008
:1071D0002A4901F0E7F800222000294901F0E2F8ED
:1071E00000222000274901F0DDF810BDC2FF000891
:1071F00014050020F4260000F5260000C0FF00085A
:10720000F6260000F7260000ACF7FF1FF826000066
:10721000AEF7FF1FF9260000B0F7FF1FFA260000A7
:10722000B2F7FF1FFB260000B4F7FF1FFC2600008B
:10723000B6F7FF1FFD260000EA260000E926000041
:10724000E8260000E7260000F1260000F2260000F4
:10725000EF260000F0260000444200000527000051
:10726000433200000627000007270000082700001F
:10727000092700000A2700000B2700000C27000048
:107280000D2700000E27000010B5FFF711F9FFF7DA
:107290000BFAFFF753FAFFF711FFFFF719F9FFF7A2
:1072A00025F9FFF765F9044800F054F900F098FD5E
:1072B00000F08AFD10BDC046DC09002010B5124860
:1072C000FEF70BFE1148FEF708FE1148FEF705FE1B
:1072D0001048FEF702FE1048FEF7E5FD0F48FEF7E6
:1072E000E2FD0F48FEF7DFFD0E48FEF7DCFD0E481D
:1072F000FEF7D9FD0D48FEF7D6FD0D4801F0C8F99F
:1073000000F04AF910BDC046C0040020AC040020C3
:107310009804002084040020EC040020E4040020F1
:10732000FC040020DC040020F4040020D40400202D
:107330001405002010B5202803D164210148FEF770
:10734000ABFD10BDFC0400200B0010B55C1AA2427E
:1073500000D810BD1C7804705C7802334470023091
:10736000F4E710B592005218401A914200D110BDB6
:10737000431810C91C60F8E713B5040002F00CFCB8
:10738000002811D18022E4021205A4180122074B23
:107390000190186001A918005C609A6002F0AEFCD0
:1073A000002801D102F00CFC16BDC046E807002001
:1073B0000B68F7B506000F001400012001330DD152
:1073C00002F0EAFB03231C4201D09C430434350045
:1073D000AB1B9C4203D802F0F3FB0020FEBD002350
:1073E00001932B78019A6420134301936B78019ADF
:1073F0001B0213430193AB78019A1B0413430193BF
:10740000EB78019A1B061343019302F0E3FBB91BCF
:10741000491900230220019A02F006FC0435D7E73F
:107420004900085A70470000F0B593B016006A464C
:107430005C00E31DDB08DB00D31A00AF9D46220091
:10744000684679601149FFF77FFF08236D46F818F9
:1074500040220F49FFF778FF1F20FFF78DFF7B6861
:10746000310A5B005A1CA954F2B2EA546846220061
:107470000649FFF79DFF082340220549F818FFF74A
:1074800097FF0020BD4613B0F0BDC04600F80008CD
:1074900000FF0008F7B554006A46E31DDB08DB0077
:1074A000D31A00AF9D460E000B4D220029007860D4
:1074B0006846FFF749FF1F20FFF75EFF2900220003
:1074C0006846FFF775FF320078680449FFF770FFE0
:1074D000BD460020FEBDC04600F8000800FF0008C1
:1074E000F0B593B055006A46EB1DDB08DB00D31AFC
:1074F00000AF9D462A00684679601449FFF724FFD3
:10750000082340221249F8186E46FFF71DFF002499
:10751000AC4211D11F20FFF72FFF220030000B4992
:10752000FFF746FF082340220949F818FFF740FFFC
:107530000020BD4613B0F0BD7B68621C1B5B190ABE
:10754000DBB2B15433550234E2E7C04600F800081C
:1075500000FF000870B50E4C05000100200000F08F
:1075600002F90023032220000A4900F0ADF90021AE
:10757000200000F0DDF90123643422782800134351
:10758000237002F00EF82800032102F01AF970BDF2
:10759000F4070020F0CD000810B5024800F01AF9F9
:1075A00010BDC046F4070020022310B5044A054868
:1075B00011780B430021137000F06EF910BDC04626
:1075C00058080020F4070020012310B5034A04489E
:1075D00011780B43137000F0D6F810BD5808002046
:1075E000F4070020094B0A499A89131C12B28A42F7
:1075F00000DA0B1C1AB2032353435B1128330371C7
:1076000000234371C38083607047C046D8070020C1
:1076100070FEFFFF064B02229A5E33235343C822BB
:107620001B12D2009B1883800023C38083607047A5
:10763000D8070020002110B5084C01710223E25E3A
:107640000523183253435B1443710023E25E0D237C
:1076500053439B11C380816010BDC046D8070020F2
:10766000F7B5009308AB15001A7809AB1F78831C97
:10767000DB8F04000120032B39D807263540AC46A8
:107680001801035D2518B3430193009B6B80D30061
:1076900000936346019A1A431300009A3340134340
:1076A00003550B9B6F70EB6002290CD003291FD090
:1076B000012913D1002304350A9AD25CEA5401331C
:1076C000082BF9D10AE004300822FF21201805F028
:1076D00013FB0B9B002B01D0280098470234E38F4B
:1076E00001339BB2032B00D900230020E387FEBDAA
:1076F000002304350A9AD25CEA540133082BF9D1ED
:10770000ECE710B5811C041DE38FC98F0200002037
:10771000994207D0591C89B2032900D901001B01E5
:10772000E187D01810BD1FB5069C00930394002478
:10773000130002940A0001940221DC30FFF790FF4D
:107740001FBD30B585B00A9D08AC24780395099D0E
:1077500000930295130001940A0098300121FFF76D
:107760007FFF05B030BD0200002368320160043A9B
:10777000938013809370042202659218436582659A
:107780005C300370704770B50500012664352B78B6
:10779000040033421DD0DC30FFF7B3FF021E18D0C7
:1077A0002B780432B3432B700378DB08A36503788E
:1077B00041885B070902DB080B432100653109782A
:1077C00020680B43E364210023004831603301F05B
:1077D00014FF70BDF7B507000500040000266837E8
:1077E0003B88743501333B80AB79022B16D1298855
:1077F000002913D03888FDF729F989B200290DD165
:107800000C237343E31870339979A868CB06AA88D0
:10781000DB0E009049092000FFF785FF01360C358B
:10782000032EE1D12000FFF7AEFFF7BDF0B5060053
:10783000020004006A3633002C320021006885B053
:1078400001F038FF23000025206B7833020A070C73
:1078500092B2FFB29978012912D11988914216D1BA
:107860000C277D436519E36BED6F810EC0B200906C
:10787000DBB2200002950196FFF763FF05B0F0BD73
:10788000032904D11988090A79400F29E8D901355B
:107890000C33032DDED1F1E770B505000226643507
:1078A0002B780400334204D0FFF7C0FF2B78B3439A
:1078B0002B7020009830FFF724FF002803D0C36806
:1078C000002B00D0984770BDF0B585B003920C2214
:1078D0000190944600201F270291039A904201D301
:1078E00005B0F0BD614665464143029A5118C21881
:1078F0006A43019D8C68AA18D467140016008D880D
:10790000783425808D797036A5708D78B4793D40B6
:10791000BC432C43B4718D78E4B26D096D013C40D9
:107920002C43B4710988743201301180C0B2D4E79D
:107930000023012210B5836143608360C36003614B
:10794000C36143610E33026242628362011D0068BB
:1079500001F0B4FD10BD000070B52B4C00212000DB
:10796000C82500F055FDED00A84220D802212000D6
:10797000FA2500F04DFD6D00A84205D8234A1D21CF
:10798000200000F00FFD70BD0221200000F040FD3E
:10799000A84209D90221200000F03AFDFA239B00F9
:1079A000984201D81A4AEAE79622D200E7E7002176
:1079B000200000F02DFDA84223D90021200000F076
:1079C00027FD144B98421CD802212000FA2500F014
:1079D0001FFD6D00A84201D80F4AD0E70221200008
:1079E00000F016FDA84209D90221200000F010FD88
:1079F000FA239B00984201D8084AC0E79622120158
:107A0000BDE70022BBE7C04614050020B504000016
:107A1000BA040000B80B0000650900006A09000004
:107A200070B5244C0021200000F0F2FC9623DB000E
:107A3000984236D2962200212000D20000F0B2FCFB
:107A4000FEF72EF800222C21200000F0ABFC0021D4
:107A5000200000F0DDFC02210500200000F0D8FC31
:107A60006843154B984207DDFA220221520020009C
:107A700000F098FCFEF760F80421200000F0C8FC3C
:107A80000E4B643018822C21200000F075FC0C4B4A
:107A900001000022E35A0B48FFF7C6FCFFF75CFF2A
:107AA00070BD0021200000F0B3FC074B9842C1D804
:107AB000C6E7C04614050020A0BB0D00C00400208E
:107AC0001202000000F80008DC05000070B51E4C32
:107AD0000221200000F09CFC96229200904203D9E3
:107AE0000221200000F05EFCFEF726F800222C2187
:107AF000200000F057FC0021200000F089FC02214A
:107B00000500200000F084FC6843104B984207DD1C
:107B100096220021D200200000F044FCFDF7C0FFB7
:107B20000221200000F074FC094B2C211882200057
:107B300000F022FC074B01000022E35A0648FFF741
:107B400073FCFFF709FF70BD14050020A0BB0D00FA
:107B5000AC0400201202000000F8000810B50D4C23
:107B60002A21200000F054FC0B4B1864FDF776FF2F
:107B700001222C21200000F015FC2C21200000F017
:107B8000FBFB064B01000122E35A0548FFF74CFCC2
:107B900010BDC04614050020000400401202000081
:107BA00000F8000810B50D4C2B21200000F030FC2F
:107BB0000B4BD863FDF792FF01222C21200000F02F
:107BC000F1FB2C21200000F0D7FB064B0100012225
:107BD000E35A0548FFF728FC10BDC04614050020F5
:107BE000000400401202000000F8000810B501F087
:107BF00039FF10BD70B51C4C0421200000F008FCBA
:107C00009623DB00984227D2962204212000D2003E
:107C100000F0C8FB0421200000F0FAFB022105005F
:107C2000200000F0F5FB6843104B984207DDFA2274
:107C300002215200200000F0B5FBFDF77DFF04217A
:107C4000200000F0E5FB0A4B6430188200222C2152
:107C5000200000F0A7FB70BD0421200000F0D8FB3D
:107C6000044B9842D0D8D5E714050020A0BB0D00E6
:107C7000C0040020DC05000010B50C4C2F212000B2
:107C800000F0C6FB021E08D190200421C00502F0BE
:107C900043F90320FDF77EFF06E02F21200000F0CE
:107CA000B7FB02000128EFD010BDC046140500202C
:107CB00010B5FEF7C5F901F0D5FE10BD10B50648A8
:107CC000FEF7E6F83021054800F0A2FB0021C0B223
:107CD000FEF784F810BDC046F4040020140500200F
:107CE00010B5C8210148FEF7D7F810BDF4040020F4
:107CF00070B50C4D3221280000F08AFB01000A4CBF
:107D00000A4823785A000133DBB281522370202BBA
:107D100006D1074B4021EA5AFFF7BCFB0023237032
:107D200070BDC0461405002054090020140900202D
:107D30001202000070B500240C4D0D4BEA5AA2420D
:107D400007D80A3BE9580B48FFF7CAFB01F08AFE47
:107D500070BD2100280000F08BFC210002000134DE
:107D6000280000F01FFBA4B2E6E7C046140500207F
:107D70001202000000F8000810B5124C2E2120005D
:107D800000F046FB012808D190204021C00502F0F8
:107D9000BDF8002201280ED010BD2E21200000F0D9
:107DA00037FB0028F8D190204021C00502F0AEF842
:107DB0000028F1D1012290204021C00502F0ACF84A
:107DC000EAE7C0461405002010B53521024800F04E
:107DD0001FFB024B187010BD140500205A0800202C
:107DE00010B53421024800F013FB024B187010BD8F
:107DF000140500205908002010B53921024800F070
:107E000007FB024B588110BD140500205C040020C4
:107E100010B53C21024800F0FBFA024B588110BD1E
:107E2000140500204804002010B54521024800F048
:107E3000EFFA024B588110BD14050020F803002012
:107E400010B53F21024800F0E3FA024B588110BD03
:107E5000140500203404002010B54221024800F02F
:107E6000D7FA024B588110BD1405002020040020D1
:107E700010B54821024800F0CBFA024B588110BDE2
:107E8000140500200C04002010B53821024800F031
:107E9000BFFA024B188110BD140500205C040020BD
:107EA00010B53B21024800F0B3FA024B188110BD17
:107EB000140500204804002010B54421024800F0B9
:107EC000A7FA024B188110BD14050020F80300200A
:107ED00010B53E21024800F09BFA024B188110BDFC
:107EE000140500203404002010B54121024800F0A0
:107EF0008FFA024B188110BD1405002020040020C9
:107F000010B54721024800F083FA024B188110BDDA
:107F1000140500200C04002010B53A21024800F09E
:107F200077FA024B988110BD140500205C040020F4
:107F300010B53D21024800F06BFA024B988110BD4C
:107F4000140500204804002010B54621024800F026
:107F50005FFA024B988110BD14050020F803002041
:107F600010B54021024800F053FA024B988110BD31
:107F7000140500203404002010B54321024800F00D
:107F800047FA024B988110BD140500202004002000
:107F900010B54921024800F03BFA024B988110BD10
:107FA000140500200C04002010B5094C09492000DC
:107FB00000F02EFA084B0522984200D1043A85239E
:107FC0009B0020000349E25400F0ECF910BDC046CC
:107FD00014050020D5260000D204000010B50D4C79
:107FE0000D49200000F014FA0C4B0222984208D0F0
:107FF0004D330132984204D0094BC218531E9A41A6
:10800000043285239B0020000349E25400F0CAF9A2
:1080100010BDC04614050020D626000083070000CE
:1080200048F4FFFFF0B5254C85B02549200000F04D
:10803000EFF924490500200000F0EAF922490190F7
:10804000200000F0E5F921490600200000F0E0F9E9
:108050001F490700200000F0DBF91C4902902000B6
:1080600000F0D6F91B490390200000F0D1F9F61971
:1080700075402DB285421CD12000174900F0C8F987
:10808000039A029B9446019A63445A4013B2834276
:108090000FD1852301229B000E49E25420000022CB
:1080A00000F080F9002220000B4900F07BF905B0B8
:1080B000F0BD852305229B00E254F8E7140500205B
:1080C000F1260000F226000002270000042700002D
:1080D00003270000EF260000F026000070477047DD
:1080E000704770477047000010B51D4C1D492000B7
:1080F00000F08EF91C4A0123904219D020001B4940
:1081000000F086F91A4A0223904211D02000194942
:1081100000F07EF9FA220323D200904208D020001A
:10812000154900F075F9154BC3185A1E93410433D5
:1081300085229200A354200000220A4900F032F95F
:1081400000222000094900F02DF9002220000949F1
:1081500000F028F900222000074900F023F910BDA3
:1081600014050020EA260000D2040000E9260000E1
:1081700083070000E8260000E726000048F4FFFF20
:1081800010B50A000100CD230148FFF74DF910BDDD
:1081900000F80008F0B5104B85B002930F4B012298
:1081A0000193CD230E4C009311002300050000F035
:1081B00019F8CD231B01E71826882800310000F0AC
:1081C00057FA103402003100280000F0EBF8BC42EE
:1081D000F2D105B0F0BDC046102700008181000833
:1081E00014CE0008F0B585B002930AAB1F880CAB23
:1081F00004001888012A5FD1802300255B0062708B
:108200006380029A0533FF332170E25005220C335C
:10821000E554404B7E00E7520233E2540B9A04339C
:10822000E2500433E5500433E052300004F0A8FC7F
:1082300082239B0032003849E05004F05DFD2E009F
:10824000ABB29F423AD80136B6B2F300180003939E
:1082500004F096FC83239B00E050002302000500FD
:108260001900019001339BB25180118008329E4267
:10827000F8D800213F208BB29F422AD8019B039E51
:108280009C4666446B88002B34D02F887F003800D2
:1082900004F076FC3A002049686004F02DFD0835B2
:1082A000B542EFD100233F211A4AA25A9A4223D85D
:1082B0000022019B5B681A8005B0F0BD029A2B0179
:1082C000D35A9B091A1CB34200D2321C96B2013514
:1082D000B6E7029A0B01D25A019E9309DB00F3180C
:1082E0005E88024001365E801E88964200D21A8067
:1082F0000131C0E76B60D2E702981A01105A019D64
:108300008209D200AA18556808404000435301333F
:108310009BB2C9E712020000FFFF0000F0B5002485
:108320004F782500220023002600012F08D1CA889B
:108330000B8952BA5BBA0C794D794E8992B29BB2D5
:108340004570C680047042808380F0BD030030B564
:108350004118074C07488B4200D130BD1A78050AF6
:108360004240D2B25200105B01336840F3E7C0468E
:10837000E4DA0008FFFF000083239B00C3588A094A
:10838000D2009B185A68002A07D03F201B88014062
:108390008B4202D34900885A70470148FCE7C04627
:1083A000FFFF000070B514000500FFF7E5FF0D4A60
:1083B00003000120934213D081229200AA58190190
:1083C00052180420115E01208C4209DC0621525E05
:1083D000944205DB8222834000209200AA589C52DE
:1083E00070BDC046FFFF000070B514000500FFF728
:1083F000C3FF064A03000120934205D08222834036
:1084000000209200AA589C5270BDC046FFFF000099
:1084100010B50400FFF7B0FF044B984204D082234C
:108420009B00E3584000C05A10BDC046FFFF00004B
:108430008423F0B59B00C25C040087B0002A5CD0A6
:108440000022C2547B4B0100C25204A8FFF766FF12
:1084500004AB5D785B882678019304AB9B8803931B
:1084600004AB1B780293B34216D0112D45D12700DF
:108470000223FF37FB71601DFD33BD717B72052147
:108480007E713E72FF30FFF761FF030ABB72F87224
:108490000A3D280007B0F0BD6188201D0239FFF7B2
:1084A00055FF04ABDB88834227D120000199FFF7F9
:1084B00063FF87239B00E052062D48D0102D1CD06F
:1084C0002700661DFF37FF36032D00D0A4E0039A76
:1084D000019B9B1880225202934210DB029B2900D1
:1084E0007B718323BB71813BFB713000FFF72EFF53
:1084F000030A3B7278720525CBE70025C9E7029B8A
:10850000BD717B71039B5B00FB710027039B7D00AA
:10851000ADB29F420DD1EF1CBFB239003000FFF762
:1085200015FFE719FF370535030AADB2BB71787146
:10853000AFE7019B2000F91889B2FFF769FF6519C1
:10854000FF35030A01372B726872BFB2DEE72000E5
:108550000199FFF711FF2500374B671DFF37FF35E6
:1085600098420ED00301029381239B00029AE358A4
:108570009B18039385239B00E25C039B1B7A9A4222
:108580000CD98623AB71853BEB71032138006E71EA
:10859000FFF7DCFE030A2B726872ACE72289200029
:1085A00052BA019992B2FFF7FDFE00280CD0237851
:1085B00003216B7186233800AB71E971FFF7C6FEAA
:1085C000030A6B72287296E7039B5B7A002B09D033
:1085D000862301999B002000E658FFF719FF010050
:1085E0000198B04706212378A9716B712500E388B3
:1085F000FE352B81238938006B81FFF7A7FE81238D
:10860000A8819B00E358029A9B18DB68002B01D1DC
:1086100008253EE79847FBE7029B803D7B710123DD
:108620000321FB713000BD71FFF790FE030A7B72DE
:10863000387260E71E020000FFFF0000F8B58427D3
:10864000BF0004001E00C35D0020150083420ED150
:108650001800FF2A0BD8201D04F094FB012365802D
:108660002000E355FFF7E4FE3080601DFF30F8BDC9
:1086700010B50400FFF780FE044B984205D081231B
:108680009B00E35800011B18588810BDFFFF000035
:1086900088239B00C15A00290CD0074A835A013312
:1086A0009BB28352994205D8852305219B00C15472
:1086B000002383527047C0461E02000030B585B0CB
:1086C0000C22002101A804F017FB08222E4C2F4B8E
:1086D000626180225202A261C2220025236001232E
:1086E000FF32E2612000621D6560A560E5602361E4
:1086F0002562D377A56200F045FCA84201D000F0C6
:1087000021FA80235B0102930623200001A9019531
:10871000039300F071FD002801D000F013FA01234B
:10872000200001A9019300F067FD002801D000F0AE
:1087300009FA0323200001A9019300F05DFD002840
:1087400001D000F0FFF90423200001A9019300F0FB
:1087500053FD002801D000F0F5F90723200001A9FE
:10876000019300F049FD002801D000F0EBF910233F
:10877000200001A9019300F03FFD002801D000F086
:10878000E1F905B030BDC0469C090020002401403D
:1087900030B5050089B01422002103A804F0ACFA1A
:1087A0001E4B2A689A4236D180211D4B89009A6956
:1087B00090200A439A619A69C0050A40802101927B
:1087C000019A5A6989020A435A615B690B40029314
:1087D000029B9B2303A90393983B049301F0D8FACF
:1087E000104C114B2000236000236360A360803392
:1087F000E360803323618023DB0063612023A36176
:1088000080239B01E36101F03BF9002801D000F0D7
:1088100099F92C63656209B030BDC046002401405F
:108820000010024058090020080002400D480E4B7D
:10883000C02210B503600C23120302618022436042
:1088400080235203DB0542618022836000235204AF
:10885000C3608261838300F0ABFD002801D000F08B
:1088600071F910BDDC0900200064004010B504005F
:1088700088B01422002103A804F03EFA164B2268A7
:108880009A4227D18021154B8904DA6914480A439A
:10889000DA61DA690A4080210192019A5A69C902B3
:1088A0000A435A615B690B400293029BC0239B0001
:1088B0000393022304930133069303A9013307931F
:1088C00001F066FA00221E20110001F095F81E202A
:1088D00001F0BCF808B010BD006400400010024078
:1088E000000400480121054B82B05A690A435A61CD
:1088F0005B690B400193019B02B07047001002407E
:10890000F0B58BB01422002105A804F0F5F9802100
:10891000414B09035A6990270A435A615A693F4EED
:108920000A4080210192019A5A69C9030A435A6197
:108930005A69FF050A4080210292029A5A69890207
:108940000A435A615A6938000A4080210392039A07
:108950005A69C9020A435A615B6900220B400493B9
:108960002F49049B01F0D8FA002230002D4901F074
:10897000D3FAE023002403251B0205A92A48059306
:108980000695079401F004FA05A92848059506956F
:10899000079401F0FDF9224B38000593012305A946
:1089A00006930794089401F0F3F920230593C42358
:1089B00038009B0305A90693079401F0E9F91C4BC5
:1089C000300005A905930695079401F0E1F901230C
:1089D000144A300005A9059206930794089401F003
:1089E000D7F9E0233800DB0005A905930695079425
:1089F00001F0CEF90823300005A9059306940794E9
:108A000001F0C6F922000221072000F0F5FF07203F
:108A100001F01CF80BB0F0BD00100240000400484B
:108A200044800000708000000008004800140048E6
:108A3000847C0000704700000123264910B50A68B5
:108A40009A431A430A600A681A42FCD0224C626BAD
:108A5000134363630223626B1A42FCD0F823626BF8
:108A60009A43783B134363638023626B5B02134337
:108A7000636380239B02626B1A42FCD00123626A0B
:108A8000134363620223626A1A42FCD0F0226368D5
:108A9000934363606368114A134003226360636811
:108AA000134363600932636813400C2BFBD10C48FD
:108AB00003F0D8F8032000F05FF8002801D072B668
:108AC000FEE70422636B93436363236B7C3293431F
:108AD000236310BD0020024000100240FFF8FFFF9A
:108AE000006CDC0210B5FDF7BFFC00F0C7F9FFF722
:108AF000A3FFFFF705FFFFF7F5FEFFF7DFFD03F02C
:108B00002BFE00F0D5F800F045F9FFF793FFFFF7D3
:108B10008DFEFEF7B9FBFEF7CFF8FCE7074B0268C6
:108B200010B504009A4201D100F0B8F9044B226854
:108B30001B689A4201D1FEF7C1FB10BD0040014005
:108B4000500A002072B6FEE701210A4B82B09A69F2
:108B50000A439A619A690A4080210092009ADA6970
:108B600049050A43DA61DB690B400193019B02B0BE
:108B70007047C046001002408021214B70B59A69B1
:108B800049020A439A619B6986B00B400193050034
:108B9000694602A8019B02F04DF8059B002B28D1E5
:108BA00002F038F8174E184B18493360184BF36031
:108BB000FBF7C6FE00230138706030003361B360FC
:108BC000B36102F03BFA041E10D1300002F010F93C
:108BD000041E0BD1142000F039FF032D0DD8220004
:108BE0002900142000F008FF0A4B1D60200006B089
:108BF00070BD02F00FF84000D4E70124F6E7C0464C
:108C000000100240040A00200040014040420F00D2
:108C1000E7030000140200207047FEE7704770472A
:108C2000704710B5202001F07DF910BD10B5024845
:108C300002F012F910BDC046500A002010B50248DB
:108C400002F00AF910BDC046040A002010B502481F
:108C500000F0D5FD10BDC046DC09002010B502486B
:108C600001F0DCF910BDC046F01100200B490C4AA0
:108C70000300521A0B4910B50868002801D10A48B0
:108C800008600868C318934206D904F04FF80C2313
:108C900003600120404210BD0B60FCE700040000AF
:108CA000004000204C0A00201816002070470000E9
:108CB00009480A4B10B50360032343600023084AA8
:108CC0008360C2600361836102F0B8F9002801D0BB
:108CD000FFF738FF10BDC046500A002000200040BA
:108CE000DF2E0000074B026882B09A4208D10221B1
:108CF000054BDA690A43DA61DB690B400193019B9A
:108D000002B07047000400400010024007B50B4B52
:108D100002689A4211D18021094B4900DA69132077
:108D20000A43DA61DB6900220B400193FF39019BA2
:108D300000F062FE132000F089FE07BD0020004015
:108D40000010024010B5040086B01422002101A8D2
:108D500003F0D2FF0C4B22689A4213D180210B4BB7
:108D6000C9025A690A480A435A615B690B40009379
:108D7000009B03230193013B029301A9013B05934F
:108D800001F006F806B010BD0004004000100240DB
:108D90000004004830B500258BB00822002101A84E
:108DA00003F0AAFF1C22002103A803F0A5FF1B4C1F
:108DB0001B4B200023601B4B6560A560E3602561B1
:108DC000A56102F063F9A84201D0FFF7BBFE2000C5
:108DD00001A90195029502F095FA002801D0FFF74C
:108DE000B1FE6023039300230822200003A904930B
:108DF0000593079302F0B2F9002801D0FFF7A2FE15
:108E00000C22200003A902F0A9F9002801D0FFF7E5
:108E100099FE2000FFF796FF0BB030BD980A0020A6
:108E200000040040E70300000D4885460D480E4948
:108E30000E4A002302E0D458C4500433C4188C42B4
:108E4000F9D30B4A0B4C002301E013600432A24219
:108E5000FBD3FFF72BFF03F06FFFFFF743FEFEE7A7
:108E60000040002000020020D80300203CDD000864
:108E7000D803002014160020FEE700001023064A45
:108E800010B5116803200B431360FFF775FEFFF761
:108E90005BFE002010BDC04600200240034A044B88
:108EA00011681B785B1813607047C046E00A002009
:108EB00010020020014B18687047C046E00A0020ED
:108EC00070B50400FFF7F6FF0500631C02D0044BE9
:108ED0001B78E418FFF7EEFF401BA042FAD370BDE9
:108EE00010020020002373B50321019303680400DE
:108EF0009A680A40012A07D11968114201D000205E
:108F000076BDDA681204FAD499681B4A114209D076
:108F10001023A26B1343A3630123E26B13430120CD
:108F2000E363EDE7012299680A439A60134B144901
:108F30001868FBF705FD0190019B002B17D1FFF787
:108F4000B9FF0125060023681B682B42D7D1FFF724
:108F5000B1FF801B0228F6D923681B682B42F2D18F
:108F60001023A26B1343A363E36B2B43D7E7019B4F
:108F7000013B0193E0E7C046170000800C0200208F
:108F800040420F0070B5041E00D190E0836B002BAF
:108F900005D102003432C3631370FFF7F9FBA36BF2
:108FA000DB0600D585E0226893685B0700D580E08A
:108FB000A16B424B19400633FF330B430321A363DC
:108FC00093680B40012B05D1116819420ED1D3686B
:108FD0001B040BD41821D3688B43A1680B43D360C7
:108FE000136961689B009B080B431361D368344984
:108FF0000B40D360237E607E9B03C0030343A17EAE
:10900000E068034348030343601DC07F40000343FF
:10901000A06A0138451EA8410003034320690238B5
:109020004542684180000343E07E012804D10029C5
:109030002BD1802149020B43C220E169FF308142DC
:1090400002D0206A01430B438020D16840051943B8
:10905000D160E16A814202D0481E062807D8072560
:1090600050692940A8435061506901435161D26859
:1090700014490A409A4210D100200323E063A26BF6
:109080009A43023B1343A36370BD2021A56B294380
:10909000A163E16B0843E063CEE71223A26B9A431E
:1090A000023B1343A3630123E26B1343E3630120F9
:1090B000EAE71023A26B1343A363F8E7FDFEFFFF6B
:1090C0001902FEFFE7FF3F83F7B5036804009B68C2
:1090D0000E00022001925B0730D4270034373B7822
:1090E000012B2BD001233B70637E012B27D1A26B78
:1090F000164B00251A4080235B001343A363E563EE
:109100003D70206B124B21688362124BC362124B7D
:1091100003631C230B604A680C3B13434B60012321
:10912000CA681343CB603200019B403100F0DAFC87
:1091300004232800226891680B439360FEBD200041
:10914000FFF7D0FE0028D2D0F8E7C046FEF0FFFFC0
:1091500061910008D3910008DF910008704700007A
:109160005022436A10B5996B11422BD1996BB132E1
:10917000FF320A43C0219A631A680901D068084285
:1091800013D1997E002910D1116809070DD5916876
:1091900049070ED40C20516881435160996B0B4AEA
:1091A00011400432FF320A439A631800FFF7D6FFDA
:1091B00010BD2022996B0A439A630122D96B0A439E
:1091C000DA63F2E71B6B1B6B9847F1E7FEFEFFFFCC
:1091D000704710B5406AFFF7FBFF10BD7047402392
:1091E000406A10B5826B134383630423C26B13433D
:1091F000C363FFF7F3FF10BDF7B50022040001922F
:10920000343422780300C56A0220012A2AD00138AA
:1092100020701A68966876075ED40B684F681E0047
:10922000BC46304F9840103EBC453FD0976A38430B
:1092300090628020400585420FD0013D062D0CD95B
:109240000720556989680540A94206D05569014043
:1092500085435561556929435161022E03D9002088
:1092600000232370FEBD20480168102B1BD01A007C
:10927000113A55426A411D4D52422A4080256D04E3
:1092800052190A430260102BE9D1194B1949186889
:10929000FBF756FB0A2343430193019B002BDED0CF
:1092A000019B013BF8E780221204EAE7916A8143BF
:1092B0009162022ED3D80C4A1168102B0AD0113BB0
:1092C000581E834109485B4203400B481B180B4062
:1092D0001360C4E7094BFAE72022996B0A439A63AB
:1092E000BEE7C0460110000008270140000040FF13
:1092F0000C02002040420F00FFFFBFFFFFFF7FFF77
:10930000F8B506003436337804000220012B45D02E
:1093100001230321337023689A680A40012A05D18A
:10932000196811423BD1DA68120438D4A16B1F4A84
:1093300011400632FF320A430321A263DD68DA6876
:109340008A43DA608022996812060A439A60FFF71E
:10935000B1FD070023689A68002A0DDB0321DA6853
:109360000D401543DD6001230020A26B8A431343A7
:10937000A3630023337011E0FFF79CFDC01B02289C
:10938000E8D923689B68002BE4DA1223A26B012042
:109390009A43023B1343A36300233370F8BD202399
:1093A000A26B01201343A363E3E7C046FDFEFFFF6A
:1093B000F8B5041E62D0451CEB7F002B01D1FFF7EE
:1093C00055FA0127226813683B431360FFF772FDCB
:1093D000060023685A683A4244D002271A68BA4302
:1093E0001A60FFF767FD060023685A683A4247D1C2
:1093F000217E8022012949D119680A431A60617EC1
:109400004022012946D119680A431A60A17E202210
:10941000012943D119680A431A60E17E102201290B
:1094200040D1196891431960217F082201293DD15B
:1094300019680A431A60617F042201293AD1196828
:109440000A431A60E168A26800200A4321690A43BE
:1094500061690A43616801390A43DA610123606284
:10946000EB770CE0FFF726FD801B0A28B1D980239B
:10947000626A9B02134363620523EB770120F8BD08
:10948000FFF718FD801B0A28AED9F0E71968914351
:109490001960B4E7196891431960B7E719689143F7
:1094A0001960BAE719680A431A60BDE71968914361
:1094B0001960C0E7196891431960C3E770B5421C91
:1094C000D27F0368013A012A64D880240120A400D5
:1094D0001A59872602431A514A69E23CFF3C14405C
:1094E000A040B6009C59C54384439C51CC69002CD4
:1094F00035D1103E9C59D2002C409C51CC684E680E
:109500002404B6B2344390269A18B60094518C685D
:109510000E682404B6B234439126B60094518122D9
:109520008C699200002C2FD19C582C409C50852295
:109530000C699200002C2AD19C582C409C500A6A3D
:10954000012A04D1872189005A5802435A508021A8
:10955000012089005A58824300205A5070BD012CC6
:10956000DDD18326B6009C59D20004439C510C687F
:109570004E682404B6B2344390269A18B60094512B
:109580008C68CE682404C5E79C580443CEE79C58F9
:109590000443D3E78023426ADB0213434362012082
:1095A000DCE7F8B5471CFB7F0400DDB2012B1ED1C0
:1095B0000133FB7702681368AB431360FFF77AFC53
:1095C000060023685B68180028402B4201D16062C6
:1095D000F8BDFFF76FFC801B0A28F2D98023626A6E
:1095E0009B02134363620523FB770120F0E780238E
:1095F000426A1B0313434362F7E7F0B5441CE67F5E
:109600000568013EAC68012E50D8E026760534424C
:1096100045D0A0010124800F84401C6004008F68A5
:10962000CE681834002F35D10B685B053343240115
:109630006351C2230E6900012C185B00E650097DBE
:10964000012903D1E658FF313143E15051791379B3
:109650000902194393791B040B43D1790906194375
:109660002B1818008D30FF300160507811780002FF
:1096700008439178D27809040143120689330A43DA
:10968000FF331A60C022012300205200A1580B436F
:10969000A350F0BD4B683743DB003B43C7E7802353
:1096A000426A9B03134343620120F2E78023426A2C
:1096B000DB02F7E7F7B5441C0191E47F013C012C84
:1096C00000D97AE003240568002909D1EE68264212
:1096D00008D18023426A9B03134343620120FEBDED
:1096E0002E69F4E7D826019976000C0104212C1983
:1096F000A7590F40976058D1A7597F0D17600227CF
:10970000A6593E40D6600826B337FF37E1593142AB
:1097100002D10F21E6590E401661E659E459360A86
:10972000240CF6B254619661019A01991201AD18A8
:10973000B935FF352C681C700468A418B934FF349F
:109740002468240A5C700468A418B934FF342468BF
:10975000240C9C700468A418B934FF342468240EC7
:10976000DC700468A418BD34FF3424681C710468DC
:10977000A418BD34FF342468240A5C710468A4185A
:10978000BD34FF342468240C9C710468A218BD32D7
:10979000FF321268120EDA7102682023002908D104
:1097A000D1680B43D360002099E7A759FF085760A1
:1097B000A5E711690B431361F5E78023426ADB02D9
:1097C0008AE7421CD27F0B00013A012A05D80268C1
:1097D000002051691943516170478023426ADB02BE
:1097E000134343620120F7E77047704770477047A3
:1097F0007047704770477047704770477047F0B5C3
:10980000036885B05E695A689F680192DA6834001F
:1098100002921A69050003929A690092012214408B
:10982000164220D0174205D09A60BB0700D4AAE0A8
:10983000FDF7CAFE002480235B001F4207D02A6880
:109840009360BB0500D4ABE02800FFF7CDFF802379
:109850005B021F4207D02A689360BA0300D4AEE0CF
:109860002800FFF7C2FF330708D51023029A1A42D7
:1098700004D08022920014432A68D360730708D56D
:109880000823029A1A4204D02A682800D360FFF7FE
:10989000B0FFB30706D52B68DB689B0702D0280012
:1098A000FDF782FE730608D51023039A1A4204D0EE
:1098B0008022D20014432A681361B30608D5082316
:1098C000039A1A4204D02A6828001361FFF793FF15
:1098D000F30606D52B681B699B0702D02800FFF70B
:1098E00089FFB30308D51023019A1A4204D02A68CD
:1098F00028005360FFF780FFF30308D50823019A7F
:109900001A4204D02A6828005360FFF776FF330418
:109910002FD5019B2A685B0729D5F30504D50123C0
:109920000099194200D01C43B30504D502230099C5
:10993000194200D01C43730504D504230099194231
:1099400000D01C43360512D57021009B00980B40B7
:1099500008420CD0402B46D03DD8202B45D0302B90
:1099600045D0102B3ED0702193698B439361042323
:109970005360002C05D06B6A280023436B62FFF70D
:109980003DFF05B0F0BD7B0704D43B0705D4FFF7CE
:109990002DFF4FE7802424014DE7802464014AE72E
:1099A0007B0503D580239B011C4350E73B0502D573
:1099B0008023DB01F8E72800FFF719FF47E77A0368
:1099C00003D580231B021C434DE73F03FBD4280033
:1099D000FFF70EFF47E7502B0BD0602BC3D180233E
:1099E0005B0000E008231C43BDE71023FBE72023B6
:1099F000F9E78023F7E7000010B5FF2403220B00EE
:109A000021000240D20091409B012340C943934072
:109A100000280ADBC0240B4A800880008018A400BC
:109A200002590A401343035110BD0F221040083859
:109A3000054A800880008018C26911401943C1613D
:109A4000F2E7C04600E100E000ED00E0002805DBA1
:109A50001F2318401E3B8340014A13607047C046D5
:109A600000E100E0BFF34F8F034B044ADA60BFF31D
:109A70004F8FC046FDE7C04600ED00E00400FA0548
:109A800070B504000120002C24D00223A51CEB7724
:109A90002068114B0268A1681A4063680B43E168B3
:109AA0000B4321690B4361690B43A1690B43E169D6
:109AB0000B4313430360094B1421C018FAF740FF0E
:109AC000074B80002064E36300200123A063E418B7
:109AD000EB77E07770BDC0460FC0FFFFF8FFFDBF1A
:109AE00000000240F7B5441C0193E57F012D33D0FF
:109AF0000125871CE577FD7F0026AC466346EDB265
:109B0000012B28D10224FC77046886632668076C41
:109B1000AE43BD402660019BC66B756063604368C1
:109B2000102B0ED1A260E160C36A2268002B0BD01B
:109B30000E23134323600123002022681343236074
:109B4000FEBDA160E260EFE70A2313430422236015
:109B500023689343EEE7E6770220F1E70C4A1021F1
:109B6000D06830B503000B40084205D002230948F5
:109B7000C4692343C3610B000420D168014205D0AE
:109B80000121044C0343E5692943E161D36030BD01
:109B900000200240E80A0020064B00201A69120645
:109BA00006D5054A5A60054A5A6018690006C00F72
:109BB0007047C0460020024023016745AB89EFCDC6
:109BC0008023034A002011690B4313617047C0468C
:109BD0000020024070B50400FFF76CF90126050073
:109BE000104BDA68324211D12022D968114200D0DC
:109BF000DA60D968102208001040114202D1DB68F7
:109C00005B0708D5FFF7AAFF012004E0621CE8D03B
:109C1000002C01D1032070BDFFF74CF9401BA0427E
:109C2000DED9F7E700200240F0B585B003931E4B64
:109C3000009102921A7E04000220012A31D00122F2
:109C40001A481A76FFF7C6FF002827D12600012CF4
:109C500003D00426022C00D126000024124B0193CD
:109C6000029803992201FAF7E1FF00220127019BE4
:109C70000F4DDA612B69009A3B432B6163009B18FF
:109C800080B218800948FFF7A5FF2B69BB432B6101
:109C9000002803D1E419E3B29E42E1D80022024B2E
:109CA0001A7605B0F0BDC046E80A002050C3000097
:109CB000002002400022064BDA61064B043219698B
:109CC0000A431A61402219690A431A617047C04663
:109CD000E80A0020002002400022064BDA61064B11
:109CE000023219690A431A614022586119690A430C
:109CF0001A617047E80A002000200240F8B5214FA1
:109D000004003B7E0E000220012B0CD001233B7689
:109D100023681D48012B12D1FFF75CFF002803D0F8
:109D2000012000233B76F8BDFFF7C4FF1648FFF77C
:109D300051FF0421154A13698B431361F1E7FFF7C3
:109D400049FF0028ECD101235B4233606568013094
:109D5000A3686268DB029B18AB42E2D92800FFF7D8
:109D6000BBFF0948FFF736FF0221084A13698B43FE
:109D70001361002801D03560D3E780231B01ED1863
:109D8000E6E7C046E80A002050C300000020024079
:109D90000023F0B587B00A681400DC4001D107B099
:109DA000F0BD012514009D402C4000942A4200D1B2
:109DB0009CE04A685F0094460322644622400324E4
:109DC000BC40E4430194541E012C2ED88668019CAB
:109DD0002640CC68BC403443846044680126AC43D0
:109DE00025006446240934409C402C434460C568E7
:109DF000019C25408C68BC402C43C460022A16D1CB
:109E000007250F261D40AD00AE40DC08A400041954
:109E10000294246A03962600039CA64334000E692C
:109E2000AE402643029C266201E0032ADFD1BA40FD
:109E30000468019D25402A43C02402606246A402B2
:109E4000224253D001252A4A90279469FF052C43CA
:109E5000946192699C082A400592059A254AA400BB
:109E6000A4180F2202351D40AD00AA40A6689643F3
:109E70000022B84210D0204F0132B8420CD01F4F00
:109E80000132B84208D01E4F0132B84204D01D4AF8
:109E90008218571EBA410432AA4067463243A26074
:109EA000194A009C9668009DE4433543FF0201D4A3
:109EB0003500254067469560D668009D3543BF0252
:109EC00001D4350025406746D5605668009D35436E
:109ED000BF0301D435002540674655601568009ED4
:109EE0002E43FF0301D425402E001660013352E7B4
:109EF0000010024000000140000400480008004833
:109F0000000C004800F0FFB7000401400069084061
:109F1000431E9841C0B27047002A01D0816170474A
:109F20008162FCE7044B10B55A69104202D05861B7
:109F3000FDF700FA10BDC0460004014070B50400F2
:109F40000120002C2BD0224D635DDAB2002B05D10D
:109F5000A4239B002000E25402F0ECFC0323635591
:109F6000206801F00DFA0023220019000126207953
:109F70001032984214D10021220008005132FF32E1
:109F80008B4217D16168A268206801F003FA0023B0
:109F9000237301336355A37A012B15D0002070BDC4
:109FA000137001335670D170116151619161DBB250
:109FB0002832DEE7117001315070D07010615061AD
:109FC0009061C9B22832DBE7200000F00EFEE5E721
:109FD0009102000070B5A425AD00435D040002208D
:109FE000012B09D001236355206801F0BFF92068D7
:109FF00001F0C9FB0020605570BD70B5A425AD000F
:10A00000435D04000220012B07D001236355206823
:10A01000217301F0B1FB0020605570BDF0B5040064
:10A0200085B0006801F0B7FB802305001B021D40CE
:10A03000184201D100F027FC2068821DD38F1BB28B
:10A04000002B01DB05B0F0BD0F21D38F194000912B
:10A050000F219AB20B4200D0C0E01023110019402A
:10A060001A4227D10388CA4A13408022120213439E
:10A070000380030050331A88237CDB00C3189B182D
:10A08000C44A20009B181B88626A9B059B0DE362F3
:10A09000D318636202F07FFC237B002BCCD0A16A33
:10A0A00023680029C8D18020227B4C3302431A80C8
:10A0B0002173C1E7028880211600090193B20E4086
:10A0C0000A4222D0030050331A88A8235B00E35CC5
:10A0D000A621DB00C3189B18AF4A89009B182200F9
:10A0E0001B8851329B059B0DFF32D3616118D288CA
:10A0F00001F09CFD2168A94B0A8820001A408023AA
:10A1000013430B8002F032FC96E71BB2002B00DBFE
:10A1100092E70288A14B25001A4080231343038055
:10A12000030050331A88A8235B00E35C5135DB0041
:10A13000C3189B18984AFF359B181B889B059B0DDD
:10A14000EB610DD0696900290AD0EA8801F06EFD43
:10A150006B69EA6931009B1820006B6102F00FFC0B
:10A1600021680A8893B2120500D565E7C0229201E2
:10A170001340934200D15FE70B00874A50331B889E
:10A180008A18D21813889B059B0D13802B69002B0E
:10A190000ED1802013880002034313800A88804B6D
:10A1A0001A40C0239B0153407E4A13430B8043E770
:10A1B0003E2B08D8012558082B40C0181388800270
:10A1C00003439BB2E9E71F2558092B405D426B41D1
:10A1D000C01A138880021843734BF1E7009B9F005D
:10A1E000C219138899B21BB20191002B00DB92E0D7
:10A1F00013886A490B4080210B4313802823009A5F
:10A200005343E3181A001D005D32FF3212785135B6
:10A21000FF35002A14D10200503211882A78D2006A
:10A2200052185D491218521812889205950D002A8D
:10A2300056D01A005732FF32FC33190012884BE017
:10A2400019005431FF3109782A78022900D0E3E05F
:10A250008026F601B4466546019EFC332E400396E7
:10A260000600503602966646019DD96E354200D1F1
:10A27000A0E0029D2E88D50086197619454D7619E5
:10A280003588AD05AD0D8D420DD90021D9669100FF
:10A2900041180E88424B1E4080239B017340414E63
:10A2A00033430B8002E0491BD966F0D0019B5B066B
:10A2B00007D59200821813883C490B403C490B4358
:10A2C0001380002D0CD02823009A5343E1180A0074
:10A2D0005932FF321288FC312B00896E01F0A6FC46
:10A2E0002823009959436218FC32106F40191067F7
:10A2F000906E40199066D06E002803D0526E954241
:10A3000000D3B3E0009A20005343E3185133FF33E6
:10A31000197802F034FB8022019B2068134200D19F
:10A320008AE6C21913881A49009E0B401E490B4346
:10A330009BB2138028225643A319D97C012900D04F
:10A34000C7E0009901314A43002111511A7F8A4226
:10A3500000D19EE04022019D019E1540164200D191
:10A36000A0E05A7C8A4200D087E002005032118877
:10A370001A7C084BD200C0184118521813880A4999
:10A380009B059B0D138013880B439BB2138080E0C9
:10A390000F8FFFFF02040000060400008F0F000073
:10A3A0008FBFFFFF808000000080FFFF8F8FFFFFC7
:10A3B000C0800000029D2E88D50086197619C74DF1
:10A3C00076193588AD05AD0D8D420DD90399D96645
:10A3D000910041180E88C24B1E4080239B017340A0
:10A3E000C04E33430B8002E0491BD966F0D0019B7D
:10A3F0005B0607D4920082181388BB490B40BB4907
:10A400000B431380002D00D16AE72823009A5343A1
:10A41000E1180A005B325CE7920082181688B249A4
:10A420003140B24E314311802A78910041180D8895
:10A43000010050310988D200521812186D040AD553
:10A44000AB49521812889205950D002A00D147E7B2
:10A450001A005932EFE6A149521812889205950D5B
:10A46000002A00D13CE71A005B32E4E65131FF31AB
:10A470002068611801F0A8F94DE7012A09D102000E
:10A480009B4D503212881B7C4019DB0080181B1832
:10A4900019802823009A5343E318197C200002F006
:10A4A0007AFAC9E55A7C002A06D102005032118896
:10A4B0001A7C8A4BD2005EE7012AEAD10200874962
:10A4C000503212881B7C4018DB0080181B181D803E
:10A4D000DFE7802701997F0039401A7C8C4601997B
:10A4E00002929D6AD20039421CD1070050373F8842
:10A4F000BF187F4A3F18BF183A889205920DAA42AA
:10A5000003D3624602999A62C8E7596AAD1A89185C
:10A510005962D96A10368A189D62DA62A11901F06F
:10A5200053F989E540218C46019F06000F400397AF
:10A53000674601995036394200D1DFE06C493788CF
:10A5400046180021F719BF5A8C46BF05BF0DAF4210
:10A5500001D2E91B8C466146802599620199ED0183
:10A5600029400D006146002947D1282300994B431B
:10A57000E3185B7C002B30D1070050373B885D49E6
:10A58000F3189B181E88B605B60D1E801E880E4354
:10A59000B6B21E80514E3B888019C01880180388BF
:10A5A0009B059B0D038003880B439BB20380200017
:10A5B000029902F0F0F9002D00D1DCE02823009A86
:10A5C00049495343E3181B7C22689B00D218138827
:10A5D0000B4049490B431380CDE0012BE7D1070025
:10A5E000614650373B88F3189B1819803B493B88DC
:10A5F0004018C01880186346D8E7002D0CD0029987
:10A60000890041180D880191AC466146364D0D40D8
:10A6100039490D4301990D80282500994D43342176
:10A620008C466519AC4461460978012900D0A2E046
:10A63000696AC91969620191D96AC919D9622B6B12
:10A64000296A8B4217D35B1A2B632823009D6B4327
:10A65000E3185D7C8BB2002D37D1050050352D8875
:10A660007519AA181588AD05AD0D158000290ED1F4
:10A670001188204D13E0002B03D161460B70390087
:10A68000E3E700216746397029631900DDE73E29B9
:10A6900011D801264D080E40AD191188AD0229438D
:10A6A00089B21180282200994A43A218128B01997D
:10A6B00001F075F85FE01F264D0931404E427141AF
:10A6C0006D1A1188AD022943D3E7012DEAD10100AB
:10A6D000503109887618B6183380E3E70604000085
:10A6E0008FBFFFFF808000008F8FFFFFC0800000C2
:10A6F000020400000080FFFF80C00000AC493688E3
:10A700008C4684446644B65A039FB605B60DAE42E5
:10A7100000D8AF1B80250199ED0129400D009F62F3
:10A72000002F49D1282300994B43E3185B7C002B71
:10A7300033D103009F4950331E8840188019801878
:10A7400006889D49B605B60D068006880E43B6B24A
:10A7500006801B8863449B181A889205920D1A8004
:10A760001A880A4392B21A802000029902F013F963
:10A77000002D00D122E72823009A5343E3181B7CC5
:10A7800022689B00D21811888C4B194030234B4013
:10A790008B490B431380FFF74FFC012BE4D10300DF
:10A7A000844950331E8840188019801807801B8800
:10A7B00063449B181F80D7E7002908D10299814D77
:10A7C000890041180F883D407F4F3D430D80282769
:10A7D00000994F43E7193900343101910978012973
:10A7E000C9D1796A89197962DD6AAD19DD623B6B7D
:10A7F0003D6AAB4217D35B1B3B632823009E734328
:10A80000E3185E7CABB2002E34D106005036368899
:10A810006644B2181688B605B60D1680002D0ED106
:10A820001588654E13E0002B03D1019D2B70350078
:10A83000E3E70025019E3D6335701D00DDE73E2DF9
:10A840000ED801276E082F40F6191588B602354339
:10A85000ADB215802822009D6A43A218528B27E7CB
:10A860001F276E093D406F427D41761B1588B60259
:10A870003543D6E7012EEDD1050050352D886544CE
:10A88000AA181380E6E743050ED523684F4906331F
:10A89000DA8F20000A40DA8702F08FF829002000C2
:10A8A000FFF7ABFBFFF7CEFB430407D5236848490E
:10A8B0000633DA8F0A40DA87FFF7C4FB80230100F2
:10A8C0009B011940184204D0236842490633DA8FAD
:10A8D000F0E7C3041AD5042023680233DA8F8243D9
:10A8E000DA87DA8F00188243DA87B2239B00E25CB2
:10A8F000012A03D12000E15400F08BF9200002F07E
:10A900007FF8236834490633DA8FD3E7030513D57C
:10A91000082123689A1CD08F06330143D187D98F31
:10A920002E480140D9870423D18F0B43D3872000C1
:10A9300002F054F8FFF786FB8025284221D0B22090
:10A9400023688000991DCA8FAA43CA87225C002A07
:10A95000EDD104219A1CD58F54332943D187082186
:10A96000D58F2943D18701213C2221541B88200007
:10A970009B081340B3229200A35000F04AF9FFF75E
:10A9800061FB83050AD5236815490633DA8F200059
:10A990000A40DA8702F00AF8FFF754FBC00501D439
:10A9A000FFF750FB23680F490633DA8F82E7C04672
:10A9B00006040000020400000080FFFFBF8FFFFFBD
:10A9C000808000008F8FFFFF80C00000FFFBFFFF33
:10A9D000FFBFFFFFFFDFFFFFFFEFFFFFFFF7FFFFFF
:10A9E000FFFDFFFFFFFEFFFF70B5040007200D0015
:10A9F0000840282141436DB26618002D18DA012560
:10AA000010316118757408700A61CB70022B01D186
:10AA100000230B71A425AD00635D0220012B06D03D
:10AA200001236355206800F0C3FC0020605570BD11
:10AA3000002551315236FF31FF3661183570E2E79B
:10AA400007220B000A40282151435BB270B5040075
:10AA50004018002B12DA0123103161184374A42529
:10AA60000A70AD00635D0220012B06D001236355FF
:10AA7000206800F0ADFD0020605570BD002351310D
:10AA80005230FF31FF3061180370E8E7F8B5072452
:10AA9000214021344C4306193700FC37FB66330054
:10AAA0000025523351365134FF33FF36FF343D67B2
:10AAB000BA661D7031700119006800F085FE28002B
:10AAC000F8BD07230B40282159434018FC30006F84
:10AAD000704770B50724214021344C4306193500D6
:10AAE000726201223435B3622A7000251034F56297
:10AAF0003174336372740119006800F065FE280038
:10AB000070BD072270B5037904000A40012093420A
:10AB100019D348B22823002816DA5343190001201C
:10AB20001031E318611858740123A4258B700A7042
:10AB3000AD00625D02209A4205D06355206800F0A6
:10AB4000C1FD0020605570BD4B4319000020E31883
:10AB500051315233FF31FF3361181870E4E70B00B5
:10AB60000F2270B5017904001A40012091421BD3D5
:10AB7000072228211A4051435BB26018002B14DAD7
:10AB800001231031611843740025A4268D700A70CA
:10AB9000B600A35D0220012B06D00123A355206837
:10ABA00000F0B0FD2800A55570BD00235131523092
:10ABB000FF31FF3061180370E6E730B528240D0639
:10ABC0000BD5072529404C431034001999B2002AAF
:10ABD00007D10273C180002030BD4C435134FF3493
:10ABE000F3E7012283600273F5E703680200B420F3
:10ABF000012110B58000B22411500020A40010558E
:10AC000054331A8811430222198019880A431A8082
:10AC100010BD7047044B054A5B6805495B055B0F37
:10AC2000CB5C1068D8407047001002400C02002036
:10AC3000E4DC0008072310B503240360094B5A68BD
:10AC4000224042605A68ED3422408260E0225B6814
:10AC5000D20013400122C360034B1B6813400B60FA
:10AC600010BDC046001002400020024070B5012413
:10AC7000036A026AA24302627322446885699543AB
:10AC80000A681543022293438A681343144A904288
:10AC900008D0144EB04205D0134EB04202D0134E2D
:10ACA000B04216D10826B343CE6833430426B343DB
:10ACB000904208D00B4A904205D00B4A904202D0F5
:10ACC0000A4A904205D10A4A8E6922404C693443AF
:10ACD00014434A68446085614263036270BDC046A4
:10ACE000002C014000400140004401400048014068
:10ACF000FFFCFFFF70B5184A056A036A1340036240
:10AD000073234268C4699C430B681C43134B1D406A
:10AD10008B681B022B43124DA8420ED1114D1D40D2
:10AD2000CB681B022B43104D2B40104D4E69154034
:10AD30008A69324312012A4308E00D4DA842F4D03B
:10AD40000C4DA842F1D00C4DA842EED042604A68AA
:10AD5000C461C263036270BDFFFEFFFFFFFDFFFF22
:10AD6000002C0140FFF7FFFFFFFBFFFFFFCFFFFFBE
:10AD700000400140004401400048014030B5144A01
:10AD8000046A036A134D134003624368C2692A4090
:10AD90000D682D021543104A14408A68120322439D
:10ADA0000E4CA04208D00E4CA04205D00D4CA04243
:10ADB00002D00D4CA04204D10C4C1C404B699B01AD
:10ADC000234343604B68C5610364026230BDC046E3
:10ADD000FFEFFFFFFF8CFFFFFFDFFFFF002C0140B5
:10ADE000004001400044014000480140FFBFFFFF18
:10ADF00001000300012010B53D310C78E2B284421D
:10AE00001CD1001808701B68D9681143D9600D491E
:10AE10008B4209D08021C9058B4205D00A498B425B
:10AE200002D00A498B420AD107219A680A40062AB1
:10AE300003D0012219680A431A60002010BD196866
:10AE4000F9E7C046002C01400004004000400140EA
:10AE500070477047704770470222036870B5DD681D
:10AE60001E69040016420DD015420BD0053A1A6136
:10AE7000043202779B699B0700D171E0FFF7E9FF7D
:10AE80000023237704231E4211D01D420FD0052238
:10AE9000236852421A61073222779A69C0239B00C5
:10AEA00020001A4262D0FFF7D4FF00232377082343
:10AEB0001E420FD01D420DD00922236852421A6152
:10AEC0000D322277DB6920009B0755D0FFF7C1FFC9
:10AED0000023237710231E4211D01D420FD01122D0
:10AEE000236852421A6119322277DA69C0239B0023
:10AEF00020001A4246D0FFF7ACFF0023237701233E
:10AF00001E4208D01D4206D0022223685242200071
:10AF10001A61FDF703FE80231E4208D01D4206D0B1
:10AF200081222368524220001A6100F01EFA402359
:10AF30001E4208D01D4206D0412223685242200002
:10AF40001A61FFF788FF20231E4208D01D4206D059
:10AF500021222368524220001A6100F005FA70BDD8
:10AF6000FFF776FF2000FFF775FF89E7FFF770FF17
:10AF70002000FFF76FFF98E7FFF76AFF2000FFF759
:10AF800069FFA5E7FFF764FF2000FFF763FFB4E761
:10AF9000234A10B50368904206D08024E405A042FD
:10AFA00002D0204CA0420CD17024A3434C68234310
:10AFB000904212D08024E405A0420ED0194CA04249
:10AFC0000BD0194CA04208D0184CA04205D0184C08
:10AFD000A04202D0174CA04203D1174C1C40CB68B2
:10AFE00023438024A3434C69234303608B68C362DB
:10AFF0000B688362904208D00C4B984205D00C4BF2
:10B00000984202D00B4B984201D10B690363012295
:10B0100042610369134202D003699343036110BD87
:10B02000002C01400004004000200040004001408E
:10B030000044014000480140FFFCFFFF70B50400E0
:10B040000120002C21D025003D352B78DAB2002BD1
:10B0500005D123003C3320001A70FDF757FE022370
:10B060002B702068211DFFF793FF22000123002091
:10B07000463213704534083A137053709370D3708E
:10B0800013715371937123702B7070BD70B50400F0
:10B090000120002C21D025003D352B78DAB2002B81
:10B0A00005D123003C3320001A70FDF71BFE02235C
:10B0B0002B702068211DFFF76BFF22000123002069
:10B0C000463213704534083A137053709370D3703E
:10B0D00013715371937123702B7070BD102270B572
:10B0E000056A036A174C93430362426883692340ED
:10B0F0000C6824021C4320239D438B681B012B43B7
:10B10000114DA8420FD18025AB431E00CB68403DB6
:10B110001B013343AB430D4D4E6915408A693243E1
:10B1200092002A4308E00A4DA842F4D0094DA842F3
:10B13000F1D0094DA842EED042604A688461826332
:10B14000036270BDFF8CFFFF002C0140FFF3FFFF87
:10B15000004001400044014000480140F8B50600AD
:10B160003C361500327803000C000220012A0AD078
:10B1700001383070082D3FD006D8002D19D0042D8D
:10B1800029D000233370F8BD0C2DFAD11D6828009A
:10B19000FFF7F4FD8023EA691B011343EB61EB69C0
:10B1A0001D4A1340EB612369EA691B021343EB61FB
:10B1B0000FE01D682800FFF759FD0823AA69134313
:10B1C0000422AB61AB699343AB61AB692269134362
:10B1D000AB610020D5E71D682800FFF77FFF8023C3
:10B1E000AA691B011343AB61AB690B4A1340AB6106
:10B1F0002369AA691B02EAE71F683800FFF77AFD96
:10B200000422FB691D43FD61FB699343FB61FB69FC
:10B2100022691343FB61DCE7FFFBFFFF1F2310B52F
:10B22000012419408C408A40036AA3430362036AE5
:10B230001A43026210BD00000200030010B500298D
:10B2400009D13E331B78013B581E8341DBB20120FC
:10B25000002B0AD010BD042901D13F33F2E70829A1
:10B2600001D14033EEE74133ECE70223100000291F
:10B270001DD13E300370146801222000FFF7CEFF7D
:10B28000194A94421DD0194B9C421AD0184B9C422B
:10B2900017D0184B9C4214D08023DB059C4218D158
:10B2A0000722A3681340062B19D10020D2E70429F6
:10B2B00001D13F30DEE7082901D14030DAE74130E3
:10B2C000D8E78023616C1B020B4363649442E3D193
:10B2D000E6E7094B9C42E3D0044B9C42E0D00123BB
:10B2E000226813432360E0E7002C01400040014046
:10B2F00000440140004801400004004010B5FFF741
:10B300009BFF10BD70B5040002223C342578030079
:10B310001000012D20D01D0070263D352A701B68BD
:10B3200058689A68B0430E68304358600B488342AF
:10B3300009D08020C005834205D00948834202D04D
:10B340000848834204D18020496882430A439A60B6
:10B35000012300202B70207070BDC046002C0140DE
:10B36000000400400040014070477047821D030008
:10B370000020D087014A0233DA87704780BFFFFF81
:10B380000230C38F024A1340C38700207047C04673
:10B390007F400000821C030001210020D18782B081
:10B3A000D0879A1D5033D087188002B070470000B4
:10B3B000F7B50E787A4AB300C3181C88CF781440CA
:10B3C000012205000092032F08D83800F9F7A4FAEB
:10B3D00002423F3C8022920014430097714A14437A
:10B3E000A4B21C801888704C20403043104380B2B7
:10B3F0001880F0008446087BAC4450350195002845
:10B4000000D06BE0CD8848786D086D00002823D00F
:10B4100080200199C0000988614409180D801988AD
:10B42000490604D519882140604C21431980604D9C
:10B43000012F00D1AEE020211C882C4061400A433E
:10B4400092B200981A80FEBDC022D200144300229E
:10B450000092C3E78022F8E70198096907885548F8
:10B4600067443F1801983D800588534865442D186E
:10B470002F88BF05BF0D2F80002915D1802729886F
:10B480003F02394329801988490404D5198821408D
:10B490004A4C214319804A491C880C40C021002E87
:10B4A00000D080218901C9E73E2908D801204F0832
:10B4B00001407F182988BF02394389B2E2E71F2083
:10B4C0004F0901400800414241417F1A2988BF02CB
:10B4D00039433C4F0F43BFB22F80D4E71D88022F62
:10B4E0003AD1394E2540354301981D80058880208A
:10B4F0000E896544C00076082D18760001982E80CC
:10B5000005884E892B48654476082D1876002E80D4
:10B510004978274E8C4680216046294DC901002874
:10B520001FD11F880F4204D01988244F214039436E
:10B5300019801988490604D5198821401B4C2143DC
:10B540001980C0211C8889012C406140114389B2B7
:10B5500019801988314072E71C4E35401543ADB251
:10B56000C2E71888084204D01988144821400143D2
:10B5700019801988490604D5198821400B4C2143AC
:10B580001980012F09D020211C88344061401143CB
:10B5900089B219801988294051E719883140F6E7A6
:10B5A0008F89FFFF8080FFFF8F8FFFFFC08000002B
:10B5B000BF8FFFFF040400000604000080C00000ED
:10B5C0008FBFFFFF0080FFFF808100008F8EFFFF95
:10B5D000F0B50B784A78097B9B00C018314B0029E5
:10B5E0001AD1002A0CD00288520605D502882E49AD
:10B5F0000A402E490A43028002882D490A402FE062
:10B600000288520405D5028827490A4029490A437D
:10B61000028002882849F1E78027234E244D2649DD
:10B62000FF01002A21D102883A4204D00288214C2D
:10B630003240224302800288204C520604D5028800
:10B640003240224392B20280028832401443A4B2B4
:10B65000048002880A401A4392B2028002882A407B
:10B6600013439BB203800020F0BD0288144C3A4281
:10B6700004D002883240224392B2028002885206ED
:10B6800004D50288094F32403A4302800288324092
:10B690001443A4B2048002882A401A4392B2028062
:10B6A0000288ABE78080FFFF8F8FFFFFC080000024
:10B6B000BF8FFFFF80C000008FBFFFFFC080FFFF74
:10B6C00080C0FFFF0B780C4A9B00C0184B780188A4
:10B6D000002B08D0094B194010234B4013439BB259
:10B6E000038000207047064B194080235B014B40CC
:10B6F0001A4392B20280F4E78080FFFFBF8FFFFF02
:10B700008FBFFFFF0B7B002B19D10B789B00C0185C
:10B710004B78002B15D003885B0605D50388104AAB
:10B720001340104A13430380CB78012B07D00E4BF4
:10B7300002881A40202353400C4A13430380002000
:10B74000704703885B0405D50388054A1340084AFF
:10B7500013430380074B02881A40C0239B01EAE78A
:10B760008F8FFFFFC0800000BF8FFFFF8080000031
:10B7700080C000008FBFFFFF002902D180234C3022
:10B780000380002070478022583003881202134340
:10B790000380002070470630C08F80B2704730B5FC
:10B7A00080240133E40012195B0880185B00CB1879
:10B7B000401A0C188B4200D130BD4A780D78120225
:10B7C0002A4322800231F4E7F0B50C0049780500E5
:10B7D000227B87B0012900D01BE12369A76902936E
:10B7E0009F4200D91F002B00503361690193002A4A
:10B7F0001DD1BFB23B00E2882800FFF7D0FF019BBC
:10B80000BE4A19882378AA18DB0052189B181F809B
:10B810002378BB4A9B00EB181988114030224A401C
:10B82000B8490A4392B21A80002007B0F0BD2278CE
:10B83000266A9300D2000392E078EB18022800D029
:10B84000D1E0029AB24200D3BBE01A88AE48F61BA0
:10B850001040AE4A104318801B8840209C46624628
:10B86000024005926246CB1904932662BBB20242A3
:10B8700055D0019A12889446A54AA818039A6044A4
:10B880008218138062892800FFF789FF049B029ABF
:10B8900063610023B24201D2F31B3E00627823624F
:10B8A000B3B2002A2ED1019A9449108822786918DF
:10B8B0000918D200521811888905890D1180002EAF
:10B8C0000AD1802011880002014311802289049945
:10B8D0002800FFF764FF9BE73E2E08D8012170087F
:10B8E0003140401811888002014389B2EDE71F20E2
:10B8F0003040710946427041091A10888902084394
:10B900008449F1E7012AE1D12A007C4950321088AC
:10B9100022786918D200091852181380D6E7019AC4
:10B9200012889446754AA818039A604482181380B6
:10B9300022892800FFF733FF049B029A6361059B6D
:10B94000B24201D2F31B3E0062782362B3B2002AF6
:10B950002AD1019A6E491088227869180918D200F4
:10B96000521811888905890D1180002E06D180207A
:10B9700011880002014311806289A8E73E2E08D891
:10B98000012170083140401811888002014389B2BA
:10B99000F1E71F2071090640704246411088891B5B
:10B9A000890208435B49F1E7012AE5D12A00584999
:10B9B0005032108822786918D20009185218138062
:10B9C000DAE71888544F4F4A3840104380B2188045
:10B9D000019B039A1888494BEB181B189A18B3B2AD
:10B9E0001380228974E71888F61B019A266216884C
:10B9F000BBB2400607D5464AA818039A8019821898
:10BA00001380628964E73D4AA818039A8019821856
:10BA1000E6E7002A1CD1A36921698B4201D95A1A91
:10BA20000B00A2612A003A49503210882278691826
:10BA3000D2000918521811888905890D1180002B30
:10BA400000D0D6E08021138809020B4313803DE02B
:10BA5000E378022B00D08CE0002924D10600274A8D
:10BA6000503633882078AA18D218C00012181388CC
:10BA70009B059B0D13802369002B34D180271188EF
:10BA80003F0239431180224A3188AA1852181218ED
:10BA900011888905890D1180002B54D180211388CC
:10BAA00009020B431380E369002B0FD023781B4955
:10BAB0009B00EB181A880A408A4201D0002A05D15F
:10BAC0001A8811490A4016490A431A8023789B00B4
:10BAD000ED182A88134B1A40C0239B015340124A89
:10BAE00013432B80A0E63E2B20D801215F0819408C
:10BAF0007F181188BF02394389B2C3E702040000EE
:10BB0000BF8FFFFF8080FFFF8F8FFFFF80810000CE
:10BB1000060400000080FFFF8F8EFFFF4040000002
:10BB2000C08000008FBFFFFF808000001F271F40E4
:10BB300039004F424F415909C91B178801918902A9
:10BB40000F433749D7E73E2B08D801205908034057
:10BB5000C918138889020B439BB2A3E71F20590918
:10BB6000034058424341C91A1388890219432C4B98
:10BB7000F1E70120834200D057E6A3692269002043
:10BB8000934201D9981A1300A06100299ED12E007A
:10BB9000244A503631882078AA185218C00012184A
:10BBA00011888905890D1180002B0AD18027118801
:10BBB0003F02394311801C4A3188AA1852181218C2
:10BBC00039E73E2B08D801215F0819407F181188FA
:10BBD000BF02394389B2EDE71F271F4039004F42AA
:10BBE0004F415909C91B1788019189020F430C491C
:10BBF000EFE73E2B08D8012059080340C9181388E5
:10BC000089020B439BB221E71F2059090340584288
:10BC10004341C91A138889021943014BF1E7C04611
:10BC20000080FFFF0204000006040000F0B580253C
:10BC30005C08ED00521926000D008018471AEA1919
:10BC4000002E06D1DB0703D56400001903880B55CD
:10BC5000F0BD1288013E92B22A70120A6A70023553
:10BC6000EDE70000014B18607047C0460C02002051
:10BC7000AF239B00C35870B5002B0ED0AE22802599
:10BC800092008458AD00605DFF2806D0044A9B688E
:10BC90002100A25C9847FF236355002070BDC04679
:10BCA0000102000043230380004870475C0200202B
:10BCB0004323038000487047A002002043230380F1
:10BCC00000487047180200200A230380004870478C
:10BCD0001C03002070B5AE26B6000400855900F0A4
:10BCE00041FF83239B00E850A3590220002B0AD078
:10BCF000832381229B00E918B033E3589200DB686C
:10BD0000A8589847002070BDF8B5AE239B00C758CF
:10BD100004000E000220002F16D014254D43651993
:10BD2000E8690833E35800280FD028224A439B18BB
:10BD3000196AF8F78BFE0A1E07D10B00E961200093
:10BD4000310000F0FDFE0020F8BD852300229B009D
:10BD5000FA50F8E7AE23F7B59B00C6586B466A4623
:10BD60000D00591D002304000B70D3802B78901D0B
:10BD70001F0060221740134226D0202F3FD1EA88AF
:10BD80006878002A19D05BB2002B0BDAAF239B0036
:10BD9000E35831009B6898473100EA88200000F0A2
:10BDA00094FC08E080239B00F054184B31002000E5
:10BDB000F25400F0A0FC0020FEBDAF239B00E3582E
:10BDC00029009B689847F6E76B780A2B0BD00B2B62
:10BDD00010D0002B13D1A7239B00E35C032B0ED1C3
:10BDE00002220100DAE7A7239B00E35C032B06D1C4
:10BDF0000122D3E7A7239B00E35C032BDBD02000C9
:10BE0000290000F03BFC0220D6E7C04601020000FA
:10BE100070B504000025812100F05BFE01212000A7
:10BE2000E56200F056FE2300AE26FC331D6782213A
:10BE30002000B60000F04DFEA3592564AB4208D0A7
:10BE4000AF239B00E3585B689847A05900F096FE2B
:10BE5000A551002070BD70B5037C0400002B3AD1C1
:10BE6000802381219B00022200F027FE01218023F4
:10BE7000E1629B000222200000F01FFE2300012649
:10BE8000FC33032282211E672000082300F015FEE8
:10BE900087202664800000F06DFEAE239B00050025
:10BEA000E0503000002D15D00433E3581B6898474C
:10BEB000852200239200AB500432AB50237C143A0D
:10BEC000002B11D180239B0031002000AA5800F0E4
:10BED00040FE002070BD40238121022200F0EDFDD4
:10BEE00001214023E162C5E74023EDE70300022082
:10BEF000002903D0AF220020920099507047AE2352
:10BF00009B00C358822080001950842189000020A2
:10BF10005A507047AE239B00C258B43B0020D1500A
:10BF20007047AE239B00C25810B50223002A12D0DE
:10BF3000852189005458013B002C0CD15350842397
:10BF40009B00D3580C39525888390363FF399BB290
:10BF500000F0F6FD2300180010BDAE239B00C25870
:10BF600010B50223002A0BD081239B00D258037CFA
:10BF7000002B07D180239B00012100F0EAFD002364
:10BF8000180010BD4023F7E7022310B5002813D096
:10BF9000AD239B00C458002C01D00024C4500029BC
:10BFA00002D0AC239B00C150A72301219B00C154A8
:10BFB000027000F039FD0023180010BD03000220BC
:10BFC000002903D0AD22002092009950704710B58F
:10BFD00000F06AFD002010BDAD239B00C25810B5D3
:10BFE0000223002A04D013689847431E9841430057
:10BFF000180010BDAD2310B59B00C3585B6898476F
:10C00000002010BDAA239B0070B5C51804002800AD
:10C0100000F020FBA52301229B00E250114BE25AC5
:10C02000163BE2501033E15C1F230B40012B09D07B
:10C03000022B0CD0002B0FD12900200000F01AF9A0
:10C04000002070BD2900200000F04AFAF8E729001E
:10C05000200000F06DFAF3E77F232000994300F001
:10C0600041FDEDE7AE02000070B5040015000029A7
:10C070002ED1A5239B00C258032A23D1020055329A
:10C08000FF32D368106983420BD91B1AD36082B286
:10C09000984200D99AB22900200000F03CFB002011
:10C0A00070BDAD239B00E3581B69002B06D0A7226F
:10C0B0009200A25C032A01D120009847200000F0E2
:10C0C00032FBECE7052AEAD1C15000F00BFDE6E7B0
:10C0D000AD239B00C35802209B69002BE0D0A72210
:10C0E0009200A25C032ADBD120009847D7E7F8B57D
:10C0F0000D0004001100002D4DD1A5239B00C35855
:10C10000022B3ED1036A466AB34211D99B1B0362DC
:10C110009AB200F0E8FA2B002A002900200000F073
:10C1200018FDA8239B00E25C012A31D00020F8BD55
:10C13000C76931003800F8F789FC0D1E0CD1BE42EA
:10C140000AD8A626B600A3599F4205D20A002000AD
:10C1500000F0C9FAA551DEE7AD239B00E358DB6888
:10C16000002B06D0A7229200A25C032A01D1200056
:10C1700098478021200000F0B5FC200000F0DFFA95
:10C18000CFE704229343CCD1802100F0ABFCC8E779
:10C190000022E254CAE7AD239B00C35802205B692A
:10C1A000002BC4D0A7229200A25C032ABFD1290091
:10C1B00020009847BAE7002270B504001100402320
:10C1C00000F07BFC230001254026FC338021DD6547
:10C1D0009E6600223300200000F06FFCA7230021A0
:10C1E0009B00A5616662E554083BE1501033616035
:10C1F000E1501433E3588B4205D0AD239B00E35844
:10C2000020005B689847002070BD017400207047D3
:10C21000A7239B00C15C034A81540422C25400201E
:10C220007047C0469D020000A7239B00C25C042A01
:10C2300002D1024A825CC254002070479D02000075
:10C24000A72310B59B00C35C032B06D1AD239B0035
:10C25000C358DB69002B00D09847002010BD10B5F3
:10C260000400802100F03EFC0021200000F03AFC98
:10C2700010BD000060220B7873B513400D0019004B
:10C28000921820390400114212D0002B00D096E001
:10C290006878092800D992E0F8F748FBF0000D0112
:10C2A000910005019100830012009100DA00A400C2
:10C2B000AD239B00C35829009B689847002076BD9A
:10C2C00000236A46D3806B88180A0138062876D87E
:10C2D000F8F722FB0417267575404B00AC239B0032
:10C2E000E358207C1B686A46911D98476B46D988A5
:10C2F000EA88002950D0002A43D1200000F013FA28
:10C30000DCE7AD23227C9B00E358002A06D19B6A20
:10C310006A46901D984702234370E7E7DB6AF7E718
:10C32000D8B205284BD8AC239B00E358F8F7F4FAB1
:10C3300003080A0C0E105B68002B40D0207CD2E76B
:10C340009B68F9E7DB68F7E71B69F5E75B69F3E7EB
:10C350009B69F1E7237C002B31D1AD236A469B001A
:10C36000E358901D5B6B9847C0E7237C002B26D1D8
:10C37000AD236A469B00E358901D1B6B984707232B
:10C38000CAE70B1C914200D9131C69469AB2CB80B4
:10C390000100200000F099F9EB88002B00D08DE718
:10C3A000ABE7AB88002B0AD1EB88002B07D16E8856
:10C3B0007F2E04D8A725AD00635D032B03D1200099
:10C3C000FFF74DFF7AE7444BF1B2E154200000F053
:10C3D000AEFB200000F0A7F90223002E00D10123BC
:10C3E00063556BE7A9783D4D29700129E7D8A7234C
:10C3F0009B00E25C022A09D0032A15D02000FFF737
:10C400002EFF20002978FFF7F5FD57E7002900D11E
:10C4100073E7012103226160E2542000FFF7DCFD95
:10C42000022800D069E7CAE7002906D102222000CD
:10C43000E2546160FFF7DEFD5FE76168012900D12A
:10C440005BE7C9B22000FFF7D5FD29786160E4E71A
:10C45000EA88012AB3D1A7239B00E35C022B06D80C
:10C46000002BACD000232100A360083102E0211D85
:10C47000032BA4D1200000F028F91FE7A7239B007D
:10C48000E35C013B022B9AD8EB88022B97D1A923BE
:10C490009B00E2580123002A00D00233210002222F
:10C4A000E3600C31E6E76B88012B00D006E7A92298
:10C4B0009200A35021E7A7239B00E35C013B022BE2
:10C4C00000D97CE76B88012B00D0F7E6A923002276
:10C4D0009B00E25011E7C0469E020000080B0020BE
:10C4E00060230A7870B5134004000D00520601D590
:10C4F000402B19D1A7239B00E35C013B022B13D8EF
:10C500002B79012B10D8AD239B00E35829009B68A1
:10C5100020009847EB88002B04D1002802D120008E
:10C5200000F001F9002070BD2000FFF798FEF9E748
:10C5300070B50A7804000B00888860210A40150055
:10C540004918203D0D4226D0002A34D15A78C1B274
:10C55000012A43D0032A27D0002A2CD1A7239B00ED
:10C56000E35C022B54D0032B25D10F2314220B4064
:10C570005343E31800065BD59B69002B1BD07F2338
:10C580000B4001335343E5184B065CD100230222D4
:10C5900029002B6048E0AD229200A258190020002B
:10C5A00092689047002070BDA7229200A25C022AE8
:10C5B00024D0032A03D02000FFF751FEF2E75A8867
:10C5C000002A07D14A0605D0DB88002B02D12000C3
:10C5D00000F088FA200000F0A6F8E3E7A722920016
:10C5E000A25C022A0AD0032AE5D15B88002BD9D1AC
:10C5F0004B06EFD0200000F07EFAEBE74B06DAD0D6
:10C60000200000F06FFA8021200000F06BFAC9E7EB
:10C610004906D0D121005531FF31000601D54139FD
:10C62000FF39002302220B60200000F04EF8B9E72A
:10C63000FC33DB6D002BBED07F230B405A435532B9
:10C64000FF32A518A0E7200000F05EFA00289DD078
:10C6500001239CE70B7803704B784370CB788A7882
:10C660001B02134343804B790A791B0213438380D7
:10C67000CB798A791B021343C380704710B504003D
:10C68000802100F02FFA0021200000F02BFA10BDCD
:10C6900070B504000D00160000280DD0F8F734F92D
:10C6A000C3B201335B0033802B70032300206B7017
:10C6B000013B2178002900D170BD5A1CE954D2B247
:10C6C00002330134DBB2A854F3E71300A52210B5FE
:10C6D0000224920084500A00C3610021036200F02A
:10C6E0002FFA002010BD10B513000A00002100F041
:10C6F00027FA002010BD1300A52210B503249200D4
:10C7000084500200FC32136653660A00002100F0D8
:10C7100020FA002010BD10B513000A00002100F01F
:10C7200018FA002010BDA52304229B0010B5C250AA
:10C7300000231A00190000F003FA002010BDA52301
:10C7400005229B0010B5C25000231A00190000F00A
:10C7500000FA002010BD000010B5114C002220008E
:10C760001049FFF711FC002801D0FCF7EBF920007D
:10C770000D49FFF723FC002801D0FCF7E3F9200066
:10C780000A49FFF7B3FB002801D0FCF7DBF92000D2
:10C79000FFF71DFC002801D0FCF7D4F910BDC046FE
:10C7A0000C0B00206C030020E40200202803002072
:10C7B0000020704700207047002070470A00AE211B
:10C7C00010B5084C890003006058A4394158012075
:10C7D000002906D119002000FFF791FB2000FFF788
:10C7E000A0FB10BD0C0B002073B50E4D04000E0015
:10C7F00001002800FFF78EFB2800FFF7AEFB0023A7
:10C800006A46D3806B4632682100074892B20633ED
:10C81000FBF714FF002803D06B46D988FFF7CEFF43
:10C82000002076BD0C0B00201405002012230148C7
:10C830000B80704758030020042301480B80704789
:10C840005403002070B5002652008A188A4200D195
:10C8500070BD050FECB223003733092D00D8073B1C
:10C860000B704E7000010231F0E700001A2310B582
:10C870000B800A4B18680A4B1B68C01800280AD0A6
:10C88000084B08221C680849FFF7DCFF042220003F
:10C890000649FFF7D7FF064810BDC046ACF7FF1F9B
:10C8A000B4F7FF1FB0F7FF1F3A0300204A03002030
:10C8B0003803002010B5044C0A0021000348FFF79C
:10C8C000E7FE200010BDC046D00D0020ECDC0008C3
:10C8D00010B5044C0A0021000348FFF7D9FE2000E0
:10C8E00010BDC046D00D002002DD000810B5044C7C
:10C8F0000A0021000348FFF7CBFE200010BDC04610
:10C90000D00D002018DD000810B5044C0A002100ED
:10C910000348FFF7BDFE200010BDC046D00D00202B
:10C9200023DD0008002803D00238431E984101305F
:10C930007047000007B50B4B02689A4211D1802165
:10C94000094B0904DA691F200A43DA610022DB6916
:10C950000B4001931100019BFDF74EF81F20FDF7DE
:10C9600075F807BD005C004000100240A62310B51A
:10C970009B00C1184033C058FFF744FB10BD28236B
:10C980004B43C318FC339A6EB62310B59B00C058B6
:10C99000FFF76AFB10BD28234B43C3185A6AB6231E
:10C9A00010B59B00C058FFF7A2FB10BDB62310B511
:10C9B0009B00C058FFF744FC10BD70B543790400DC
:10C9C000022B01D0FCF7BEF8B625AD00012160595D
:10C9D000FFF71BFC6059FFF7EEFB70BDB62310B5E7
:10C9E00004009B00C058FFF713FC637A002B04D0AF
:10C9F0000623024A11690B43136110BD00ED00E0EC
:10CA000010B5437A0400002B06D00621054A1369AD
:10CA10008B431361FCF710F8B6239B00E058FFF737
:10CA200003FC10BD00ED00E0B62370B504001C4807
:10CA30009B00C4501B4BB025036082239B00838066
:10CA40000223C3710023AD00605143724381FDF79F
:10CA500075FA002801D0FCF775F800226059110022
:10CA60001823FEF7AAF86059582300228021FEF708
:10CA7000A4F86059C02300228121FEF79EF8882384
:10CA80006059002201215B00FEF797F8802360596E
:10CA9000002282215B00FEF790F8002070BDC046A6
:10CAA000F0110020005C0040B02310B59B00C0587E
:10CAB000FDF790FAFFF736FF10BD10B514001A000D
:10CAC0002300B024A4000059FDF78EFFFFF72AFFD2
:10CAD00010BDB02310B59B00C058FDF7B1FFFFF7A4
:10CAE00021FF10BDB02310B59B00C058FEF709F818
:10CAF000FFF718FF10BDB02310B59B00C058FEF71C
:10CB00002EF8FFF70FFF10BDB0239B00C35848B2AB
:10CB10002822002805DA7F2001404A439B18987C90
:10CB200070474A439B185333FF331878F8E7B02314
:10CB300010B59B00C058FDF760FAFFF7F3FE10BD7B
:10CB400010B5B024A4000059FDF7C3FFFFF7EAFEBB
:10CB500010BD10B5B024A4000059FDF797FFFFF7F2
:10CB6000E1FE10BDB02310B59B00C058FDF7A9FF32
:10CB700010BD000000487047D00F00207047000033
:10CB800010B5034B0100186800F026F810BDC04630
:10CB90008803002070B50F4E0D0031680400002995
:10CBA00002D100F0B1F830602900200000F0ACF8AC
:10CBB000431C03D101256D42280070BD0323C51C11
:10CBC0009D43A842F8D0291A200000F09DF80130BA
:10CBD000F2D1EFE7CC140020F7B50322CB1C93432E
:10CBE000083305001F000C2B34D20C27B94233D870
:10CBF000280000F071F8374E33681C00002C2FD14C
:10CC000039002800FFF7C6FF0400431C5FD13468D9
:10CC10000094009B002B4AD1002C52D0236828009E
:10CC2000E3180099019300F06FF8019B834248D10B
:10CC300023682800FF1A3900FFF7ACFF013040D00D
:10CC40002368DB19236033685A68002A33D1009BBC
:10CC5000336019E0002BC9DA0C232B600020FEBDE5
:10CC60002168C91B20D40B290AD9E2192760A342E5
:10CC700004D1326063681160536005E05A60F9E7DF
:10CC80006268A3420ED13260280000F02DF8200027
:10CC900007220B30231D9043C21A9842DFD01B1A83
:10CCA000A350DCE75A60EFE723006468A6E7009C26
:10CCB00063680093ADE71A005B68A342FBD10023D1
:10CCC000DAE70C2328002B6000F00EF8C6E70760B7
:10CCD000DAE7C046D014002010B5024800F050F842
:10CCE00010BDC0461016002010B5024800F049F8EB
:10CCF00010BDC0461016002003008218934200D1D8
:10CD0000704719700133F9E7002370B5064D040030
:10CD100008002B60FBF7AAFF431C03D12B68002BF4
:10CD200000D0236070BDC0460C160020014B18686F
:10CD30007047C0468803002070B500260C4C0D4D8E
:10CD4000641BA410A64209D1002600F025F80A4C65
:10CD50000A4D641BA410A64205D170BDB300EB5868
:10CD600098470136EEE7B300EB5898470136F2E7F3
:10CD700034DD000834DD000838DD000834DD00084B
:10CD800070477047002310B59A4200D110BDCC5CAB
:10CD9000C4540133F8E70000F8B5C046F8BC08BC3D
:10CDA0009E467047F8B5C046F8BC08BC9E46704722
:10CDB0002C4D00081E4D0008FC4C0008284D0008B2
:10CDC000FC4C000812500008FC4C0008284D0008DC
:10CDD0001E4D00081E4D000812500008284D000886
:10CDE000E44C0008E44C0008E44C000884500008BF
:10CDF000E803C80050FE0200E5750008E803C8001B
:10CE000052FE020015760008E803C800F7FE020093
:10CE10003576000800006405DC05B004010100005F
:10CE2000217A000801000000FF7F0180000000005F
:10CE3000000000000200F40158020000010100009F
:10CE4000CD7A000803000000FF7F00000000000012
:10CE5000000000000400AA05DC05B0040101000088
:10CE6000F57B000805000000007D000001010000C6
:10CE70000000000006001027FF7F000001010000F5
:10CE80000000000007000000FF7F0000010100001B
:10CE90000000000008000000FF7F0000010100000A
:10CEA0000000000009000000FF7F000001010000F9
:10CEB000000000000A0000000A000000010000005D
:10CEC000000000000B000000010000000100000055
:10CED000000000000C000100010000000101000042
:10CEE000000000000D000000010000000101000032
:10CEF000000000000E000000010000000101000021
:10CF0000000000000F0003006400000001010000A9
:10CF100000000000100000000100000004010000FB
:10CF20000000000011000000E80300000401000000
:10CF3000000000001200E8031027000001010000BB
:10CF40000000000013006400C8004100040100005C
:10CF500000000000140000000004000001010000B7
:10CF60000000000015000000FF7F0000000000002E
:10CF70000000000016000000FF7F0000000000001D
:10CF80000000000018000000F6090AF6000000008A
:10CF90000000000019000000FF0001FF0000000079
:10CFA000000000001A000000FF7F00800000000069
:10CFB000000000001B000000FF7F00800000000058
:10CFC000000000001C000000010000000000000044
:10CFD000000000001D000000007D000001000000B6
:10CFE000597900081E000000FF7F000001000000CA
:10CFF000000000001F000000FF7F00800000000014
:10D000000000000020000000FF7F01800000000001
:10D010000000000021000000FF0F000000000000E1
:10D020000000000022000000FF0F000000000000D0
:10D030000000000023000000FF0F000000000000BF
:10D040000000000024000000FF0F000000000000AE
:10D050000000000025000000FF0F0000000000009D
:10D060000000000026000000FF0F0000000000008C
:10D070000000000027000000FF0F0000000000007B
:10D080000000000028000000FF0F0000000000006A
:10D090000000000029000000010000000400000062
:10D0A000357D00082A000000E803000001010000AF
:10D0B0005D7B00082B00E803E8030000010100008D
:10D0C000A57B00082C000000010000000101000009
:10D0D000000000002D000000010000000100000021
:10D0E000ED7B00082E0000000100000001000000A0
:10D0F000797D00082F000000010000000100000001
:10D10000797C000830000000FF7F018001000000F2
:10D11000BD7C000831000200050000000100000095
:10D12000E17C000832000000FF7F00800100000069
:10D13000F17C000833000100010000000101000043
:10D140000000000034000100FF00000004010000A6
:10D15000E17D000835000000FF0000000401000030
:10D16000C97D000836000000010000000101000038
:10D170000000000037000000010000000101000075
:10D180000000000038000000000400FC0201000064
:10D19000897E000839001707001000000201000016
:10D1A000F97D00083A000B001000000002010000A9
:10D1B000197F00083B000000000400FC0201000091
:10D1C000A17E00083C00E309001000F0020100000D
:10D1D000117E00083D000C0010000000020100005C
:10D1E000317F00083E000000000400FC0201000046
:10D1F000D17E00083F000000001000F00201000096
:10D20000417E000840000A001000000002010000FA
:10D21000617F00084100C012002000E00201000010
:10D22000E97E00084200FFFF000400FC020100004C
:10D23000597E0008430005001000000002010000B4
:10D24000797F000844000000000400FC0201000097
:10D25000B97E00084500F401000400FC0201000052
:10D26000297E0008460008001000000002010000AE
:10D27000497F00084700E802001000F002010000AA
:10D28000017F000848003800000400FC0201000093
:10D29000717E000849000600100000000201000035
:10D2A000917F00084A000000010000000201000018
:10D2B000B17C00084B000500FF0F000002010000D8
:10D2C000000000004C00FA0FFF0F000002010000F8
:10D2D000000000004D000500FF0F000002010000EB
:10D2E000000000004E00FA0FFF0F000002010000D6
:10D2F000000000004F000500FF0F000002010000C9
:10D30000000000005000FA0FFF0F000002010000B3
:10D310000000000051000500FF0F000002010000A6
:10D32000000000005200FA0FFF0F00000201000091
:10D330000000000053002800FF0F00000201000061
:10D34000000000005400FA0FFF0F0000020100006F
:10D350000000000055000500FF0F00000201000062
:10D36000000000005600FA0FFF0F0000020100004D
:10D370000000000057000000FF0F00000201000045
:10D380000000000058000000FF0F00000201000034
:10D390000000000059000000FF0F00000201000023
:10D3A000000000005A000000FF0F00000201000012
:10D3B000000000005B000000FF7F01800000000013
:10D3C000000000005C000000FF7F01800000000002
:10D3D000000000005D000000FF7F018000000000F1
:10D3E000000000005E000000FF7F018000000000E0
:10D3F000000000005F000000FF7F018000000000CF
:10D400000000000060000000FF7F018000000000BD
:10D410000000000061000000FF7F018000000000AC
:10D420000000000062000000FF7F0180000000009B
:10D430000000000063000000FF7F0180000000008A
:10D440000000000064000000FF7F01800000000079
:10D450000000000065000000FF7F01800000000068
:10D460000000000066000000FF7F01800000000057
:10D470000000000067000000FF7F01800000000046
:10D480000000000068000000FF7F01800000000035
:10D490000000000069000000FF7F01800000000024
:10D4A000000000006A000000FF7F01800000000013
:10D4B000000000006B000000FF7F01800000000002
:10D4C000000000006C000000FF7F018000000000F1
:10D4D000000000006D000000FF7F018000000000E0
:10D4E000000000006E000000FF7F018000000000CF
:10D4F000000000006F000000FF7F018000000000BE
:10D500000000000070000000FF7F018000000000AC
:10D510000000000071000000FF7F0180000000009B
:10D520000000000072000000FF7F0180000000008A
:10D530000000000073000000FF7F01800000000079
:10D540000000000074000000FF7F01800000000068
:10D550000000000075000000FF7F01800000000057
:10D560000000000076000000FF7F01800000000046
:10D570000000000077000000FF7F01800000000035
:10D580000000000078000000FF7F01800000000024
:10D590000000000079000000FF7F01800000000013
:10D5A000000000007A000000FF7F01800000000002
:10D5B000000000007B000000FF7F018000000000F1
:10D5C000000000007C000000FF7F018000000000E0
:10D5D000000000007D000000FF7F018000000000CF
:10D5E000000000007E000000FF7F018000000000BE
:10D5F000000000007F000000FF7F018000000000AD
:10D600000000000080000000FF7F0180000000009B
:10D610000000000081000000FF7F0180000000008A
:10D620000000000082000000FF7F01800000000079
:10D6300000000000C4260100FF7F018004000000FC
:10D6400000000000C3260200FF7F018004000000EC
:10D6500000000000C2260300FF7F018004000000DC
:10D6600000000000C1260400FF7F018004000000CC
:10D6700000000000C0260500FF7F018004000000BC
:10D6800000000000CE260100FF7F018004000000A2
:10D6900000000000CD260200FF7F01800400000092
:10D6A00000000000CC260300FF7F01800400000082
:10D6B00000000000CB260400FF7F01800400000072
:10D6C00000000000CA260500FF7F01800400000062
:10D6D00000000000C9260600FF7F01800400000052
:10D6E00000000000C8260700FF7F01800400000042
:10D6F00000000000C7260800FF7F01800400000032
:10D7000000000000C6260900FF7F01800400000021
:10D7100000000000C5260A00FF7F01800400000011
:10D7200000000000CF261027007D0000040000004C
:10D7300000000000D0260000007D00000400000072
:10D7400000000000D1260000007D00000400000061
:10D7500000000000D2260000007D00000400000050
:10D7600000000000D3260000007D0000040000003F
:10D7700000000000D526000000000F270500000073
:10D78000A97F0008D626000000000F270500000032
:10D79000DD7F0008D726000000000F2701010000F0
:10D7A000DD800008D826000000000F2702010000DD
:10D7B000DF800008D926000000000F2703010000C9
:10D7C000E1800008DA26000000000F2704010000B5
:10D7D000E3800008DB2600000000010001000000DB
:10D7E000E5800008DF260000FF7F018004000000C4
:10D7F00000000000E0260000FF7F01800400000020
:10D8000000000000E1260000FF7F0180040000000E
:10D8100000000000E2260000FF7F018004000000FD
:10D8200000000000E3260000FF7F018004000000EC
:10D8300000000000E4260000FF7F018004000000DB
:10D8400000000000E5260000FF7F018004000000CA
:10D8500000000000E6260000FF7F018004000000B9
:10D8600000000000E7260000FF7F018005000000A7
:10D87000E9800008E8260000FF7F01800500000025
:10D88000E9800008E9260000FF7F01800500000014
:10D89000E9800008EA260000FF7F01800500000003
:10D8A000E9800008EB260000FF7F018004000000F3
:10D8B00000000000EC260000FF7F01800400000053
:10D8C00000000000ED26AA55FF7F01800400000043
:10D8D00000000000EE2655AAFF7F01800400000032
:10D8E00000000000EF260000FF7F0180050000001F
:10D8F00025800008F0260000FF7F01800500000061
:10D9000025800008F126BB66FF7F0180040100002E
:10D9100000000000F22666BBFF7F018004000000CB
:10D9200000000000F32600000200000004000000D8
:10D9300000000000F4260000FF7F018004000000CA
:10D9400000000000F5260000FF7F018004000000B9
:10D9500000000000F6260000FF7F018004000000A8
:10D9600000000000F7260000FF7F01800400000097
:10D9700000000000F8260000FF7F01800400000086
:10D9800000000000F9260000FF7F01800400000075
:10D9900000000000FA260000FF7F01800400000064
:10D9A00000000000FB260000FF7F01800400000053
:10D9B00000000000FC260000FF7F01800400000042
:10D9C00000000000FD260000FF7F01800400000031
:10D9D00000000000FE260000FF7F01800400000020
:10D9E00000000000FF260000FF7F0180040000000F
:10D9F0000000000000270000FF7F018004000000FD
:10DA00000000000001270000FF7F018004000000EB
:10DA10000000000002270000FF7F018004010000D9
:10DA20000000000003270000FF7F018004000000C9
:10DA30000000000004270000FF7F018004000000B8
:10DA40000000000005274442FF7F01800400000021
:10DA50000000000006274332FF7F01800400000021
:10DA60000000000007270000FF7F01800400000085
:10DA70000000000008270000FF7F01800400000074
:10DA80000000000009270000FF7F01800400000063
:10DA9000000000000A270000FF7F01800400000052
:10DAA000000000000B270000FF7F01800400000041
:10DAB000000000000C270000FF7F01800400000030
:10DAC000000000000D270000FF7F0180040000001F
:10DAD000000000000E270000FF7F0180040000000E
:10DAE000000000000000C1C081C1400101C3C003AB
:10DAF000800241C201C6C006800741C70005C1C5FA
:10DB000081C4400401CCC00C800D41CD000FC1CFB9
:10DB100081CE400E000AC1CA81CB400B01C9C009A9
:10DB2000800841C801D8C018801941D9001BC1DB49
:10DB300081DA401A001EC1DE81DF401F01DDC01DF9
:10DB4000801C41DC0014C1D481D5401501D7C01719
:10DB5000801641D601D2C012801341D30011C1D129
:10DB600081D0401001F0C030803141F10033C1F369
:10DB700081F240320036C1F681F7403701F5C035F9
:10DB8000803441F4003CC1FC81FD403D01FFC03FB9
:10DB9000803E41FE01FAC03A803B41FB0039C1F9A9
:10DBA00081F840380028C1E881E9402901EBC02B09
:10DBB000802A41EA01EEC02E802F41EF002DC1EDF9
:10DBC00081EC402C01E4C024802541E50027C1E719
:10DBD00081E640260022C1E281E3402301E1C02129
:10DBE000802041E001A0C060806141A10063C1A329
:10DBF00081A240620066C1A681A7406701A5C065F9
:10DC0000806441A4006CC1AC81AD406D01AFC06FB8
:10DC1000806E41AE01AAC06A806B41AB0069C1A9A8
:10DC200081A840680078C1B881B9407901BBC07B48
:10DC3000807A41BA01BEC07E807F41BF007DC1BDF8
:10DC400081BC407C01B4C074807541B50077C1B718
:10DC500081B640760072C1B281B3407301B1C07128
:10DC6000807041B00050C190819140510193C053E8
:10DC7000805241920196C056805741970055C195F8
:10DC800081944054019CC05C805D419D005FC19FB8
:10DC9000819E405E005AC19A819B405B0199C059A8
:10DCA000805841980188C04880494189004BC18B08
:10DCB000818A404A004EC18E818F404F018DC04DF8
:10DCC000804C418C0044C184818540450187C04718
:10DCD000804641860182C042804341830041C18128
:10DCE000818040400000000001020304454E2D4B9E
:10DCF0004F20436F6E74726F6C2053797374656D2F
:10DD0000730053544D3332205669727475616C2020
:10DD1000436F6D506F72740043444320436F6E66CF
:10DD200069670043444320496E74657266616365A8
:04DD300000000000EF
:04DD3400E9480008B2
:04DD3800C1480008D6
:10DD3C00E8030000E80300000100000000127A0074
:10DD4C00010000000400000009074300020104C0A8
:10DD5C003209040000010202010005240010010533
:10DD6C002401000104240202052406000107058297
:10DD7C000308001009040100020A00000007050155
:10DD8C000240000007058102400000000902430028
:10DD9C00020100C032090400000102020100052446
:10DDAC0000100105240100010424020205240600D0
:10DDBC00010705820308001009040100020A000093
:10DDCC000007050102400000070581024000000029
:10DDDC0009024300020100C03209040000010202E2
:10DDEC000100052400100105240100010424020295
:10DDFC000524060001070582030800100904010030
:10DE0C00020A00000007050102000200070581025A
:10DE1C000002000057BE000811BE000855BD0008E6
:10DE2C000000000071BC000809BD0008D5BC00084A
:10DE3C00000000000000000000000000B1BC000861
:10DE4C00A5BC0008BDBC0008C9BC00080A0600023D
:10DE5C000000004001000000B1C70008B9C700086D
:10DE6C00B5C70008E9C700081A030000000000004D
:10DE7C000000000000000000000000000000000096
:10DE8C000000000004030904120100020202004019
:10DE9C008304405700020102030100002DC8000852
:10DEAC0039C80008B5C80008D1C800086DC80008FA
:10DEBC00EDC8000809C900088C0300200000000010
:10DECC00D41400203C150020A415002000000000F4
:10DEDC000000000000000000000000000000000036
:10DEEC000000000000000000000000000000000026
:10DEFC000000000000000000000000000000000016
:08DF0C0000000000000000000D
:04EFFC00454E4B4FE4
:04F7FC00454E4B4FDC
:020000042000DA
:1000000000000000000000000000000000000000F0
:1000100000000000000000000000000000000000E0
:1000200000000000000000000000000000000000D0
:1000300000000000000000000000000000000000C0
:1000400000000000000000000000000000000000B0
:1000500000000000000000000000000000000000A0
:100060000000000000000000000000000000000090
:100070000000000000000000000000000000000080
:100080000000000000000000000000000000000070
:100090000000000000000000000000000000000060
:1000A0000000000000000000000000000000000050
:1000B0000000000000000000000000000000000040
:0800C000000000000000000038
:0400000508008E2938
:00000001FF
