:020000040800F2
:1040000000400020F9840008E9820008EB820008E3
:1040100000000000000000000000000000000000A0
:10402000000000000000000000000000ED82000819
:104030000000000000000000EF820008F18200088C
:104040004985000849850008498500084985000818
:10405000498500084985000849850008F382000861
:1040600049850008498500084985000849850008F8
:1040700049850008498500084985000849850008E8
:10408000498500084985000849850008FD82000827
:104090000D83000849850008498500084985000806
:1040A00049850008498500084985000849850008B8
:1040B00049850008498500081D8300082D830008F4
:1040C00010B5064C2378002B07D1054B002B02D0EE
:1040D000044800E000BF0123237010BDD803002076
:1040E0000000000000C70008044B10B5002B03D0EF
:1040F0000349044800E000BF10BDC04600000000B6
:10410000DC03002000C700080023C25C0133002A42
:10411000FBD1581E7047000002B47146490849009F
:10412000095649008E4402BC7047C04602B471462D
:1041300049084900095C49008E4402BC7047C046EA
:1041400003B47146490840004900095E49008E44A5
:1041500003BC7047002243088B4274D303098B428F
:104160005FD3030A8B4244D3030B8B4228D3030C47
:104170008B420DD3FF22090212BA030C8B4202D3E9
:104180001212090265D0030B8B4219D300E0090A11
:10419000C30B8B4201D3CB03C01A5241830B8B421A
:1041A00001D38B03C01A5241430B8B4201D34B0303
:1041B000C01A5241030B8B4201D30B03C01A524168
:1041C000C30A8B4201D3CB02C01A5241830A8B42ED
:1041D00001D38B02C01A5241430A8B4201D34B02D6
:1041E000C01A5241030A8B4201D30B02C01A52413A
:1041F000CDD2C3098B4201D3CB01C01A52418309EE
:104200008B4201D38B01C01A524143098B4201D327
:104210004B01C01A524103098B4201D30B01C01A52
:104220005241C3088B4201D3CB00C01A52418308CC
:104230008B4201D38B00C01A524143088B4201D3F9
:104240004B00C01A5241411A00D201465241104659
:104250007047FFE701B5002000F0F0F802BDC0464E
:104260000029F7D076E7704703460B437FD400223E
:1042700043088B4274D303098B425FD3030A8B42FA
:1042800044D3030B8B4228D3030C8B420DD3FF2264
:10429000090212BA030C8B4202D31212090265D032
:1042A000030B8B4219D300E0090AC30B8B4201D3E5
:1042B000CB03C01A5241830B8B4201D38B03C01A2C
:1042C0005241430B8B4201D34B03C01A5241030BA3
:1042D0008B4201D30B03C01A5241C30A8B4201D354
:1042E000CB02C01A5241830A8B4201D38B02C01AFF
:1042F0005241430A8B4201D34B02C01A5241030A76
:104300008B4201D30B02C01A5241CDD2C3098B425A
:1043100001D3CB01C01A524183098B4201D38B01D7
:10432000C01A524143098B4201D34B01C01A52417A
:1043300003098B4201D30B01C01A5241C3088B42BF
:1043400001D3CB00C01A524183088B4201D38B00AA
:10435000C01A524143088B4201D34B00C01A52414C
:10436000411A00D201465241104670475DE0CA0F23
:1043700000D04942031000D34042534000229C46E3
:1043800003098B422DD3030A8B4212D3FC228901ED
:1043900012BA030A8B420CD3890192118B4208D3C3
:1043A000890192118B4204D389013AD0921100E025
:1043B0008909C3098B4201D3CB01C01A5241830939
:1043C0008B4201D38B01C01A524143098B4201D366
:1043D0004B01C01A524103098B4201D30B01C01A91
:1043E0005241C3088B4201D3CB00C01A524183080B
:1043F0008B4201D38B00C01A5241D9D243088B4261
:1044000001D34B00C01A5241411A00D20146634603
:1044100052415B10104601D34042002B00D5494267
:10442000704763465B1000D3404201B5002000F0A6
:1044300005F802BD0029F8D016E770477047C0465E
:10444000D0400B00D1409C46203AD3401843524202
:104450006346934018437047F0B5DE4645465746DD
:104460004E46E0B587B0009201930B031B0B9B46B1
:10447000CA0F4B00040080465B0D029200D198E009
:104480007C4A934237D05946420FC9000A438021E3
:1044900009041143C2009046774A894692469A44DD
:1044A000002300240393009E019F3B031B0B9B46AC
:1044B0007B0030005B0DFD0F002B59D06D4A9342FD
:1044C00048D05946720FC9000A438021090411439C
:1044D0008B466949F2008C4651466344CB1A9A4692
:1044E0000021029E6E40F6B20F2C00D9CEE0634B45
:1044F000A4001B599F465A460243914600D090E0C3
:104500009A460223904608240393CCE7CB464246C2
:10451000029D0399022900D1DEE1032900D18DE03B
:10452000012900D079E12E000022002300249046CA
:104530001B052343F60733434046190007B0F0BC80
:10454000BB46B246A946A046F0BD002200249046D4
:10455000484BEDE75A46009B1A43494B9C46E244C0
:10456000002A59D102231C43002302219B46B8E7AD
:104570005A46009B1A4349D05B46002B00D19CE170
:10458000584600F0D1FD020003000B3A1D27009EA3
:10459000BA1A19005846D6400839884032000243FA
:1045A0009346009A8A40374953448A4600219A44E8
:1045B00097E75B460343994621D05B46002B00D129
:1045C00069E1584600F0B0FD0B235B429C460200B7
:1045D000844466461D239B1B260011005846DE407E
:1045E0000839884033000343994623008B4098469E
:1045F000254B00249B1A9A460023039353E700237C
:1046000098469A460133042403934CE701231C4344
:10461000002301219B4664E70323320003211C434E
:104620005FE79A460323D9460C2403933BE7002314
:104630008024984600260F4B240379E780245B46AC
:1046400024031C4324032E0090460A4B240B6FE7DF
:1046500080244B462403234202D05B462342F0D001
:1046600080244B4624031C432403029E014B240B4D
:104670005EE7C046FF07000001FCFFFF18C7000807
:1046800001F8FFFFF30300000DFCFFFFCB4500D254
:10469000F8E000D1F3E001235B429C4644464846E3
:1046A0000025E2445B46170E1B021F43190C3B0416
:1046B000120200971F0C914602910397FFF7D0FD5D
:1046C00002007A430B04210C804619438A4209D91F
:1046D000009F0123BC465B4261449C46E0448F42FC
:1046E00000D85CE1881A0299FFF7BAFD039A240406
:1046F00042430904240C03000C43A24206D900994A
:10470000013B8C466444A14200D842E1A01A4246D3
:1047100012041A4393464B4659461B0C1F00049340
:104720000B0449460904090C0C001B0C5C43120CD9
:104730007B43884651437A43270CBC465B1863444D
:10474000994203D9802149028C466244190C240401
:104750001B04240C8A181C19904202D316D1A542BE
:1047600014D25B46009F013B4D4405934D459B4150
:10477000BC465B426344C018874200D302E18242D8
:1047800000D929E100D124E1059B9B462C1BA542C1
:10479000AD41009B801A6D42401B834200D10FE166
:1047A0000299FFF75DFD039A0B044243210C0500BB
:1047B00019438A4200D9CBE0881A0299FFF750FDCD
:1047C000039A240442430904240C03000C43A2422C
:1047D00000D9CAE04146A41A2A041A43049F1304CC
:1047E0001B0C594340467B439C46150C68430B0CFD
:1047F000844463447D43984203D980204002844628
:104800006544180C09041B04090C40195B18844208
:1048100027D323D0012335001A43944B5344002B54
:1048200060DD510700D086E02E00D1085A46D20143
:1048300006D55A468E4B1A4080239346DB005344DC
:104840008C4A934200DD80E65A4652070A4390465E
:104850005A465B055402240B5B0D69E63500002BBC
:10486000DBD0009D511EAC466444AC4200D29EE0B9
:10487000844200D2E1E000D1EEE00A00CAE74245FE
:1048800000D908E74B46DC07580843465B081C4341
:104890004346DD0706E700F047FC15239C468444A9
:1048A0000200634620321C2B00DC92E6230008380D
:1048B00083409946002398469AE600F035FC0200B2
:1048C0000300153220331C2A00DC5FE6009908380B
:1048D000814000228B4666E600222E00002490468E
:1048E000654B25E62E000121C91A382900DD1BE69B
:1048F0001F297EDC6148140050445B46824083409F
:10490000CC40501E824123431A435B46CB405107A3
:1049100009D00F211140042905D0111D9142924167
:1049200052429B180A00190200D49BE00022012386
:1049300000249046FCE50F211140042900D173E7C3
:10494000111D9142924152422E00C90893446DE7D5
:10495000009B013D9C4661448B4200D92CE78A4272
:1049600000D829E7851E614426E70099013B8C4663
:104970006444A14200D92DE7A24200D82AE7831E51
:10498000644427E7874200D0FEE6A94500D9FBE64C
:10499000F5E6A24200D8B9E6831E6444B6E68A4230
:1049A00000D89FE6BC46831E984661449AE60A00FA
:1049B000844200D02EE74B4500D02BE735002CE792
:1049C0002A4B2F4A5344924543DB01220021934452
:1049D0002CE7AC4200D8D7E602235B429C46009904
:1049E0004D444D459B41E3448C465B426344C018B3
:1049F000CCE61F204042C31A5846D840202904D094
:104A00005946204B534499400A43531E9A41072369
:104A10001900024300241140134209D00833134007
:104A2000042B1DD0131D934289411A0049424907A6
:104A3000D2080A43904600237AE54946009F4D007C
:104A40004D458941BC4649426144A946023A641831
:104A5000AEE70122524246E79945EED30A00AAE7A3
:104A60000021E5E759075B021C0BE1E7FF030000AB
:104A7000FFFFFFFEFE070000FF0700001E0400000E
:104A800002FCFFFF3E040000F0B557464E46DE46EE
:104A90004546E0B51F000B031B0B16009A46CA0FD4
:104AA0004B000400914685B05B0D00D1CFE1CD4AAB
:104AB000934255D05146420FC9000A438021090450
:104AC0001143C2009046C84A8A4693469B4400233D
:104AD000002502933C037B00FA0F0196240B5B0D2B
:104AE000009200D188E1BF4A934200D192E0BE4AD1
:104AF000944663449B440A2D42DCE400730F234335
:104B00008024494624041C43F3000193009B0020A9
:104B10005940CBB20393022D00DC94E00123AB405B
:104B20001D00A6232A00DB001A401D4200D029E206
:104B300090239B001D4200D14DE200238024994622
:104B40002403A84B10004A461B052343D2071343F6
:104B5000190005B0F0BCBB46B246A946A046F0BD60
:104B600052460243904600D0ACE19B460223924657
:104B700008250293AEE7009BA2469946019B984602
:104B8000029B022B00D1CAE1032B00D192E1012B41
:104B900010D1002300240022D4E701227B083A40F0
:104BA00013435246D2071343984653465B089A462E
:104BB000039B99465B46581C8023DB005B44002B1B
:104BC00000DCB1E1424652070BD00F2241460A40B9
:104BD000042A06D04246111D414592418846524260
:104BE00092445246D20106D55246804B1A40802349
:104BF0009246DB00C3187E4A934200DD8FE14246B5
:104C0000D108524652070A4351465B054C02240B19
:104C10005B0D97E7734B26439C46E344002E00D17F
:104C20006FE1032349461D43009B5940CBB20393D8
:104C30000A2D00DD33E10123AB401D000323029365
:104C400088222A4297D1424643461204120C16008B
:104C500001981D0C030C0004000C4643B4461E00D2
:104C60006E430096160007005E436146B0466F43F0
:104C70000E0CB8444644B74205D980214902884603
:104C8000009F4744009761460904090C370C36041D
:104C90008C463100614401911100260C2404240C3F
:104CA00061438C462100694389466146090C884668
:104CB00072434A4442447543914503D980214902D5
:104CC00088464544110C884661460904090C8C4607
:104CD00012046244B91802915146090C8C4651469F
:104CE0000F043F0C39004143454488466146414327
:104CF0008A4641466046090C894658437B435344E3
:104D00004B449A4503D98021490289464844190CED
:104D1000894641460904090C8846390061431B0451
:104D20004344884661464C4371438C464146774331
:104D30000E0C3F19F6194844B44203D980214902A8
:104D40008946CC440299009F894631044F448946E4
:104D50004146974292410C04240C4C44FF185242A5
:104D60006419A1189F429B41884682465B4299463E
:104D700090459241AC42A441C244D1445242644263
:104D8000144399459B41824592415B4252421343F1
:104D90004A46360CA419E31863445B02D20D1A4349
:104DA000019992467A020A43501E8241FF0D174331
:104DB0004A4652021743B846DB0100D5EDE60D4BDB
:104DC000039A5B449146002B00DCACE03A005207AA
:104DD00000D110E70F2258463A40042A00D0F9E6E5
:104DE00009E7C046FF07000001FCFFFFFFFFFFFED1
:104DF000FE070000FF030000220032436FD0002CAA
:104E000000D1C2E0200000F08FF9020003000B3A4D
:104E10001D20821A30001900D04008398C40020051
:104E2000224334008C405946CB1A86498B469B441A
:104E30000A2D00DDA4E64946009B01945940CBB2FF
:104E4000140000200393022D00DD67E6FBE65346C5
:104E5000034398463CD05346002B00D1A3E0504674
:104E600000F062F90B235B429C460200844411006F
:104E70005046083988401D23804660461B1A200092
:104E8000D8400300404603439A4623008B4098468F
:104E90006C4B00259B1A9B46002302931AE60F2DAC
:104EA00000D0C9E0802352461B031A4202D01C42A4
:104EB00000D192E08024534624031C43240342463D
:104EC000240B3EE69B46032380460C25029301E615
:104ED00000239A469B46013304250293FAE50121FB
:104EE0000D430A2D00DD4BE6494600984140C9B20A
:104EF0000391022D00DC96E00023002401200193A1
:104F00000CE649460223009A2B435140CAB2039251
:104F10000A2B00DD34E6002D57D1039B994600246F
:104F20000022494B0EE658460121C91A382900DDF6
:104F30002FE61F2956DD1F2254465242D31ADC4069
:104F4000202907D0414B42469C465346604483404B
:104F50001A43904642460721531E9A410B002243B2
:104F600013400024114209D00F231340042B5DD0BD
:104F7000111D91429B410A005B425B07D2081A4314
:104F80000023DFE5039B9946FAE5019800F0CCF891
:104F900002000300153220331C2A00DC38E7019A96
:104FA000083882403FE700F0BFF815239C46844450
:104FB0000200634620321C2B00DC58E70023984691
:104FC0002300083883409A4662E71D00002300242E
:104FD00002200193A2E5029032E61C43009B019A55
:104FE0009946AEE51A4B5246C31840469A40C8400F
:104FF0000243404698400300581E834154461A43DA
:10500000CC40530709D00F231340042B05D0131DA8
:10501000934292415242A4181A00230208D5012358
:10502000002400228EE5894600248BE50023A5E7B5
:1050300063076402240BA1E7009BA2469946019BEB
:10504000984637E70DFCFFFFFF0700003E04000015
:105050001E0400000B00020070B5164D0C0382B058
:105060004900002000920193240B490DDE0FA94254
:1050700004DD1148814203DD104BF01802B070BD11
:105080008020400320430E4C641A1F2C08DD0D4B7A
:105090005B1AD84003005842002EEFD11800EDE70C
:1050A000094B009A9C46030061448B40E240134345
:1050B000F1E7C046FE0300001D040000FFFFFF7F74
:1050C0003304000013040000EDFBFFFF70B500285F
:1050D00016D0C317C5185D40C40F280000F024F88F
:1050E000104B1B1A5B055B0D0A2814DC02002E0016
:1050F000153296400B22121AD5402D032D0B03E0DA
:1051000000240023002500261B052B43E40723432E
:105110003000190070BD0B3885402D0300262D0B83
:10512000F2E7C0461E0400001C2101231B04984224
:1051300001D3000C10391B0A984201D3000A083928
:105140001B09984201D30009043902A2105C4018DF
:105150007047C04604030202010101010000000083
:10516000000000007FB5244E0090019105B201219E
:10517000041430000292039302F098FC281A0A28C3
:1051800019DD1E4B1E4A196C1268914202D91A6C25
:10519000013A1A640321300002F088FC201A0A2820
:1051A00019DD164B174AD96B1268914202D2DA6B9D
:1051B0000A32DA637FBD0121300002F077FC2D1A3C
:1051C0000A35E7DA0D4B104A196C12689142E1D2A8
:1051D0001A6C0132DDE70321300002F067FC241A6B
:1051E0000A34E7DA054B094AD96B12689142E1D9D2
:1051F000DA6B013ADDE7C0461405002000040040E8
:10520000740400200402002000020020700400202A
:105210000122234B70B51B7C224C0500102120007D
:1052200013421AD002F042FC01280AD120212000AA
:1052300002F03CFC042202432021200012B202F0C2
:10524000FFFB2021200002F031FC0423984302B22E
:105250002021200002F0F4FB70BD02F0F1FB2021C0
:10526000200002F023FC0423984302B220212000F6
:1052700002F0E6FB0C23EA5E1821200002F002FC9B
:105280001121200002F012FC0C23EA5E33235A4362
:105290005212193A504343435B125B426B81DBE786
:1052A0000C04002014050020064A0749136C6433DF
:1052B0000B60116C0023642901D9136C643B034A11
:1052C00013607047000400400002002074040020B6
:1052D00010B58010642800D26420034B6438186431
:1052E000FFF7E2FF10BDC0460004004010B50B4CB4
:1052F0000021200002F0DAFB9623DB0098420CDB51
:105300000021200002F0D2FB054B984205DC002171
:10531000200002F0CBFBFFF7DBFF10BD14050020DF
:10532000DC050000064A0749D36BC8330B60D16B1C
:105330000023C82901D9D36BC83B034A13607047C7
:10534000000400400402002070040020A0239B0001
:10535000434362205B120133584310B5084CC00927
:105360006043084A0023904204D8E021FF31FEF751
:10537000F1FE231A044AD363FFF7D4FF10BDC046E1
:1053800056040000E91C08000004004010B5084C59
:105390000221200002F08AFB96239B00984205DC44
:1053A0000221200002F082FBFFF7D0FF10BDC046B3
:1053B0001405002010B5084C0321200002F076FBF4
:1053C00096239B00984205DC0321200002F06EFB2F
:1053D000FFF7BCFF10BDC04614050020014B187834
:1053E0007047C04608020020014B18707047C04645
:1053F0000802002010B5084B1B78012B05D0042BA8
:1054000003D00122002B01D010BD002290200421E6
:10541000C00504F03FFAF7E70802002084B00393C8
:1054200003B201910120002B0ED06B469B89074AE5
:105430009033FF339BB2934206D86B460620185E2A
:10544000963843425841C0B204B070476A07000022
:1054500070B5E1260022835E0500264CF600B342BB
:1054600019DB0021244A200002F0EAFAAF220421CD
:105470001201200002F0E4FA0022AB5EB3421CDB12
:105480002021200002F012FBDF2220210240200018
:1054900002F0D6FA11E0C826F600B34217DC00216C
:1054A000164A200002F0CCFA154A0421200002F02E
:1054B000C7FA0022AB5EB342E2DD00220D212000DC
:1054C00002F0BEFA01F004FE01F0ECFE70BD96227F
:1054D0000021D200200002F0B3FA094A0421200082
:1054E00002F0AEFA2021200002F0E0FA2021084369
:1054F00002B2CCE714050020C80A000064050000D1
:10550000AA050000F8B5464C05001C21200002F059
:10551000CDFA01280BD100220A21200002F090FAD6
:105520000023404A1360404A1360404A13600A2136
:10553000200002F0BBFA012822D0022845D0002822
:1055400066D1384A30211368200001331360364A8F
:10555000136801331360202202F072FA0222312113
:10556000200002F06DFA032120000223ED5E02F01C
:105570009DFAF323434301221B129D4220DDF8BD17
:10558000284A2A4D13683021013313602B682022EA
:10559000013320002B6002F053FA02223121200057
:1055A00002F04EFA204B2A681B685B089342E6D84B
:1055B0000521200002F07AFA2B689842DFD80222F7
:1055C0000A21200002F03CFAD9E7164D164F174E7B
:1055D0002A683B68316801325B182A605B009A4296
:1055E000CDD30621200002F061FA2B689842C6D87C
:1055F0000B21200002F05AFA0128C0D100220A2112
:10560000200002F01DFA00232B603B603360B6E7F8
:1056100050223021200002F013FA02223121D0E77B
:105620001405002078040020800400207C04002061
:1056300070B501220D00040040211E4804F02AF933
:10564000012210211B4804F025F9012220211948CC
:1056500004F020F9022D08D0402C1DD006D8202CB3
:1056600025D0302C15D0102C0BD070BD602C19D04B
:10567000702C09D0502CF8D1002240210D4804F0A4
:1056800009F90022102109E000224021094804F014
:1056900001F90022102107E000222100054804F052
:1056A000F9F8E2E700224021024804F0F3F8002272
:1056B0002021F3E7000400480321034A13688B43C9
:1056C000034313607047C04600000140044BDA6892
:1056D000002902D00243DA6070478243FBE7C046EC
:1056E000001002400023436003707047022300292A
:1056F00001DD4160013B0370704743680278002B75
:1057000004D1012A01D1023303707047012AFCD170
:10571000013B4360F9E710B50381002302AC247814
:10572000C160C474028283744360037010BD10B5FD
:10573000C37C0400002B0BD1C36800229A5E1021A9
:10574000435E9A420DDB0023A374636023701AE06A
:10575000012BF8D1C36800229A5E1021435E9A4261
:10576000F1DD2378002B03D120002189FFF7BEFF54
:105770002378012B02D12000FFF7BFFF2378022BF3
:1057800001D1013BA37410BD036810B51B88082428
:10579000025F9B1A0A24025F0F245343828913413C
:1057A00042689B0162439B181A119B121BB2426014
:1057B000C3810B8010BD0000414B70B500241C5FFD
:1057C000404B0020185E001BFFF780FC02000B001E
:1057D00000203D49FEF740FE00223C4BFFF754F904
:1057E000FFF738FC3A4B3B4A1C811A600A223A4CBC
:1057F0005881382120009A8102F058F93921060099
:10580000200002F053F93A210500200002F04EF981
:10581000324B334A98813B2120001A601E815D8102
:1058200002F044F93C210600200002F03FF93D213E
:105830000500200002F03AF92A4B2B4A98814121B9
:1058400020001A601E815D8102F030F942210600BD
:10585000200002F02BF943210500200002F026F978
:10586000224B234A9881472120001A601E815D81C6
:1058700002F01CF948210600200002F017F9492126
:105880000500200002F012F91A4B1B4A98814421AE
:1058900020001A601E815D8102F008F94521060092
:1058A000200002F003F946210500200002F0FEF876
:1058B000124B134A1E815D811A60988170BDC046EB
:1058C000B8F7FF1FC2F7FF1F0000544000009040D0
:1058D0003404002012050020140500205C04002080
:1058E0000E050020480400201005002020040020A0
:1058F000080500200C0400200A050020F803002001
:105900000C050020F8B50400334D01002800FFF716
:105910003BFF2B68314D1A88212112B2280002F07A
:105920008FF82F4EA11C3000FFF72EFF3368222185
:105930001A88280012B202F083F82A4E211D300086
:10594000FFF722FF336823211A88280012B202F0E1
:1059500077F8254B25491E68254B30881F8848431A
:10596000FEF7F8FBC31B50205843224B1988C91B74
:10597000FEF77AFC1E3020813288262112B22800E0
:1059800002F05EF81C4EA11D3000FFF7FDFE3368EB
:1059900025211A88280012B202F052F82100174C73
:1059A0000C312000FFF7F0FE236824211A8828001C
:1059B00012B202F045F8226801231188272904D980
:1059C00012880F4B93429B415B420121227C8A4308
:1059D00013432374F8BDC0465C0400201405002066
:1059E00048040020F803002034040020E40C0000E8
:1059F000B8F7FF1FC2F7FF1F200400200C0400208F
:105A0000FA0F0000F8B507000E001500284B294CCE
:105A10004B2818D8002203211A7020002AB202F065
:105A20000FF82021200002F041F8FD222021024041
:105A3000200002F005F801222E21200002F000F8DB
:105A400001F0EAFC22E002004C3A092A21D81A7837
:105A5000002A1ED12021200002F028F80222024351
:105A6000202112B2200001F0EBFF1348134B7843C2
:105A70003100C018FEF7F8FB83B2AB4207D802B280
:105A80000321200001F0DCFFFFF794FCF8BD2AB2EF
:105A9000F6E70122202120001A7002F007F8022206
:105AA000024312B22021200001F0CAFF0022C3E706
:105AB000F403002014050020846DFFFF045C360011
:105AC00010B50C4B0C490D4A1868C850043393426A
:105AD000FAD101210800FFF7F9FD0320FFF7ECFDE3
:105AE000074B1B78012B04D1064B1B78012B00D1EF
:105AF000C04610BD0040000800C0FF17C0400008AD
:105B0000FCEF00088CD500087FB5684603F08AFDDD
:105B10006B461B7BBB2B0DD003F0A0FB03F0BCFB43
:105B200002236A4600936846B933137303F0C4FC3A
:105B300003F044FC03F0C6FB03F0A4FB07B000BD78
:105B400010B5054C200002F03FFF0622200003495B
:105B500002F022FE10BDC0469C090020080500206E
:105B600010B5054C0821200005F070F80C2120002C
:105B700005F06CF810BDC046980A002070B50225EB
:105B8000164804F0E7FD1648FFF7ACFD154C200061
:105B9000FFF7A8FDC8212000FFF7A8FD124C200048
:105BA000FFF7A0FD2570114C2000FFF79BFD2000A2
:105BB0000F49FFF79BFD25700E4C2000FFF792FD6B
:105BC0000A212000FFF792FD0B4C2000FFF78AFD11
:105BD00020000A49FFF78AFD70BDC046500A002028
:105BE000FC040020F4040020EC040020E404002065
:105BF00060EA0000DC040020D4040020002E9302A0
:105C000070B54D4C00223121200001F019FF4022D7
:105C10003021200001F014FF3021200001F046FF68
:105C2000464E474D0021C0B2FFF702FD2E60C8204E
:105C300002F0AEFC2E6001F0E7F9424D3821082356
:105C4000EA5E200001F0FCFE0A23EA5E3921200012
:105C500001F0F6FE0C23EA5E3A21200001F0F0FE8E
:105C6000394D3B210823EA5E200001F0E9FE0A23BA
:105C7000EA5E3C21200001F0E3FE0C23EA5E3D21B8
:105C8000200001F0DDFE314D3E210823EA5E2000B8
:105C900001F0D6FE0A23EA5E3F21200001F0D0FE8B
:105CA0000C23EA5E4021200001F0CAFE284D41216C
:105CB0000823EA5E200001F0C3FE0A23EA5E4221C7
:105CC000200001F0BDFE0C23EA5E4321200001F01C
:105CD000B7FE204D44210823EA5E200001F0B0FE0B
:105CE0000A23EA5E4521200001F0AAFE0C23EA5EA9
:105CF0004621200001F0A4FE174D47210823EA5E4B
:105D0000200001F09DFE0A23EA5E4821200001F0F8
:105D100097FE0C23EA5E4921200001F091FE022249
:105D20000A21200001F08CFE01222E21200001F02A
:105D300087FE01F071FB70BD14050020AAAA0000C7
:105D4000003000405C04002048040020340400209F
:105D500020040020F80300200C04002010B50248A5
:105D600001F064FD10BDC04614050020F8B5812681
:105D70000024B600104D114BEB5AA34202D8FFF796
:105D80001BFDF8BDAB5922019B1882229200AA5834
:105D90005888610088525A7A012A09D1210008489E
:105DA0001F8800F095FE390002B2280001F048FE7D
:105DB0000134A4B2DEE7C046140500201202000040
:105DC00000F8000837B5FFF7D1FF234C2C21200045
:105DD00001F06CFE002828D1FFF7D8FAFFF786FA09
:105DE0000421200001F062FE0124643002B21B494C
:105DF0001B481C4B0094FFF78EFC23001A491B48DC
:105E00001B4A0094FFF787FCFA23AF2219491A486E
:105E100000949B009200FFF77EFC4B221749184824
:105E2000104B0094FFF777FC37BD2C21200001F0C8
:105E30003DFE0128D4D12A21200001F037FE114D6A
:105E40002864FFF731FA2B21200001F02FFEE863D0
:105E5000FFF768FAC4E7C04614050020D807002001
:105E6000C0040020B80B0000DC07002098040020CC
:105E700014050000DA070020AC040020E007002031
:105E8000840400200004004070B5434B434C9B7CCD
:105E90001F212000002B60D001F008FE01220243E8
:105EA00012B21F21200001F0CBFD3D4B1F219B7C36
:105EB0002000002B57D001F0F9FD0222024312B25C
:105EC0001F21200001F0BCFD364B1F219B7C2000D0
:105ED000002B4ED001F0EAFD0422024312B21F2132
:105EE000200001F0ADFD304D132120000C23EE5EAB
:105EF00001F0DCFD2021864208DC122120000C2369
:105F0000EE5E01F0D3FD2021864238DD200001F055
:105F1000CDFD0822024312B22021200001F090FDA5
:105F200068882B88E98800041843AB886A890904CB
:105F300019432B8912041A43AB89FFF76FFA20210A
:105F400005002000012D21D101F0B0FD05432AB24A
:105F50002021200001F074FD70BD01F0A7FD012398
:105F6000984302B29DE701F0A1FD0223984302B2DB
:105F7000A6E701F09BFD0423984302B2AFE720009F
:105F800001F094FD0823984302B2C5E701F08EFDAD
:105F9000FE220240DCE7C0469804002014050020E1
:105FA00084040020C0040020D807002010B5174941
:105FB0000223CA5E05235343154A5B12134004D5DE
:105FC0001022013B5242134301331A1CDBB20A2B4D
:105FD00000D90A220F48D3B29B001A5801321A5036
:105FE0000823CA5E3323002053435A12834203DB43
:105FF0006430824200DC10B20A21FEF735F9064A0D
:1060000000B2800083580133835010BDD8070020B0
:106010000F000080880700203807002010B5A8B0C6
:10602000684628227A4900F0F4FC7A4C009A5B21F9
:106030002000121401F004FD009A5C21200012B22D
:1060400001F0FEFC019A5D212000121401F0F8FC21
:10605000019A5E21200012B201F0F2FC029A5F2147
:106060002000121401F0ECFC029A6021200012B210
:1060700001F0E6FC039A61212000121401F0E0FC1B
:10608000039A6221200012B201F0DAFC049A632123
:106090002000121401F0D4FC049A6421200012B2F2
:1060A00001F0CEFC059A65212000121401F0C8FC15
:1060B000059A6621200012B201F0C2FC069A6721FF
:1060C0002000121401F0BCFC069A6821200012B2D4
:1060D00001F0B6FC079A69212000121401F0B0FC0F
:1060E000079A6A21200012B201F0AAFC089A6B21DB
:1060F0002000121401F0A4FC089A6C21200012B2B6
:1061000001F09EFC099A6D212000121401F098FC08
:10611000099A6E21200012B201F092FC149A6F21AC
:106120002000121401F08CFC149A7021200012B28D
:1061300001F086FC159A71212000121401F080FCF8
:10614000159A7221200012B201F07AFC169A73217E
:106150002000121401F074FC169A7421200012B26F
:1061600001F06EFC179A75212000121401F068FCF2
:10617000179A7621200012B201F062FC189A77215A
:106180002000121401F05CFC189A7821200012B251
:1061900001F056FC199A79212000121401F050FCEC
:1061A000199A7A21200012B201F04AFC1A9A7B2136
:1061B0002000121401F044FC1A9A7C21200012B233
:1061C00001F03EFC1B9A7D212000121401F038FCE6
:1061D0001B9A7E21200012B201F032FC1C9A7F2112
:1061E0002000121401F02CFC1C9A8021200012B215
:1061F00001F026FC1D9A81212000121401F020FCE0
:106200001D9A8221200012B201F01AFC28B010BDA4
:1062100000F000081405002070B5474C0C21200048
:1062200001F044FC002821D0012800D07BE00022AE
:106230003121200001F004FC0021200001F036FC97
:10624000E123DB00984205DB30221100200001F041
:10625000F7FB14E00021200001F028FCC8231022E5
:10626000DB00984200DD60223021EFE70D212000A5
:1062700001F01CFC012803D13048FFF7E9F870BD9C
:106280000D21200001F012FC051EF8D10A2120008A
:1062900001F00CFC0228F2D12A003121200001F08B
:1062A000CFFB29002000E12601F000FCF600B042FF
:1062B00011DB30222000110001F0C2FB1F4B002235
:1062C0009B5EB342DBDB2021200001F0EFFBDF22ED
:1062D00020210240BAE729002000C82601F0E6FB91
:1062E000F600B04212DC2900200001F0DFFB96230B
:1062F000DB0098420ADD10223021200001F0A0FBD3
:106300000E4B00229B5EB342B9DCDCE760223021F9
:10631000200001F095FB2021200001F0C7FB202187
:10632000084302B292E750223021200001F088FB9E
:10633000002231218AE7C04614050020D80700203A
:10634000F0B5BB4BBB4CBC4A85B00A211A6020009B
:1063500001F0ACFB1E210200200001F071FBB74DE3
:106360002800FFF7CFFA15210023EA5E200001F094
:1063700067FB16210223EA5E200001F061FB192170
:106380000623EA5E200001F05BFB1B210423EA5E8A
:10639000200001F055FB1A210823EA5E200001F0DD
:1063A0004FFB18210C23EA5E200001F06BFBFFF786
:1063B0006BFDFFF731FF2C21200001F077FB002857
:1063C0000CD19F4E2A21326C200012B201F038FB12
:1063D000F26B2B21200012B201F032FB14212000BD
:1063E0000623EE5E01F062FB864205DD14212000EB
:1063F0000623EA5E01F024FB924B0093924B01933B
:10640000009B9E7C019B9B7C1E43904B9B7C1E4370
:106410008F4B9B7C1E432ED0FEF7E0FF032802D05B
:106420000420FEF7E1FFFEF7E5FF8A480378022B20
:106430005CD10A21FFF75AF90C21200001F036FB4C
:10644000012800D095E00E21200001F02FFB01284B
:1064500017D10222AB5E0F212000029301F026FB30
:1064600007000021200001F021FB029B5F43FB118C
:10647000C21A12B20AE0FEF7B1FF0328D3D03000EF
:10648000CFE70021200001F011FB020001212000D4
:1064900001F0D6FA70480678022E12D16F49FFF744
:1064A00025F9EB8800212000029301F0FFFA31006A
:1064B0000700200001F0FAFAB9B282B20298FFF7A1
:1064C000A1FA2C21200001F0F1FA00280ED16888F1
:1064D0002B88E98800041843AB886A8909041943AA
:1064E0002B8912041A43AB89FEF73CFE5C4B5D4ED0
:1064F0001F780293022F00D0B6E00C21200001F09B
:10650000D5FA0390002800D0AEE00298FFF7EAF831
:1065100090202021C00503F0B7F90122002808D0FF
:1065200090202021C00503F0AFF9012800D09BE0A6
:10653000039A1C21200001F083FA3770300047498C
:10654000FFF7D4F80C21200001F0B0FA002802D1A6
:106550002800FEF7D7FF0C21200001F0A7FA002841
:1065600002D12800FEF754FEFFF720FDFFF756FD8D
:106570007EE00C21200001F099FA071E8AD10E213D
:10658000200001F093FA012822D10A21200001F015
:106590008DFA02281CD10222AB5E0F21200002934B
:1065A00001F084FA39000390200001F07FFA039B88
:1065B000029A5343DB11C21A12B20121200001F0EA
:1065C0003FFA0121200001F071FA6A89121850E7A0
:1065D0000E21200001F06AFA012815D10A212000BD
:1065E00001F064FA02280FD00222AB5E0F212000D6
:1065F000029301F05BFA07000421200001F056FA33
:10660000029B5F43FB11D6E70E21200001F04EFAFA
:10661000002806D10A21200001F048FA04210228AE
:1066200000D10021200001F041FA0200C5E7C04678
:106630000030004014050020AAAA0000D80700205E
:106640000004004098040020AC04002084040020D2
:10665000C0040020DC040020E404002060EA000004
:10666000FC040020EC0400203378022B00D165E705
:1066700034480578022D35D1C821FFF737F8009B43
:106680009B7C002B30D040223021200001F0D8F933
:1066900000223121200001F0D3F92B4A1388013365
:1066A0009DB20A2D00D9002531212000158001F06E
:1066B000FDF9264E4000854204DA3378002B34D0B1
:1066C000002333703121200001F0F0F900282ED191
:1066D000012333703021200001F0E8F90021C0B21D
:1066E000FEF7A6FF05B0F0BD194B9B7C002B06D032
:1066F00040223021200001F0A3F90122C9E7154B07
:106700009B7C002B06D040223021200001F098F91C
:106710002A00BEE7019B9B7C002BBED0402230218B
:10672000200001F08DF90322B3E70123C9E7337894
:10673000002BCFD13021200001F0B8F90221C0B2E6
:10674000CEE7C046F4040020060500200405002022
:10675000C00400208404002010B54F4B4F4C002291
:106760009A5E20004E4901F06BF9002220004D494D
:1067700001F066F94C4B200000229A5E4B4901F073
:106780005FF920004A4A4B4901F05AF94A4B200070
:1067900000229A5E494901F053F9494B200000223A
:1067A0009A5E484901F04CF9474B200000229A5E5E
:1067B000464901F045F9464B200000229A5E4549C2
:1067C00001F03EF9444B200000229A5E434901F05B
:1067D00037F9434B200000229A5E424901F030F91C
:1067E00000222000404901F02BF9002220003F49FF
:1067F00001F026F9002220003D4901F021F9002294
:1068000020003C4901F01CF9002220003A4901F027
:1068100017F900222000394901F012F90022200066
:10682000374901F00DF900222000364901F008F93E
:106830002000354A354901F003F92000344A354932
:1068400001F0FEF800222000334901F0F9F800229F
:106850002000324901F0F4F800222000304901F014
:10686000EFF8002220002F4901F0EAF80022200072
:106870002D4901F0E5F8002220002C4901F0E0F854
:10688000002220002A4901F0DBF8002220002949DB
:1068900001F0D6F810BDC046C2FF00081405002064
:1068A000F4260000F5260000FE3F0008F626000052
:1068B000DA070000F7260000ACF7FF1FF8260000FB
:1068C000AEF7FF1FF9260000B0F7FF1FFA26000001
:1068D000B2F7FF1FFB260000B4F7FF1FFC260000E5
:1068E000B6F7FF1FFD260000EA260000E92600009B
:1068F000E8260000E7260000F1260000F22600004E
:10690000EF260000F02600004442000005270000AA
:106910004332000006270000072700000827000078
:10692000092700000A2700000B2700000C270000A1
:106930000D2700000E27000010B5FFF701F9FFF743
:106940000DFAFFF73FFAFFF707FFFFF709F9FFF727
:1069500015F9FFF755F9044800F054F900F090FDDF
:1069600000F082FD10BDC046DC09002010B51248C1
:10697000FEF7DDFE1148FEF7DAFE1148FEF7D7FEFE
:106980001048FEF7D4FE1048FEF7B7FE0F48FEF79A
:10699000B4FE0F48FEF7B1FE0E48FEF7AEFE0E48FD
:1069A000FEF7ABFE0D48FEF7A8FE0D4801F0BEF95C
:1069B00000F04AF910BDC046C0040020AC0400201D
:1069C0009804002084040020EC040020E40400204B
:1069D000FC040020DC040020F4040020D404002087
:1069E0001405002010B5202803D164210148FEF7CA
:1069F0007DFE10BDFC0400200B0010B55C1AA24205
:106A000000D810BD1C7804705C78023344700230EA
:106A1000F4E710B592005218401A914200D110BD0F
:106A2000431810C91C60F8E713B5040002F016FC07
:106A3000002811D18022E4021205A4180122074B7C
:106A40000190186001A918005C609A6002F014FEC1
:106A5000002801D102F016FC16BDC046E807002050
:106A60000B68F7B506000F001400012001330DD1AB
:106A700002F0F4FB03231C4201D09C430434350094
:106A8000AB1B9C4203D802F0FDFB0020FEBD00239F
:106A900001932B78019A6420134301936B78019A38
:106AA0001B0213430193AB78019A1B041343019318
:106AB000EB78019A1B061343019302F00FFCB91BFC
:106AC000491900230220019A02F032FC0435D7E76D
:106AD0004900085A70470000F0B593B016006A46A6
:106AE0005C00E31DDB08DB00D31A00AF9D462200EB
:106AF000684679601149FFF77FFF08236D46F81853
:106B000040220F49FFF778FF1F20FFF78DFF7B68BA
:106B1000310A5B005A1CA954F2B2EA5468462200BA
:106B20000649FFF79DFF082340220549F818FFF7A3
:106B300097FF0020BD4613B0F0BDC04600F8000826
:106B400000FF0008F7B554006A46E31DDB08DB00D0
:106B5000D31A00AF9D460E000B4D2200290078602D
:106B60006846FFF749FF1F20FFF75EFF290022005C
:106B70006846FFF775FF320078680449FFF770FF39
:106B8000BD460020FEBDC04600F8000800FF00081A
:106B9000F0B593B055006A46EB1DDB08DB00D31A55
:106BA00000AF9D462A00684679601449FFF724FF2C
:106BB000082340221249F8186E46FFF71DFF0024F3
:106BC000AC4211D11F20FFF72FFF220030000B49EC
:106BD000FFF746FF082340220949F818FFF740FF56
:106BE0000020BD4613B0F0BD7B68621C1B5B190A18
:106BF000DBB2B15433550234E2E7C04600F8000876
:106C000000FF000870B50E4C05000100200000F0E8
:106C100003F90023032220000A4900F0AEF9002105
:106C2000200000F0DEF901236434227828001343A9
:106C3000237002F01AF82800032102F026F970BD33
:106C4000F407002058C7000810B5024800F01BF9EF
:106C500010BDC046F4070020022310B5044A0548C1
:106C600011780B430021137000F06FF910BDC0467E
:106C700058080020F4070020012310B5034A0448F7
:106C800011780B43137000F0D7F810BD580800209E
:106C9000F4070020094B0A499A89131C12B28A4250
:106CA00000DA0B1C1AB2032353435B112833037120
:106CB00000234371C38083607047C046D80700201B
:106CC00070FEFFFF064B02229A5E33235343C82215
:106CD0001B12D2009B1883800023C38083607047FF
:106CE000D8070020002110B5084C01710223E25E94
:106CF0000523183253435B1443710023E25E0D23D6
:106D000053439B11C380816010BDC046D80700204B
:106D1000F7B5009308AB15001A7809AB1F78831CF0
:106D2000DB8F04000120032B25D807263540AC4615
:106D30001801035D2518B3430193009B6B80D300BA
:106D400000936346019A1A431300009A3340134399
:106D500003550B9B6F70EB6002290DD0032920D0E7
:106D6000012915D00234E38F01339BB2032B00D9E4
:106D700000230020E387FEBD04300822FF212018F5
:106D800005F06EFC0B9B002BECD028009847E9E740
:106D9000002304350A9AD25CEA540133082BF9D156
:106DA000E0E7002304350A9AD25CEA540133082B49
:106DB000F9D1D7E710B5811C041DE38FC98F0200FC
:106DC0000020994207D0591C89B2032900D901003B
:106DD0001B01E187D01810BD1FB5069C00930394DA
:106DE0000024130002940A0001940221DC30FFF712
:106DF0008FFF1FBD30B585B00A9D08AC2478039580
:106E0000099D00930295130001940A009830012116
:106E1000FFF77EFF05B030BD02000023683201603D
:106E2000043A93801380937004220265921843659C
:106E300082655C300370704770B5050001266435CB
:106E40002B78040033421DD0DC30FFF7B3FF021E65
:106E500018D02B780432B3432B700378DB08A3657A
:106E6000037841885B070902DB080B432100653189
:106E7000097820680B43E364210023004831603324
:106E800001F01FFF70BDF7B50700050004000026E4
:106E900068373B88743501333B80AB79022B16D1C0
:106EA0002988002913D03888FDF7DAF989B200293A
:106EB0000DD10C237343E31870339979A868CB067E
:106EC000AA88DB0E009049092000FFF785FF0136F4
:106ED0000C35032EE1D12000FFF7AEFFF7BDF0B572
:106EE0000600020004006A3633002C3200210068DC
:106EF00085B001F043FF23000025206B7833020AA0
:106F0000070C92B2FFB29978012912D119889142E7
:106F100016D10C277D436519E36BED6F810EC0B26E
:106F20000090DBB2200002950196FFF763FF05B0E9
:106F3000F0BD032904D11988090A79400F29E8D93D
:106F400001350C33032DDED1F1E770B505000226C3
:106F500064352B780400334204D0FFF7C0FF2B7850
:106F6000B3432B7020009830FFF724FF002803D094
:106F7000C368002B00D0984770BDF0B585B0039270
:106F80000C220190944600201F270291039A904200
:106F900001D305B0F0BD614665464143029A5118E0
:106FA000C2186A43019D8C68AA18D46714001600A1
:106FB0008D88783425808D797036A5708D78B47978
:106FC0003D40BC432C43B4718D78E4B26D096D0132
:106FD0003C402C43B4710988743201301180C0B236
:106FE000D4E70023012210B5836143608360C3604E
:106FF0000361C36143610E33026242628362011D19
:10700000006801F0BFFD10BD70B52B4C00212000C1
:10701000C82500F04BFDED00A84220DC0221200035
:10702000FA2500F043FD6D00A84205DC234A1D212E
:10703000200000F005FD70BD0221200000F036FDAB
:10704000A84209DD0221200000F030FDFA239B0058
:10705000984201DC1A4AEAE79622D200E7E70021CB
:10706000200000F023FDA84223DD0021200000F0D5
:107070001DFD144B98421CDC02212000FA2500F073
:1070800015FD6D00A84201DC0F4AD0E70221200067
:1070900000F00CFDA84209DD0221200000F006FDF1
:1070A000FA239B00984201DC084AC0E796221201AD
:1070B000BDE70022BBE7C04614050020B504000070
:1070C000BA040000B80B0000650900006A0900005E
:1070D00070B5244C0021200000F0E8FC9623DB0072
:1070E000984236DA962200212000D20000F0A8FC57
:1070F000FEF7FCF800222C21200000F0A1FC00216A
:10710000200000F0D3FC02210500200000F0CEFC9E
:107110006843154B984207DDFA22022152002000F5
:1071200000F08EFCFEF732F90421200000F0BEFCD6
:107130000E4B643018822C21200000F06BFC0C4BAD
:1071400001000022E35A0B48FFF7C6FCFFF75CFF83
:1071500070BD0021200000F0A9FC074B9842C1DC63
:10716000C6E7C04614050020A0BB0D00C0040020E7
:107170001202000000F80008DC05000070B51E4C8B
:107180000221200000F092FC96229200904203DD42
:107190000221200000F054FCFEF7F8F800222C2118
:1071A000200000F04DFC0021200000F07FFC0221B7
:1071B0000500200000F07AFC6843104B984207DD80
:1071C00096220021D200200000F03AFCFEF78EF853
:1071D0000221200000F06AFC094B2C2118822000BB
:1071E00000F018FC074B01000022E35A0648FFF7A5
:1071F00073FCFFF709FF70BD14050020A0BB0D0054
:10720000AC0400201202000000F8000810B50D4C7C
:107210002A21200000F04AFC0B4B1864FEF744F8CA
:1072200001222C21200000F00BFC2C21200000F07A
:10723000F1FB064B01000122E35A0548FFF74CFC25
:1072400010BDC046140500200004004012020000DA
:1072500000F8000810B50D4C2B21200000F026FC92
:107260000B4BD863FEF75EF801222C21200000F0C2
:10727000E7FB2C21200000F0CDFB064B0100012292
:10728000E35A0548FFF728FC10BDC046140500204E
:10729000000400401202000000F8000810B501F0E0
:1072A00043FF10BD70B51C4C0421200000F0FEFB14
:1072B0009623DB00984227DA962204212000D20090
:1072C00000F0BEFB0421200000F0F0FB02210500CD
:1072D000200000F0EBFB6843104B984207DDFA22D8
:1072E00002215200200000F0ABFBFEF74FF8042112
:1072F000200000F0DBFB0A4B6430188200222C21B6
:10730000200000F09DFB70BD0421200000F0CEFBAA
:10731000044B9842D0DCD5E714050020A0BB0D003B
:10732000C0040020DC05000010B50C4C2F2120000B
:1073300000F0BCFB021E08D190200421C00502F021
:10734000A9FA0320FEF750F806E02F21200000F0F4
:10735000ADFB02000128EFD010BDC046140500208F
:1073600010B50648FEF7BEF93021054800F09EFB37
:107370000021C0B2FEF75CF910BDC046F404002045
:107380001405002010B5C8210148FEF7AFF910BD63
:10739000F404002070B50C4D0C4C322128002678E6
:1073A00000F084FB03000A487600835323780133FE
:1073B000DBB22370202B06D1064B4021EA5AFFF79F
:1073C000C1FB0023237070BD140500205409002068
:1073D000140900201202000081230C489B0070B5A4
:1073E000C5580433C1580023094C025B9A4205D8A2
:1073F0000848FFF7CDFB01F097FE70BD1A01AA18EF
:1074000056885A00013356529BB2EEE7140500200D
:107410001202000000F8000810B5124C2E212000C6
:1074200000F044FB012808D190204021C00502F063
:107430002BFA002201280ED010BD2E21200000F0D2
:1074400035FB0028F8D190204021C00502F01CFA3D
:107450000028F1D1012290204021C00502F01AFA43
:10746000EAE7C0461405002010B53521024800F0B7
:107470001DFB024B187010BD140500205A08002097
:1074800010B53421024800F011FB024B187010BDFA
:10749000140500205908002010B53921024800F0D9
:1074A00005FB024B588110BD140500205C04002030
:1074B00010B53C21024800F0F9FA024B588110BD8A
:1074C000140500204804002010B54521024800F0B2
:1074D000EDFA024B588110BD14050020F80300207E
:1074E00010B53F21024800F0E1FA024B588110BD6F
:1074F000140500203404002010B54221024800F099
:10750000D5FA024B588110BD14050020200400203C
:1075100010B54821024800F0C9FA024B588110BD4D
:10752000140500200C04002010B53821024800F09A
:10753000BDFA024B188110BD140500205C04002028
:1075400010B53B21024800F0B1FA024B188110BD82
:10755000140500204804002010B54421024800F022
:10756000A5FA024B188110BD14050020F803002075
:1075700010B53E21024800F099FA024B188110BD67
:10758000140500203404002010B54121024800F009
:107590008DFA024B188110BD140500202004002034
:1075A00010B54721024800F081FA024B188110BD46
:1075B000140500200C04002010B53A21024800F008
:1075C00075FA024B988110BD140500205C04002060
:1075D00010B53D21024800F069FA024B988110BDB8
:1075E000140500204804002010B54621024800F090
:1075F0005DFA024B988110BD14050020F8030020AD
:1076000010B54021024800F051FA024B988110BD9C
:10761000140500203404002010B54321024800F076
:1076200045FA024B988110BD14050020200400206B
:1076300010B54921024800F039FA024B988110BD7B
:10764000140500200C04002010B5094C0949200045
:1076500000F02CFA084B0522984200D1043A852309
:107660009B00E2542000034912B200F0E9F910BD7A
:1076700014050020D5260000D204000010B50E4CE1
:107680000E49200000F012FA0D4B80B202229842FF
:1076900008D04D330132984204D00A4BC218531E11
:1076A0009A41043285239B00E2542000034912B220
:1076B00000F0C6F910BDC04614050020D626000013
:1076C0008307000048F4FFFFF7B5224C2249200051
:1076D00000F0ECF921490500200000F0E7F920490D
:1076E0000190200000F0E2F91E490600200000F0A1
:1076F000DDF91D493618200000F0D8F97540194908
:107700000600200000F0D2F91849070020002DB231
:1077100000F0CCF9A84218D12000154900F0C6F9B4
:10772000019BF61973401EB2B0420ED1852301228F
:107730009B000E49E2542000002200F081F9002253
:1077400020000B4900F07CF9F7BD852305229B0042
:10775000E254F9E714050020F1260000F2260000AB
:10776000022700000427000003270000EF26000086
:10777000F026000070477047704770477047000060
:1077800010B51D4C1D49200000F090F91C4A012342
:10779000904219D020001B4900F088F91A4A0223B0
:1077A000904211D02000194900F080F9FA220323F9
:1077B000D200904208D02000154900F077F9154B0F
:1077C000C3185A1E9341043385229200A35420000B
:1077D00000220A4900F034F900222000094900F093
:1077E0002FF900222000094900F02AF90022200088
:1077F000074900F025F910BD14050020EA26000015
:10780000D2040000E926000083070000E8260000FB
:10781000E726000048F4FFFF10B50A000100BC2372
:107820000148FFF759F910BD00F80008F0B5104BFA
:1078300085B002930F4B01220193BC230E4C0093A1
:1078400011002300050000F019F8BC231B01E71804
:1078500026882800310000F053FA1034020031006D
:10786000280000F0EDF8BC42F2D105B0F0BDC046F2
:1078700010270000197800087CC70008F0B585B013
:1078800002930AAB1F880CAB04001888012A4CD164
:10789000802300255B0062706380029A0533FF330A
:1078A0002170E25005220C33E554414B7E00E75233
:1078B0000233E2540B9A0433E2500433E5500433AC
:1078C000E052300004F010FE82239B003200394960
:1078D000E05004F0C5FE2E00ABB29F4227D801361F
:1078E000B6B2F3001800039304F0FEFD83239B005F
:1078F000E05000230200050019000190B34221D39B
:1079000000213F208BB29F4222D8019B039E9C46C0
:107910006644B5422DD100233F21254AA25A9A42FE
:1079200038D80022019B5B681A8005B0F0BD029A2E
:107930002B01D35A9B091A1CB34200D2321C96B2B7
:107940000135C9E70133518011809BB20832D5E778
:10795000029A0B01D25A019E9309DB00F3185E884C
:10796000024001365E801E88964200D21A800131A4
:10797000C8E76B88002B0BD02F887F00380004F0FD
:10798000B3FD3A000B49686004F06AFE0835C0E7B1
:107990006B60FBE702981A01105A019D8209D20020
:1079A000AA18556808404000435301339BB2B4E71E
:1079B00012020000FFFF0000F0B500244F78250000
:1079C000220023002600012F08D1CA880B8952BA51
:1079D0005BBA0C794D794E8992B29BB24570C680E4
:1079E000047042808380F0BD030030B54118074C1D
:1079F00007488B4200D130BD1A78050A4240D2B206
:107A00005200105B01336840F3E7C0463CD30008E6
:107A1000FFFF000083239B00C3588A09D2009B18F4
:107A20005A68002A07D03F201B8801408B4202D3AE
:107A30004900885A70470148FCE7C046FFFF000034
:107A400070B514000500FFF7E5FF0D4A03000120A3
:107A5000934213D081229200AA581901521804208F
:107A6000115E0120A14209DB0621525EA24205DC23
:107A70008222834000209200AA589C5270BDC046CA
:107A8000FFFF000070B514000500FFF7C3FF064AB2
:107A900003000120934205D08222834000209200FF
:107AA000AA589C5270BDC046FFFF000010B50400EC
:107AB000FFF7B0FF054B984205D082239B00E358A7
:107AC0004000C05E10BD0248FCE7C046FFFF00005A
:107AD000FF7F00008423F0B59B00C25C040087B0E8
:107AE000002A4ED00022C254764B0100C25204A894
:107AF000FFF762FF04AB5E785B88009304AB9B8862
:107B000002932378019304AB1F78019B9F4217D007
:107B1000112E36D12500FF356B710223EB71019BCD
:107B2000601D2B72FF23AE716B720521FF30FFF7D2
:107B30005BFF030AAB72E8720725280007B0F0BDAF
:107B40006188201D0239FFF74FFF04ABDB888342B9
:107B500017D120000099FFF75DFF87239B00E052BB
:107B6000062E4ED0102E0CD02500FF35032E0AD045
:107B70000123803E601D03216F71AE71EB71FF30F8
:107B800072E00025D9E7029A009B6F719B18802252
:107B9000520293420DDB83233100AB71601D813BA8
:107BA000EB71FF30FFF720FF030A2B726872052587
:107BB000C3E7AE710026029B5B00EB71029B750070
:107BC000ADB29E420ED1EE1CB6B2601D3100FF3048
:107BD000FFF70AFFA619FF360535030AADB2B371E8
:107BE0007071AAE7009B2000F11889B2FFF75EFFD1
:107BF000651983B2FF351B0A01362B726872B6B263
:107C0000DCE720000099FFF705FF25002E4B661DDD
:107C10000700FF35FF3698420ED0030103938123FE
:107C20009B00E35802019B18029385239B00E25CB2
:107C3000029B1B7A9A4208D9019B03216B71862310
:107C4000AB71853B3000EB71ACE7228920000099D5
:107C5000D2BAFFF7F5FE00280CD0237803216B7110
:107C600086233000AB71E971FFF7BEFE030A6B7229
:107C700028729CE7029B5B7A002B09D082239B0031
:107C8000E3587A00D15A86239B003800E35898477E
:107C900006212378A9716B712500E388FE352B81BD
:107CA000238930006B81FFF79FFE8123A8819B0011
:107CB000E358039A9B18DB68002B01D108253CE7A9
:107CC0009847FBE71E020000FFFF0000F8B584277D
:107CD000BF0004001E00C35D0020150083420ED1CA
:107CE0001800FF2A0BD8201D04F000FD0123658039
:107CF0002000E355FFF7EEFE3080601DFF30F8BD39
:107D000010B50400FFF786FE064B984207D081238A
:107D10009B00E35800011B180220185E10BD0248AA
:107D2000FCE7C046FFFF0000FF7F000088239B00A8
:107D3000C15A00290CD0074A835A01339BB283529F
:107D4000994205D8852305219B00C1540023835205
:107D50007047C0461E02000030B585B00C220021DD
:107D600001A804F07DFC08222E4C2F4B626180227A
:107D70005202A261C222002523600123FF32E26188
:107D80002000621D6560A560E56023612562D377F0
:107D9000A56200F05FFCA84201D000F03BFA80230E
:107DA0005B0102930623200001A90195039300F0D3
:107DB0008BFD002801D000F02DFA0123200001A93D
:107DC000019300F081FD002801D000F023FA032385
:107DD000200001A9019300F077FD002801D000F0F8
:107DE00019FA0423200001A9019300F06DFD002879
:107DF00001D000F00FFA0723200001A9019300F041
:107E000063FD002801D000F005FA1023200001A92D
:107E1000019300F059FD002801D000F0FBF905B0F6
:107E200030BDC0469C0900200024014030B505004B
:107E300089B01422002103A804F012FC1E4B2A680A
:107E40009A4236D180211D4B89009A6990200A43BD
:107E50009A619A69C0050A4080210192019A5A6983
:107E600089020A435A615B690B400293029B9B2380
:107E700003A90393983B049301F048FC104C114B69
:107E80002000236000236360A3608033E3608033BD
:107E900023618023DB0063612023A36180239B0196
:107EA000E36101F04FF9002801D000F0B3F92C6331
:107EB000656209B030BDC046002401400010024098
:107EC00058090020080002400D480E4BC02210B592
:107ED00003600C231203026180224360802352035B
:107EE000DB0542618022836000235204C36082610B
:107EF000838300F0C1FD002801D000F08BF910BD94
:107F0000DC0900200064004010B5040088B0142291
:107F1000002103A804F0A4FB164B22689A4227D143
:107F20008021154B8904DA6914480A43DA61DA6959
:107F30000A4080210192019A5A69C9020A435A6192
:107F40005B690B400293029BC0239B0003930223B7
:107F500004930133069303A90133079301F0D6FB81
:107F600000221E20110001F0A9F81E2001F0D0F817
:107F700008B010BD0064004000100240000400483A
:107F80000121054B82B05A690A435A615B690B4073
:107F90000193019B02B0704700100240F0B58BB016
:107FA0001422002105A804F05BFB8021414B09034A
:107FB0005A6990270A435A615A693F4E0A40802104
:107FC0000192019A5A69C9030A435A615A69FF0525
:107FD0000A4080210292029A5A6989020A435A6130
:107FE0005A6938000A4080210392039A5A69C902EB
:107FF0000A435A615B6900220B4004932F49049B9A
:1080000001F048FC002230002D4901F043FCE02340
:10801000002403251B0205A92A4805930695079409
:1080200001F074FB05A9284805950695079401F011
:108030006DFB224B38000593012305A90693079495
:10804000089401F063FB20230593C42338009B03AD
:1080500005A90693079401F059FB1C4B300005A9B4
:1080600005930695079401F051FB0123144A300053
:1080700005A9059206930794089401F047FBE023B5
:108080003800DB0005A905930695079401F03EFB37
:108090000823300005A905930694079401F036FBE8
:1080A00022000221072001F009F8072001F030F832
:1080B0000BB0F0BD001002400004004844800000F6
:1080C000708000000008004800140048847C000014
:1080D000074B084A1A60084A1A6000225A60074A89
:1080E0009A600722D9681142FCD1054A1A6070478C
:1080F00000300040CCCC000055550000FF0F0000C0
:10810000AAAA00000123264910B50A689A431A4317
:108110000A600A681A42FCD0224C626B1343636304
:108120000223626B1A42FCD0F823626B9A43783BBD
:10813000134363638023626B5B0213436363802397
:108140009B02626B1A42FCD00123626A1343636292
:108150000223626A1A42FCD0F02263689343636090
:108160006368114A134003226360636813436360CA
:108170000932636813400C2BFBD10C4803F01CFA46
:10818000032000F061F8002801D072B6FEE7042257
:10819000636B93436363236B7C329343236310BD10
:1081A0000020024000100240FFF8FFFF006CDC02DC
:1081B00010B5FDF785FC00F0C9F9FFF7A3FFFDF747
:1081C000A3FCFFF7EBFEFFF7DBFEFFF7C5FD03F0B7
:1081D00079FF00F0D5F800F045F9FFF779FFFFF7D8
:1081E00073FEFEF7A9FBFEF7ABF8FCE7074B02684E
:1081F00010B504009A4201D100F0B8F9044B22688E
:108200001B689A4201D1FEF7B1FB10BD004001404E
:10821000500A002072B6FEE701210A4B82B09A692B
:108220000A439A619A690A4080210092009ADA69A9
:1082300049050A43DA61DB690B400193019B02B0F7
:108240007047C04600100240802170B5204B4902A3
:108250009A6986B00A439A619B6905000B400193B5
:10826000694602A8019B02F0A3F9059B002B28D1C7
:1082700002F08EF9174E184B18493360184BF36013
:10828000FBF768FF00230138706030003361B36092
:10829000B36102F07DFB041E10D1300002F05AFAE7
:1082A000041E0BD1142000F033FF032D0DD8220043
:1082B0002900142000F002FF0A4B1D60200006B0C8
:1082C00070BD02F065F94000D4E70124F6E7C0462E
:1082D00000100240040A00200040014040420F000C
:1082E000E7030000140200207047FEE77047704764
:1082F000704710B5202001F0D3FA10BD10B5024828
:1083000002F05CFA10BDC046500A002010B50248C9
:1083100002F054FA10BDC046040A002010B502480D
:1083200000F0D1FD10BDC046DC09002010B50248A8
:1083300001F032FB10BDC046F01100200B490C4A81
:108340000300521A0B4910B50868002801D10A48E9
:1083500008600868C318934206D904F09BF90C23FF
:1083600003600120404210BD0B60FCE700040000E8
:10837000004000204C0A0020181600207047000022
:1083800009480A4B10B50360032343600023084AE1
:108390008360C2600361836102F0FAFA002801D0B1
:1083A000FFF738FF10BDC046500A002000200040F3
:1083B000DF2E0000074B026882B09A4208D10221EA
:1083C000054BDA690A43DA61DB690B400193019BD3
:1083D00002B07047000400400010024007B50B4B8C
:1083E00002689A4211D18021094B4900DA691320B1
:1083F0000A43DA61DB6900220B400193FF39019BDC
:1084000000F05CFE132000F083FE07BD002000405A
:108410000010024010B5040086B01422002101A80B
:1084200004F01EF90C4B22689A4213D180210B4BA9
:10843000C9025A690A480A435A615B690B400093B2
:10844000009B03230193013B029301A9013B059388
:1084500001F05CF906B010BD0004004000100240BD
:108460000004004830B500258BB00822002101A887
:1084700004F0F6F81C22002103A804F0F1F81B4CCC
:108480001B4B200023601B4B6560A560E3602561EA
:10849000A56102F0A5FAA84201D0FFF7BBFE2000BB
:1084A00001A90195029502F0D5FB002801D0FFF744
:1084B000B1FE6023039300230822200003A9049344
:1084C0000593079302F0F4FA002801D0FFF7A2FE0B
:1084D0000C22200003A902F0EBFA002801D0FFF7DC
:1084E00099FE2000FFF796FF0BB030BD980A0020E0
:1084F00000040040E70300000D4885460D480E4982
:108500000E4A002302E0D458C4500433C4188C42ED
:10851000F9D30B4A0B4C002301E013600432A24252
:10852000FBD3FFF72BFF04F0BBF8FFF741FEFEE79C
:108530000040002000020020D803002098D5000849
:10854000D803002014160020FEE700001023064A7E
:1085500010B5116803200B431360FFF775FEFFF79A
:108560005BFE002010BDC04600200240034A044BC1
:1085700011681B785B1813607047C046E00A002042
:1085800010020020014B18687047C046E00A002026
:1085900070B50400FFF7F6FF0500631C02D0044B22
:1085A0001B78E418FFF7EEFF401BA042FAD370BD22
:1085B00010020020002373B5032101930368040017
:1085C0009A680A40012A07D11968114201D0002097
:1085D00076BDDA681204FAD499681B4A114209D0B0
:1085E0001023A26B1343A3630123E26B1343012007
:1085F000E363EDE7012299680A439A60134B14493B
:108600001868FBF7A7FD0190019B002B17D1FFF71E
:10861000B9FF0125060023681B682B42D7D1FFF75D
:10862000B1FF801B0228F6D923681B682B42F2D1C8
:108630001023A26B1343A363E36B2B43D7E7019B88
:10864000013B0193E0E7C046170000800C020020C8
:1086500040420F0070B5041E00D190E0836B002BE8
:1086600005D102003432C3631370FFF7DFFBA36B45
:10867000DB0600D585E0226893685B0700D580E0C3
:10868000A16B424B19400633FF330B430321A36315
:1086900093680B40012B05D1116819420ED1D368A4
:1086A0001B040BD41821D3688B43A1680B43D36000
:1086B000136961689B009B080B431361D3683449BD
:1086C0000B40D360237E607E9B03C0030343A17EE7
:1086D000E068034348030343601DC07F4000034339
:1086E000A06A0138451EA8410003034320690238EF
:1086F0004542684180000343E07E012804D10029FF
:108700002BD1802149020B43C220E169FF30814215
:1087100002D0206A01430B438020D16840051943F1
:10872000D160E16A814202D0481E062807D8072599
:1087300050692940A8435061506901435161D26892
:1087400014490A409A4210D100200323E063A26B2F
:108750009A43023B1343A36370BD2021A56B2943B9
:10876000A163E16B0843E063CEE71223A26B9A4357
:10877000023B1343A3630123E26B1343E363012032
:10878000EAE71023A26B1343A363F8E7FDFEFFFFA4
:108790001902FEFFE7FF3F83F7B5036804009B68FB
:1087A0000E00022001925B0730D4270034373B785B
:1087B000012B2BD001233B70637E012B27D1A26BB1
:1087C000164B00251A4080235B001343A363E56327
:1087D0003D70206B124B21688362124BC362124BB7
:1087E00003631C230B604A680C3B13434B6001235B
:1087F000CA681343CB603200019B403100F0D4FCC7
:1088000004232800226891680B439360FEBD20007A
:10881000FFF7D0FE0028D2D0F8E7C046FEF0FFFFF9
:1088200031880008A3880008AF880008704700005E
:108830005022436A10B5996B11422BD1996BB1321A
:10884000FF320A43C0219A631A680901D0680842BE
:1088500013D1997E002910D1116809070DD59168AF
:1088600049070ED40C20516881435160996B0B4A23
:1088700011400432FF320A439A631800FFF7D6FF13
:1088800010BD2022996B0A439A630122D96B0A43D7
:10889000DA63F2E71B6B1B6B9847F1E7FEFEFFFF05
:1088A000704710B5406AFFF7FBFF10BD70474023CB
:1088B000406A10B5826B134383630423C26B134376
:1088C000C363FFF7F3FF10BDF7B500220400019268
:1088D000343422780300C66A0220012A2CD00138E1
:1088E00020701A6895686D075BD40B684F681D008F
:1088F000BC462E4F9840103DBC453CD0976A38434B
:108900009062072E0FD8002E11D107205669896872
:108910000640B1420BD05669014086435661566904
:108920003143516103E0802040058642EDD1022DA4
:1089300003D9002000232370FEBD1D48802102685A
:10894000102B14D0112B14D1C9030A430260102B31
:10895000EFD1184B18491868FBF7FCFB0A23434377
:108960000193019B002BE4D0019B013BF8E7090434
:10897000EBE74904E9E7916A81439162022DD8D877
:108980000B4A1168102B0AD0113B581E83410B482B
:108990005B4203400A481B180B401360C9E7094BB0
:1089A000FAE72022996B0A439A63C3E7011000009B
:1089B000082701400C02002040420F00000040FF49
:1089C000FFFFBFFFFFFF7FFFF8B5060034363378A7
:1089D00004000220012B45D00123032133702368BA
:1089E0009A680A40012A05D1196811423BD1DA6818
:1089F000120438D4A16B1F4A11400632FF320A43D9
:108A00000321A263DD68DA688A43DA60802299680C
:108A100012060A439A60FFF7B5FD070023689A68BB
:108A2000002A0DDB0321DA680D401543DD600123C8
:108A30000020A26B8A431343A3630023337011E029
:108A4000FFF7A0FDC01B0228E8D923689B68002B14
:108A5000E4DA1223A26B01209A43023B1343A3637F
:108A600000233370F8BD2023A26B01201343A363BE
:108A7000E3E7C046FDFEFFFFF8B5041E62D0451CCB
:108A8000EB7F002B01D1FFF73FFA01272268136823
:108A90003B431360FFF776FD060023685A683A42AD
:108AA00044D002271A68BA431A60FFF76BFD06002C
:108AB00023685A683A4247D1217E8022012949D150
:108AC00019680A431A60617E4022012946D119685B
:108AD0000A431A60A17E2022012943D119680A4362
:108AE0001A60E17E1022012940D119689143196072
:108AF000217F082201293DD119680A431A60617F4C
:108B0000042201293AD119680A431A60E168A2686F
:108B100000200A4321690A4361690A4361680139F7
:108B20000A43DA6101236062EB770CE0FFF72AFD6C
:108B3000801B0A28B1D98023626A9B0213436362B7
:108B40000523EB770120F8BDFFF71CFD801B0A28E9
:108B5000AED9F0E7196891431960B4E719689143F9
:108B60001960B7E7196891431960BAE719680A43B1
:108B70001A60BDE7196891431960C0E7196891430D
:108B80001960C3E770B5421CD27F0368013A012A1D
:108B900064D880240120A4001A59872602431A5160
:108BA0004A69E23CFF3C1440A040B6009C59C543D2
:108BB00084439C51CC69002C35D1103E9C59D20085
:108BC0002C409C51CC684E682404B6B234439026A5
:108BD0009A18B60094518C680E682404B6B23443D7
:108BE0009126B600945181228C699200002C2FD1DD
:108BF0009C582C409C5085220C699200002C2AD154
:108C00009C582C409C500A6A012A04D18721890073
:108C10005A5802435A508021012089005A588243F1
:108C200000205A5070BD012CDDD18326B6009C591E
:108C3000D20004439C510C684E682404B6B23443FD
:108C400090269A18B60094518C68CE682404C5E723
:108C50009C580443CEE79C580443D3E78023426AE0
:108C6000DB02134343620120DCE7F8B5471CFB7FBE
:108C70000400DDB2012B1ED10133FB7702681368BB
:108C8000AB431360FFF77EFC060023685B681800A7
:108C900028402B4201D16062F8BDFFF773FC801BB6
:108CA0000A28F2D98023626A9B0213436362052378
:108CB000FB770120F0E78023426A1B0313434362E2
:108CC000F7E7F0B5441CE67F0568013EAC68012E6D
:108CD00050D8E0267605344245D0A0010124800F0B
:108CE00084401C6004008F68CE681834002F35D192
:108CF0000B685B05334324016351C2230E690001F5
:108D00002C185B00E650097D012903D1E658FF319C
:108D10003143E150517913790902194393791B04C6
:108D20000B43D179090619432B1818008D30FF30F9
:108D3000016050781178000208439178D2780904D4
:108D40000143120689330A43FF331A60C02201230C
:108D500000205200A1580B43A350F0BD4B6837438D
:108D6000DB003B43C7E78023426A9B031343436214
:108D70000120F2E78023426ADB02F7E7F7B5441CE3
:108D80000191E47F013C012C00D97AE003240568BD
:108D9000002909D1EE68264208D18023426A9B034C
:108DA000134343620120FEBD2E69F4E7D8260199E2
:108DB00076000C0104212C19A7590F40976058D157
:108DC000A7597F0D17600227A6593E40D660082696
:108DD000B337FF37E159314202D10F21E6590E4036
:108DE0001661E659E459360A240CF6B254619661CC
:108DF000019A01991201AD18B935FF352C681C7024
:108E00000468A418B934FF342468240A5C70046828
:108E1000A418B934FF342468240C9C700468A41886
:108E2000B934FF342468240EDC700468A418BD34FF
:108E3000FF3424681C710468A418BD34FF3424680E
:108E4000240A5C710468A418BD34FF342468240C1F
:108E50009C710468A218BD32FF321268120EDA71DA
:108E600002682023002908D1D1680B43D360002079
:108E700099E7A759FF085760A5E711690B431361EC
:108E8000F5E78023426ADB028AE7421CD27F0B00AF
:108E9000013A012A05D8026800205169194351613D
:108EA00070478023426ADB02134343620120F7E7E5
:108EB00070477047704770477047704770477047FA
:108EC000704770477047F0B5036885B05E695A68AF
:108ED0009F680192DA68340002921A6905000392D1
:108EE0009A69009201221440164220D0174205D000
:108EF0009A60BB0700D4A9E0FDF7BEFE00248023E2
:108F00005B001F4207D02A689360BB0500D4AAE02B
:108F10002800FFF7CDFF80235B021F4207D02A689D
:108F20009360BA0300D4ADE02800FFF7C2FF330717
:108F300008D51023029A1A4204D0802292001443CA
:108F40002A68D360730708D50823029A1A4204D00E
:108F50002A682800D360FFF7B0FFB30706D52B6857
:108F6000DB689B0702D02800FDF776FE730608D564
:108F70001023039A1A4204D08022D20014432A6894
:108F80001361B30608D50823039A1A4204D02A684D
:108F900028001361FFF793FFF30606D52B681B69C2
:108FA0009B0702D02800FFF789FFB30308D51023E1
:108FB000019A1A4204D02A6828005360FFF780FF04
:108FC000F30308D50823019A1A4204D02A6828001E
:108FD0005360FFF776FF33042ED5019B2A685B07A9
:108FE00028D5F30503D5012300990B401C43B30595
:108FF00004D502230099194200D01C43730504D5FF
:1090000004230099194200D01C43360512D5702163
:10901000009B00980B4008420CD0402B46D03DD816
:10902000202B45D0302B45D0102B3ED0702193699A
:109030008B43936104235360002C05D06B6A280096
:1090400023436B62FFF73EFF05B0F0BD7B0704D4FE
:109050003B0705D4FFF72EFF50E7802424014EE79D
:10906000802464014BE77B0503D580239B011C43CF
:1090700051E73B0502D58023DB01F8E72800FFF725
:109080001AFF48E77A0303D580231B021C434EE7EF
:109090003F03FBD42800FFF70FFF48E7502B0BD00E
:1090A000602BC3D180235B0000E008231C43BDE795
:1090B0001023FBE72023F9E78023F7E710B5FF240F
:1090C00003220B0021000240D20091409B0123406B
:1090D000C943934000280ADBC0240B4A8008800063
:1090E0008018A40002590A401343035110BD0F22F7
:1090F00010400838054A800880008018C269114075
:109100001943C161F2E7C04600E100E000ED00E074
:10911000002805DB1F2318401E3B8340014A1360D3
:109120007047C04600E100E0BFF34F8F034B044A95
:10913000DA60BFF34F8FC046FDE7C04600ED00E0A8
:109140000400FA0570B504000120002C24D002238D
:10915000A51CEB772068114B0268A1681A40636870
:109160000B43E1680B4321690B4361690B43A16920
:109170000B43E1690B4313430360094B1421C018EF
:10918000FAF7E8FF074B80002064E3630020012327
:10919000A063E418EB77E07770BDC0460FC0FFFF17
:1091A000F8FFFDBF00000240F7B5441C0193E57FC6
:1091B000012D33D00125871CE577FD7F0026AC46C5
:1091C0006346EDB2012B28D10224FC770468866344
:1091D0002668076CAE43BD402660019BC66B756078
:1091E00063604368102B0ED1A260E160C36A2268FD
:1091F000002B0BD00E231343236001230020226891
:1092000013432360FEBDA160E260EFE70A2313432E
:109210000422236023689343EEE7E6770220F1E718
:109220000C4A1021D06830B503000B40084205D02D
:1092300002230948C4692343C3610B000420D16899
:10924000014205D00121044C0343E5692943E16152
:10925000D36030BD00200240E80A0020064B002009
:109260001A69120606D5054A5A60054A5A601869F5
:109270000006C00F7047C04600200240230167452A
:10928000AB89EFCD8023034A002011690B431361A2
:109290007047C04600200240074B8022196910B574
:1092A0000C00920001201440114204D12000034A16
:1092B0009A60034A9A6010BD00200240230167456E
:1092C000AB89EFCD034A0449136900200B401361B9
:1092D0007047C04600200240FFFDFFFF70B504004C
:1092E000FFF750F901260500104BDA68324211D120
:1092F0002022D968114200D0DA60D9681022080013
:109300001040114202D1DB685B0708D5FFF788FFE8
:10931000012004E0621CE8D0002C01D1032070BDC4
:10932000FFF730F9401BA042DED9F7E700200240EA
:10933000F0B585B003931E4B009102921A7E040093
:109340000220012A31D001221A481A76FFF7C6FFFF
:10935000002827D12600012C03D00426022C00D19E
:1093600026000024124B0193029803992201FBF777
:1093700067F800220127019B0F4DDA612B69009AE3
:109380003B432B6163009B1880B218800948FFF7AC
:10939000A5FF2B69BB432B61002803D1E419E3B27D
:1093A0009E42E1D80022024B1A7605B0F0BDC046BD
:1093B000E80A002050C30000002002408023054A34
:1093C00010B511699B010B4303481361FFF786FF3A
:1093D00010BDC0460020024050C300000022064BD2
:1093E000DA61064B043219690A431A61402219698D
:1093F0000A431A617047C046E80A00200020024074
:1094000070B506001248FFF769FF00281ED120251D
:10941000104B114CD86123690D482B432361402325
:10942000226913432361FFF759FF2369AB4323618B
:1094300000280BD12369103D2B432361074B0448BF
:109440001E80FFF74BFF2369AB43236170BDC0460D
:1094500050C30000E80A00200020024000F8FF1F6F
:10946000062270B5114CAA25E369134203D01135C9
:109470005B0700D511350E48FFF730FF002814D1E7
:1094800020260C4BD86123690948334323614023CC
:10949000226913432361FFF721FF2369B34323614B
:1094A000002802D1E8B2FFF7ABFF70BD00200240F8
:1094B00050C30000E80A0020F7B5564E0400337E82
:1094C0000220012B65D0013830762368034261D039
:1094D0006368A568504F83423BD13B6A4F48019374
:1094E000FFF7FCFE002852D1F061FFF7B9FF00281A
:1094F0004DD1019BAB431D00D9B210233A691343F0
:109500003B61FF2934D12B0ADBB2FF2B08D0444941
:1095100042484A8913404B81FFF7E0FE002830D1D2
:109520002B0CDBB2FF2B08D03D493C488A89134005
:109530008B81FFF7D3FE002823D100202D0EFF2DB5
:109540001FD0374B3548DA891540DD81FFF7C6FE5D
:1095500017E03B6A31480193FFF7C0FE002816D19F
:10956000F061FFF77DFF002811D1019B2B43C2E77B
:109570002B4A2A4813890B401381FFF7AFFE0028BE
:10958000C1D010223B6993433B61002802D00023E5
:109590003376FEBD23689B0704D5207BFFF730FFA1
:1095A0000028F4D123685B071AD5637B1B4801931D
:1095B000FFF794FE0028EAD11027174DF0612B69C0
:1095C000019A3B432B6188231A431300144A134822
:1095D0005380FFF783FE2B69BB432B610028D6D154
:1095E00023681B07D3D523690C480193277DFFF718
:1095F00075FE0028CBD11025074CF0612369074880
:109600002B432361019B1F80FFF768FE2369AB4357
:109610002361BCE7E80A00200020024050C300009C
:1096200000F8FF1F072310B506240360084B1A6AD1
:109630008260D969AA22214203D01132490700D59C
:10964000113202737722DB691B0A1340437310BD8A
:10965000002002400022064BDA61064B02321969F3
:109660000A431A614022586119690A431A61704716
:10967000E80A002000200240F8B5214F04003B7E9C
:109680000E000220012B0CD001233B7623681D48DD
:10969000012B12D1FFF722FE002803D00120002366
:1096A0003B76F8BDFFF79AFE1648FFF717FE042138
:1096B000154A13698B431361F1E7FFF70FFE00288A
:1096C000ECD101235B42336065680130A3686268B6
:1096D000DB029B18AB42E2D92800FFF7BBFF094829
:1096E000FFF7FCFD0221084A13698B431361002830
:1096F00001D03560D3E780231B01ED18E6E7C046B3
:10970000E80A002050C30000002002400023F0B50A
:1097100087B00A681400DC4001D107B0F0BD012514
:1097200014009D402C4000942A4200D19CE04A68DD
:109730005F0094460322644622400324BC40E44375
:109740000194541E012C2ED88668019C2640CC68BA
:10975000BC403443846044680126AC432500644621
:10976000240934409C402C434460C568019C25403A
:109770008C68BC402C43C460022A16D107250F26F2
:109780001D40AD00AE40DC08A40004190294246A18
:1097900003962600039CA64334000E69AE40264380
:1097A000029C266201E0032ADFD1BA400468019DD1
:1097B00025402A43C02402606246A402224253D0BC
:1097C00001252A4A90279469FF052C4394619269E8
:1097D0009C082A400592059A254AA400A4180F2245
:1097E00002351D40AD00AA40A66896430022B8424B
:1097F00010D0204F0132B8420CD01F4F0132B84276
:1098000008D01E4F0132B84204D01D4A8218571E9C
:10981000BA410432AA4067463243A260194A009C0A
:109820009668009DE4433543FF0201D4350025408E
:1098300067469560D668009D3543BF0201D4350068
:1098400025406746D5605668009D3543BF0301D467
:1098500035002540674655601568009E2E43FF037E
:1098600001D425402E001660013352E7001002405B
:10987000000001400004004800080048000C0048B7
:1098800000F0FFB70004014000690840431E984102
:10989000C0B27047002A01D0816170478162FCE745
:1098A000044B10B55A69104202D05861FDF79AF87E
:1098B00010BDC0460004014070B504000120002C1A
:1098C0002BD0224D635DDAB2002B05D1A4239B007F
:1098D0002000E25402F0E2FC03236355206801F00B
:1098E000F7F900232200190001262079103298424E
:1098F00014D10021220008005132FF328B4217D1CF
:109900006168A268206801F0EDF900232373013338
:109910006355A37A012B15D0002070BD137001335D
:109920005670D170116151619161DBB22832DEE76E
:10993000117001315070D070106150619061C9B2E6
:109940002832DBE7200000F00EFEE5E79102000080
:1099500070B5A425AD00435D04000220012B09D0A1
:1099600001236355206801F0A9F9206801F0B5FBD7
:109970000020605570BD70B5A425AD00435D0400A6
:109980000220012B07D0012363552068217301F0C9
:109990009DFB0020605570BDF0B5040085B00068E7
:1099A00001F0A3FB802305001B021D40184201D1DA
:1099B00000F027FC2068821DD38F1BB2002B01DB37
:1099C00005B0F0BD0F21D38F194000910F219AB23D
:1099D0000B4200D0C0E01023110019401A4227D1D9
:1099E0000388CA4A134080221202134303800300F3
:1099F00050331A88237CDB00C3189B18C44A20000C
:109A00009B181B88626A9B059B0DE362D3186362F7
:109A100002F075FC237B002BCCD0A16A23680029BF
:109A2000C8D18020227B4C3302431A802173C1E7C6
:109A3000028880211600090193B20E400A4222D00A
:109A4000030050331A88A8235B00E35CA621DB00E7
:109A5000C3189B18AF4A89009B1822001B885132FB
:109A60009B059B0DFF32D3616118D28801F088FD00
:109A70002168A94B0A8820001A40802313430B80D9
:109A800002F028FC96E71BB2002B00DB92E702886D
:109A9000A14B25001A408023134303800300503359
:109AA0001A88A8235B00E35C5135DB00C3189B18C0
:109AB000984AFF359B181B889B059B0DEB610DD0C9
:109AC000696900290AD0EA8801F05AFD6B69EA69E0
:109AD00031009B1820006B6102F005FC21680A88A8
:109AE00093B2120500D565E7C0229201134093425C
:109AF00000D15FE70B00874A50331B888A18D218C1
:109B000013889B059B0D13802B69002B0ED18020A1
:109B100013880002034313800A88804B1A40C02335
:109B20009B0153407E4A13430B8043E73E2B08D8EA
:109B3000012558082B40C0181388800203439BB2AC
:109B4000E9E71F2558092B405D426B41C01A138875
:109B500080021843734BF1E7009B9F00C2191388E2
:109B600099B21BB20191002B00DB92E013886A4985
:109B70000B4080210B4313802823009A5343E318A2
:109B80001A001D005D32FF3212785135FF35002A70
:109B900014D10200503211882A78D20052185D493F
:109BA0001218521812889205950D002A56D01A00E4
:109BB0005732FF32FC33190012884BE01900543140
:109BC000FF3109782A78022900D0E3E08026F601E7
:109BD000B4466546019EFC332E400396060050367F
:109BE00002966646019DD96E354200D1A0E0029DE5
:109BF0002E88D5007619464D361876193588AD056C
:109C0000AD0D8D420DD90021D966910041180E8805
:109C1000424B1E4080239B017340414E33430B80D7
:109C200002E0491BD966F0D0019B5B0607D5920084
:109C3000821813883C490B403C490B431380002D8C
:109C40000CD02823009A5343E1180A005932FF32FE
:109C50001288FC312B00896E01F092FC28230099B8
:109C600059436218FC32106F40191067906E40190A
:109C70009066D06E002803D0526E954200D3B3E0B8
:109C8000009A20005343E3185133FF33197802F050
:109C90002AFB8022019B2068134200D18AE6C21968
:109CA00013881A49009E0B401E490B439BB2138038
:109CB00028225643A319D97C012900D0C7E0009976
:109CC00001314A43002111511A7F8A4200D19EE09E
:109CD0004022019D019E1540164200D1A0E05A7C11
:109CE0008A4200D087E00200503211881A7C084B6B
:109CF000D200C0184118521813880A499B059B0DC1
:109D0000138013880B439BB2138080E00F8FFFFFFB
:109D100002040000060400008F0F00008FBFFFFF49
:109D2000808000000080FFFF8F8FFFFFC080000059
:109D3000029D2E88D5007619C74D361876193588BC
:109D4000AD05AD0D8D420DD90399D966910041182D
:109D50000E88C24B1E4080239B017340C04E33438C
:109D60000B8002E0491BD966F0D0019B5B0607D44B
:109D7000920082181388BB490B40BB490B431380E8
:109D8000002D00D16AE72823009A5343E1180A0006
:109D90005B325CE7920082181688B2493140B24EBD
:109DA000314311802A78910041180D88010050310B
:109DB0000988D200521812186D040AD5AB495218FE
:109DC00012889205950D002A00D147E71A005932F2
:109DD000EFE6A149521812889205950D002A00D18C
:109DE0003CE71A005B32E4E65131FF31206861182C
:109DF00001F094F94DE7012A09D102009B4D503240
:109E000012881B7C4019DB0080181B18198028233E
:109E1000009A5343E318197C200002F070FAC9E558
:109E20005A7C002A06D10200503211881A7C8A4BD3
:109E3000D2005EE7012AEAD1020087495032128837
:109E40001B7C4018DB0080181B181D80DFE7802773
:109E500001997F0039401A7C8C46019902929D6AD3
:109E6000D20039421CD1070050373F88BF187F4AC3
:109E70003F18BF183A889205920DAA4203D3624652
:109E800002999A62C8E7596AAD1A89185962D96A63
:109E900010368A189D62DA62A11901F03FF989E54E
:109EA00040218C46019F06000F40039767460199A9
:109EB0005036394200D1DFE06C493788461800211E
:109EC000F719BF5A8C46BF05BF0DAF4201D2E91B3F
:109ED0008C466146802599620199ED0129400D006B
:109EE0006146002947D1282300994B43E3185B7C46
:109EF000002B30D1070050373B885D49F3189B1881
:109F00001E88B605B60D1E801E880E43B6B21E8092
:109F1000514E3B888019C018801803889B059B0D03
:109F2000038003880B439BB203802000029902F058
:109F3000E6F9002D00D1DCE02823009A494953437B
:109F4000E3181B7C22689B00D21813880B404949F8
:109F50000B431380CDE0012BE7D10700614650375A
:109F60003B88F3189B1819803B493B884018C01860
:109F700080186346D8E7002D0CD00299890041185B
:109F80000D880191AC466146364D0D4039490D436F
:109F900001990D80282500994D4334218C4665197F
:109FA000AC4461460978012900D0A2E0696AC91968
:109FB00069620191D96AC919D9622B6B296A8B42EE
:109FC00017D35B1A2B632823009D6B43E3185D7C3A
:109FD0008BB2002D37D1050050352D887519AA1880
:109FE0001588AD05AD0D158000290ED11188204DC5
:109FF00013E0002B03D161460B703900E3E7002129
:10A000006746397029631900DDE73E2911D801261A
:10A010004D080E40AD191188AD02294389B2118057
:10A02000282200994A43A218128B019901F061F885
:10A030005FE01F264D0931404E4271416D1A118873
:10A04000AD022943D3E7012DEAD10100503109883F
:10A050007618B6183380E3E7060400008FBFFFFFD1
:10A06000808000008F8FFFFFC0800000020400008E
:10A070000080FFFF80C00000AC4936888C468444D5
:10A080006644B65A039FB605B60DAE4200D8AF1B64
:10A0900080250199ED0129400D009F62002F49D1D3
:10A0A000282300994B43E3185B7C002B33D103003A
:10A0B0009F4950331E8840188019801806889D4992
:10A0C000B605B60D068006880E43B6B206801B881C
:10A0D00063449B181A889205920D1A801A880A43C5
:10A0E00092B21A802000029902F009F9002D00D1E5
:10A0F00022E72823009A5343E3181B7C22689B0025
:10A10000D21811888C4B194030234B408B490B439C
:10A110001380FFF74FFC012BE4D103008449503337
:10A120001E8840188019801807801B8863449B187C
:10A130001F80D7E7002908D10299814D8900411875
:10A140000F883D407F4F3D430D80282700994F43A6
:10A15000E71939003431019109780129C9D1796AA7
:10A1600089197962DD6AAD19DD623B6B3D6AAB42EC
:10A1700017D35B1B3B632823009E7343E3185E7C6D
:10A18000ABB2002E34D10600503636886644B21881
:10A190001688B605B60D1680002D0ED11588654EB1
:10A1A00013E0002B03D1019D2B703500E3E7002560
:10A1B000019E3D6335701D00DDE73E2D0ED8012761
:10A1C0006E082F40F6191588B6023543ADB21580DA
:10A1D0002822009D6A43A218528B27E71F276E0989
:10A1E0003D406F427D41761B1588B6023543D6E768
:10A1F000012EEDD1050050352D886544AA18138035
:10A20000E6E743050ED523684F490633DA8F200071
:10A210000A40DA8702F085F829002000FFF7ABFB3F
:10A22000FFF7CEFB430407D5236848490633DA8F8E
:10A230000A40DA87FFF7C4FB802301009B01194025
:10A24000184204D0236842490633DA8FF0E7C3048A
:10A250001AD5042023680233DA8F8243DA87DA8F33
:10A2600000188243DA87B2239B00E25C012A03D103
:10A270002000E15400F08BF9200002F075F823680B
:10A2800034490633DA8FD3E7030513D50821236851
:10A290009A1CD08F06330143D187D98F2E480140B5
:10A2A000D9870423D18F0B43D387200002F04AF8CB
:10A2B000FFF786FB8025284221D0B220236880004A
:10A2C000991DCA8FAA43CA87225C002AEDD10421B6
:10A2D0009A1CD58F54332943D1870821D58F294320
:10A2E000D18701213C2221541B8820009B08134068
:10A2F000B3229200A35000F04AF9FFF761FB8305F7
:10A300000AD5236815490633DA8F20000A40DA8718
:10A3100002F000F8FFF754FBC00501D4FFF750FB33
:10A3200023680F490633DA8F82E7C046060400002F
:10A33000020400000080FFFFBF8FFFFF808000004D
:10A340008F8FFFFF80C00000FFFBFFFFFFBFFFFFFD
:10A35000FFDFFFFFFFEFFFFFFFF7FFFFFFFDFFFF47
:10A36000FFFEFFFF70B5040007200D000840282104
:10A3700041436DB26618002D18DA012510316118BD
:10A38000757408700A61CB70022B01D100230B7128
:10A39000A425AD00635D0220012B06D00123635587
:10A3A000206800F0ADFC0020605570BD00255131E3
:10A3B0005236FF31FF3661183570E2E707220B0095
:10A3C0000A40282151435BB270B504004018002BAD
:10A3D00012DA0123103161184374A4250A70AD000C
:10A3E000635D0220012B06D001236355206800F035
:10A3F00097FD0020605570BD002351315230FF3170
:10A40000FF3061180370E8E7F8B5072421402134D4
:10A410004C4306193700FC37FB66330000255233E6
:10A4200051365134FF33FF36FF343D67BA661D7035
:10A4300031700119006800F071FE2800F8BD072393
:10A440000B40282159434018FC30006F704770B50D
:10A450000724214021344C43061935007262012241
:10A460003435B3622A7000251034F56231743363D9
:10A4700072740119006800F051FE280070BD0722B7
:10A4800070B5037904000A400120934219D348B201
:10A490002823002816DA5343190001201031E3184D
:10A4A000611858740123A4258B700A70AD00625D99
:10A4B00002209A4205D06355206800F0ABFD0020D1
:10A4C000605570BD4B4319000020E31851315233E1
:10A4D000FF31FF3361181870E4E70B000F2270B5ED
:10A4E000017904001A40012091421BD30722282140
:10A4F0001A4051435BB26018002B14DA012310316B
:10A50000611843740025A4268D700A70B600A35DFF
:10A510000220012B06D00123A355206800F09CFDEA
:10A520002800A55570BD002351315230FF31FF3056
:10A5300061180370E6E730B528240D060BD5072512
:10A5400029404C431034001999B2002A07D10273F4
:10A55000C180002030BD4C435134FF34F3E7012269
:10A5600083600273F5E703680200B420012110B58F
:10A570008000B22411500020A400105554331A88D2
:10A5800011430222198019880A431A8010BD7047AE
:10A59000044B054A5B6805495B055B0FCB5C1068A3
:10A5A000D8407047001002400C0200203CD5000843
:10A5B000072310B503240360094B5A682240426008
:10A5C0005A68ED3422408260E0225B68D20013407A
:10A5D0000122C360034B1B6813400B6010BDC046D3
:10A5E000001002400020024070B50124036A026A94
:10A5F000A243026273224468856995430A68154341
:10A60000022293438A6813430E4A904208D00E4AAE
:10A61000904205D00D4A904202D00D4A90420BD193
:10A6200008229343CA688E69134304229343094A5C
:10A6300022404C69344314434A6844608561426354
:10A64000036270BD002C0140004001400044014005
:10A6500000480140FFFCFFFF70B5184A056A036A15
:10A660001340036273234268C4699C430B681C4314
:10A67000134B1D408B681B022B43124DA8420ED179
:10A68000114D1D40CB681B022B43104D2B40104D2C
:10A690008E6915404A69324312012A4308E00D4D84
:10A6A000A842F4D00C4DA842F1D00C4DA842EED0F7
:10A6B00042604A68C461C263036270BDFFFEFFFF6F
:10A6C000FFFDFFFF002C0140FFF7FFFFFFFBFFFF37
:10A6D000FFCFFFFF0040014000440140004801401F
:10A6E00030B5144A046A036A134D13400362436889
:10A6F000C2692A400D682D021543104A14408A6829
:10A70000120322430E4CA04208D00E4CA04205D0AA
:10A710000D4CA04202D00D4CA04204D10C4C1C4068
:10A720004B699B01234343604B68C561036402622C
:10A7300030BDC046FFEFFFFFFF8CFFFFFFDFFFFFD5
:10A74000002C01400040014000440140004801400D
:10A75000FFBFFFFF01000300012010B53D310C7861
:10A76000E2B284421CD1001808701B68D9681143FA
:10A77000D9600D498B4209D08021C9058B4205D093
:10A780000A498B4202D00A498B420AD107219A68B2
:10A790000A40062A03D0012219680A431A600020E1
:10A7A00010BD1968F9E7C046002C014000040040C4
:10A7B00000400140704770477047704702220368AD
:10A7C00070B5DD681E69040016420DD015420BD02D
:10A7D000053A1A61043202779B699B0700D171E048
:10A7E000FFF7E9FF0023237704231E4211D01D4207
:10A7F0000FD00522236852421A61073222779A69E4
:10A80000C0239B0020001A4262D0FFF7D4FF002330
:10A81000237708231E420FD01D420DD00922236842
:10A8200052421A610D322277DB6920009B0755D016
:10A83000FFF7C1FF0023237710231E4211D01D42D2
:10A840000FD01122236852421A6119322277DA6935
:10A85000C0239B0020001A4246D0FFF7ACFF002324
:10A86000237701231E4208D01D4206D0022223680E
:10A87000524220001A61FDF7B9FC80231E4208D025
:10A880001D4206D081222368524220001A6100F046
:10A8900014FA40231E4208D01D4206D041222368EC
:10A8A000524220001A61FFF788FF20231E4208D081
:10A8B0001D4206D021222368524220001A6100F076
:10A8C000FBF970BDFFF776FF2000FFF775FF89E702
:10A8D000FFF770FF2000FFF76FFF98E7FFF76AFFB1
:10A8E0002000FFF769FFA5E7FFF764FF2000FFF7EF
:10A8F00063FFB4E710B51F4C0368A04206D0802266
:10A90000D205904202D01C4A904208D17022934353
:10A910004A681343194A1A40CB6813430BE0184A9C
:10A920009042F7D0174A9042F4D0174A9042F1D0A3
:10A93000164A9042EED0802293434A691343036043
:10A940008B68C3620B688362A04208D00D4B9842AB
:10A9500005D00D4B984202D00C4B984201D10B69A7
:10A960000363012242610369134202D003699343E6
:10A97000036110BD002C014000040040FFFCFFFFFC
:10A9800000200040004001400044014000480140D8
:10A9900070B504000120002C21D025003D352B7816
:10A9A000DAB2002B05D123003C3320001A70FDF7EA
:10A9B00015FD02232B702068211DFFF79BFF22004D
:10A9C00001230020463213704534083A1370537047
:10A9D0009370D37013715371937123702B7070BD8A
:10A9E00070B504000120002C21D025003D352B78C6
:10A9F000DAB2002B05D123003C3320001A70FDF79A
:10AA0000D9FC02232B702068211DFFF773FF220061
:10AA100001230020463213704534083A13705370F6
:10AA20009370D37013715371937123702B7070BD39
:10AA3000102270B5056A036A174C9343036242689B
:10AA4000836923400C6824021C4320239D438B68A8
:10AA50001B012B43114DA8420FD18025AB431E0093
:10AA6000CB68403D1B013343AB430D4D8E69154010
:10AA70004A69324392002A4308E00A4DA842F4D0C2
:10AA8000094DA842F1D0094DA842EED042604A6873
:10AA900084618263036270BDFF8CFFFF002C014064
:10AAA000FFF3FFFF00400140004401400048014027
:10AAB000F8B506003C361500327803000C00022081
:10AAC000012A0AD001383070082D3FD006D8002D59
:10AAD00019D0042D29D000233370F8BD0C2DFAD1E4
:10AAE0001D682800FFF7FCFD8023EA691B01134362
:10AAF000EB61EB691D4A1340EB612369EA691B02B4
:10AB00001343EB610FE01D682800FFF76DFD08237C
:10AB1000AA6913430422AB61AB699343AB61AB6990
:10AB200022691343AB610020D5E71D682800FFF7B9
:10AB30007FFF8023AA691B011343AB61AB690B4AFA
:10AB40001340AB612369AA691B02EAE71F6838005A
:10AB5000FFF782FD0422FB691D43FD61FB699343FE
:10AB6000FB61FB6922691343FB61DCE7FFFBFFFF2D
:10AB70001F2310B5012419408C408A40036AA34367
:10AB80000362036A1A43026210BD00000200030060
:10AB900010B5002909D13E331B78013B581E834173
:10ABA000DBB20120002B0AD010BD042901D13F33B4
:10ABB000F2E7082901D14033EEE74133ECE7022305
:10ABC0001000002923D13E300370146801222000B8
:10ABD000FFF7CEFF184A944208D0184B9C4205D08C
:10ABE000174B9C4202D0174B9C421AD18023616CB8
:10ABF0001B020B436364944202D0104B9C4216D15B
:10AC00000722A3681340062B11D10020CCE70429AA
:10AC100001D13F30D8E7082901D14030D4E7413095
:10AC2000D2E78023DB059C42EAD0074BE6E701230D
:10AC3000226813432360E8E7002C014000400140F4
:10AC400000440140004801400004004010B5FFF7F7
:10AC50009DFF10BD70B5040002223C34257803002E
:10AC60001000012D20D01D0070263D352A701B6874
:10AC700058689A68B0430E68304358600B48834266
:10AC800009D08020C005834205D00948834202D004
:10AC90000848834204D18020496882430A439A606D
:10ACA000012300202B70207070BDC046002C014095
:10ACB000000400400040014070477047821D0300BF
:10ACC0000020D087014A0233DA87704780BFFFFF38
:10ACD0000230C38F024A1340C38700207047C0462A
:10ACE0007F400000821C03000121002082B0D18738
:10ACF000D0879A1D5033D087188002B0704700006B
:10AD0000F7B50E787A4AB300C3181C88CF78144080
:10AD1000012205000092032F08D83800F9F706FA3F
:10AD200002423F3C8022920014430097714A144330
:10AD3000A4B21C801888704C20403043104380B26D
:10AD40001880F0008446087BAC44503501950028FB
:10AD500000D06BE0CD8848786D086D00002823D0C6
:10AD600080200199C0000988614409180D80198864
:10AD7000490604D519882140604C21431980604D53
:10AD8000012F00D1AEE020211C882C4061400A43F5
:10AD900092B200981A80FEBDC022D2001443002255
:10ADA0000092C3E78022F8E70198096907885548AF
:10ADB00067443F1801983D800588534865442D1825
:10ADC0002F88BF05BF0D2F80002915D18027298826
:10ADD0003F02394329801988490404D51988214044
:10ADE0004A4C214319804A491C880C40C021002E3E
:10ADF00000D080218901C9E73E2908D801204F08E9
:10AE000001407F182988BF02394389B2E2E71F2039
:10AE10004F0901400800414241417F1A2988BF0281
:10AE200039433C4F0F43BFB22F80D4E71D88022F18
:10AE30003AD1394E2540354301981D800588802040
:10AE40000E896544C00076082D18760001982E8082
:10AE500005884E892B48654476082D1876002E808B
:10AE60004978274E8C4680216046294DC90100282B
:10AE70001FD11F880F4204D01988244F2140394325
:10AE800019801988490604D5198821401B4C214393
:10AE90001980C0211C8889012C406140114389B26E
:10AEA00019801988314072E71C4E35401543ADB208
:10AEB000C2E71888084204D0198814482140014389
:10AEC00019801988490604D5198821400B4C214363
:10AED0001980012F09D020211C8834406140114382
:10AEE00089B219801988294051E719883140F6E75D
:10AEF0008F89FFFF8080FFFF8F8FFFFFC0800000E2
:10AF0000BF8FFFFF040400000604000080C00000A3
:10AF10008FBFFFFF0080FFFF808100008F8EFFFF4B
:10AF2000F0B50B784A78097B9B00C018314B00299B
:10AF30001AD1002A0CD00288520605D502882E4963
:10AF40000A402E490A43028002882D490A402FE018
:10AF50000288520405D5028827490A4029490A4334
:10AF6000028002882849F1E78027234E244D264994
:10AF7000FF01002A21D102883A4204D00288214CE4
:10AF80003240224302800288204C520604D50288B7
:10AF90003240224392B20280028832401443A4B26B
:10AFA000048002880A401A4392B2028002882A4032
:10AFB00013439BB203800020F0BD0288144C3A4238
:10AFC00004D002883240224392B2028002885206A4
:10AFD00004D50288094F32403A4302800288324049
:10AFE0001443A4B2048002882A401A4392B2028019
:10AFF0000288ABE78080FFFF8F8FFFFFC0800000DB
:10B00000BF8FFFFF80C000008FBFFFFFC080FFFF2A
:10B0100080C0FFFF0B7849789B000C4AC0180029BC
:10B0200009D001880A4B194010234B4013439BB2AF
:10B030000380002070470188064B194080235B0184
:10B040004B401A4392B20280F3E7C0468080FFFF74
:10B05000BF8FFFFF8FBFFFFF0B7B002B19D10B783A
:10B060004A789B00C0180388002A14D05B0605D5D7
:10B070000388104A1340104A13430380CB78012BF6
:10B0800007D00E4B02881A40202353400C4A13432A
:10B090000380002070475B0405D50388054A1340F0
:10B0A000084A13430380084B02881A40C0239B01BF
:10B0B000EBE7C0468F8FFFFFC0800000BF8FFFFF10
:10B0C0008080000080C000008FBFFFFF002902D1F8
:10B0D00080234C3003800020704780225830038842
:10B0E000120213430380002070470630C08F80B2E5
:10B0F000704730B580240133E40012195B088018D2
:10B100005B00CB18401A0C188B4200D130BD4A7836
:10B110000D7812022A4322800231F4E7F0B50C00C8
:10B1200049780500227B87B0012900D01BE1236903
:10B13000A76902939F4200D91F002B005033616919
:10B140000193002A1DD1BFB23B00E2882800FFF71F
:10B15000D0FF019BBE4A19882378AA18DB00521839
:10B160009B181F802378BB4A9B00EB18198811405D
:10B1700030224A40B8490A4392B21A80002007B0F0
:10B18000F0BD2278266A9300D2000392E078EB1893
:10B19000022800D0D1E0029AB24200D3BBE01A8864
:10B1A000AE48F61B1040AE4A104318801B88402062
:10B1B0009C466246024005926246CB190493266281
:10B1C000BBB2024255D0019A12889446A54AA818EB
:10B1D000039A60448218138062892800FFF789FF70
:10B1E000049B029A63610023B24201D2F31B3E002A
:10B1F00062782362B3B2002A2ED1019A9449108852
:10B20000227869180918D200521811888905890D09
:10B210001180002E0AD18020118800020143118084
:10B22000228904992800FFF764FF9BE73E2E08D887
:10B23000012170083140401811888002014389B211
:10B24000EDE71F203040710946427041091A10880D
:10B25000890208438449F1E7012AE1D12A007C49A7
:10B260005032108822786918D200091852181380B9
:10B27000D6E7019A12889446754AA818039A604442
:10B280008218138022892800FFF733FF049B029A5B
:10B290006361059BB24201D2F31B3E0062782362D8
:10B2A000B3B2002A2AD1019A6E491088227869180F
:10B2B0000918D200521811888905890D1180002EB5
:10B2C00006D1802011880002014311806289A8E71D
:10B2D0003E2E08D8012170083140401811888002A4
:10B2E000014389B2F1E71F207109064070424641CF
:10B2F0001088891B890208435B49F1E7012AE5D1DF
:10B300002A0058495032108822786918D20009184A
:10B3100052181380DAE71888544F4F4A38401043C8
:10B3200080B21880019B039A1888494BEB181B18B0
:10B330009A18B3B21380228974E71888F61B019A11
:10B3400026621688BBB2400607D5464AA818039A5B
:10B35000801982181380628964E73D4AA818039A0D
:10B3600080198218E6E7002A1CD1A36921698B4263
:10B3700001D95A1A0B00A2612A003A4950321088AA
:10B3800022786918D2000918521811888905890D88
:10B390001180002B00D0D6E08021138809020B43D6
:10B3A00013803DE0E378022B00D08CE0002924D10B
:10B3B0000600274A503633882078AA18D218C000D1
:10B3C000121813889B059B0D13802369002B34D121
:10B3D000802711883F0239431180224A3188AA18F8
:10B3E0005218121811888905890D1180002B54D12B
:10B3F0008021138809020B431380E369002B0FD0CF
:10B4000023781B499B00EB181A880A408A4201D016
:10B41000002A05D11A8811490A4016490A431A80A0
:10B4200023789B00ED182A88134B1A40C0239B01F8
:10B430005340124A13432B80A0E63E2B20D8012113
:10B440005F0819407F181188BF02394389B2C3E7EA
:10B4500002040000BF8FFFFF8080FFFF8F8FFFFF80
:10B4600080810000060400000080FFFF8F8EFFFF38
:10B4700040400000C08000008FBFFFFF80800000C0
:10B480001F271F4039004F424F415909C91B1788D8
:10B49000019189020F433749D7E73E2B08D8012095
:10B4A00059080340C918138889020B439BB2A3E7CC
:10B4B0001F205909034058424341C91A1388890281
:10B4C00019432C4BF1E70120834200D057E6A369D2
:10B4D00022690020934201D9981A1300A061002923
:10B4E0009ED12E00244A503631882078AA1852184E
:10B4F000C000121811888905890D1180002B0AD10E
:10B50000802711883F02394311801C4A3188AA18CC
:10B510005218121839E73E2B08D801215F0819404C
:10B520007F181188BF02394389B2EDE71F271F40FA
:10B5300039004F424F415909C91B178801918902AF
:10B540000F430C49EFE73E2B08D801205908034070
:10B55000C918138889020B439BB221E71F205909A0
:10B56000034058424341C91A138889021943014BC9
:10B57000F1E7C0460080FFFF02040000060400005F
:10B58000F0B580255C08ED00521926000D008018EA
:10B59000471AEA19002E06D1DB0703D5640000190B
:10B5A00003880B55F0BD1288013E92B22A70120A30
:10B5B0006A700235EDE70000014B18607047C04625
:10B5C0000C020020AF239B00C35870B5002B0ED097
:10B5D000AE22802592008458AD00605DFF2806D021
:10B5E000044A9B682100A25C9847FF236355002012
:10B5F00070BDC0460102000043230380004870472D
:10B600005C0200204323038000487047A002002012
:10B610004323038000487047180200200A23038058
:10B62000004870471C03002070B5AE26B600040029
:10B63000855900F04BFF83239B00E850A35902205B
:10B64000002B0AD0832381229B00E918B033E358F2
:10B650009200DB68A8589847002070BDF8B5AE236B
:10B660009B00C75804000E000220002F16D014259E
:10B670004D436519E8690833E35800280FD02822A4
:10B680004A439B18196AF8F7EBFD0A1E07D10B0015
:10B69000E9612000310000F007FF0020F8BD85239C
:10B6A00000229B00FA50F8E7AE23F7B59B00C6587E
:10B6B0006B466A460D00591D002304000B70D380B1
:10B6C0002B78901D1F0060221740134226D0202F98
:10B6D0003FD1EA886878002A19D05BB2002B0BDAD8
:10B6E000AF239B00E35831009B6898473100EA88FC
:10B6F000200000F0A0FC08E080239B00F054184BD1
:10B7000031002000F25400F0ACFC0020FEBDAF235D
:10B710009B00E35829009B689847F6E76B780A2B53
:10B720000BD00B2B10D0002B13D1A7239B00E35C75
:10B73000032B0ED102220100DAE7A7239B00E35C72
:10B74000032B06D10122D3E7A7239B00E35C032B45
:10B75000DBD02000290000F047FC0220D6E7C046DD
:10B760000102000070B504000025812100F065FE93
:10B7700001212000E56200F060FE2300AE26FC33CC
:10B780001D6782212000B60000F057FEA3592564F2
:10B79000AB4208D0AF239B00E3585B689847A059A1
:10B7A00000F0A0FEA551002070BD70B5037C040020
:10B7B000002B3AD1802381219B00022200F031FE30
:10B7C00001218023E1629B000222200000F029FE7B
:10B7D00023000126FC33032282211E672000082358
:10B7E00000F01FFE87202664800000F077FEAE2365
:10B7F0009B000500E0503000002D15D00433E358C5
:10B800001B689847852200239200AB500432AB504E
:10B81000237C143A002B11D180239B00310020009F
:10B82000AA5800F04AFE002070BD40238121022268
:10B8300000F0F7FD01214023E162C5E74023EDE779
:10B8400003000220002903D0AF220020920099506B
:10B850007047AE239B00C35882208000195084217A
:10B86000890000205A507047AE239B00C258B43B59
:10B870000020D1507047AE239B00C25810B5022360
:10B88000002A12D0852189005458013B002C0CD18C
:10B89000535084239B00D3580C3952588839036382
:10B8A000FF399BB200F000FE2300180010BDAE234C
:10B8B0009B00C25810B50223002A0BD081239B00A5
:10B8C000D258037C002B07D180239B00012100F07C
:10B8D000F4FD0023180010BD4023F7E7022310B544
:10B8E000002813D0AD239B00C458002C01D00024A5
:10B8F000C450002902D0AC239B00C150A7230121D2
:10B900009B00C154027000F043FD0023180010BDDD
:10B9100003000220002903D0AD220020920099509C
:10B92000704710B500F074FD002010BDAD239B00E2
:10B93000C25810B50223002A04D013689847431E4A
:10B9400098414300180010BDAD2310B59B00C358AB
:10B950005B689847002010BDAA239B0070B5C518EE
:10B960000400280000F02CFBA52301229B00E250DC
:10B97000114BE25A163BE2501033E15C1F230B409F
:10B98000012B09D0022B0CD0002B0FD12900200055
:10B9900000F01AF9002070BD2900200000F054FAD0
:10B9A000F8E72900200000F077FAF3E77F23200072
:10B9B000994300F04BFDEDE7AE02000070B50400C6
:10B9C000150000292ED1A5239B00C258032A23D19C
:10B9D00002005532FF32D368106983420BD91B1A1B
:10B9E000D36082B2984200D99AB22900200000F0B8
:10B9F00048FB002070BDAD239B00E3581B69002B62
:10BA000006D0A7229200A25C032A01D12000984709
:10BA1000200000F03EFBECE7052AEAD1C15000F01F
:10BA200015FDE6E7AD239B00C35802209B69002B60
:10BA3000E0D0A7229200A25C032ADBD12000984725
:10BA4000D7E7F8B50D0004001100002D4DD1A52356
:10BA50009B00C358022B3ED1036A466AB34211D9F8
:10BA60009B1B03629AB200F0F4FA2B002A00290013
:10BA7000200000F022FDA8239B00E25C012A31D0C7
:10BA80000020F8BDC76931003800F8F7E9FB0D1E4A
:10BA90000CD1BE420AD8A626B600A3599F4205D2B1
:10BAA0000A00200000F0D5FAA551DEE7AD239B0087
:10BAB000E358DB68002B06D0A7229200A25C032A81
:10BAC00001D1200098478021200000F0BFFC200019
:10BAD00000F0EBFACFE704229343CCD1802100F0B1
:10BAE000B5FCC8E70022E254CAE7AD239B00C35867
:10BAF00002205B69002BC4D0A7229200A25C032A1B
:10BB0000BFD1290020009847BAE7002270B5040091
:10BB10001100402300F085FC230001254026FC3362
:10BB20008021DD659E6600223300200000F079FC54
:10BB3000A72300219B00A5616662E554083BE15004
:10BB400010336160E1501433E3588B4205D0AD23CC
:10BB50009B00E35820005B689847002070BD01748B
:10BB600000207047A7239B00C15C034A8154042234
:10BB7000C25400207047C0469D020000A7239B00CE
:10BB8000C25C042A02D1024A825CC254002070477F
:10BB90009D020000A72310B59B00C35C032B06D1B8
:10BBA000AD239B00C358DB69002B00D098470020D1
:10BBB00010BD10B50400802100F048FC00212000D9
:10BBC00000F044FC10BD000060220B7873B51340F8
:10BBD0000D001900921820390400114205D0002BE5
:10BBE0000BD02000FFF7E5FF05E0AD239B00C35815
:10BBF00029009B689847002076BD68780928F0D80E
:10BC0000F8F79EFAEF000E01EFFF0601EFFF7D004F
:10BC10000A00EFFFD6009F0000236A46D3806B889E
:10BC2000180A01380628DCD8F8F776FA041726DB5C
:10BC3000DB404C00AC239B00E358207C1B686A4629
:10BC4000911D98476B46D988EA88002952D0002A6E
:10BC500045D1200000F01DFACDE7AD23227C9B00EA
:10BC6000E358002A06D19B6A6A46901D9847022332
:10BC70004370E7E7DB6AF7E7D8B20528B1D8AC2311
:10BC80009B00E358F8F752FA03080A0C0E105B68A1
:10BC9000002BA6D0207CD2E79B68F9E7DB68F7E7AA
:10BCA0001B69F5E75B69F3E79B69F1E7237C002BF0
:10BCB00000D096E7AD236A469B00E358901D5B6B6E
:10BCC0009847BFE7237C002B00D08AE7AD236A4664
:10BCD0009B00E358901D1B6B98470723C8E70B1C7C
:10BCE000914200D9131C69469AB2CB800100200012
:10BCF00000F0A1F9EB88002B00D07CE7A9E7AB8826
:10BD0000002B00D06DE7EB88002B00D069E76D8831
:10BD10007F2D00D965E7A726B600A35D032B00D1D0
:10BD20005FE7474BEDB2E5542900200000F0B3FB7C
:10BD3000200000F0AEF90223002D00D10123A3550D
:10BD400059E7A9783F4D2970012900D949E7A72370
:10BD50009B00E25C022A09D0032A15D02000FFF7DD
:10BD600028FF20002978FFF7EFFD44E7002900D1E4
:10BD70006FE7012103226160E2542000FFF7D6FD46
:10BD8000022800D065E72CE7002906D10222200016
:10BD9000E2546160FFF7D8FD5BE76168012900D1DB
:10BDA00057E7C9B22000FFF7CFFD29786160E4E7CB
:10BDB000EA88012A00D014E7A7239B00E35C022B4A
:10BDC00007D8002B00D10CE700232100A360083125
:10BDD00003E0211D032B00D003E7200000F02BF926
:10BDE00009E7A7239B00E35C013B022B00D9F8E69F
:10BDF000EB88022B00D0F4E6A9239B00E258012334
:10BE0000002A00D0023321000222E3600C31E4E773
:10BE10006B88012B00D0EEE6A9229200A35018E710
:10BE2000A7239B00E35C013B022B00D9D9E66B887A
:10BE3000012B00D0DFE6A92300229B00E25008E797
:10BE40009E020000080B002060230A7870B51340A2
:10BE500004000D00520601D5402B19D1A7239B00E9
:10BE6000E35C013B022B13D82B79012B10D8AD23B7
:10BE70009B00E35829009B6820009847EB88002B23
:10BE800004D1002802D1200000F003F9002070BD89
:10BE90002000FFF78EFEF9E770B5040060200B006C
:10BEA0008A88097801400D000018203D054205D020
:10BEB00000290CD02000FFF77CFE06E0AD229200A6
:10BEC000A2581900200092689047002070BD587851
:10BED000D1B2012838D0032820D00028EAD1A723E6
:10BEE0009B00E35C022B49D0032BE3D10F231425E5
:10BEF0000B406B43E318120650D59B69002BD9D039
:10BF00007F230B4001335D436519802951D0200008
:10BF100000F0AEFA002851D001234BE0A722920096
:10BF2000A25C022A20D0032AC4D15A88002A07D151
:10BF30004A0605D0DB88002B02D1200000F086FAEB
:10BF4000200000F0A6F8C0E7A7229200A25C022A17
:10BF50000AD0032AAED15B88002BB6D14B06EFD0B6
:10BF6000200000F07CFAEBE74B06A3D0200000F0A5
:10BF70006DFA8021200000F069FAA6E7490699D100
:10BF800021005531FF31120601D54139FF39002317
:10BF900002220B60200000F04EF896E7FC33DB6DC8
:10BFA000002B00D186E74D435535FF356519002933
:10BFB000ADD100232B6002222900EBE72860FAE7CD
:10BFC0000B7803704B784370CB788A781B0213434D
:10BFD00043804B790A791B0213438380CB798A799A
:10BFE0001B021343C380704710B50400802100F08A
:10BFF0002DFA0021200000F029FA10BD70B50400D0
:10C000000D00160000280DD0F8F77EF8C3B20133FA
:10C010005B0033802B70032300206B70013B217881
:10C02000002900D170BD5A1CE954D2B20233013448
:10C03000DBB2A854F3E71300A52210B50224920046
:10C0400084500A00C3610021036200F02DFA002031
:10C0500010BD10B513000A00002100F025FA0020E1
:10C0600010BD1300A52210B50324920084500200D5
:10C07000FC32136653660A00002100F01EFA00200D
:10C0800010BD10B513000A00002100F016FA0020C0
:10C0900010BDA52304229B0010B5C25000231A0036
:10C0A000190000F001FA002010BDA52305229B0015
:10C0B00010B5C25000231A00190000F0FEF900204C
:10C0C00010BD000010B5114C002220001049FFF7F0
:10C0D00005FC002801D0FCF79DF820000D49FFF772
:10C0E00017FC002801D0FCF795F820000A49FFF75B
:10C0F000A7FB002801D0FCF78DF82000FFF711FC0A
:10C10000002801D0FCF786F810BDC0460C0B0020BB
:10C110006C030020E4020020280300200020704768
:10C1200000207047002070470A00AE2110B5084C6F
:10C13000890003006058A43941580120002906D124
:10C1400019002000FFF785FB2000FFF794FB10BDCE
:10C150000C0B002073B50E4D04000E0001002800EA
:10C16000FFF782FB2800FFF7A2FB00236A46D3807B
:10C170006B4632682100074892B20633FBF7A6FDF2
:10C18000002803D06B46D988FFF7CEFF002076BD8C
:10C190000C0B002014050020122301480B8070476F
:10C1A00058030020042301480B80704754030020EB
:10C1B00070B5002652008A18050FECB22300373301
:10C1C000092D00D8073B0B704E70023100018A42E6
:10C1D000F2D170BD1A2310B50B800A4B18680A4BB8
:10C1E0001B68C01800280AD0084B08221C680849A0
:10C1F000FFF7DEFF042220000649FFF7D9FF0648BB
:10C2000010BDC046ACF7FF1FB4F7FF1FB0F7FF1F0C
:10C210003A0300204A0300203803002010B5044CE4
:10C220000A0021000348FFF7E9FE200010BDC046C8
:10C23000D00D002044D5000810B5044C0A002100A0
:10C240000348FFF7DBFE200010BDC046D00D0020E4
:10C250005AD5000810B5044C0A0021000348FFF726
:10C26000CDFE200010BDC046D00D002070D50008C6
:10C2700010B5044C0A0021000348FFF7BFFE200060
:10C2800010BDC046D00D00207BD50008002803D08B
:10C290000238431E984101307047000007B50B4B30
:10C2A00002689A4211D18021094B0904DA691F20E2
:10C2B0000A43DA610022DB690B4001931100019B04
:10C2C000FCF7FCFE1F20FCF723FF07BD005C0040CD
:10C2D00000100240A62310B59B00C1184033C0587F
:10C2E000FFF73AFB10BD28234B43C318FC339A6E6B
:10C2F000B62310B59B00C058FFF760FB10BD282384
:10C300004B43C3185A6AB62310B59B00C058FFF7B9
:10C3100098FB10BDB62310B59B00C058FFF73AFC40
:10C3200010BD70B543790400022B01D0FBF772FFFA
:10C33000B625AD0001216059FFF711FC6059FFF7E8
:10C34000E4FB70BDB62310B504009B00C058FFF796
:10C3500009FC637A002B04D00623024A11690B43BF
:10C36000136110BD00ED00E010B5437A0400002B0E
:10C3700006D00621054A13698B431361FBF7C2FE01
:10C38000B6239B00E058FFF7F9FB10BD00ED00E07D
:10C39000B62370B504001C489B00C4501B4BB0254D
:10C3A000036082239B0083800223C3710023AD00BE
:10C3B000605143724381FDF77FFA002801D0FBF7FB
:10C3C00029FF0022605911001823FEF7B4F86059C4
:10C3D000582300228021FEF7AEF86059C0230022C6
:10C3E0008121FEF7A8F888236059002201215B0013
:10C3F000FEF7A1F880236059002282215B00FEF73E
:10C400009AF8002070BDC046F0110020005C00408A
:10C41000B02310B59B00C058FDF79AFAFFF736FF1E
:10C4200010BD10B514001A002300B024A400005958
:10C43000FDF798FFFFF72AFF10BDB02310B59B0052
:10C44000C058FDF7BBFFFFF721FF10BDB02310B5AB
:10C450009B00C058FEF713F8FFF718FF10BDB0237C
:10C4600010B59B00C058FEF738F8FFF70FFF10BD5E
:10C47000B0239B00C35848B22822002805DA7F2049
:10C4800001404A439B18987C70474A439B1853339A
:10C49000FF331878F8E7B02310B59B00C058FDF7BC
:10C4A0006AFAFFF7F3FE10BD10B5B024A4000059DE
:10C4B000FDF7CDFFFFF7EAFE10BD10B5B024A400D4
:10C4C0000059FDF7A1FFFFF7E1FE10BDB02310B545
:10C4D0009B00C058FDF7B3FF10BD00000048704737
:10C4E000D00F00207047000010B5034B0100186802
:10C4F00000F026F810BDC0468803002070B50F4E2E
:10C500000D0031680400002902D100F0B1F830605C
:10C510002900200000F0ACF8431C03D101256D4236
:10C52000280070BD0323C51C9D43A842F8D0291ADA
:10C53000200000F09DF80130F2D1EFE7CC1400208C
:10C54000F7B50322CB1C9343083305001F000C2BC7
:10C5500034D20C27B94233D8280000F071F8374E96
:10C5600033681C00002C2FD139002800FFF7C6FFCC
:10C570000400431C5FD134680094009B002B4AD117
:10C58000002C52D023682800E3180099019300F092
:10C590006FF8019B834248D123682800FF1A3900B5
:10C5A000FFF7ACFF013040D02368DB19236033680C
:10C5B0005A68002A33D1009B336019E0002BC9DA96
:10C5C0000C232B600020FEBD2168C91B20D40B2941
:10C5D0000AD9E2192760A34204D13260636811606E
:10C5E000536005E05A60F9E76268A3420ED13260F9
:10C5F000280000F02DF8200007220B30231D904367
:10C60000C21A9842DFD01B1AA350DCE75A60EFE74A
:10C6100023006468A6E7009C63680093ADE71A00F6
:10C620005B68A342FBD10023DAE70C2328002B60D0
:10C6300000F00EF8C6E70760DAE7C046D014002025
:10C6400010B5024800F050F810BDC046101600208A
:10C6500010B5024800F049F810BDC0461016002081
:10C6600003008218934200D1704719700133F9E733
:10C67000002370B5064D040008002B60FBF75EFE3A
:10C68000431C03D12B68002B00D0236070BDC04633
:10C690000C160020014B18687047C0468803002024
:10C6A00070B500260C4C0D4D641BA410A64209D198
:10C6B000002600F025F80A4C0A4D641BA410A6427F
:10C6C00005D170BDB300EB5898470136EEE7B300D3
:10C6D000EB5898470136F2E790D5000890D500084E
:10C6E00094D5000890D5000870477047002310B516
:10C6F0009A4200D110BDCC5CC4540133F8E700006D
:10C70000F8B5C046F8BC08BC9E467047F8B5C046B0
:08C71000F8BC08BC9E4670470E
:10C718008C4600084A4500082845000814450008CA
:10C72800284500082E46000828450008144500083A
:10C738004A4500084A4500082E46000814450008E6
:10C748000C4500080C4500080C4500085046000838
:10C75800E803C80050FE0200956C0008E803C80012
:10C7680052FE0200C56C0008E803C800F7FE02008C
:10C77800E56C000800006405DC05B0040101000058
:10C78800D170000801000000FF7F01800000000058
:10C79800000000000200F40158020000010100003E
:10C7A8007D71000803000000FF7F0000000000000A
:10C7B800000000000400AA05DC05B0040101000027
:10C7C800A572000805000000007D000001010000BE
:10C7D8000000000006001027FF7F00000101000094
:10C7E8000000000007000000FF7F000001000000BB
:10C7F8000000000008000000FF7F000001000000AA
:10C808000000000009000000FF7F00000100000098
:10C81800000000000A0000000A00000001000000FB
:10C82800000000000B0000000100000001000000F3
:10C83800000000000C0001000100000001010000E0
:10C84800000000000D0000000100000001010000D0
:10C85800000000000E0000000100000001010000BF
:10C86800000000000F000300640000000101000048
:10C87800000000001000000001000000040100009A
:10C888000000000011000000E8030000040100009F
:10C89800000000001200E80310270000010100005A
:10C8A8000000000013006400C800410004010000FB
:10C8B8000000000014000000000400000101000056
:10C8C80000000000150000008813000000000000B0
:10C8D800000000001600000088130000000000009F
:10C8E8000000000018000000F6090AF60000000029
:10C8F8000000000019000000FF0001FF0000000018
:10C90800000000001A000000FF0001FF0000000006
:10C91800000000001B000000881378EC00000000F5
:10C92800000000001C0000000100000000000000E2
:10C93800000000001D000000007D00000100000054
:10C94800097000081E000000FF7F000001000000C1
:10C95800000000001F000000FF7F008000000000B2
:10C968000000000020000000FF7F008000000000A1
:10C978000000000021000000FF0F00000000000080
:10C988000000000022000000FF0F0000000000006F
:10C998000000000023000000FF0F0000000000005E
:10C9A8000000000024000000FF0F0000000000004D
:10C9B8000000000025000000FF0F0000000000003C
:10C9C8000000000026000000FF0F0000000000002B
:10C9D8000000000027000000FF0F0000000000001A
:10C9E8000000000028000000FF0F00000000000009
:10C9F8000000000029000000010000000400000001
:10CA0800D97300082A000000C012000001010000CC
:10CA18000D7200082B00E803C0120000010100009D
:10CA2800557200082C000000010000000101000000
:10CA3800000000002D0000000100000001000000BF
:10CA48009D7200082E000000010000000100000097
:10CA5800197400082F000000010000000100000008
:10CA68002973000830000000FF7F018001000000EA
:10CA78006173000831000200050000000100000099
:10CA88008573000832000000FF7F0080010000006D
:10CA98009573000833000100010000000101000047
:10CAA8000000000034000100FF0000000401000045
:10CAB8008174000835000000FF0000000401000038
:10CAC8006974000836000000010000000100000041
:10CAD8000000000037000000010000000100000015
:10CAE8000000000038000000000400FC0201000003
:10CAF800297500083900170700100000020100001E
:10CB0800997400083A000B001000000002000000B1
:10CB1800B97500083B000000000400FC0201000099
:10CB2800417500083C00E309001000F00201000014
:10CB3800B17400083D000C00100000000200000065
:10CB4800D17500083E000000000400FC020100004E
:10CB5800717500083F000000001000F0020100009D
:10CB6800E174000840000A00100000000200000004
:10CB7800017600084100C012002000E00201000018
:10CB8800897500084200FFFF000400FC0201000054
:10CB9800F9740008430005001000000002000000BE
:10CBA8001976000844000000000400FC020100009F
:10CBB800597500084500F401000400FC020100005A
:10CBC800C9740008460008001000000002000000B8
:10CBD800E97500084700E802001000F002010000B3
:10CBE800A175000848003800000400FC020100009C
:10CBF800117500084900060010000000020000003E
:10CC0800317600085B000000FF7F01800000000013
:10CC1800000000005C000000FF7F018000000000B1
:10CC2800000000005D000000FF7F018000000000A0
:10CC3800000000005E000000FF7F0180000000008F
:10CC4800000000005F000000FF7F0180000000007E
:10CC58000000000060000000FF7F0180000000006D
:10CC68000000000061000000FF7F0180000000005C
:10CC78000000000062000000FF7F0180000000004B
:10CC88000000000063000000FF7F0180000000003A
:10CC98000000000064000000FF7F01800000000029
:10CCA8000000000065000000FF7F01800000000018
:10CCB8000000000066000000FF7F01800000000007
:10CCC8000000000067000000FF7F018000000000F6
:10CCD8000000000068000000FF7F018000000000E5
:10CCE8000000000069000000FF7F018000000000D4
:10CCF800000000006A000000FF7F018000000000C3
:10CD0800000000006B000000FF7F018000000000B1
:10CD1800000000006C000000FF7F018000000000A0
:10CD2800000000006D000000FF7F0180000000008F
:10CD3800000000006E000000FF7F0180000000007E
:10CD4800000000006F000000FF7F0180000000006D
:10CD58000000000070000000FF7F0180000000005C
:10CD68000000000071000000FF7F0180000000004B
:10CD78000000000072000000FF7F0180000000003A
:10CD88000000000073000000FF7F01800000000029
:10CD98000000000074000000FF7F01800000000018
:10CDA8000000000075000000FF7F01800000000007
:10CDB8000000000076000000FF7F018000000000F6
:10CDC8000000000077000000FF7F018000000000E5
:10CDD8000000000078000000FF7F018000000000D4
:10CDE8000000000079000000FF7F018000000000C3
:10CDF800000000007A000000FF7F018000000000B2
:10CE0800000000007B000000FF7F018000000000A0
:10CE1800000000007C000000FF7F0180000000008F
:10CE2800000000007D000000FF7F0180000000007E
:10CE3800000000007E000000FF7F0180000000006D
:10CE4800000000007F000000FF7F0180000000005C
:10CE58000000000080000000FF7F0180000000004B
:10CE68000000000081000000FF7F0180000000003A
:10CE78000000000082000000FF7F01800000000029
:10CE880000000000C4260100FF7F018004000000AC
:10CE980000000000C3260200FF7F0180040000009C
:10CEA80000000000C2260300FF7F0180040000008C
:10CEB80000000000C1260400FF7F0180040000007C
:10CEC80000000000C0260500FF7F0180040000006C
:10CED80000000000CE260100FF7F01800400000052
:10CEE80000000000CD260200FF7F01800400000042
:10CEF80000000000CC260300FF7F01800400000032
:10CF080000000000CB260400FF7F01800400000021
:10CF180000000000CA260500FF7F01800400000011
:10CF280000000000C9260600FF7F01800400000001
:10CF380000000000C8260700FF7F018004000000F1
:10CF480000000000C7260800FF7F018004000000E1
:10CF580000000000C6260900FF7F018004000000D1
:10CF680000000000C5260A00FF7F018004000000C1
:10CF780000000000CF261027007D000004000000FC
:10CF880000000000D0260000007D00000400000022
:10CF980000000000D1260000007D00000400000011
:10CFA80000000000D2260000007D00000400000000
:10CFB80000000000D3260000007D000004000000EF
:10CFC80000000000D526000000000F270500000023
:10CFD80049760008D626000000000F27050000004B
:10CFE8007D760008D726000000000F270101000009
:10CFF80075770008D826000000000F2702010000FE
:10D0080077770008D926000000000F2703010000E9
:10D0180079770008DA26000000000F2704010000D5
:10D028007B770008DB2600000000010001000000FB
:10D038007D770008DF260000FF7F018004000000E4
:10D0480000000000E0260000FF7F018004000000CF
:10D0580000000000E1260000FF7F018004000000BE
:10D0680000000000E2260000FF7F018004000000AD
:10D0780000000000E3260000FF7F0180040000009C
:10D0880000000000E4260000FF7F0180040000008B
:10D0980000000000E5260000FF7F0180040000007A
:10D0A80000000000E6260000FF7F01800400000069
:10D0B80000000000E7260000FF7F01800500000057
:10D0C80081770008E8260000FF7F01800500000046
:10D0D80081770008E9260000FF7F01800500000035
:10D0E80081770008EA260000FF7F01800500000024
:10D0F80081770008EB260000FF7F01800400000014
:10D1080000000000EC260000FF7F01800400000002
:10D1180000000000ED26AA55FF7F018004000000F2
:10D1280000000000EE2655AAFF7F018004000000E1
:10D1380000000000EF260000FF7F018005000000CE
:10D14800C9760008F0260000FF7F01800500000076
:10D15800C9760008F126BB66FF7F01800400000045
:10D1680000000000F22666BBFF7F0180040000007B
:10D1780000000000F3260000020000000400000088
:10D1880000000000F4260000FF7F0180040000007A
:10D1980000000000F5260000FF7F01800400000069
:10D1A80000000000F6260000FF7F01800400000058
:10D1B80000000000F7260000FF7F01800400000047
:10D1C80000000000F8260000FF7F01800400000036
:10D1D80000000000F9260000FF7F01800400000025
:10D1E80000000000FA260000FF7F01800400000014
:10D1F80000000000FB260000FF7F01800400000003
:10D2080000000000FC260000FF7F018004000000F1
:10D2180000000000FD260000FF7F018004000000E0
:10D2280000000000FE260000FF7F018004000000CF
:10D2380000000000FF260000FF7F018004000000BE
:10D248000000000000270000FF7F018004000000AC
:10D258000000000001270000FF7F0180040000009B
:10D268000000000002270000FF7F0180040000008A
:10D278000000000003270000FF7F01800400000079
:10D288000000000004270000FF7F01800400000068
:10D298000000000005274442FF7F018004000000D1
:10D2A8000000000006274332FF7F018004000000D1
:10D2B8000000000007270000FF7F01800400000035
:10D2C8000000000008270000FF7F01800400000024
:10D2D8000000000009270000FF7F01800400000013
:10D2E800000000000A270000FF7F01800400000002
:10D2F800000000000B270000FF7F018004000000F1
:10D30800000000000C270000FF7F018004000000DF
:10D31800000000000D270000FF7F018004000000CE
:10D32800000000000E270000FF7F018004000000BD
:10D33800000000000000C1C081C1400101C3C0035A
:10D34800800241C201C6C006800741C70005C1C5A9
:10D3580081C4400401CCC00C800D41CD000FC1CF69
:10D3680081CE400E000AC1CA81CB400B01C9C00959
:10D37800800841C801D8C018801941D9001BC1DBF9
:10D3880081DA401A001EC1DE81DF401F01DDC01DA9
:10D39800801C41DC0014C1D481D5401501D7C017C9
:10D3A800801641D601D2C012801341D30011C1D1D9
:10D3B80081D0401001F0C030803141F10033C1F319
:10D3C80081F240320036C1F681F7403701F5C035A9
:10D3D800803441F4003CC1FC81FD403D01FFC03F69
:10D3E800803E41FE01FAC03A803B41FB0039C1F959
:10D3F80081F840380028C1E881E9402901EBC02BB9
:10D40800802A41EA01EEC02E802F41EF002DC1EDA8
:10D4180081EC402C01E4C024802541E50027C1E7C8
:10D4280081E640260022C1E281E3402301E1C021D8
:10D43800802041E001A0C060806141A10063C1A3D8
:10D4480081A240620066C1A681A7406701A5C065A8
:10D45800806441A4006CC1AC81AD406D01AFC06F68
:10D46800806E41AE01AAC06A806B41AB0069C1A958
:10D4780081A840680078C1B881B9407901BBC07BF8
:10D48800807A41BA01BEC07E807F41BF007DC1BDA8
:10D4980081BC407C01B4C074807541B50077C1B7C8
:10D4A80081B640760072C1B281B3407301B1C071D8
:10D4B800807041B00050C190819140510193C05398
:10D4C800805241920196C056805741970055C195A8
:10D4D80081944054019CC05C805D419D005FC19F68
:10D4E800819E405E005AC19A819B405B0199C05958
:10D4F800805841980188C04880494189004BC18BB8
:10D50800818A404A004EC18E818F404F018DC04DA7
:10D51800804C418C0044C184818540450187C047C7
:10D52800804641860182C042804341830041C181D7
:10D53800818040400000000001020304454E2D4B4D
:10D548004F20436F6E74726F6C2053797374656DDE
:10D55800730053544D3332205669727475616C20D0
:10D56800436F6D506F72740043444320436F6E667F
:10D5780069670043444320496E7465726661636558
:04D58800000000009F
:04D58C00454E4B4F6E
:04D59000E940000866
:04D59400C14000088A
:10D59800E8030000E80300000100000000127A0020
:10D5A800010000000400000009074300020104C054
:10D5B80032090400000102020100052400100105DF
:10D5C8002401000104240202052406000107058243
:10D5D8000308001009040100020A00000007050101
:10D5E80002400000070581024000000009024300D4
:10D5F800020100C0320904000001020201000524F2
:10D60800001001052401000104240202052406007B
:10D61800010705820308001009040100020A00003E
:10D6280000070501024000000705810240000000D4
:10D6380009024300020100C032090400000102028D
:10D648000100052400100105240100010424020240
:10D6580005240600010705820308001009040100DB
:10D66800020A000000070501020002000705810206
:10D6780000020000ABB7000865B70008A9B60008AB
:10D6880000000000C5B500085DB6000829B600080E
:10D6980000000000000000000000000005B60008BF
:10D6A800F9B5000811B600081DB600080A06000200
:10D6B80000000040010000001DC1000825C100084D
:10D6C80021C1000855C100081A030000000000002D
:10D6D8000000000000000000000000000000000042
:10D6E80000000000040309041201000202020040C5
:10D6F80083044057000201020301000099C1000899
:10D70800A5C100081DC2000839C20008D5C100081B
:10D7180055C2000871C200088C03002000000000F8
:10D72800D41400203C150020A4150020000000009F
:10D7380000000000000000000000000000000000E1
:10D7480000000000000000000000000000000000D1
:10D7580000000000000000000000000000000000C1
:08D768000000000000000000B9
:04EFFC00454E4B4FE4
:020000042000DA
:1000000000000000000000000000000000000000F0
:1000100000000000000000000000000000000000E0
:1000200000000000000000000000000000000000D0
:1000300000000000000000000000000000000000C0
:1000400000000000000000000000000000000000B0
:1000500000000000000000000000000000000000A0
:100060000000000000000000000000000000000090
:100070000000000000000000000000000000000080
:100080000000000000000000000000000000000070
:100090000000000000000000000000000000000060
:1000A0000000000000000000000000000000000050
:1000B0000000000000000000000000000000000040
:0800C000000000000000000038
:04000005080084F972
:00000001FF
