:020000040800F2
:2000000000400020AD030008790300087B03000800000000000000000000000000000000BE
:200020000000000000000000000000007D03000800000000000000007F0300088103000822
:20004000FD030008FD030008FD030008FD030008FD030008FD030008FD030008FD03000860
:20006000FD030008FD030008FD030008FD030008FD030008FD030008FD030008FD03000840
:20008000FD030008FD030008FD030008FD030008FD030008FD030008FD030008FD03000820
:2000A000FD030008FD030008FD030008FD03000889030008FD030008FD03000899030008D8
:2000C00010B5064C2378002B07D1054B002B02D0044800E000BF0123237010BD90030020FC
:2000E00000000000B83B0008044B10B5002B03D00349044800E000BF10BDC04600000000E9
:2001000094030020B83B000802B4714649084900095C49008E4402BC7047C04603B47146BD
:20012000490840004900095A49008E4403BC7047002243088B4274D303098B425FD3030A58
:200140008B4244D3030B8B4228D3030C8B420DD3FF22090212BA030C8B4202D31212090251
:2001600065D0030B8B4219D300E0090AC30B8B4201D3CB03C01A5241830B8B4201D38B0329
:20018000C01A5241430B8B4201D34B03C01A5241030B8B4201D30B03C01A5241C30A8B4284
:2001A00001D3CB02C01A5241830A8B4201D38B02C01A5241430A8B4201D34B02C01A524161
:2001C000030A8B4201D30B02C01A5241CDD2C3098B4201D3CB01C01A524183098B4201D385
:2001E0008B01C01A524143098B4201D34B01C01A524103098B4201D30B01C01A5241C3086F
:200200008B4201D3CB00C01A524183088B4201D38B00C01A524143088B4201D34B00C01AD0
:200220005241411A00D20146524110467047FFE701B5002000F006F802BDC0460029F7D0B8
:2002400076E770477047C046D0400B00D1409C46203AD340184352426346934018437047D5
:2002600001221C4910B50B68934313430B600B681342FCD08023184C5B02626B1343636346
:2002800080239B02626B1A42FCD0F0226368934363606368114A1340032263606368134331
:2002A00063600932636813400C2BFBD10C4802F0CFF9032000F0B6F8002801D072B6FEE74A
:2002C000236B084A134080222363236B9343236310BDC0460020024000100240FFF8FFFF5D
:2002E000006CDC02FFFFFCFF00B589B000F0BEF8FFF7B6FF1022002104A803F055FC802099
:200300000E4B800259690143596180215A69C90202400192019A5A6909480A435A615B69C3
:200320000B400093009B202302A9836202931F3B039301F090FC02F0EBFAFEE70010024061
:200340000004004872B6FEE701200A4B82B099690143996180219A69490502400092009AFC
:20036000DA690A43DA61DB690B400193019B02B07047C04600100240FEE7FEE770477047FA
:2003800010B500F083F810BD10B5024801F004FB10BDC046AC03002010B5024800F056FC6E
:2003A00010BDC04608150020704700000D4885460D480E490E4A002302E0D458C4500433D6
:2003C000C4188C42F9D30B4A0B4C002301E013600432A242FBD3FFF7E7FF03F0C1FBFFF71B
:2003E00083FFFEE700400020000200208C030020203C0008900300201C1A0020FEE770475C
:20040000012210B50024064B52421A611C61DA60DC609A629C62FFF7F2FF200010BDC046A9
:200420000010024070B50500FA200D4B80001978FFF77EFE0B4B01001868FFF779FE00F017
:200440008FF804000120002C09D1032D07D802382200290000F03EF82000034B1D6070BD18
:200460000402002000020020080200201023064A10B5116803200B431360FFF7D3FFFFF7A7
:2004800063FF002010BDC04600200240034A044B11681B785B1813607047C0463404002002
:2004A00004020020014B18687047C0463404002070B50400FFF7F6FF0500631C02D0044B7C
:2004C0001B78E418FFF7EEFF401BA042FAD370BD0402002030B5FF2503242A000440E400CB
:2004E000A24089012940D243A140C3B200280ADBC0240B4B80088000C018A40003591A403B
:200500001143015130BD0F200340083B05489B089B001B18D86902401143D961F2E7C046E5
:2005200000E100E000ED00E0002805DB1F2318401E3B8340014A13607047C04600E100E033
:20054000002809DB1F2318401E3B8340034AD367BFF34F8FBFF36F8F7047C04604E100E090
:200560008022431E5204012093420DD2C021074A07485360036A09061B021B0A0B430362A8
:2005800000200723906013607047C04610E000E000ED00E030B5851CEB7F441C022B05D002
:2005A0000423836300230120E37730BD0E2103681A688A431A600122196891431960016CE2
:2005C000C36B1000884058600020EA77E077ECE770B5841CE37F022B04D004238363033B3F
:2005E000180070BD0E210368056C1A688A431A6001221968914319601100A940C36B596010
:20060000E27700248318DC77426B1300A242E7D090472300E4E700000C4A1021D06830B5AB
:2006200003000B40084205D002230948C4692343C3610B000420D168014205D00121044C2E
:200640000343E5692943E161D36030BD0020024038040020064B00201A69120606D5054A44
:200660005A60054A5A6018690006C00F7047C0460020024023016745AB89EFCD8023034A92
:20068000002011690B4313617047C0460020024070B50400FFF706FF01260500104BDA68F2
:2006A000324211D12022D968114200D0DA60D968102208001040114202D1DB685B0708D591
:2006C000FFF7AAFF012004E0621CE8D0002C01D1032070BDFFF7E6FE401BA042DED9F7E746
:2006E00000200240F0B585B003931C4B019102921A7E04000220012A2ED0012218481A76A1
:20070000FFF7C6FF002824D12600012C02D0022C00D004260024029803992201FFF794FDB0
:20072000002201270D4B0F4DDA612B69019A3B432B6163009B1880B218800948FFF7A8FF79
:200740002B69BB432B61002803D1E419E3B29E42E1D80022014B1A7605B0F0BD3804002098
:2007600050C30000002002400022064BDA61064B043219690A431A61402219690A431A61D9
:200780007047C04638040020002002400022064BDA61064B023219690A431A614022586146
:2007A00019690A431A6170473804002000200240F8B5214F04003B7E0E000220012B0CD068
:2007C00001233B7623681D48012B12D1FFF760FF002803D0012000233B76F8BDFFF7C4FF92
:2007E0001648FFF755FF0421154A13698B431361F1E7FFF74DFF0028ECD101235B423360BC
:2008000065680130A3686268DB029B18AB42E2D92800FFF7BBFF0948FFF73AFF0221084A00
:2008200013698B431361002801D03560D3E780231B01ED18E6E7C0463804002050C30000AC
:20084000002002405A4AF0B58218541EA241002389B0043203910592039A12681400DC40FA
:2008600001D109B0F0BD01210D0014009D402C408C4602942A4200D198E00324039A5E0075
:20088000526801922240B440E143541E049164452AD887680F400399CC680199B4403C43C4
:2008A00084604468AC4325000C0961460C409C402C434460C56804990D4003998C68B44002
:2008C0002C43C460022A11D107250F211D40AD00A940DC08A4000419276A8F430399096912
:2008E000A9400F43276201E0032AE3D1B2400468049921400A430260C02201999202114204
:2009000054D001262B4A032794691D003443946192699C0832400792079A274AA400A4184B
:20092000A2683D4094460F22AD00AA40614691439022D2059446002260450DD01F4A9446C9
:200940003200604508D01E4E9218B04204D01D4E3A00B04200D0059AAA400A430299A26032
:200960000D00194ACC43966801993543C90201D4350025409560D668029D0199354389023F
:2009800001D435002540D5605668029D01993543890301D43500254055601568029E0199DD
:2009A0002E43C90301D425402E001660013353E700F0FFB700100240000001400004004829
:2009C00000080048000C004800040140F0B5364A85B082180191511E8A4100230432039280
:2009E000019ADA4001D105B0F0BD01273A009A40019C009214400099019A0A4251D02B493A
:200A00009A089200521891681D000E0003210D40AD000C31A940029131400E009021C9053F
:200A20008C46002160450DD021498C463900604508D0204F4918B84204D01F4F0131B84217
:200A400000D00399A940B14210D11C490D68A5430D604D68A5434D60CD68A543CD608D68B5
:200A6000A5438D609168029CA143916003215C00A14007240F261C40A400A6400268009C88
:200A80008A430260DA0892008218156AB5431562C2688A43C2604268A243426082688A432A
:200AA000826001339CE7C04600F0FFB7000001400004004800080048000C0048000401407B
:200AC000002A01D0816170478162FCE7426913000B401B049143194381617047F0B5040022
:200AE000012587B0002832D0304D435DDAB2002B04D1AA239B00C25402F0E2FE0323635598
:200B0000206801F003F90023012719006068834220D3002228261100904233D823006A464B
:200B2000103343CB43C203CB03C2A268E3686168206801F0F5F80023621DD3770122625582
:200B40001D00E369934202D1200000F071FE280007B0F0BD29262822B4465A43A2189444B7
:200B6000664637702826B4469444664633702B26B4469444664601333170DBB29163D1635A
:200B80001164C4E733005343E3181F006A37FF373970013F3A70F97081336C3FF967FF338E
:200BA000803701323960D2B21960B5E7A902000070B5041E02D10125280070BD0323064E5F
:200BC0008355006801F0A8FA051EF4D1200002F093FEA555F0E7C046A902000070B5AA2541
:200BE000AD00435D04000220012B09D001236355206801F081F8206801F09EFA00206055C9
:200C000070BD70B5AA25AD00435D04000220012B09D001236355206801F078F8206801F0FD
:200C200093FA0020605570BD70B5AA25AD00435D04000220012B08D001236355631DD9770E
:200C4000206801F072FA0020605570BDF0B5040085B0006801F07FFA802305001B021D40DB
:200C6000184201D100F021FC2068821DD38F1BB2002B01DB05B0F0BD0F21D38F19400191FF
:200C80000F219AB20B4200D0C4E01023110019401A422AD10388B94A134080221202134336
:200CA0000380030050331A88230028331B78DB00C3189B18B24A20009B181B88E26B9B05B0
:200CC0009B0D6364D318E36302F040FE631DDA7F002AC9D0206C0028C6D18022D97F11430F
:200CE00022684C321180D877BEE7028880211600090193B20E400A4222D003005033198824
:200D0000B4235B00E35C9F4ADB00C3185B189B182200AC211B8869329B059B0DFF3289006E
:200D2000D3616118D28801F077FC22689649138820000B4080210B43138002F0F1FD93E7FD
:200D40001BB2002B00DB8FE703888F4A25001340802213430380030050331988B4235B009A
:200D6000E35C884ADB00C3185B189B181B8869359B059B0DFF35EB61002B0DD0696900297A
:200D80000AD0EA8801F048FC6B69EA6931009B1820006B6102F0CDFD21680A8893B21205A8
:200DA00000D561E7C02292011340934200D15BE70B00744A50331B888A18D3181A889205B1
:200DC000920D1A802A693E2A0CD91F2550092A4055426A41801A1A88800210436B4A0243A6
:200DE00092B205E0002A0ED180201A88000202431A800B88664A1A40C0239B015340654A40
:200E000013430B8030E7012550082A40801880021A88E4E7019B9F00C219138899B21BB2A2
:200E20000291002B00DBF7E0138857490B4080210B4313802823019A5343E3181A001D008C
:200E40007532FF3212786935FF35002A1AD10200503211882A78D20052184A491218521827
:200E600012889205950D002A00D1B4E01A006F327D33FF331900FF322B001288096801F002
:200E8000CBFBA8E019006C31FF3109782A78022900D085E08026F601B4466546029E813305
:200EA0002E4003960600503600966646029DFF331968354230D0009D2E88D5007619304D60
:200EC000361876193588AD05AD0D8D420DD900211960910041180B882D4E1E4080239B0128
:200EE00073402C4E33430B8002E0491B1960F0D0029B5B0607D592008218138826490B40EA
:200F000026490B431380002D65D02823019A5343E3181A007132ABE7009D2E88D5007619A2
:200F2000184D361876193588AD05AD0D8D420DD903991960910041180B88154E1E4080239B
:200F40009B017340134E33430B8002E0491B1960F0D0029B5B0607D49200821813880E496A
:200F60000B400E490B431380002D34D02823019A5343E3181A0073327AE7C0460F8FFFFF84
:200F800002040000060400008F0F00000080FFFF8FBFFFFF808000008F8FFFFFC08000007D
:200FA000920082181688C8493140C84E314311802A78910041180D88010050310988D200C4
:200FC000521812186D0463D5C149521812889205950D002A9DD128230199594362181600E4
:200FE0008536FF363068083E4019B06030684019306010008130FF300068002803D0FC32B8
:20100000D26F95424CD2019A20005343E3186933FF33197802F08DFC8022029B134200D10F
:2010200022E62068AB49C2191388019D0B40AA490B439BB2138028235D4365192A002B32BC
:201040001178EA1801295AD1002329002B6434310978994237D04021029E029F0E402935BF
:201060000F4235D02978994221D10300503319881378974DDB0040194018181803889649F0
:201080009B059B0D038003880B439BB203801AE09249521812889205950D002A9BD069E7E5
:2010A0006931FF312068611801F06EF8B4E7012909D10100864E50310D8811788019C90099
:2010C000401909180B801178200002F03FFCCBE52B78002B06D103005033198813787F4D62
:2010E000DB00C8E7012BEED103007C4D5033198813784019DB0040181B181E80E3E712784F
:20110000029F0392D20000928022029952002E6C174011421ED10200503212880099821822
:2011200052186B49521812889205920DB24202D303992F64C8E7E96BB61A8918E963696CCA
:201140002E648A1801996A6401315943611801F01BF889E540220300029F029917405033BF
:20116000114200D1DFE05A491A8847180099BA18525A9205920D94460022B44501D262462B
:20118000B21A282601994E43A619326480260299F60131400E00002A4AD129218C46AC44AD
:2011A0006146097800292ED11A884B49BF18009ABF183A889205920D3A803A880A4392B25C
:2011C0003A80464A1B888018C018009BC01803889B059B0D038003880B439BB20380200020
:2011E000039902F0B3FB002E00D1DBE02B0028331A78236892009A18138833490B4038492F
:201200000B431380CEE00B000129E8D14F339C46844463461B880099FB185B181A80634677
:201220002E491B884018C018009BC0180280D6E7002908D0039B990041180A88224B1340CF
:20124000274A13430B802823019A5343E3181E004C363278012A00D0A4E0DA6B996C62440C
:201260000292DA635A6C62445A649A6B914221D3891A99642B002933197893B2002948D168
:201280000100503109887F1800997F1839888905890D39803E2A25D91F26510932405642C7
:2012A0007241891A3A88890211430B4A114389B239801EE0002902D162463170DAE7002274
:2012C00032709A640A00D5E78F8FFFFFC0800000020400000F8FFFFF0080FFFF0604000022
:2012E00080C00000002A0DD13A88BA490A4392B23A802821019A514361180A8E029900F082
:201300002EFF4FE0012651083240891889023A88CCE70129EDD1020050321288BF18009A67
:20132000BF183B80E5E7AC491A888C46009984446244525A9205920DB24200D8B71A282612
:2013400001994E43A619376480260299F60131400E00002F40D12A0029321278002A2BD1DC
:201360009E491A8840188018009A9A49801802889205920D028002880A4392B202801B885D
:20138000009A63449B181A889205920D1A801A880A4392B21A802000039902F0D7FA002E6D
:2013A00000D123E7283529782368890059180B888B4A1A40302321E5012AECD103008749F9
:2013C00050331A8840188018009A801807801B8863449B181F80DEE7002908D1039B9900A5
:2013E00041180E887F4B33407F4E33430B80282301994B43E3181F004C3739780129D1D166
:20140000D96B9E6C89180291D963596C89185964996B8E4221D3761A9E642B0029331A7878
:201420008BB2002A37D1020050321288009E624492191688B605B60D16803E2917D91F27E1
:201440004E0939404F427941761A1188B6020E4360490E43B6B2168010E0002E02D1110045
:201460003E70DAE7002231009A643A70D5E700290AD11188574E314389B211802821019AE0
:20148000514361184A8E39E701274E0839407618B6021188DDE7012AF0D1020050321288A3
:2014A0000099624452181380E8E743050ED523684E490633DA8F20000A40DA8702F058FA23
:2014C00029002000FFF7B0FBFFF7D4FB430407D5236847490633DA8F0A40DA87FFF7CAFB17
:2014E000802301009B011940184204D0236841490633DA8FF0E7C3041AD5042023680233FD
:20150000DA8F8243DA87DA8F00188243DA87B8239B00E25C012A03D12000E15400F09CF908
:20152000200002F049FA236833490633DA8FD3E7030513D5082123689A1CD08F06330143BD
:20154000D187D98F2D480140D9870423D18F0B43D387200002F01EFAFFF78CFB80252842D0
:2015600021D0B82023688000991DCA8FAA43CA87225C002AEDD1991CCD8F04322A43CA87DF
:201580000822CD8F54332A43CA8701213C2221541B8820009B081340B9229200A35000F082
:2015A0005BF9FFF767FB83050AD5236814490633DA8F20000A40DA8702F0D3F9FFF75AFBBA
:2015C000C30501D4FFF756FB23680E490633DA8F82E7C0460080FFFF0604000002040000A6
:2015E000BF8FFFFF8F8FFFFF80C00000FFFBFFFFFFBFFFFFFFDFFFFFFFEFFFFFFFF7FFFFD3
:20160000FFFDFFFFFFFEFFFF70B505000720084049B2282400291ADA2100461C714301267A
:2016200069184E7008700A61CB70022B01D100230B71AA24A4002B5D0220012B06D001236D
:201640002B55286800F080FB0020285570BD4443210000262C1969316A34FF31FF34691816
:201660002670DFE707220A4049B270B528230400002914DA1900501C4143012061184870BA
:20168000AA250A70AD00635D0220012B06D001236355206800F06CFC0020605570BD53431C
:2016A00019006931FF31C318411800206A33FF331870E5E770B50724214021344C4305191D
:2016C0002E007D36FF3632602A008132FF3213602B0000268533FF3369351E60FF351B3B00
:2016E0001E70297021006931FF314118006800F04BFD300070BD07230B40282159434018D0
:201700008530FF300068704770B528260724214034004C4304192500E26301224C35236452
:201720002A700025A364230065642933A4191A702170891871434118006800F025FD280073
:2017400070BD70B504000722636801200A409A4218D848B22823002815DA1900501C4143A3
:201760000120611848700123AA258B700A70AD00625D02209A4205D06355206800F074FCD0
:201780000020605570BD4B4319000020E31869316A33FF31FF3361181870E4E770B50400F7
:2017A0000F23626801200B4093421BD807220A4049B22823002916DA190010184143012041
:2017C000611848700025AA268D700A70B600A35D0220012B06D00123A355206800F062FCA0
:2017E0002800A55570BD534319000020E31869316A33FF31FF3361181870E3E710B50C009B
:2018000021060CD507212140282401316143401899B2002A08D10273C180002010BD282183
:2018200061436931FF31F2E7012283600273F4E703680200BA20012110B58000B824115020
:201840000020A400105554331A8811430222198019880A431A8010BD70470000F8B5FEF777
:2018600021FE812305000226254C226813432360236833422CD00C266368224A1340636029
:20188000636833422CD1204B204A1A60204B1868FEF7C8FD051E30D123681E4A8027134006
:2018A000236023681C4ABF0413402360FEF7FAFD0600226813003B403A4218D16360E362A4
:2018C0002363A3608023626A5B041343636205E0FEF7E8FD401B0228CAD903252800F8BDAA
:2018E000FEF7E0FD0D4B401B9842C9D9F5E7FEF7D9FD801B0228DCD9EFE70125EEE7C046EF
:20190000001002400CF8FFF00002002000127A0008020020FFFFF6FEFFFFFBFF8813000025
:2019200030B5EFF31084012282F310880168124D0B682B400B6084F31088EFF3108482F311
:20194000108801688B6893438B6084F31088036E93420AD1EFF3108183F310881024026883
:201960001368A343136081F310882022031DDA6700230366836630BDDFFEFFFF7047704739
:20198000406A0023020010B55A321380083A1380FFF7F5FF10BD70470268F8B5D3690400FA
:2019A000A7481168966803420BD12020034200D180E0014200D17DE0A36E2000002B6FD1DD
:2019C0006FE0012037009F4D07400D403D4300D170E025000835034205D0CE0503D51062A6
:2019E000EE6F3043E8670220034206D0002F04D01062EE6F00183043E8670420034206D0A0
:201A0000002F04D01062EE6F02383043E8670820034207D020260E403E4303D01062EE6FFD
:201A20003043E86780200001034206D04E0104D510622022E86F0243EA67EA6F002A30D0DC
:201A40002022134206D0114204D0A36E002B01D0200098472268EB6F4027966828223E40D5
:201A6000134020001E4321D0FFF75AFF23689B683B4217D0EFF31081012383F31088226831
:201A80009368BB43936081F31088606F002809D06D4B4363FEF79CFD002802D0606F436B1B
:201AA0009847F8BD2000FFF76AFFFAE7FFF767FFEE67F6E7206E012800D095E010252B4206
:201AC00000D191E0294200D18EE01562936840211E000E400B424FD0626F13685B689BB213
:201AE000002BDED02600583637889F42D9D927005A373B809369202B32D0EFF3108780F35F
:201B000010882268514D13682B40136087F31088EFF3108780F310882268936883439360D8
:201B200087F31088EFF3108C80F31088230080CBBA688A43BA608CF310882022DA670023D6
:201B40002366EFF3108180F31088226812351368FF35AB43136081F31088606FFEF71AFDB6
:201B60000223636623005A331B883188C91A89B22000FFF710FF94E722005A3213881288CA
:201B80009BB2002A00D18CE7220058321188C91A89B2002900D184E7EFF3108780F310883E
:201BA00022682B4D13682B40136087F31088EFF3108C80F31088230080CBBA688243BA60C0
:201BC0008CF310882022DA672666A666EFF3108680F310881020226813688343136086F369
:201BE000108802236366C3E780204003034206D0750204D51062200000F02CF851E78022E7
:201C0000134203D0114201D0E36ED6E64022134200D146E7114200D143E7EFF310800123D2
:201C200083F3108821680B6893430B6080F310882023E36700232000E366FFF79FFE30E78B
:201C40000F0800002001000481190008FFFEFFFFDFFEFFFF7047F7B5002302000C68009341
:201C60002000009BD84000D1FEBD0120009B984023000340044231D0486803250190180043
:201C800058434543019EED43771E012F0BD88F68966847432E40374397605768CE68A7436D
:201CA00074433C4354600C69D76844432F403C43D460019C022C0BD14F69FF2B11D8040067
:201CC0000F26444366437C43136AB34323431362019C136860432B4003431360009B0133E4
:201CE000BCE70F261B0A5B435B435E437B43546AB4431C435462EBE7821D03000020D08797
:201D0000014A0233DA87704780BFFFFF0230C38F024A1340C38700207047C0467F400000E5
:201D200084B010B50400049205930122831C0020DA87D887A31D5034D8870391208010BC33
:201D400008BC04B018470000F7B50E787C4AB300C3181C88CF781440012205000092032FFB
:201D600008D83800FEF7D0F9023D3A378022920014430097734A1443A4B21C801888724C57
:201D800020403043104380B21880F0008446087BAC4450350195002800D06EE0CD884878B0
:201DA0006D086D00002824D080200199C0000988614409180D801988490604D519880C4091
:201DC00062490C431C80624C1988012F0BD00C402021614008E0C022D2001443002200923E
:201DE000C8E78022F8E721400A4392B200981A80FEBD019809690788564867443F18019801
:201E00003D800588544865442D182F88BF05BF0D2F803E290DD91F204F0901400800414248
:201E200041417F1A2988BF020F434C49394389B205E0002914D1802729883F0239432980C6
:201E40001988490404D519880C4045490C431C80444D002E0BD1C0211C8889012C40B8E7A0
:201E600001204F0801407F18BF022988DEE719880D40802189016940B6E71D88022F3AD19B
:201E8000394E2540354301981D80058880200E896544C00076082D18760001982E8005886E
:201EA0004E892C48654476082D1876002E804978274E8C46802160462A4DC90100281FD19F
:201EC0001F880F4204D01988254F2140394319801988490604D519880C401C490C431C80A5
:201EE00019882940C025AD014D401543ADB21D801988314078E71D4E35401543ADB2C2E7B3
:201F00001888084204D0198815482140014319801988490604D519880C400C490C431C80D1
:201F20001988012F09D00E4020217140114389B2198019880D402A4357E73140F6E7C046A2
:201F40008F89FFFF8080FFFF8F8FFFFFC0800000BF8FFFFF04040000060400000080FFFF35
:201F600080C000008FBFFFFF808100008F8EFFFFF0B50B780A7B9B00C0184D78324B002A2D
:201F80001DD10288002D0FD0520605D502882F490A402F490A43028002882E490A40134357
:201FA0009BB203800020F0BD520405D5028827490A4029490A43028002882849EEE780215E
:201FC000224A244E254CC901002D1DD105880D4204D00188204D1140294301800188204DF3
:201FE000490604D501881140294389B2018001880A401543ADB20580028814401C43A4B215
:020000040800F2
:20200000048002883240CAE70788164D0F4204D001881140294389B201800188490604D5C5
:2020200001880B4F11403943018001880A401543ADB20580028832401A4392B202800288B7
:2020400014402343ACE7C0468080FFFF8F8FFFFFC0800000BF8FFFFF80C000008FBFFFFFFB
:20206000C080FFFF80C0FFFF0B780B4A9B00C0184B78002B09D003880849194010234B40DF
:2020800013439BB203800020704703880449194080235B01F3E7C0468080FFFFBF8FFFFFE9
:2020A0008FBFFFFF0B7B002B19D10B789B00C0184B78002B15D003885B0605D50388104AC5
:2020C0001340104A13430380CB78012B07D003880D4A1A40202353400C4A134303800020D3
:2020E000704703885B0405D50388054A1340084A134303800388074A1A40C0239B01EAE787
:202100008F8FFFFFC0800000BF8FFFFF8080000080C000008FBFFFFF0123821CD387831DCF
:202120000020D8870323D3877047002902D180234C300380002070478022583003881202AB
:202140001343038000207047583003885B045B0C0380002070470630C08F80B2704730B549
:2021600080240133E40012195B0880185B00CB18401A44188B4200D130BD4A780D781202A3
:202180002A4322800231F4E7F0B54A7805000C000B7B85B0012A00D010E108698E698642D3
:2021A00000D906002F00626950370192002B1DD1B6B23300E28801992800FFF7D0FFB04A8D
:2021C00039882378AA18DB0052189B181E802078AC4A80002D182B881A4030235340AA4A11
:2021E00013439BB200202B8005B0F0BD2278236AD1000291E1789200022900D0C7E0AA1835
:20220000984200D3B2E01188A0489B1B0840A04908431080108840220100114023620391D7
:20222000B3B2104252D09B4A38880299AA18121852181380280062890199FFF790FF63699E
:20224000206A2269991961610023904201D9831B30006278236283B2002A2CD1884A3F8804
:202260002678AA18F600D219B2181688B605B60D16803E280CD91F27460938404742784107
:20228000361A1088B60206438348304380B205E0002809D1802610883602304310802289DA
:2022A0002800FFF75CFF92E70127460838403618B6021088E9E7012AF1D171483E882278CA
:2022C0002818D200801912181380E8E76C4A38880299AA1812185218138028002289019960
:2022E000FFF73DFF6369206A226999196161039B904201D9831B30006278236283B2002A81
:2023000029D1644A3F882678AA18F600D219B2181688B605B60D16803E280CD91F274609B1
:20232000384047427841361A1088B60206435A48304380B205E0002806D180261088360259
:20234000304310806289ABE70127460838403618B6021088ECE7012AF4D14E483E882278B8
:202360002818D200801912181380EBE710884B4E45493040084380B21080414A3888029901
:20238000AA18121852189BB2138022890EE0AA189B1B128823623888B3B2520608D53D4AF6
:2023A0000299AA181218521813806289019977E7334A0299AA1812185218E5E7002B3CD144
:2023C0008A6909698A4201D9531A0A00A3612B00503318882F4B2178EB18C9001B18CB1834
:2023E00019888905890D19803E2A0CD91F205109024050424241891A1A8889021143264AAE
:202400000A4392B205E0002A10D180211A8809020A431A802078224A80002D182B881A4030
:20242000C0239B0153401F4A1343DBE6012051080240891889021A88E2E7CB78022B00D077
:202440007BE0002A4BD106000D4A5036318823788218DB0052189A1813889B059B0D13809D
:2024600023693E2B20D91F271F4079424F4158091188C01B800208430749014389B219E014
:2024800002040000BF8FFFFF8080FFFF8F8FFFFF80810000060400000080FFFF8F8EFFFF2C
:2024A0008FBFFFFF80800000002B2BD180201188000201431180524A30882178AA18C90021
:2024C00012188A1811888905890D11803E2B20D8002B2BD18021138809020B431380E369E6
:2024E000002B97D0237847499B00EB181A880A408A4202D0002A00D08CE743491A880A4012
:20250000424985E7012158081940401880021188B3E71F205909034058424341C91A13885C
:20252000890219433A4B0B439BB2D7E7012059080340C91889021388F5E70120834200D078
:2025400052E68B69096900208B4201D9581A0B00A061002A00D05DE72E002E4A5036308876
:202560002178AA18C90012188A1811888905890D11803E2B0CD91F2119404F42794158098A
:20258000401A1188800208432149014389B205E0002B19D180201188000201431180184A26
:2025A00030882178AA18C90012188A1811888905890D11803E2B0ED8002B19D18021138885
:2025C00009020B43138025E7012158081940401880021188D9E71F205909034058424341F3
:2025E000C91A138889021943094B0B439BB2E9E7012059080340C91889021388F5E7C04609
:2026000006040000404000008F8FFFFFC08000000080FFFF02040000F0B580255C08ED00B5
:20262000521926000D008018471A7A19002E07D1640000190919DB0701D503880B70F0BD60
:202640001288013E92B22A70120A6A700235ECE7014B18607047C04600020020F0B587B044
:2026600006001422002101A801F09EFA8020C0259024134A800251696D01014351615369D9
:20268000E40503402900200000930027009BFEF79DF90123200001A9029301950397049797
:2026A000FEF7D0F83A0029002000FEF709FA3000FDF7FEFE29002000FEF788F907B0F0BD9F
:2026C0000010024037B56B46DD1DA723094A9B002870D35C032B0AD037BD013C002CFBD062
:2026E0000121280001F054F80028F6D1F4E780246402F5E74408002073B5114B08240093F4
:20270000002301250F4E01934118884201D1009876BD009A0378534000932300009A2A405D
:202720000192009A52080092019A002A02D0009A72400092013B9BB2002BEFD10130E4E79B
:202740000A14C9F8010000A010B50378452B04D02020FFF7B7FF012010BD43784E2BF7D19F
:2027600083784B2BF4D1C3784F2BF1D1F82380201B060C680005C918FFF7BEFF8442E7D046
:202780000020E9E737B505000C00FFF7B5FF0190019B2A5905209A4203D11D30FFF792FF49
:2027A00006203EBD70B50F4B1A78032A01D1013A1A700D4A0C6813681B19F324A400A34209
:2027C0000DD9C0460AE01468C65C2C19E65401330C689C42F7D81168CB18136070BD002392
:2027E000024DF5E7180200203C08002070040020F0B585B0009101920500FDF72BFF1A4AF7
:202800001178CBB200290FD1013118481170184A03A942601622036082600393FDF7C8FF18
:20282000FA204000FDF734FFFA272C007F00009A631B9A4201D805B0F0BD6678A3783602EB
:202840001B041E43237838001E43E3781B061E43FDF71EFF019B3200591B0919002302202D
:20286000FDF740FF0434E2E7680400205804002000480008002310B58B4200D310BD9C18C3
:202880002468C4540433F7E710B50320FFF71AFF0C4C2368D8B2FFF715FF2368180AC0B2F2
:2028A000FFF710FF2368180CC0B2FFF70BFF01CC000EFFF707FF044B9C42EAD11120FFF70C
:2028C00001FF10BDC0FF00080000010870B50400084800F01BFB6420FFF7C0FE656823684C
:2028E00083F30888FDF78CFDFEF7B8FFA847C04670BDC04644080020A723044A9B00D05C36
:202900000338431E9841C0B27047C04644080020F7B56420FFF7A2FE00F0E2FE00222021AE
:202920008D48FEF7CDF8002303228C4F3B708C4B1A70FDF7B7FD8B4B1860FDF7B3FD894C6A
:202940002368C01AFA239B00984211D986498748FFF7FAFE0028E1D1012220217E48FEF711
:20296000AFF82520FFF7AEFE8148FFF7AFFFF7BDFFF7C2FF0028E0D1794D2B78042BE5D0CB
:20298000FDF790FD2060FDF78DFD2368C01A794B984208D80620FFF795FE6420FDF788FD29
:2029A0002B78022BEFD16E4B1B78022BC5D13B78042B0ED92420FFF785FE0423684A137096
:2029C000BBE7FDF76FFD674B1B68C01A694B984205D8F322684B92001B689342F1D31320D2
:2029E000FFF770FE654DF3222B689200DEB2644B1B6801936B461B799C46624B1B68019346
:202A00006B461879604B1968604BC9B29A18019264461A7872401A705A7862405A709A7815
:202A200042409A70DA784A40DA70019A04339342EED1514E554C31682000FFF7A3FE0628C0
:202A400003D11C30FFF73EFE4EE02278032A33D1A37862781B021343012B0ED02120414CEB
:202A6000012A00D12220FFF72DFE3B780133DBB23B7000233360236095E7FDF7EBFDA3792B
:202A80003F4A2B60E3791360237A3E4A1360627A3D4B1A6007223E4B1A70FFF7F5FE002395
:202AA00033600022344B1A60FDF7FCFC2D4B18601120FFF707FE76E7002A0FD10423284961
:202AC00025480B702021FDF7FBFFFDF7D7FDFFF7DBFEFA208000FDF7EBFC64E7012AE0D1AC
:202AE0002B4B1B78072B06D03B780133DBB23B700023336057E7A578627823792D02154398
:202B0000E27861791B021343A2790904043D0B43ADB212061A4329001E48FFF769FE2379FB
:202B2000E2781B0261791343E21CD27809040B431206290017481A43FFF79CFE2000316805
:202B4000FFF720FE052801D022207BE720210248FDF7BCFFA5E7C04600040048400800203F
:202B6000180200206C040020F8F70008FCF7000800480008B80B00003C0800200C020020F4
:202B8000100200201402002064040020700400206904002077040020AF239B00C35870B5DC
:202BA000002B0ED0AE22802592008458AD00605DFF2806D0044A9B682100A25C9847FF2351
:202BC0006355002070BDC046010200004323038000487047540200204323038000487047A1
:202BE000980200204323038000487047E80200200A23038000487047DC02002070B5AE2683
:202C0000B6000400855900F09DFF83239B00E850A3590220002B0AD0832381229B00E9180F
:202C2000B033E3589200DB68A8589847002070BDAE23F7B59B00C35805000F000220019378
:202C4000002B18D014264E43AE19F069002813D02822B0234A439B00EB589B18996BFDF738
:202C6000EDFA0C1E08D10B000A00F1612800390000F056FF2000FEBD85230020019A9B0084
:202C8000D050F8E7AE23F7B59B00C7586B466A460E00591D002305000B70D3803378901DCB
:202CA0001C006022144013422AD0202C46D1F4887078002C1CD05BB2002B0EDAAF239B0067
:202CC000EB58220039009B68984739002800F28800F0C0FC00242000FEBD80239B00F85464
:202CE000194B220039002800FC5400F0C9FCF1E7AF239B00EB58220031009B689847EAE75A
:202D000073780A2B0ED00B2B13D0002B16D1A7239B00EB5C032B11D102220100280000F091
:202D200099FCD8E7A7239B00EB5C032B06D10122F4E7A7239B00EB5C032BCCD031002800C1
:202D400000F060FC0224C6E70102000070B504000025812100F0ABFE01212000E56200F04F
:202D6000A6FE2300AE26FC331D6782212000B60000F09DFEA3592564AB4208D0AF239B004A
:202D8000E3585B689847A05900F0E8FEA551002070BDF8B50600037C0400FC36002B39D1A7
:202DA000802302229B00812100F075FE01258023E5629B0029000222200000F06CFE08230F
:202DC000356703228221200000F065FE012787202764800000F0BEFEAE239B0005003E00E7
:202DE000E050002814D00433E3581B689847852300229B00EA500433EA508122267C9200DC
:202E0000002E10D139002000AA58183B00F091FE3000F8BD012540230222812100F03BFE19
:202E20004023E562C6E7402339002000AA5800F080FE0026ECE703000220002903D0AF2224
:202E40000020920099507047AE239B00C3588220800019508421890000205A507047AE238E
:202E60009B00C258B43B0020D1507047AE239B00C25810B50223002A12D08521890054585F
:202E8000013B002C0CD1535084239B00D3580C39525888390363FF399BB200F041FE2300F0
:202EA000180010BDAE239B00C35810B50224002B0AD08122047C92009A58002C06D1802369
:202EC00001219B0000F035FE200010BD4023012100F02FFE0024F7E7022310B5002813D08C
:202EE000AD239B00C458002C01D00024C450002902D0AC239B00C150A72301219B00C15404
:202F0000027000F06DFD0023180010BDA72301229B0010B5C25443680400D9B2AD239B00D5
:202F2000C3585B689847200000F0ACFD200000F097FD002010BD03000220002903D0AD229A
:202F4000002092009950704710B500F092FD002010BDAD239B00C35810B5002B01D1022084
:202F600010BD1B6898470028FAD0F8E7AD2310B59B00C3585B689847002010BDAA239B000F
:202F800070B5C5180400280000F028FBA52301229B00E250114BE25A163BE2501033E15C9D
:202FA0001F230B40012B09D0022B0CD0002B0FD12900200000F01EF9002070BD2900200085
:202FC00000F04EFAF8E72900200000F071FAF3E77F232000994300F073FDEDE7AE020000DA
:202FE00070B50D0004001100002D2ED1A5239B00C258032A22D102005532FF32D368106953
:2030000083420AD91B1AD36082B2984200D99AB2200000F045FB280070BDAD239B00E35822
:203020001B69002B06D0A7229200A25C032A01D120009847200000F03BFBECE7052AEAD1B1
:203040002900C55000F03CFDE5E7AD239B00C3589B69002B08D0A7229200825C032A03D176
:20306000290098470025D6E70225D4E7F8B50D0004001100002D4DD1A5239B00C358022BBF
:2030800041D1036A466AB34213D99B1B03629AB200F0EEFA2B002A002900200000F049FD0D
:2030A000A8239B00E25C012A01D10022E2542800F8BDC76931003800FDF7C0F800290DD1EE
:2030C000BE420BD8A626B600A3599F4206D22A002900200000F0CCFAA551DBE7AD239B008A
:2030E000E358DB68002B06D0A7229200A25C032A01D1200098478021200000F0E1FC20004C
:2031000000F0E2FACCE704229343C9D1802100F0D7FCC5E7AD239B00C3585B69002B08D03D
:20312000A7229200825C032A03D1290098470025BDE70225BBE7002270B5040011004023FC
:2031400000F0A9FC230001254026FC338021DD659E6600223300200000F09DFCA72300212C
:203160009B00A5616662E554083BE15010336160E1501433E3588B4205D0AD239B00E3583A
:2031800020005B689847002070BD017400207047A7239B00C15C034A81540422C2540020D4
:2031A0007047C0469D020000A7239B00C25C042A02D1024A825CC254002070479D02000079
:2031C000A72310B59B00C35C032B06D1AD239B00C358DB69002B00D09847002010BD10B54B
:2031E0000400802100F06CFC0021200000F068FC10BD000060220B7873B513400D001900CA
:20320000921820390400114212D0002B00D096E06878092800D992E0FCF780FFF0000E0134
:20322000910006019100830012009100DA00A400AD239B00C35829009B689847002076BDDD
:2032400000236A46D3806B88180A0138062876D8FCF75AFF0417267575404B00AC239B0012
:20326000E358207C1B686A46911D98476B46D988002951D0EA88002A43D1200000F018FA89
:20328000DCE7AD23227C9B00E358002A06D19B6A6A46901D984702234370E7E7DB6AF7E71C
:2032A000D8B205284BD8AC239B00E358FCF72CFF03080A0C0E105B68002B40D0207CD2E7DF
:2032C0009B68F9E7DB68F7E71B69F5E75B69F3E79B69F1E7237C002B31D1AD236A469B0029
:2032E000E358901D5B6B9847C0E7237C002B26D1AD236A469B00E358901D1B6B9847072347
:20330000CAE70B1C914200D9131C69469AB2CB800100200000F09EF9EB88002B00D08DE72A
:20332000ABE7AB88002B0AD1EB88002B07D16E887F2E04D8A725AD00635D032B03D1200072
:20334000FFF74DFF7AE7444BF1B2E154200000F0DEFB200000F0ACF90223002E00D101237D
:2033600063556BE7A9783D4D29700129E7D8A7239B00E25C022A09D0032A15D02000FFF746
:203380002EFF20002978FFF7F1FD57E7002900D173E7012103226160E2542000FFF7D9FD9F
:2033A000022800D069E7CAE7002906D102222000E2546160FFF7DAFD5FE76168012900D100
:2033C0005BE7C9B22000FFF7D1FD29786160E4E7EA88012AB3D1A7239B00E35C022B06D84F
:2033E000002BACD000232100A360083102E0211D032BA4D1200000F02DF91FE7A7239B0042
:20340000E35C013B022B9AD8EB88022B97D1013BE360A9239B00E358002B01D00323E36004
:20342000210002220C31E5E76B88012B00D005E7A9229200A35020E7A7239B00E35C013B2C
:20344000022B00D97BE76B88012B00D0F6E6A92300229B00E25010E79E020000410800207E
:2034600060230A7870B5134004000D00402B01D0530619D4A7239B00E35C013B022B13D844
:203480002B79012B10D8AD239B00E35829009B6820009847EB88002B04D1002802D1200015
:2034A00000F006F9002070BD2000FFF798FEF9E70A780B0060210A4070B504001000491852
:2034C0002038084229D0002A37D198885A78C1B2012A45D0032A29D0002A2ED1A7239B00C6
:2034E000E35C022B56D0032B27D10F2214230A405A43A21800065DD59269002A1DD07F251D
:203500000D4001355D437F230A0065191A4019425AD12A600222290048E0AD229200A25824
:203520001900200092689047002070BDA7229200A25C022A24D0032A03D02000FFF74FFE58
:20354000F2E75A88002A07D14A0605D0DB88002B02D1200000F0B4FA200000F0A9F8E3E7EF
:20356000A7229200A25C022A0AD0032AE5D15B88002BD9D14B06EFD0200000F0AAFAEBE7BB
:203580004B06DAD0200000F09BFA8021200000F097FAC9E74B06D0D121005531FF310306C7
:2035A00001D54139FF39002302220B60200000F051F8B9E7FC32D26D002ABED07F250D40C2
:2035C0005D435535FF359EE7200000F08BFA002802D001232B609DE728609BE70B78037046
:2035E0004B784370CA788B7812029B1843804A790B7912029B188380CA798B7912029B1867
:20360000C380704710B50400802100F059FA0021200000F055FA10BD70B50025461EA8421E
:203620000FD02B000135745D002CFAD1DBB201335B0013800B7003234B70013B0578002D91
:2036400000D170BD5A1CCD54D2B202330130DBB28C54F3E71300A52210B502249200845079
:203660000A00C3610021036200F05AFA002010BD10B513000A00002100F052FA002010BD39
:203680001300A52210B50324920084500200FC32136653660A00002100F04BFA002010BD4F
:2036A00010B513000A00002100F043FA002010BDA52304229B0010B5C25000231A00190037
:2036C00000F02EFA002010BDA52305229B0010B5C25000231A00190000F02BFA002010BD2C
:2036E00010B5114C002220001049FFF7F5FB002801D0FCF727FE20000D49FFF71CFC00286A
:2037000001D0FCF71FFE20000A49FFF794FB002801D0FCF717FE2000FFF716FC002801D0AE
:20372000FCF710FE10BDC046440800203C0300201C0200202C0300200020704700207047AF
:2037400070B50D000400074E01003000FFF787FB29002000FFF726F83000FFF7A3FB0020F4
:2037600070BDC0464408002010B5064C002220000549FFF769FB20000449FFF770FB0020BB
:2037800010BDC04644080020080F0020080B00200A00AE2110B5084C890003006058A4396D
:2037A00041580120002906D119002000FFF74CFB2000FFF75BFB10BD4408002012230148B6
:2037C0000B80704758030020042301480B8070476C03002030B5002552008A18040FE3B245
:2037E000092C07D830330B704D70023100018A42F4D130BD3733F6E71A2370B50B800B4BDE
:203800000B4C18680B4B1B68C01800280BD00A4B0822A11C1D68FFF7DDFF2100042228001B
:203820001231FFF7D7FF200070BDC046ACF7FF1F70030020B4F7FF1FB0F7FF1F10B5044C2F
:203840000A0021000348FFF7E7FE200010BDC04608130020D03B000810B5044C0A00210096
:203860000348FFF7D9FE200010BDC04608130020E33B000810B5044C0A0021000348FFF75B
:20388000CBFE200010BDC04608130020F93B000810B5044C0A0021000348FFF7BDFE200099
:2038A00010BDC04608130020043C000803000220032B01D8014AD05C7047C046123C0008FC
:2038C00007B50B4B02689A4211D18020094A0004D1690143D161D3690022034001931F2093
:2038E0001100019BFCF7F6FD1F20FCF71DFE07BD005C004000100240064B026810B59A42DA
:2039000007D1054A0549D3691F200B40D361FCF717FE10BD005C004000100240FFFF7FFFF9
:20392000AC2310B59B00C1184033C058FFF726FB10BD28234B43C3187D33FF331A68BC2319
:2039400010B59B00C058FFF74BFB10BD28234B43C318DA6BBC2310B59B00C058FFF786FB1F
:2039600010BDBC2310B59B00C058FFF729FC10BD836870B50400022B01D0FCF7E3FCBC2576
:20398000AD0001216059FFF700FC6059FFF7D3FB70BD0000BC2310B504009B00C058FFF7B2
:2039A000F7FBA369002B04D00623024A11690B43136110BD00ED00E0836910B50400002BDF
:2039C00006D00621054A13698B431361FCF748FCBC239B00E058FFF7E7FB10BD00ED00E082
:2039E000BC2370B504001C489B00C4501B4BB025036008234360063B836003610023AD00E8
:203A000060518361C3610362FDF768F8002801D0FCF798FC0022605911001823FDF7EEFEAD
:203A20006059582300228021FDF7E8FE6059C02300228121FDF7E2FE8823605900220121D9
:203A40005B00FDF7DBFE80236059002282215B00FDF7D4FE002070BD08150020005C0040D6
:203A6000B02310B59B00C058FDF7A2F8FFF71EFF10BDB02310B59B00C058FDF7AFF8FFF7B1
:203A800015FF10BDB02310B59B00C058FDF7B9F8FFF70CFF10BD10B514001A002300B0249D
:203AA000A4000059FDF7B0FDFFF700FF10BDB02310B59B00C058FDF7D5FDFFF7F7FE10BDDD
:203AC000B02310B59B00C058FDF73BFEFFF7EEFE10BDB02310B59B00C058FDF75FFEFFF72D
:203AE000E5FE10BDB0234AB29B00C358002A07DA7F2211400131573A51435B189878704703
:203B0000282251435B186B33FF331878F7E7B02310B59B00C058FDF787F8FFF7C7FE10BDD0
:203B200010B5B024A4000059FDF7EEFDFFF7BEFE10BD10B5B024A4000059FDF7BBFDFFF759
:203B4000B5FE10BDB02310B59B00C058FDF7D3FD10BD000000487047FC1700207047000020
:203B600070B500260C4D0D4C641BA410A64209D1002600F021F80A4D0A4C641BA410A6425C
:203B800005D170BDB300EB5898470136EEE7B300EB5898470136F2E7183C0008183C0008A4
:203BA000183C00081C3C000803008218934200D1704719700133F9E7F8B5C046F8BC08BC87
:203BC0009E467047F8B5C046F8BC08BC9E46704753544D6963726F656C656374726F6E691E
:203BE00063730053544D3332205669727475616C20436F6D506F72740043444320436F6EA1
:203C00006669670043444320496E7465726661636500000201020000E9000008C100000834
:203C200000127A00010000000400000040000000E20000000100000003000000932D000805
:203C40004D2D0008852C000800000000992B0008312C0008FD2B00080000000000000000C8
:203C600000000000D92B0008CD2B0008E52B0008F12B000809024300020100C032090400AC
:203C80000001020201000524001001052401000104240202052406000107058203080010B4
:203CA00009040100020A00000007050102400000070581024000000009024300020100C0BB
:203CC000320904000001020201000524001001052401000104240202052406000107058250
:203CE0000308001009040100020A0000000705010200020007058102000200000A060002DB
:203D0000000000400100000009074300020104C032090400000102020100052400100105C4
:203D2000240100010424020205240600010705820308001009040100020A00000007050131
:203D400002400000070581024000000069370008393700083D37000841370008BD3700083A
:203D6000C93700083D38000859380008F9370008753800089138000812010002020200400E
:203D8000830440570002010203010000040309041A030000000000000000000000000000CB
:203DA000000000000000000000000000FFFFFFFFFFFFFFFFFFFFFFFFFFFFFFFFFFFFFFFF17
:203DC000FFFFFFFFFFFFFFFFFFFFFFFFFFFFFFFFFFFFFFFFFFFFFFFFFFFFFFFFFFFFFFFF03
:203DE000FFFFFFFFFFFFFFFFFFFFFFFFFFFFFFFFFFFFFFFFFFFFFFFFFFFFFFFFFFFFFFFFE3
:203E0000FFFFFFFFFFFFFFFFFFFFFFFFFFFFFFFFFFFFFFFFFFFFFFFFFFFFFFFFFFFFFFFFC2
:203E2000FFFFFFFFFFFFFFFFFFFFFFFFFFFFFFFFFFFFFFFFFFFFFFFFFFFFFFFFFFFFFFFFA2
:203E4000FFFFFFFFFFFFFFFFFFFFFFFFFFFFFFFFFFFFFFFFFFFFFFFFFFFFFFFFFFFFFFFF82
:203E6000FFFFFFFFFFFFFFFFFFFFFFFFFFFFFFFFFFFFFFFFFFFFFFFFFFFFFFFFFFFFFFFF62
:203E8000FFFFFFFFFFFFFFFFFFFFFFFFFFFFFFFFFFFFFFFFFFFFFFFFFFFFFFFFFFFFFFFF42
:203EA000FFFFFFFFFFFFFFFFFFFFFFFFFFFFFFFFFFFFFFFFFFFFFFFFFFFFFFFFFFFFFFFF22
:203EC000FFFFFFFFFFFFFFFFFFFFFFFFFFFFFFFFFFFFFFFFFFFFFFFFFFFFFFFFFFFFFFFF02
:203EE000FFFFFFFFFFFFFFFFFFFFFFFFFFFFFFFFFFFFFFFFFFFFFFFFFFFFFFFFFFFFFFFFE2
:203F0000FFFFFFFFFFFFFFFFFFFFFFFFFFFFFFFFFFFFFFFFFFFFFFFFFFFFFFFFFFFFFFFFC1
:203F2000FFFFFFFFFFFFFFFFFFFFFFFFFFFFFFFFFFFFFFFFFFFFFFFFFFFFFFFFFFFFFFFFA1
:203F4000FFFFFFFFFFFFFFFFFFFFFFFFFFFFFFFFFFFFFFFFFFFFFFFFFFFFFFFFFFFFFFFF81
:203F6000FFFFFFFFFFFFFFFFFFFFFFFFFFFFFFFFFFFFFFFFFFFFFFFFFFFFFFFFFFFFFFFF61
:203F8000FFFFFFFFFFFFFFFFFFFFFFFFFFFFFFFFFFFFFFFFFFFFFFFFFFFFFFFFFFFFFFFF41
:203FA000FFFFFFFFFFFFFFFFFFFFFFFFFFFFFFFFFFFFFFFFFFFFFFFFFFFFFFFFFFFFFFFF21
:203FC000FFFFFFFFFFFFFFFFFFFFFFFFFFFFFFFFFFFFFFFFFFFFFFFFFFFFFFFFFFFFFFFF01
:203FE000FFFFFFFFFFFFFFFFFFFFFFFFFFFFFFFFFFFFFFFFFFFFFFFFFFFFFFFFFFFFFFFFE1
:020000040800F2
:2040000001D0FCF7C3F920000D49FFF71CFC002801D0FCF7BBF920000A49FFF794FB0028DC
:2040200001D0FCF7B3F92000FFF716FC002801D0FCF7ACF910BDC046100C00203C030020E9
:204040001C0200202C030020002070470020704770B50D000400074E01003000FFF787FBF1
:2040600029002000FFF718F83000FFF7A3FB002070BDC046100C002010B5064C0022200045
:204080000549FFF769FB20000449FFF770FB002010BDC046100C0020D4120020D40E002073
:2040A0000A00AE2110B5084C890003006058A43941580120002906D119002000FFF74CFBBD
:2040C0002000FFF75BFB10BD100C0020122301480B80704758030020042301480B8070477E
:2040E0006C03002030B5002552008A18040FE3B2092C07D830330B704D70023100018A42DC
:20410000F4D130BD3733F6E71A2370B50B800B4B0B4C18680B4B1B68C01800280BD00A4B83
:204120000822A11C1D68FFF7DDFF2100042228001231FFF7D7FF200070BDC046ACF7FF1FAF
:2041400070030020B4F7FF1FB0F7FF1F10B5044C0A0021000348FFF7E7FE200010BDC046E5
:20416000D41600200B45000810B5044C0A0021000348FFF7D9FE200010BDC046D416002088
:204180001E45000810B5044C0A0021000348FFF7CBFE200010BDC046D416002034450008EC
:2041A00010B5044C0A0021000348FFF7BDFE200010BDC046D41600203F4500080300022015
:2041C000032B01D8014AD05C7047C0464D45000807B50B4B02689A4211D18020094A0004D9
:2041E000D1690143D161D3690022034001931F201100019BFCF7CAF91F20FCF7F1F907BD58
:20420000005C004000100240064B026810B59A4207D1054A0549D3691F200B40D361FCF7F2
:20422000EBF910BD005C004000100240FFFF7FFFAC2310B59B00C1184033C058FFF726FBB9
:2042400010BD28234B43C3187D33FF331A68BC2310B59B00C058FFF74BFB10BD28234B4340
:20426000C318DA6BBC2310B59B00C058FFF786FB10BDBC2310B59B00C058FFF729FC10BD44
:20428000836870B50400022B01D0FCF77FF8BC25AD0001216059FFF700FC6059FFF7D3FBCA
:2042A00070BD0000BC2310B504009B00C058FFF7F7FBA369002B04D00623024A11690B4346
:2042C000136110BD00ED00E0836910B50400002B06D00621054A13698B431361FBF7CAFF2B
:2042E000BC239B00E058FFF7E7FB10BD00ED00E0BC2370B504001C489B00C4501B4BB02544
:20430000036008234360063B836003610023AD0060518361C3610362FCF73CFC002801D0D2
:20432000FCF734F80022605911001823FDF7C2FA6059582300228021FDF7BCFA6059C0234A
:2043400000228121FDF7B6FA88236059002201215B00FDF7AFFA80236059002282215B00D9
:20436000FDF7A8FA002070BDD4180020005C0040B02310B59B00C058FCF776FCFFF71EFFEF
:2043800010BDB02310B59B00C058FCF783FCFFF715FF10BDB02310B59B00C058FCF78DFCF5
:2043A000FFF70CFF10BD10B514001A002300B024A4000059FDF784F9FFF700FF10BDB02342
:2043C00010B59B00C058FDF7A9F9FFF7F7FE10BDB02310B59B00C058FDF70FFAFFF7EEFEED
:2043E00010BDB02310B59B00C058FDF733FAFFF7E5FE10BDB0234AB29B00C358002A07DA4E
:204400007F2211400131573A51435B1898787047282251435B186B33FF331878F7E7B023B7
:2044200010B59B00C058FCF75BFCFFF7C7FE10BD10B5B024A4000059FDF7C2F9FFF7BEFE3B
:2044400010BD10B5B024A4000059FDF78FF9FFF7B5FE10BDB02310B59B00C058FDF7A7F928
:2044600010BD000000487047C81B00207047000070B500260C4D0D4C641BA410A64209D1C4
:20448000002600F021F80A4D0A4C641BA410A64205D170BDB300EB5898470136EEE7B3008E
:2044A000EB5898470136F2E75445000854450008544500085845000803008218934200D1FF
:2044C000704719700133F9E7F8B5C046F8BC08BC9E467047F8B5C046F8BC08BC9E467047FC
:2044E000000000000102030402030405060708090A0B0C0D0E0F10100102030405060708F7
:20450000090A0B0C0D0E0F1004080253544D6963726F656C656374726F6E69637300535446
:204520004D3332205669727475616C20436F6D506F72740043444320436F6E66696700435B
:20454000444320496E746572666163650000020102000000E9000008C100000800127A00D8
:20456000010000000400000040000000E20000000100000003000000A33600085D36000894
:204580009535000800000000A9340008413500080D3500080000000000000000000000009C
:2045A000E9340008DD340008F53400080135000809024300020100C03209040000010202F9
:2045C000010005240010010524010001042402020524060001070582030800100904010062
:2045E000020A00000007050102400000070581024000000009024300020100C03209040041
:2046000000010202010005240010010524010001042402020524060001070582030800102A
:2046200009040100020A0000000705010200020007058102000200000A060002000000406C
:204640000100000009074300020104C0320904000001020201000524001001052401000195
:204660000424020205240600010705820308001009040100020A00000007050102400000CC
:20468000070581024000000079400008494000084D40000851400008CD400008D940000895
:2046A0004D410008694100080941000885410008A141000812010002020200408304405731
:2046C0000002010203010000040309041A03000000000000000000000000000000000000A0
:2046E0000000000000000000FFFFFFFFFFFFFFFFFFFFFFFFFFFFFFFFFFFFFFFFFFFFFFFFD2
:20470000FFFFFFFFFFFFFFFFFFFFFFFFFFFFFFFFFFFFFFFFFFFFFFFFFFFFFFFFFFFFFFFFB9
:20472000FFFFFFFFFFFFFFFFFFFFFFFFFFFFFFFFFFFFFFFFFFFFFFFFFFFFFFFFFFFFFFFF99
:20474000FFFFFFFFFFFFFFFFFFFFFFFFFFFFFFFFFFFFFFFFFFFFFFFFFFFFFFFFFFFFFFFF79
:20476000FFFFFFFFFFFFFFFFFFFFFFFFFFFFFFFFFFFFFFFFFFFFFFFFFFFFFFFFFFFFFFFF59
:20478000FFFFFFFFFFFFFFFFFFFFFFFFFFFFFFFFFFFFFFFFFFFFFFFFFFFFFFFFFFFFFFFF39
:2047A000FFFFFFFFFFFFFFFFFFFFFFFFFFFFFFFFFFFFFFFFFFFFFFFFFFFFFFFFFFFFFFFF19
:2047C000FFFFFFFFFFFFFFFFFFFFFFFFFFFFFFFFFFFFFFFFFFFFFFFFFFFFFFFFFFFFFFFFF9
:2047E000FFFFFFFFFFFFFFFFFFFFFFFFFFFFFFFFFFFFFFFFFFFFFFFFFFFFFFFFFFFFFFFFD9
:2048000000400020F9840008198300081B8300080000000000000000000000000000000069
:204820000000000000000000000000001D83000800000000000000001F830008218300087A
:20484000498500084985000849850008498500084985000849850008498500082D830008C6
:20486000498500084183000849850008498500084985000849850008498500084985000892
:20488000498500084985000849850008518300084985000849850008498500084985000862
:2048A00049850008498500084985000849850008498500084985000861830008718300080C
:2048C00010B5064C2378002B07D1054B002B02D0044800E000BF0123237010BD98030020AC
:2048E00000000000F4CE0008044B10B5002B03D00349044800E000BF10BDC04600000000D2
:204900009C030020F4CE000802B4714649084900095C49008E4402BC7047C04603B471469E
:20492000490840004900095A49008E4403BC7047002243088B4274D303098B425FD3030A10
:204940008B4244D3030B8B4228D3030C8B420DD3FF22090212BA030C8B4202D31212090209
:2049600065D0030B8B4219D300E0090AC30B8B4201D3CB03C01A5241830B8B4201D38B03E1
:20498000C01A5241430B8B4201D34B03C01A5241030B8B4201D30B03C01A5241C30A8B423C
:2049A00001D3CB02C01A5241830A8B4201D38B02C01A5241430A8B4201D34B02C01A524119
:2049C000030A8B4201D30B02C01A5241CDD2C3098B4201D3CB01C01A524183098B4201D33D
:2049E0008B01C01A524143098B4201D34B01C01A524103098B4201D30B01C01A5241C30827
:204A00008B4201D3CB00C01A524183088B4201D38B00C01A524143088B4201D34B00C01A88
:204A20005241411A00D20146524110467047FFE701B5002000F006F802BDC0460029F7D070
:204A400076E770477047C046D0400B00D1409C46203AD3401843524263469340184370478D
:204A60008446100062468C461900634600E0C0461FB500F091FF002801D40021C8421FBDE2
:204A800010B500F0E1FE4042013010BD10B500F083FF002801DB002010BD012010BDC046E6
:204AA00010B500F079FF002801DD002010BD012010BDC04610B500F009FF002801DC002000
:204AC00010BD012010BDC04610B500F0FFFE002801DA002010BD012010BDC046002B15D16E
:204AE000002A13D1002906DB01DC002806D00020C043410802E080210906002007B40248A0
:204B000001A14018029003BD3DFFFFFF03B4684601B5029800F052F8019B9E4602B00CBC26
:204B20007047C046F0B5CE46474680B5070099463B0C9C4613041B0C1D000E00614600041A
:204B4000140C000C45434B4360436143C0182C0C20188C46834203D980235B029846C4442B
:204B6000494679437243030C63442D042D0CC918000440198918C0BCB946B046F0BDC04612
:204B800070B500220C4B04000D00FFF79DFF002804D12000290001F061FD70BD064B00229F
:204BA0002000290001F0C8F901F058FD80231B069C466044F1E7C0460000E041F8B5CE46AA
:204BC000474680B59146984604000D0001F052FE07000E0002000B0048464146FFF7A2FF3E
:204BE000241A8D41089B380031001C605D60C0BCB946B046F8BDC046F0B5C64643025B0ADD
:204C00004E0245004F00DA00C40F9C46700A904600B52D0E3F0EC90FB6098C424BD0EA1B0F
:204C2000002A36DD002F61D0FF2D00D1ADE08023DB041E431B2A00DCD3E001204346181ABA
:204C4000430100D48CE080018709380001F0F4FD05388740854200DCB6E02D1AB3483840AE
:204C6000430704D00F230340042B00D00430430100D478E06A1CFE2D65D08001430A9C4668
:204C8000D2B26346D0051843E407204380BCB846F0BD002A35D07A1B002D00D0AFE04346A9
:204CA000002B00D1A7E0531E012A00D12FE1FF2A69D01A00AAE0E91B002970DD002F37D03E
:204CC000FF2D62D08023DB041E431B2900DCB0E001204044430143D50135FF2D33D0012359
:204CE000934A0340400810401843B9E7002E00D183E0511E012A00D1D8E0FF2A45D00A0034
:204D000098E7FE276A1C174200D086E0002D00D0B7E04346002B00D1F3E00022002EB0D01E
:204D2000981B430100D4FAE043460C00F01A97E7002E00D1C8E04A1E012900D1AEE0FF29F1
:204D400023D01100C1E70023FF229C4699E7FE216A1C114277D0FF2AF5D0150046447008BD
:204D6000430700D07EE7C308FF2D0ED05B025B0A9C46EAB285E7002E07D08022D203134262
:204D800003D0104201D10C000300002BDBD08020C00318434002430A9C46FF2271E7002966
:204DA000D5D07A1B002D60D14346002B24D0531E012A73D0FF2AE7D01A001B2A00DC85E054
:204DC00001203D00801985E720233A00451B38000135EA405D1BA840431E984100251043E9
:204DE0003EE7202330009B1A31009840D140431E9841084322E70C0003001500B4E7FF2FD1
:204E0000C1D080234046DB04184380461B2A51DD01200C003D00301A12E743469F1B7B01F9
:204E20002BD4002F00D010E70023002400229C4627E7202332003000CA40591A8840431ED9
:204E40009841104345E7002D4AD14346002B63D00022002E00D114E730004044430100D4E3
:204E60007EE7324B013518407AE7FF2F8CD080234146DB04194388469FE743460C00F71A78
:204E8000E3E64246002A00D075E7002E00D07AE78023DB0300249C46FF22F2E630004044D8
:204EA0000125430100D45BE7022518E743460125981BC5E6202344464046D4409A1A904054
:204EC000431E98412043A4E70D004DE7202341464046D1409A1A9040431E9841084370E7A8
:204EE0004246002A00D14FE7002E00D14DE78022D203134200D148E7104200D045E70300A9
:204F000043E7002E90D00C0084460022B9E643460C00F01A013593E684460022B1E6002849
:204F200000D01DE7002300249C46AAE6FFFFFFFBFFFFFF7DF0B54F464646D6464402450005
:204F4000C0B5640A0F1C2D0EC60F002D00D18DE0FF2D00D192E00023802099469A46E400F3
:204F6000C00404437F3D7802430A98467B001B0EFF0F002B00D170E0FF2B00D186E04246DE
:204F8000D00080227F3BED180023D204024390469C4631004B467940681C0F2B1CD8764AFD
:204FA0009B00D3589F4639004446E2465346022B0FD0032B00D1D7E0012B37D10020002488
:204FC000C0052043C9070843E0BCBA46B146A846F0BDFF200024F3E7260C2404220C444631
:204FE0002404240C434627001B0C574374435A435E4312193B0C9B189C4203D9802252021E
:20500000944666443F041A043F0CD2199401671EBC411B0C920E9B1914439B011C431B0175
:2050200000D49BE0012362081C40144302007F32002A64DD630704D00F232340042B00D0F0
:205040000434230103D502004C4B80321C40FE2ABFDCA401640AD0B2B2E74346002B3DD1C2
:205060004A4601331A4391469C4692E7002C29D104239946033B00259A4674E7002C1BD1FB
:2050800008239946063BFF259A466CE74346FF35002B0BD102234A461A4391469C4678E780
:2050A00053463100022B00D083E792E703234A461A4391469C466CE70C239946093BFF25B1
:2050C0009A4650E7200001F0B7FB7625431F9C4000236D4299469A462D1A44E7404601F0A3
:2050E000ABFB4246431F9A4000232D1A90469C46763D4EE780240021FF20E40360E7012306
:205100009B1A1B2B00DD59E722009E30DA4084401300621E94411C43630704D00F2323400F
:20512000042B00D0043463011AD50120002447E78020C003044209D04346034206D14446C1
:20514000044364023900FF20640A39E78020C003044364023100FF20640A31E7280065E762
:20516000A4010020640A2BE78020C00304436402FF20640A24E7C0460CCF0008FFFFFFF765
:2051800041024200C30F490A0020120E7E2A03DD9D2A02DD094A9818704780200004014355
:2051A000952A07DC9620821AD1404842002BF3D10800F1E7963A9140F7E7C046FFFFFF7F90
:2051C000F8B5002813D0C317C6185E40C40F300001F032FB9E2305001B1A962B0FDC0828C9
:2051E00001DD083DAE407602760AD8B202E0002400200026C0053043E4072043F8BD992BD1
:205200000CDD05223100121AD1400A00010030001B318840411E884102431600052D12DC1E
:2052200031000D4F3940720709D00F203040042805D004314A0102D59F2339405B1B8901E4
:205240004E0AD8B2D6E76A1F96403100024F39407207F4D0E9E7C046FFFFFFFBF0B5574608
:205260004E464546DE46E0B5814605000C03480092461F0085B0240B400DCE0F002800D1B5
:2052800056E1D44B984200D172E16B0FE4001C4380231B0423439846CF4BED009B460023EC
:2052A0009946834400933C037B005046240B5B0DFF0F002B00D11FE1C64A934200D162E1CB
:2052C000C549420F8C46E40059461443802263441204CB1A14439B46C200002033007B4077
:2052E0009A464B460F2B27D8BC499B00CB589F46B246009B022B16D0032B00D18EE2012B1B
:2053000000D0D9E000230024002552461B052343D20713432800190005B0F0BCBB46B246B0
:20532000A946A046F0BD00240025AA4BEDE7BA46A04615000090DCE7444500D2C7E100D1B7
:20534000C2E101235B429C462E0040460025E3442302140E1C431B0C994623041F0C1202F5
:20536000494600920197FFF769FB02007A430B04310C804619438A4207D901235B429C469E
:205380000919E0448C4200D807E2881A4946FFF755FB09048C4631046646019A090C4243CC
:2053A000030031438A4204D90919013B8C4200D8EDE1881A424612041A4390464146009B66
:2053C0000E041B0C1F000293009B360C1B04190C0B007343120C7E43039151437A431F0C0F
:2053E000BC4676186644B14203D9802149028C466244310C8A1831041E04360C8E1990424F
:2054000002D312D1B54210D24346591E009B9C4665441F009D429B415B421B19C01884428C
:2054200000D2A0E100D19BE18846AE1BB542AD41801A6D42401B844200D1D5E14946FFF7DA
:20544000FDFA019A0B044243310C050019438A4200D96CE1881A4946FFF7F0FA019A3604B0
:2054600042430904360C03000E43B24200D953E10398B61A02002D041D43029F2B041B0C0E
:205480005A437B439C46290C4843130C844463447943984203D98020400284466144180C9A
:2054A00012041B04120C41189B188E4200D2FFE000D1FAE001231D43494A5A44002A00DCA6
:2054C000AAE06B0700D03DE1ED084346DB0106D54246444B1A4090468022D2005A44424BC7
:2054E0009A4200DD1FE743465B071D43434652055C02240B530D08E75246224300D17BE0BD
:20550000002C00D1FAE0200001F096F902000B3A1D2301009B1A52460839DA408C401443C1
:2055200052468A40314B58449B4683440020D5E64B462343984644D0002C00D1CEE02000BA
:2055400001F07AF9010002000B391D235B1A49461000D940083884400B004D46234398464D
:2055600085402348831A9B460023994600939AE64B46234398461DD108239946063B002535
:20558000834600938FE65246224309D1022349461943184B89469C4600240220E3449DE64F
:2055A00003234A461A43134B91469C4652460320E34493E60C239946093BA04683460093D2
:2055C00071E60423994600239B4601330025009369E6C046FF07000001FCFFFF4CCF000805
:2055E000FF030000FFFFFFFEFE070000F30300000DFCFFFF01F8FFFF4946012319438946D7
:20560000002401206AE6002380249A4600258A4B24037AE601256D4201239B1A382B00DDDF
:2056200070E61F2B00DCBFE01F2149428A1A4146D1400A00202B04D04146804B5B44994055
:205640000D436B1E9D4107232A431D0000241540134200D1D4E00F2100231140042900D1EA
:20566000CBE0111D9142924152429B180A00190200D4C2E001230024002546E68023414606
:205680001B03194208D01C4206D11C432403BA461500694B240B38E68024434624031C4335
:2056A0002403B246644B240B2FE6002B00D103E7A619681EA64200D28DE08E4200D2A3E061
:2056C00000D1B3E00500F5E6AA4200D939E64346DE0758086B081E43ED0739E6484601F06E
:2056E000ABF801000200153120321C2900DC2CE74B46083883400025984632E701F09CF803
:2057000003001A00153220301C2A00DC00E75446083B00229C4005E73619013BB44200D9AB
:20572000A6E6B24200D8A3E6831E3619A0E60919013D8C4200D98DE68A4200D88AE6851EE1
:20574000091987E60F232B40042B00D1BCE605235B42AB429B4104355B42ED089844B4E6AC
:20576000AF4200D960E6824204D800D05CE6AE4200D859E602235B429C46009BE0449C461B
:2057800065449D429B415B421B19C0184DE68A4200D80EE6831E09190BE68A4200D8F4E500
:2057A000831E98460919F0E52549280059448D4042468A40691E8D414146D840D9400243CF
:2057C0002A430B00510700D151E70F211140042900D046E74BE705008E4200D06AE6009A84
:2057E000934200D066E667E6164A5A44002A00DC10E701230025984467E65D075B021C0B16
:20580000D2080023154380E50098023D42008242BF417F423C1936190092DDE78024434609
:2058200024031C432403044B240B6EE5009A9A42EAD30500D3E7C046FF0700003E040000AA
:205840001E040000FF030000F0B54E464546DE4657469046E0B517001A03120B0500844614
:2058600019480E034C0091465A00DB0F9B46360B640DC90F520D844219D0824210D0012011
:2058800094420ED14E450CD10120C44509D1594517D0002C05D130002843431E984100E0A3
:2058A0000120F0BCBB46B246A946A046F0BD330001202B43F5D1A242F3D14B463B43F0D1A0
:2058C000E2E70020EDE7C046FF070000F0B54746CE460400180016001B031B0B2D4D4A007F
:2058E000994680B543000F03A446B0463F0B520DC90F5B0DC00FAA4221D0AB4213D0002AD0
:2059000022D13C43002B02D14D462E4322D0002C10D0814222D00220013908400138C0BC07
:20592000B946B046F0BD4D462E4329D1002AF0D13C43EED10028F2D101204042EFE73D00FD
:2059400025431DD19342EED0002BE2D14C462643DFD1E0E70020002CE1D0DCE79A420ADC8C
:20596000E8DB4F45D7D80ED000204F45D7D20029E2D00800D3E74342584140000138CEE7FD
:2059800002204042CBE7C445C5D80020C445C6D2EDE7C046FF070000F0B54746CE46040020
:2059A000180016001B031B0B2C4D4A00994680B543000F03A446B0463F0B520DC90F5B0D80
:2059C000C00FAA420DD0AB4210D0002A27D13C43002B11D14D462E430ED10020002C15D0A0
:2059E0000EE03D00254310D1934218D14D462E430BD1002A02D13C43002C0BD0814214D06B
:205A0000022001390840013800E00220C0BCB946B046F0BD0028F9D101204042F6E7002BEC
:205A2000ECD14C462643E9D1EAE79A4204DD4342584140000138E9E79A42EBDB4F45DFD812
:205A400006D000204F45E1D20029E5D00800DDE7C445D5D80020C445D8D2F5E7FF070000F4
:205A6000F0B557464E464546DE46E0B598460C034B000600924687B0240B5B0DCF0F002B1F
:205A800000D15CE1D94A934200D175E1420FE4001443802212041443D54AC50094466344D9
:205AA0000093002399469B46434642461E03D20F5B0050469046360B5B0D00D120E1CB4A06
:205AC000934200D162E1CA49420F8C4600996344F6008C46164380229C44120463461643AC
:205AE000C200002000930099434601318C4649467B4001930F2926D8BE4B890059588F46DF
:205B0000434601933400150083465B46022B16D0032B00D103E2012B00D0CDE000220024CF
:205B20000025019B12052243DB071A432800110007B0F0BCBB46B246A946A046F0BD0024AE
:205B40000025AA4AEDE7280C2D042D0C2B00110C1204120C5343984613002F004343994623
:205B60004F434F44BB4647460B003F0CBA464343DA440293D14504D980277F02B9464B443A
:205B8000029353461B0C9B4653461F0443461B041B0C98463B0043440493330C3604360C52
:205BA0009846330043439946434643432F009A46434677435D43380C4D444519A94503D971
:205BC00080235B029946CA443F04280C3F0C2D04ED19270C2404240C0300200050437A43E1
:205BE00091463A0053440593030C9A464A43614349445144AB44894503D980235B029946AB
:205C00004A4400040B0C000C0904091820009946434670435C437E435F43030C9846A419BA
:205C200044444A440397A64204D980235B029846474403972304029E9A46059B5E44984625
:205C4000AE42AD4176188E4289410004000C504440446D424719B846934649428946C344CF
:205C6000D94498428041A845AD4193459241894589416D4240422843240C524249420A4316
:205C8000039B00198018C7184B46DC0D049B75021D436A1E95414B46F60D7F0235435A029F
:205CA0003C431543FB0100D41CE101216A080D401543E207154364084F496144002900DC18
:205CC000B0E06B0709D00F222A40042A05D02A1DAA42AD416D4264191500E30104D580218B
:205CE000464AC90014406144454A914200DD26E76207ED08640249051543240B4A0D10E71F
:205D00005246324300D17FE0002E00D1DCE0300000F092FD02000B3A1D2301009B1A524607
:205D20000839DA408E40164352468A40009B3549181A03008C46634400200093D3E6250027
:205D400005434AD0002C00D1B0E0200000F074FD010002000B391D2310005B1A3100350061
:205D600008388440D94085400C432648831A0093002399469B4697E60500254326D1082266
:205D800000930223002491469B468DE65246009B324310D1154900268C4663444946009354
:205DA00002231943894602209DE65B460197022B00D0ADE6C3E60D4A0320944663444A46F1
:205DC000009303231A43914652468CE60C2200930323050091469B4666E6042399460023B3
:205DE0000093013300249B465EE6C046FF07000001FCFFFF8CCF0008FF030000FFFFFFFE2C
:205E0000FE0700000DFCFFFF49460123194389460026012067E6002380240025434A0193F7
:205E200024037EE60120401A382800DD76E61F285BDD1F2223005242511ACB401900202875
:205E400003D03B4A6244944025436A1E95412A000A4307210D000024154011425BD00F21D7
:205E600000241140042953D0111D914292415242A4180A0023024BD501220024002550E648
:205E800080231B031C4209D01E4207D133431C0343461500240B254A019342E6802212038E
:205EA00014432403214A240B01973AE600F0C4FC01000200153120321C2900DC4BE7340040
:205EC00008380025844050E700F0B6FC03001A00153220301C2A00DC1EE75646083B0022E4
:205EE0009E4023E7009B9C46E6E61249220061442E008D408A40C640691E8D4132432A434D
:205F0000C4405307B6D00F2111400429ACD1B1E765076402240BD2081543002201E68022FC
:205F2000120314432403014A240BFAE5FF0700003E0400001E040000F8B557464E464546A2
:205F4000DE46E0B51E0017004A000B03520D5B0A9046420F1A43CD0FCD4C3103C3009446ED
:205F600070007A0F490AFF009A46B946400DF60F1143A04200D1B1E001225640B346B54264
:205F800000D188E04246121A002A00DCAEE0002800D1C1E0BE48804500D151E18020000474
:205FA0000143382A00DD7BE11F2A00DDEEE120203E00801A0C00D640D1408740624684408F
:205FC000521A781E8741944634432743DC1BA3429B4162465B42D31A99464B461B0200D4F1
:205FE00018E14B465802430A99464B46002B00D137E1484600F020FC0100083920232200AB
:020000040800F2
:2060000048465B1ADA4088408C4043461043884500DD36E1C91A4B1C1F2B00DDEAE02022B5
:206020002600D21A01009440DE40D84000239140621E94418146984631430C43630709D04F
:206040000F232340042B05D0231DA342A4416442A1441C004B461B0200D4DEE041468C4B58
:206060000131994200D1E7E04B468A48E4080340180049055B07400223434A0D040B1205FC
:20608000ED0722432A4318001100F0BCBB46B246A946A046F8BD4246121A002A52DD0028AD
:2060A00000D19CE0A04500D1CAE0802000040143382A00DD49E11F2A00DC97E110000E0027
:2060C0002038C640202A04D04020821A91400F43B9464C46621E944134433AE10A003A4326
:2060E00028D0B346B5422BD06B4A4244002A5DD042464446821A002C00D0F5E065461D43A1
:2061000000D19CE1551E012A00D1FBE1604CA24200D1BDE12A00F0E00800384300D1C3E0F6
:20612000501E012A00D1A8E1594CA24200D187E0020036E701225640B346B54200D021E70B
:20614000554A4244002A00D1B5E042464446821A002C00D138E14E4EB04200D1DEE1802602
:20616000644636043443A446382A00DD96E11F2A00DD24E22026B41AA24664465646B440C2
:20618000A1461C004E46D440264334005646B3405E1EB3411C436346D340C918E419BC42C1
:2061A000BF417F42B94680468944D8E040463B4C0130204200D0B4E04046002800D044E12D
:2061C0006046184300D190E10800384300D0AAE16146DB0849070B436146CC0827E00800EC
:2061E000384361D0501E012A00D139E1A24227D002005DE702001F39CA401100202B03D0BB
:206200004022D31A98400443631E9C410023994698460C43630700D012E74B464A46E40843
:206220005B072343D408424619498A420ED024035205240B520D22E70A00002400231EE7BB
:20624000DB086246520713436246D4081A00224300D1FCE180221203144324030C4A240B99
:206260000DE7200000F0E8FA010018311F2900DCC4E608388440434620000024884500DCA6
:20628000C8E6044A5B1A104098468146D6E6C046FF070000FFFF7FFF01F8FFFFFE07000058
:2062A0000F437A1E974191E66146DB0849070B436146CC08B8E74046D34C0130204200D05B
:2062C000A2E04046002800D001E16046184300D15EE10800384300D05FE16146DB0849075E
:2062E0000B436146CC08A2E7C84DA84200D1CFE0802564462D042C43A446382A56DC1F2A17
:2063000000DDD1E020251E00AD1A6446AB40AC40D6405D1EAB41344323436446D440091B08
:2063200049E06046DC1B461AA34280414042814630004E46801B8146000276D44B462343DF
:2063400000D052E60024002571E739430C00621E9441E4189C429B415B42634499464B464D
:206360001B0200D456E701239C46A84BE044984538D04B46A6480122034018006308144031
:206380001C43C3071C434308994657E610000E002038C640202A04D04020821A91400F4355
:2063A000B9464F467A1E974137430FE662461A4313005A1E9341FC1AA742BF417F42CB1B60
:2063C00099465D46804608E666461E4300D1BEE0561E012A00D109E18C4CA24200D119E12A
:2063E0003200C1E642460024002348E620200C00801A3E0087408440D640781E8741D14093
:2064000034433C438C44A4E7804A904200D1E9E0DF199F429B4161445B42C918CC077F08C3
:206420004B08994680463C43F4E6FC1AA742BF4163467F42C91ACB1B99465D46D5E5FF0896
:206440004B075D463B43CC08EEE662461A4300D082E00B003B431BD1802400252403F9E6A6
:20646000DC199C429B41614489465B4299444B461B0244D401239846CCE6DC1B6246A34281
:206480009B41511A5B42CB1A994601239846A4E5FF084B075D463B43CC08D7E662461A43B9
:2064A0001400631E9C4179E615006446203DEC40A046202A05D040256446AA1A94402343B1
:2064C0009A465446631E9C414346234373E762461A4323D00A003A4300D0A0E06246DB0841
:2064E000520713436246D408B0E60B003B4300D128E7FF084B075D463B43CC0897E602237A
:20650000984636E7FC1AA742BF4163467F42C91ACB1B994601235D4698465EE54B07FF082E
:206520003B43CC0892E6DC1B6046A342B641401A7642801B8146000260D5FC1AA742BF416E
:2065400063467F42C91ACB1B99465D4676E5FF084B073B43CC0867E60A00DB083A4300D1F8
:206560006FE66246520713436246D40880221203144207D0C808104204D15D460400FB0866
:2065800049070B435A0FDB00DB08520713435DE64B07FF083B43CC0849E6DC199C429B41BB
:2065A000614489465B4299444B461B0200D431E64A46174B1A400123914698462AE6160009
:2065C0006446203EF440A046202A05D040266446B21A944023439A465446631E9C41434603
:2065E0001C43DBE502000024002348E5DC19BC42BF41614489467F42B94438E74B462343CB
:2066000000D19FE606E6C046FE070000FF070000FFFF7FFFFF084B073B43CC0816E662465C
:20662000DB08520713436246D40880221203144207D0C808104204D15D460400FB0849076F
:206640000B435A0FDB005207DB081343FEE50023014A1C0013E5C046FF0700000A0030B5B6
:20666000134C530009030500090B00205B0DD20FA34204DD0F48834202DD0F4BD01830BDEA
:206680008020400301430D48C01A1F2808DD0C48C31AD9400B005842002AF0D11800EEE7B1
:2066A000084CC540A446634499400B002B43F2E7FE0300001D040000FFFFFF7F33040000F0
:2066C00013040000EDFBFFFF70B5002816D0C317C5185D40C40F280000F0AEF8114A121A1E
:2066E0000A2816DC03002E0015339E400B23181AC54052052D032D0B530D03E00024002371
:20670000002500261B052B43E40723433000190070BD0B38854052052D0300262D0B530D8C
:20672000F0E7C0461E04000002004B00F0B55B0D0C033D4E640A400F5F1CC90F0443D5003A
:2067400037420AD039481E18FE2E16DDFF200024C0052043C9070843F0BD002B06D12C436C
:2067600026D005229201540AD8B2F1E72543EDD08020C0030443FF20EAE7002E1BDD920131
:20678000531E9A41E4006D0F22432A43530748D00F231340042B00D004328023DB0413407A
:2067A0003FD0701CFE2ED1D09201540AC0B2CFE700200024CCE73200173222DB8020000445
:2067C00020431E24A41B1F2C1DDD02225242961B0200F2401600202C04D0154A944663445D
:2067E000984005432A00531E9A41324300265307CED180241300E404012023402242D3D144
:20680000B0E70023ADE70B4A94462A00E24014002A0063449A409840551EAA410243224310
:20682000E4E733009EE7C046FE07000080FCFFFFA2FCFFFF82FCFFFF1C2101231B049842DE
:2068400001D3000C10391B0A984201D3000A08391B09984201D30009043902A2105C401871
:206860007047C04604030202010101010000000000000000F0B557464E464546DE46E0B532
:206880000F001900002306009846100083B0002F07DA33003C0000275E42A74101235B4297
:2068A0009846002907DA4346DB430C009846030000215842A14134003D0082468946B942BC
:2068C0006AD867D04946504600F0BAF883463900300000F0B5F85B461B1A9C46203B9B46B5
:2068E0006BD458465146814060460B00514681400A00BB4200D972E0BB4200D179E03400CD
:206900003D005946A41A9D41002900DA74E00021002001260090019159468E400196614673
:2069200001268E406146009600295FD0D90756080E435F086146012200230CE0AF4201D13B
:20694000A6420AD8A41BBD4124196D410139A4185D41002906D0AF42F0D9013924196D4153
:206960000029F8D1009801995B4600196941002B4DDB2E002C00DE406346DC405B46002B33
:2069800055DB34009C4023006446A6403200801A994103E0B04295D9002000214346002B26
:2069A00004D003000C0000215842A14103B0F0BCBB46B246A946A046F0BD62464846202304
:2069C000514690409B1AD94003000091009960460B43514681400A00BB4200D88CE7002196
:2069E000002000900191614600299FD100980199D4E7B142F3D882E7614620260127761A5C
:206A000000200021F74000900191019787E7624620239B1A2A009A40260013006246D6403B
:206A20002C001E436346DC405B46002BA9DA62462023350094409B1ADD4023002B43A3E7D4
:206A400010B5002903D1FFF7F7FE203002E00800FFF7F2FE10BDC04630B585B0019004B235
:206A6000051401200291039205F0A8FF201A0A2822DD1F4B1F4A106C19681F4B884204D9CC
:206A8000116C01391164002201E01A6801321A601A4B1B68012B0DD0194B1868281A0A284F
:206AA0001BDD144B174AD96B1268914202D2DA6B0A32DA6305B030BD012005F07FFF241A87
:206AC0000A3408DA0B4B104A196C12689142DFD21A6C01321A64084BD5E70A30EADA054BCF
:206AE0000A4AD96B12689142E4D9DA6B013AE0E7B803002000040040E4030020C80300209C
:206B0000CC030020000200200C020020B4030020074B08491A6C28320A60196C064A28294C
:206B200003D91B6C283B136070470023FBE7C046000400400C020020B803002010B5FFF752
:206B4000C3FD084B084AFEF78BFFFEF719F80023B32801D90300B33B044A1364FFF7D8FFF0
:206B600010BDC04683C0D23F8D976E1200040040012010B505F022FF9623DB0098420ADBB7
:206B8000012005F01BFF044B984204DC012005F015FFFFF7D3FF10BDDC050000074B084979
:206BA000DA6B64320A60D96B064A642903D9DB6B643B136070470023FBE7C0460004004035
:206BC00000020020B403002010B5FFF77DFD0022094BFEF743FB0022084BFEF741FFFDF740
:206BE000CFFF074A0023904201D8064B1B1A064AD363FFF7D3FF10BD000059400080584056
:206C00005504000056040000000400409623006810B59B00984202DC00B2FFF7D5FF10BDFB
:206C2000002210B5012802D0002805D1012290200421C00502F0DEFB10BD9020042110B585
:206C4000C00502F0D1FB0023012805D090200421C00502F0C9FB0123180010BD1FB515202E
:206C60000CB205F0ABFE0123844200DC0023D8B204B010BD1FB503B201AC01200291039245
:206C8000002B0CD0074AE3889B18074A9BB2934205D80823E05E963843425841C0B204B0B3
:206CA00010BDC046BFE0FFFFDE2E000084B00392084A01901268002001AB02911F2A06D9AB
:206CC00002215B5E0122632B00DC021CD0B204B07047C046E40300200020054B090CC918CD
:206CE000044B89B28B42404184B0C0B204B07047BFE0FFFFDE2E000070B5040047200D0065
:206D000005F05CFE0023844221D0124B1B68002B1DD0114B1B68002B19D0002229B24920F9
:206D200005F01EFE012240210C4802F063FB012210210A4802F05EFB01222021074802F084
:206D400059FB0022472021B205F00AFE2300180070BDC0460402002008020020000400487C
:206D600070B504000F2800D951E1FDF7D7FD10002700390068009400A100AE00CB00D80082
:206D8000E500F200FF000C01290136014301A22005F014FE012802D10024200070BD002213
:206DA0000121A22005F0DCFD0124A12005F00EFE0122A2400388134303803EE0A22005F0FC
:206DC000FDFD0028E8D00022A220110005F0C8FDA12005F0FBFD0122A2400388934342E0F4
:206DE000962005F0EBFD0128D6D000220121962005F0B6FD00220121492005F0B1FD012519
:206E0000492005F0DBFD0024C1B24020FFF774FF804B95201C6005F0D9FD0122AA4003887D
:206E200013430380FFF709FF012805D0902022000421C00502F0DEFAC0460224ADE7962081
:206E400005F0BCFD0028A7D000229620110005F087FD012501246F4B95201C6005F0B6FDA5
:206E6000AC400388A343038090204021C00502F0BBFA012805D1902000224021C00502F0CC
:206E8000B9FAFFF7DAFE0224002800D185E70020FFF7C6FE81E7A32005F090FD012800D165
:206EA0007AE700220121A32005F05AFD02247CE7A32005F083FD002800D16DE70022A3202B
:206EC000110005F04DFD022482E7972005F076FD012800D160E700220121972005F040FD46
:206EE00080210022C900482005F03AFD002201214A2005F035FD00224920110005F030FDDF
:206F000002257DE7972005F059FD002800D143E700229720110005F023FD02259AE7A42056
:206F200005F04CFD012800D136E700220121A42005F016FD032438E7A42005F03FFD002889
:206F400000D129E70022A420110005F009FD03243EE7A52005F032FD012800D11CE700220A
:206F60000121A52005F0FCFC04241EE7A52005F025FD002800D10FE70022A520110005F058
:206F8000EFFC042424E7982005F018FD012800D102E700220121982005F0E2FC802100229C
:206FA000C900482005F0DCFC002202214A2005F0D7FC00224920110005F0D2FC03251FE7CF
:206FC000982005F0FBFC002800D1E5E600229820110005F0C5FC03253CE7A72005F0EEFCB7
:206FE000012800D1D8E600220121A72005F0B8FC0624DAE6A72005F0E1FC002800D1CBE6F8
:207000000022A720110005F0ABFC0624E0E60024DEE6C04604020020F0B589B01D000EAB22
:20702000079200229B5E05900F200493069105F0C5FC05ACC0B2012D07D0012842D0022867
:2070400000D188E0002800D0E2E001200021774E3268736812184B4132607360744E32684A
:20706000736812184B4132607360724B00220C21595E05F075FC00212020FFF73DFEFFF769
:20708000DCFD002802D00020FFF7CAFD0223E05EFFF71AFB060002200F0005F08FFCFFF725
:2070A00013FB654A654BFEF7DBFC02000B0030003900FDF709FD021E02D10121012D46D1CD
:2070C00009B0F0BD0126002758495D4C0A684B6892197B410A604B602268636892197B4155
:2070E00022606360534B00220C21595E05F038FC00212020FFF700FEFFF79FFD002802D09D
:207100000020FFF78DFD4A4B18685968002326686768CA0F12184B4100920193019BD90748
:20712000009B5A08019B0A435B10BB4265DC01D1B24262D80C2005F041FC22686368C11735
:2071400099425ADC01D1904257D8002202210F2005F006FC51E0374D00226969012009B25B
:2071600005F0FEFB01200021304C2268636812184B4122606360FFF760FD002802D00020A6
:20718000FFF74EFD2A4E2E4F3268736802920393386879682268636800920193029A039BE4
:2071A00012184B4192185B4101998B4225DC02D100998A4221D80D2005F000FC22686368C7
:2071C000C117994219DC01D1904216D8102005F0F5FB0090012810D100220F20110005F06F
:2071E000BFFB009805F0EAFB00220023686122606360326073603A607B60012005F0DEFB47
:20720000049B0022C01801B2012005F0A9FB57E700215020FFF770FD002202214A2005F092
:207220009FFB802100224820C90091E7C0030020E8030020CC030020666666666666EE3FDA
:20724000F003002010B5084C01222000402102F0D1F820000122102102F0CCF80122202115
:20726000200002F0C7F810BD000400480321034A13688B43034313607047C04600000140B3
:20728000044BDA68002902D01043D86070478243DA60FBE700100240C046704713B5040064
:2072A00001F0E6FE002811D18022E4021205A4180122074B0190186001A918005C609A609E
:2072C00001F084FF002801D101F0E6FE16BDC046F803002003000C4830B50C4C0D1801209D
:2072E000A5420FD8C2400024501E5B1A5200944206D00D680234A4B25D500431A042F6DC22
:20730000C046002030BDC04600087FFFFF078007F8B507000E00140001F0AAFE002807D1D2
:207320000500A408AB00F118AC4202DC01F0B4FEF8BDFA580220002301F0E2FE0028F7D16C
:207340000135EFE7920892005218401A914201D1002070470B6843500431F7E7F0B5802750
:207360000E4C0F4EA5440C00BF003A00310005006846FFF7E7FF0B4B1F20E4186B46A408BA
:20738000A400E550FFF78AFF3A0031006846FFF7BFFF0020044B9D44F0BDC046FCF7FFFFD4
:2073A00000F800080008FFF70408000030B585B00C22002101A805F095FD08222E4C2F4B0C
:2073C000626180225202A261C222002523600123FF32E2612000621D6560A560E56023619B
:2073E0002562D377A56201F059F9A84201D000F079FF80235B0102930623200001A9019532
:20740000039301F089FA002801D000F06BFF0123200001A9019301F07FFA002801D000F03A
:2074200061FF0323200001A9019301F075FA002801D000F057FF0423200001A9019301F053
:207440006BFA002801D000F04DFF0723200001A9019301F061FA002801D000F043FF102360
:20746000200001A9019301F057FA002801D000F039FF05B030BDC046040400200024014016
:2074800030B5050089B01422002103A805F02AFD1E4B2A689A4236D180201D4B8000996943
:2074A0000143996180219A69890202400192019A5A6990200A435A615B69C0050B4002930B
:2074C000029B9B2303A90393983B049301F0C8FE104C114B2000236000236360A3608033F7
:2074E000E360803323618023DB0063612023A36180235B01E36101F0E3FC002801D000F08D
:20750000F1FE2C63656209B030BDC046002401400010024044040020080002400B480C4B67
:20752000802210B5036010239202436002610023C0228361920383838360C360426101F096
:20754000C9FA002801D000F0CDFE10BD880400200064004010B5040088B01422002103A894
:2075600005F0C0FC164B22689A4227D18020154B8004D9690143D9618021DA69C902024066
:207580000192019A5A6910480A435A615B690B400293029BC0239B00039302230493013355
:2075A000069303A90133079301F05AFE00221E20110001F027FC1E2001F04EFC08B010BDEC
:2075C00000640040001002400004004807B50120084A516901435161536902210340002246
:2075E00001930830019B01F00DFC092001F034FC07BDC04600100240F0B589B0142200218E
:2076000003A805F06FFC80202C4B8002596990270143596180215A69C90202400192019AB0
:207620005A69274C0A435A615B69264DFF050B403800210002930022029B01F0DBFE0022ED
:207640002800702101F0D6FE012603940024380003A904960594069401F002FE202303934F
:20766000C42338009B0303A90493059401F0F8FD80231B020393882328005B0303A90493C1
:20768000059401F0EDFD0823280003A903930494059401F0E5FD7023280003A90393049646
:2076A0000594069401F0DCFD22003100072001F0A9FB072001F0D0FB09B0F0BD0010024023
:2076C00044800000000400480123234910B50A689A431A430A600A681A42FCD01F4C626B5D
:2076E000134363630223626B1A42FCD0F822636B93431A008023134363638023626B5B02F0
:207700001343636380239B02626B1A42FCD0F0226368934363606368114A13400322636041
:207720006368134363600932636813400C2BFBD10C4803F02FFD002000F008FF002801D086
:2077400072B6FEE70422636B93436363236B7C329343236310BDC04600200240001002406D
:20776000FFF8FFFF006CDC02F8B500250124414B18685968001969417F25186059601A68EC
:207780005B68154200D074E0222005F017F99623394E3A4C328852099B1A58438012208106
:2077A000212005F00BF97288354B5343354A1B129B18434323209B12E38005F0FFF8FA233E
:2077C000B2885B0053431B1258438012A0801F2005F0F4F8F2882C4B5343DB125843801243
:2077E0002080202005F0EAF83289284B53431B135843274B8012608070891E68254B002250
:207800009B5EC01AFDF7DCFC311CFDF793FB2249FDF7F2F9FDF7B4FC60813D2005F0CEF813
:207820000700012812D11D4B3E201E690223E25ED3171D40AD1805F0C1F8ED11ADB24543E4
:20784000380005F0C3F8761BB6B20680162005F0B5F800280DD160882388E1880004184388
:20786000A388628909041943238912041A43FFF7F3F8F8BD48070020B0040020D00400209D
:20788000330300003F1D000017070000E3090000BC040020CC0400200000F041CC0300205C
:2078A0007047000007231A4A10B51068516803422CD110685168174B1C68844202D15C68D7
:2078C0008C4223D01068516818605960124A134B11881888091849081980518858880918AD
:2078E0004908598091889888091849089980D188D88809184908D980118918890918490869
:20790000198152895989521852085A8110BDC0464807002028070020C0040020B004002028
:2079200070B501240C4D20000023EE5E05F056F8864209DA200005F065F828800134A4B282
:207940000235B42CEFD170BD20000023EE5E05F04FF88642EEDCF1E7D00A002070B51C4C67
:20796000236801330FD121001A48FFF7F7FC1A491A48FFF7F3FC1A491648FFF7EFFC19494E
:207980001448FFF7EBFC2168174A1848FFF7A2FC041E1AD1104B802219681548FFF79AFC5C
:2079A000041E12D1FFF7BCFF022005F007F8114D2860042005F002F86860052004F0FEFF24
:2079C000A860062004F0FAFFE860200070BDC04600F800084CF8000804F80008C0FF0008DA
:2079E00008F800080CF800082E040000D00A002050070020CC030020F0B5D64BD649D74ADB
:207A000087B01868C85004339342FAD101210800FFF736FC0320FFF729FCD14B1B78012B55
:207A200000D1C04600F0B6FDFFF74EFEFFF7E4FDFFF7CCFDFFF7BAFC04F0EEFF00F012FD68
:207A400000F0A0FCFFF76AFDC64C200000F0EAFF0622C549200000F0C9FE04F0ADFDC34C78
:207A6000C348210004F0ACFBC24BC34AC349C0480093C34B04F0D6FB20000124C14BC24A4E
:207A8000C24904F0AFFA0121B94804F09FFC0221B74804F0A1FC0A21B54804F0A3FC03F02B
:207AA0000DFD03F0E9FCBA4D200004F0ABFF0134B84BA4B2288002359C42F5D1FFF74EFFCB
:207AC000022004F07BFFB44E3060162004F076FF002800D027E13000FFF798F83000FFF709
:207AE00047F800240022AD497D2004F039FFAC4AAC4BAD4DD36208219462280002F076FE79
:207B00000C21280002F072FEA84BA94AA948DA6207229A6202F0E2FBA74B00229B5EA74AA9
:207B20001380A74A0020105EA64A1080C01AFEF7CBFD02000B000020A349FDF78FFBFEF790
:207B4000F3FDA24B012118602000FFF7D5F801214020FFF7D1F8472004F030FF220081B2AB
:207B60009B4801F047FCFA20400000F035FD01212020FFF7C1F8472004F020FF220081B292
:207B8000934801F037FCFA20400000F025FD01211020FFF7B1F8472004F010FF220081B2CA
:207BA0008B4801F027FCFA20400000F015FD012004F004FF3061706190202021C00501F061
:207BC00013FC844B18703E2004F000FF05003E2004F018FF220021002880952004F0C0FE2E
:207BE00022002100A12004F0BBFE8021902001220902C00501F0FEFB774F78883B88F9889C
:207C000000041843BB887A89090419433B8912041A43FFF72FF8012800D098E02000FFF77B
:207C20009FF8902000224021C00501F0E3FB002303930493694804F0C9FE0022BB5E03806C
:207C4000674804F0C3FE0222BB5E0380654804F0BDFE0622BB5E03808320800004F0B6FE15
:207C60000822BB5E0380604804F0B0FE0422BB5E03805E4804F0AAFE0A22BB5E03801620F2
:207C800004F09CFE00280CD1454D04302C6C746004F09CFE0480EC6B0520B46004F096FEF5
:207CA00004800F2004F08AFE00220100AC2004F057FE4F4B039A18685968904202D1049AA2
:207CC000914206D01A685B6829480392049304F0B9FA492004F072FE002800D005E100F0D7
:207CE00075FC444C2368984200D887E000F06EFC0500482004F062FE4519256000F066FC8F
:207D00002368984203D9482004F058FE20600022394B1A60472004F051FE012281B22C485C
:207D200001F068FB8CE0162004F048FE012800D0D7E6033004F042FE194C2064FEF7E8FE32
:207D4000052004F03BFEE063FEF728FFC9E6012065E7C0460048000800B8FF17C048000822
:207D6000FCF7000804040020C004002004070020DC040020F7C50008E1C50008C9C50008C9
:207D8000EBC50008ADC50008A1C5000861C40008D00A002017020000CC0300202E040000E2
:207DA00000040040BF03000018080020002000405FEA0000D0070020B8F7FF1FCC04002020
:207DC000C2F7FF1FCE04002000005440BC0400200004004810020020D004002009020000E9
:207DE0000A0200000B0200000D0200000F02000048070020300700203807002000F0E6FB54
:207E0000C74C236898421BD900F0E0FB8030206000F0DCFB2368984201D9802323604A2065
:207E200004F0CCFDBF4A40001368984253D901334720136004F0C2FD81B2BB4801F0E0FAF9
:207E4000BA4B58881A88D988000410439A88090411435A891C8912042243FEF7FFFE012842
:207E600052D10130FEF77CFFB14DB24C2868696822686368904202D1994200D179E0226858
:207E800063689204930C0593002A72D1226863682A606B60A84B1B78012B00D0CAE6A34C12
:207EA00060882388E18800041843A388628909041943238912041A43FEF70EFF0500012899
:207EC00024D0392004F07AFD012800D0B2E60730FEF746FFAEE6472004F070FD81B292487F
:207EE00001F082FA0128ABD014E7472004F066FD81B28D4801F078FA0028A1D0472004F059
:207F00005DFD002281B20AE70320ABE70100059A392004F025FD0920FEF722FF0623E05E57
:207F2000FEF7D2FB854A864BFDF79AFD0022854BFEF702F8FEF792FB04B23A2004F03EFDB2
:207F40002300193B4343804A342013807F4B1D7004F034FDA04201DD0B20B9E70A20FEF74D
:207F6000FFFE3B2004F02AFDA04202DA0A20FEF7F7FE6E4C60882388E18800041843A3887C
:207F8000628909041943238912041A43FEF78EFE012843D10B30FEF7E3FE1C2004F00EFD64
:207FA000431E5A1E9341644A05001370012843D104F004FDE123DB00984231DB290030206E
:207FC000FEF79AFEFEF739FE002802D00020FEF727FE584B5E4A186859680023FCF77EFD97
:207FE0001A4300D026E6544B1B78012B00D021E6554A584B0021525E4C4C1B78009260885B
:020000040800F2
:208000002288E18800041043A288090411432289648924042243FEF7FFFF0BE60D20BAE794
:20802000280004F0CBFCC8232900DB00984201DC1020C5E76020C3E70220356804F0C6FC3C
:208040000580FEF7FAFD002802D00020FEF7E8FD1B2004F0B3FC0500012848D10022A35E73
:20806000E122D200934216DB02003B4904F078FCAF212A000901062004F072FC00221B208E
:20808000110004F06DFC0022A35EE122D200934219DB0F201CE7C822D200934213DC0200FD
:2080A0002E4904F05DFC2A002D49062004F058FC00221B20110004F053FC0022A35EC82230
:2080C000D2009342E5DD012296211000C90004F047FC01222249062004F042FC00221B200A
:2080E000110004F03DFC0E20FEF73AFE71E71B2004F064FC002800D06BE7013004F066FC2F
:20810000E1250022835EED00AB422BDB01213020FEF7F2FD0022A35EAB4200DA59E7B8E757
:20812000340700203807002000040048D004002040070020480700203C070020B37BF2B03C
:20814000506B9A3F002070401C0700203D070020FFFF00001E070020C80A00006405000096
:20816000AA050000012004F031FCC8250022835EED00AB4212DC012004F028FC9623002143
:20818000425EDB009A4209DD01211020FEF7B4FD0022A35EAB4200DD1BE77AE700216020B9
:2081A000FEF7AAFD9FE7C04610B5104C102221000020FFF7C7F8002817D11F30FFF76EF893
:2081C000002812D110222100FFF7A2F800280CD1074A21680748FFF79BF8002805D1064BAB
:2081E000402219680548FFF793F810BD00F8000817020000D00A002004F800085007002073
:20820000314B026873B59A4239D190202021C00501F0EAF82D4D2B78834230D0902020210E
:20822000C00501F0E1F82A4B002829D11A6801321A60312A23D9274A117801291FD0186007
:2082400001231370244B1B78012B12D1234A244C0021525E009260882288E18800041043D4
:20826000A288090411436289268912043243FEF7D3FE00210F200A00297004F071FB73BD05
:208280000022144C02210F201A60227004F068FB114B1B78012B13D1104A23780021525EE2
:2082A0000F4C009260882288E18800041043A288090411436289268912043243FEF7ACFE30
:2082C00001232B70DBE7C0460020004010020020200700201E0700203C0700201C07002053
:2082E000D004002072B6FEE701200A4B82B099690143996180219A69490502400092009A35
:20830000DA690A43DA61DB690B400193019B02B07047C04600100240FEE7FEE770477047DA
:2083200010B5FFF721FA00F045F910BD10B5202001F06EF88020000201F06AF810BD00004E
:2083400010B5024800F02CFE10BDC0464404002010B5024801F0F6FF10BDC046D0070020FA
:2083600010B5024800F04CFC10BDC0468804002010B5024801F0E8F810BDC046CC13002085
:208380007047000009480A4BFA2210B503600023920043608360C2600361836102F0C6F8E7
:2083A000002801D0FFF79EFF10BDC046D007002000200040074B026882B09A4208D1022042
:2083C000054AD1690143D161D36903400193019B02B07047000400400010024007B50B4BDE
:2083E00002689A4211D18020094A4000D1690143D161D369012103400193ED380022019B5A
:2084000000F000FD132000F027FD07BD002000400010024010B5040086B01422002101A8B3
:2084200004F060FD0C4B22689A4213D180200B4AC002516901435161536901A903400093A7
:20844000009B03230193013B02930548013B059300F006FF06B010BD0004004000100240C7
:208460000004004830B500258BB00822002101A804F038FD1C22002103A804F033FD1B4CB9
:208480001B4B200023601B4B6560A560E3602561A56102F073F8A84201D0FFF723FF200084
:2084A00001A90195029502F0A5F9002801D0FFF719FF6023039300230822200003A9049385
:2084C0000593079302F0C2F8002801D0FFF70AFF0C22200003A902F0B9F8002801D0FFF73A
:2084E00001FF2000FFF796FF0BB030BD1808002000040040BF0300000D4885460D480E4917
:208500000E4A002302E0D458C4500433C4188C42F9D30B4A0B4C002301E013600432A242D4
:20852000FBD3FFF72DFF04F0B9FCFFF765FAFEE700400020000200209403002068DD0008E2
:2085400098030020E0180020FEE7000070B50500FA200D4B80001978FCF7EAF90B4B010089
:208560001868FCF7E5F900F091FC04000120002C09D1032D07D802382200290000F042FC40
:208580002000034B1D6070BD18020020140200201C0200201023064A10B5116800200B43E6
:2085A0001360FFF7D3FFFFF79FFE002010BDC04600200240034A044B11681B785B1813600A
:2085C0007047C0466008002018020020014B18687047C0466008002070B50400FFF7F6FFF7
:2085E0000500631C02D0044B1B78E418FFF7EEFF401BA042FAD370BD18020020002373B5A8
:2086000003210193036804009A680A40012A07D11968114201D0002076BDDA681204FAD4C6
:2086200099681B4A114208D010230120A26B1343A363E36B0343E363EEE7012299680A43CC
:208640009A60144B14491868FCF772F90190019B002B19D1FFF7BAFF0125060023681B685B
:208660002B42D8D1FFF7B2FF801B0228F6D923681B682B42F2D11023A26B01201343A363AE
:20868000E36B1D43E563C7E7019B013B0193DEE7170000801402002040420F00F8B50400F6
:2086A0000120002C00D180E0A36B002B06D122003432E36320001370FEF7E2FEA36BDB06F7
:2086C00000D587E023680422996808001040114200D07FE0A26B4249114002220A43032154
:2086E000A2639A680A40012A05D1196811420ED1DA6812040BD41821DA688A43A1680A43A0
:20870000DA60196962688900890811431961DA6834490A40DA60A26A267E571E7A1E974113
:20872000617EE268C903B6030E43A57E1643226969033F030E43022A00D10420621DD27F43
:20874000E17E520032433A430243012904D1002D2CD1802149020A43C220E169FF308142B1
:2087600002D0206A01430A438020D96840051143D960E16A814202D0481E062807D80725DA
:2087800058692940A8435861586901435961DB6815490B40934211D100200322E063A36B13
:2087A00093431A0001231343A363F8BD2020A56B2843A063E06B0143E163CDE71222A36B0D
:2087C000012093431A0010231343A363E36B0343E363EAE71023A26B01201343A363E4E7C6
:2087E000FDFEFFFF1902FEFFE7FF3F83F7B5036804009B680E00022001925B0730D4270052
:2088000034373B78012B2BD001233B70637E012B27D1A36B164A00251A4080235B001343FE
:20882000A363E5633D70206B124B21688362124BC362124B03631C230B604A680C3B1343A9
:208840004B600123CA681343CB603200019B403100F068FB04232800226891680B439360F1
:20886000FEBD2000FFF7CAFE0028D2D0F8E7C046FEF0FFFF81880008F3880008FF880008A1
:208880005022436A10B5996B11422AD1996BB132FF320A43C0219A631A680901D068084251
:2088A00012D1997E00290FD1116809070CD5916849070DD40C205168814351609A6B0B496E
:2088C000114001220A439A631800FEF7EBFF10BD2022996B0A439A630122D96B0A43DA6395
:2088E000F2E71B6B1B6B9847F1E7C046FEFEFFFF704710B5406AFFF7FBFF10BD70474023DF
:20890000406A10B5826B134383630423C26B1343C363FFF7F3FF10BDF7B5002204000192D5
:20892000343422780300C56A0220012A2BD0013820701A689668760761D40B68324F9840F4
:208940001E0084464868103EB84240D06046976A384390628020400585420FD0013D062D17
:208960000CD90720556989680540A94206D05569014085435561556929435161022E03D9D1
:20898000002000232370FEBD20480168102B1BD01A00113A55426A411D4D52422A4080259B
:2089A0006D0452190A430260102BE9D1194B1A491868FBF7BDFF0A2343430193019B002B34
:2089C000DED0019B013BF8E780221204EAE76046916A81439162022ED2D80C4A1168102B6D
:2089E0000BD0113B58424341C0205B42000403400A481B180B401360C2E7094BFAE720220B
:208A0000996B0A439A63BCE70110000008270140000040FF1402002040420F00FFFFFFFEE3
:208A2000FFFF7FFFF8B506003436337804000220012B46D001230321337023689A680A40C8
:208A4000012A05D1196811423CD1DA68120439D4A26B1F49114002220A430321A263DD682A
:208A6000DA688A43DA608022996812060A439A60FFF7ACFD070023689A68002A0EDB032240
:208A8000D96815400D43DD60A36B002093431A0001231343A3630023337012E0FFF796FDD4
:208AA000C01B0228E7D923689B68002BE3DA1222A36B012093431A0010231343A363002376
:208AC0003370F8BD2023A26B01201343A363E2E7FDFEFFFFF8B504000120002C64D0251840
:208AE000EB7F002B02D12000FEF734FD0127226813683B431360FFF769FD060023685A68FB
:208B00003A4244D002271A68BA431A60FFF75EFD060023685A683A4247D1217E8022012900
:208B200049D119680A431A60617E4022012946D119680A431A60A17E2022012943D11968E9
:208B40000A431A60E17E1022012940D1196891431960217F082201293DD119680A431A606A
:208B6000617F042201293AD119680A431A60E168A26800200A4321690A4361690A436168FB
:208B800001390A43DA6101236062EB770CE0FFF71DFD801B0A28B1D98023626A9B02134316
:208BA000636205230120EB77F8BDFFF70FFD801B0A28AED9F0E7196891431960B4E7196879
:208BC00091431960B7E7196891431960BAE719680A431A60BDE7196891431960C0E7196859
:208BE00091431960C3E7704770477047704770477047704770477047704770477047704733
:208C0000F0B5036885B05E695A689F680192DA68340002921A69050003929A69009201220D
:208C20001440164222D03C001440174206D09A60BB0700D4AAE0FFF7D6FF002480235B00D0
:208C40001F4207D02A689360BB0500D4AEE02800FFF7CAFF80235B021F4207D02A68936091
:208C6000BA0300D4B1E02800FFF7BFFF330708D51023029A1A4204D08022920014432A68C3
:208C8000D360730708D50823029A1A4204D02A682800D360FFF7AEFFB30706D52B68DB6858
:208CA0009B0702D02800FFF7A4FF730608D51023039A1A4204D08022D20014432A68136158
:208CC000B30608D50823039A1A4204D02A6828001361FFF791FFF30606D52B681B699B07C5
:208CE00002D02800FFF787FFB30308D51023019A1A4204D02A6828005360FFF77EFFF30397
:208D000008D50823019A1A4204D02A6828005360FFF774FF33042FD5019B2A685B0729D5E1
:208D2000F30504D501230099194200D01C43B30504D502230099194200D01C43730504D5F1
:208D400004230099194200D01C43330512D57021009B00980B4008420CD0402B49D040D8D9
:208D6000202B48D0302B48D0102B41D0702193698B43936104235360002C05D06B6A2800AA
:208D80001C436C62FFF73BFF05B0F0BD7B0707D408233C001C401F4205D1FFF727FF4DE76D
:208DA000802424014AE78024640147E77B0503D580239B011C434DE73B0502D58023DB01C2
:208DC000F8E72800FFF713FF44E77A0303D580231B021C434AE73A03FBD42800FFF708FF83
:208DE00044E7502B0BD0602BC0D180235B0000E008231C43BAE71023FBE72023F9E78023F2
:208E0000F7E7000030B5FF2503242A000440E400A24089012940D243A140C3B200280ADBA5
:208E2000C0240B4B80088000C018A40003591A401143015130BD0F200340083B05489B0886
:208E40009B001B18D86902401143D961F2E7C04600E100E000ED00E0002805DB1F23184024
:208E60001E3B8340014A13607047C04600E100E0BFF34F8F034B044ADA60BFF34F8FC0469E
:208E8000FDE7C04600ED00E00400FA058022431E5204012093420DD2C021074A07485360B6
:208EA000036A09061B021B0A0B43036200200723906013607047C04610E000E000ED00E03A
:208EC00070B504000120002C24D00223A51CEB772068114B0268A1681A4063680B43E168CD
:208EE0000B4321690B4361690B43A1690B43E1690B4313430360094B1421C018FBF718FD23
:208F0000074B80002064E36300200123A063E418EB77E07770BDC0460FC0FFFFF8FFFDBF06
:208F200000000240F7B5451C0193EB7F04000220012B27D001232718EB77FB7F00269C4654
:208F40006046DBB2012828D10130F8772068A6630568266C9D43B3400560E56B6B60019B9D
:208F600043606368102B0ED18260C160E36A0268002B0BD00E2313430360012302681343DB
:208F800003600020FEBD8160C260EFE70A2313430422036003689343EEE70220EE77F1E739
:208FA000F8B504273E00016CC26B8E40156803681C6835420DD03C420BD01968890602D434
:208FC0001968B9431960C36A5660002B19D0984717E002273E008E40354213D03C4211D0E0
:208FE0001968890606D40A241968A14319600121C319D97756600022431CDA77836A9342E3
:20900000E5D1F8BD082637008F403D42F9D03442F7D00E251C68AC431C6001231C008C40FE
:209020005460821C8363D3770022C318DA77036BE5E700000C4A1021D06830B503000B4034
:20904000084205D002230948C4692343C3610B000420D168014205D00121044C0343E5693E
:209060002943E161D36030BD0020024068080020064B00201A69120606D5054A5A60054AF1
:209080005A6018690006C00F7047C0460020024023016745AB89EFCD8023034A0020116957
:2090A0000B4313617047C0460020024070B50400FFF78CFA01260500104BDA68324211D10B
:2090C0002022D968114200D0DA60D968102208001040114202D1DB685B0708D5FFF7AAFF9E
:2090E000012004E0621CE8D0002C01D1032070BDFFF76CFA401BA042DED9F7E70020024057
:20910000F0B585B003931C4B019102921A7E04000220012A2ED0012218481A76FFF7C6FF9D
:20912000002824D12600012C02D0022C00D004260024029803992201FBF786FC002201278A
:209140000D4B0F4DDA612B69019A3B432B6163009B1880B218800948FFF7A8FF2B69BB4387
:209160002B61002803D1E419E3B29E42E1D80022014B1A7605B0F0BD6808002050C3000039
:20918000002002400022064BDA61064B043219690A431A61402219690A431A617047C04685
:2091A00068080020002002400022064BDA61064B023219690A431A614022586119690A4356
:2091C0001A6170476808002000200240F8B5214F04003B7E0E000220012B0CD001233B7684
:2091E00023681D48012B12D1FFF760FF002803D0012000233B76F8BDFFF7C4FF1648FFF769
:2092000055FF0421154A13698B431361F1E7FFF74DFF0028ECD101235B4233606568013067
:20922000A3686268DB029B18AB42E2D92800FFF7BBFF0948FFF73AFF0221084A13698B430A
:209240001361002801D03560D3E780231B01ED18E6E7C0466808002050C3000000200240B6
:209260005A4AF0B58218541EA241002389B0043203910592039A12681400DC4001D109B027
:20928000F0BD01210D0014009D402C408C4602942A4200D198E00324039A5E005268019209
:2092A0002240B440E143541E049164452AD887680F400399CC680199B4403C4384604468D7
:2092C000AC4325000C0961460C409C402C434460C56804990D4003998C68B4402C43C46055
:2092E000022A11D107250F211D40AD00A940DC08A4000419276A8F4303990969A9400F43C0
:20930000276201E0032AE3D1B2400468049921400A430260C02201999202114254D0012649
:209320002B4A032794691D003443946192699C0832400792079A274AA400A418A2683D4065
:2093400094460F22AD00AA40614691439022D2059446002260450DD01F4A944632006045CF
:2093600008D01E4E9218B04204D01D4E3A00B04200D0059AAA400A430299A2600D00194AEF
:20938000CC43966801993543C90201D4350025409560D668029D01993543890201D43500FB
:2093A0002540D5605668029D01993543890301D43500254055601568029E01992E43C90300
:2093C00001D425402E001660013353E700F0FFB7001002400000014000040048000800486C
:2093E000000C00480004014000690840431E9841C0B27047002A01D0816170478162FCE766
:20940000426913000B401B049143194381617047044B10B55A69104202D05861FEF740FA78
:2094200010BDC04600040140F0B50400012587B0002832D0304D435DDAB2002B04D1AA236E
:209440009B00C25403F000FC03236355206801F00FFA0023012719006068834220D3002206
:2094600028261100904233D823006A46103343CB43C203CB03C2A268E3686168206801F05D
:2094800001FA0023621DD377012262551D00E369934202D1200000F049FE280007B0F0BD17
:2094A00029262822B4465A43A2189444664637702826B4469444664633702B26B446944405
:2094C000664601333170DBB29163D1631164C4E733005343E3181F006A37FF373970013F93
:2094E0003A70F97081336C3FF967FF33803701323960D2B21960B5E7A902000070B5AA25AD
:20950000AD00435D04000220012B09D001236355206801F0A3F9206801F0B7FB00206055E2
:2095200070BD70B5AA25AD00435D04000220012B08D001236355631DD977206801F09EFBD5
:209540000020605570BD0000F0B5040085B0006801F0A3FB802305001B021D40184201D1E6
:2095600000F021FC2068821DD38F1BB2002B01DB05B0F0BD0F21D38F194001910F219AB226
:209580000B4200D0C4E01023110019401A422AD10388B94A134080221202134303800300A3
:2095A00050331A88230028331B78DB00C3189B18B24A20009B181B88E26B9B059B0D63643E
:2095C000D318E36303F072FB631DDA7F002AC9D0206C0028C6D18022D97F114322684C32BD
:2095E0001180D877BEE7028880211600090193B20E400A4222D0030050331988B4235B0071
:20960000E35C9F4ADB00C3185B189B182200AC211B8869329B059B0DFF328900D36161186A
:20962000D28801F09BFD22689649138820000B4080210B43138003F023FB93E71BB2002BD3
:2096400000DB8FE703888F4A25001340802213430380030050331988B4235B00E35C884AF8
:20966000DB00C3185B189B181B8869359B059B0DFF35EB61002B0DD0696900290AD0EA88B6
:2096800001F06CFD6B69EA6931009B1820006B6103F0FFFA21680A8893B2120500D561E7F9
:2096A000C02292011340934200D15BE70B00744A50331B888A18D3181A889205920D1A800C
:2096C0002A693E2A0CD91F2550092A4055426A41801A1A88800210436B4A024392B205E02D
:2096E000002A0ED180201A88000202431A800B88664A1A40C0239B015340654A13430B80FF
:2097000030E7012550082A40801880021A88E4E7019B9F00C219138899B21BB20291002B3C
:2097200000DBF7E0138857490B4080210B4313802823019A5343E3181A001D007532FF32E9
:2097400012786935FF35002A1AD10200503211882A78D20052184A49121852181288920545
:20976000950D002A00D1B4E01A006F327D33FF331900FF322B001288096801F0EFFCA8E037
:2097800019006C31FF3109782A78022900D085E08026F601B4466546029E81332E400396C3
:2097A0000600503600966646029DFF331968354230D0009D2E88D5007619304D3618761901
:2097C0003588AD05AD0D8D420DD900211960910041180B882D4E1E4080239B0173402C4E4F
:2097E00033430B8002E0491B1960F0D0029B5B0607D592008218138826490B4026490B43D1
:209800001380002D65D02823019A5343E3181A007132ABE7009D2E88D5007619184D361823
:2098200076193588AD05AD0D8D420DD903991960910041180B88154E1E4080239B01734076
:20984000134E33430B8002E0491B1960F0D0029B5B0607D49200821813880E490B400E498E
:209860000B431380002D34D02823019A5343E3181A0073327AE7C0460F8FFFFF0204000097
:20988000060400008F0F00000080FFFF8FBFFFFF808000008F8FFFFFC080000092008218CE
:2098A0001688C8493140C84E314311802A78910041180D88010050310988D20052181218D3
:2098C0006D0463D5C149521812889205950D002A9DD1282301995943621816008536FF36FF
:2098E0003068083E4019B06030684019306010008130FF300068002803D0FC32D26F954207
:209900004CD2019A20005343E3186933FF33197803F0BFF98022029B134200D122E62068DE
:20992000AB49C2191388019D0B40AA490B439BB2138028235D4365192A002B321178EA1838
:2099400001295AD1002329002B6434310978994237D04021029E029F0E4029350F4235D06B
:209960002978994221D10300503319881378974DDB00401940181818038896499B059B0D75
:20998000038003880B439BB203801AE09249521812889205950D002A9BD069E76931FF31DA
:2099A0002068611801F092F9B4E7012909D10100864E50310D8811788019C900401909183B
:2099C0000B801178200003F071F9CBE52B78002B06D103005033198813787F4DDB00C8E799
:2099E000012BEED103007C4D5033198813784019DB0040181B181E80E3E71278029F03921A
:209A0000D20000928022029952002E6C174011421ED10200503212880099821852186B49B1
:209A2000521812889205920DB24202D303992F64C8E7E96BB61A8918E963696C2E648A182B
:209A400001996A6401315943611801F03FF989E540220300029F029917405033114200D121
:209A6000DFE05A491A8847180099BA18525A9205920D94460022B44501D26246B21A2826AC
:209A800001994E43A619326480260299F60131400E00002A4AD129218C46AC446146097816
:209AA00000292ED11A884B49BF18009ABF183A889205920D3A803A880A4392B23A80464AB1
:209AC0001B888018C018009BC01803889B059B0D038003880B439BB203802000039903F052
:209AE000E5F8002E00D1DBE02B0028331A78236892009A18138833490B4038490B43138024
:209B0000CEE00B000129E8D14F339C46844463461B880099FB185B181A8063462E491B88B5
:209B20004018C018009BC0180280D6E7002908D0039B990041180A88224B1340274A134399
:209B40000B802823019A5343E3181E004C363278012A00D0A4E0DA6B996C62440292DA6379
:209B60005A6C62445A649A6B914221D3891A99642B002933197893B2002948D1010050312E
:209B800009887F1800997F1839888905890D39803E2A25D91F265109324056427241891A6A
:209BA0003A88890211430B4A114389B239801EE0002902D162463170DAE7002232709A64A1
:209BC0000A00D5E78F8FFFFFC0800000020400000F8FFFFF0080FFFF0604000080C00000F9
:209BE000002A0DD13A88BA490A4392B23A802821019A514361180A8E029901F052F84FE0BF
:209C0000012651083240891889023A88CCE70129EDD1020050321288BF18009ABF183B80A8
:209C2000E5E7AC491A888C46009984446244525A9205920DB24200D8B71A282601994E43F0
:209C4000A619376480260299F60131400E00002F40D12A0029321278002A2BD19E491A88F5
:209C600040188018009A9A49801802889205920D028002880A4392B202801B88009A63441C
:209C80009B181A889205920D1A801A880A4392B21A802000039903F009F8002E00D123E719
:209CA000283529782368890059180B888B4A1A40302321E5012AECD10300874950331A8826
:209CC00040188018009A801807801B8863449B181F80DEE7002908D1039B990041180E8852
:209CE0007F4B33407F4E33430B80282301994B43E3181F004C3739780129D1D1D96B9E6C7E
:209D000089180291D963596C89185964996B8E4221D3761A9E642B0029331A788BB2002AD6
:209D200037D1020050321288009E624492191688B605B60D16803E2917D91F274E093940EF
:209D40004F427941761A1188B6020E4360490E43B6B2168010E0002E02D111003E70DAE71D
:209D6000002231009A643A70D5E700290AD11188574E314389B211802821019A51436118B9
:209D80004A8E39E701274E0839407618B6021188DDE7012AF0D102005032128800996244E8
:209DA00052181380E8E743050ED523684E490633DA8F20000A40DA8702F08AFF2900200059
:209DC000FFF7AFFBFFF7D4FB430407D5236847490633DA8F0A40DA87FFF7CAFB8023010034
:209DE0009B011940184204D0236841490633DA8FF0E7C3041AD5042023680233DA8F8243EA
:209E0000DA87DA8F00188243DA87B8239B00E25C012A03D12000E15400F09CF9200002F09B
:209E20007BFF236833490633DA8FD3E7030513D5082123689A1CD08F06330143D187D98F4F
:209E40002D480140D9870423D18F0B43D387200002F050FFFFF78CFB8025284221D0B82007
:209E600023688000991DCA8FAA43CA87225C002AEDD1991CCD8F04322A43CA870822CD8F99
:209E800054332A43CA8701213C2221541B8820009B081340B9229200A35000F05BF9FFF735
:209EA00067FB83050AD5236814490633DA8F20000A40DA8702F005FFFFF75AFBC30501D4A6
:209EC000FFF756FB23680E490633DA8F82E7C0460080FFFF0604000002040000BF8FFFFF6E
:209EE0008F8FFFFF80C00000FFFBFFFFFFBFFFFFFFDFFFFFFFEFFFFFFFF7FFFFFFFDFFFF9C
:209F0000FFFEFFFF70B505000720084049B2282400291ADA2100461C7143012669184E70AC
:209F200008700A61CB70022B01D100230B71AA24A4002B5D0220012B06D001232B55286813
:209F400000F0B4FC0020285570BD4443210000262C1969316A34FF31FF3469182670DFE70C
:209F600007220A4049B270B528230400002914DA1900501C4143012061184870AA250A7044
:209F8000AD00635D0220012B06D001236355206800F0A0FD0020605570BD534319006931F4
:209FA000FF31C318411800206A33FF331870E5E770B50724214021344C4305192E007D3666
:209FC000FF3632602A008132FF3213602B0000268533FF3369351E60FF351B3B1E70297031
:209FE00021006931FF314118006800F06FFE300070BD07230B402821594340188530FF3065
:020000040800F2
:20A000000068704770B528260724214034004C4304192500E26301224C3523642A700025EE
:20A02000A364230065642933A4191A702170891871434118006800F049FE280070BD70B532
:20A0400004000722636801200A409A4218D848B22823002815DA1900501C414301206118D2
:20A0600048700123AA258B700A70AD00625D02209A4205D06355206800F0A8FD00206055D7
:20A0800070BD4B4319000020E31869316A33FF31FF3361181870E4E770B504000F23626847
:20A0A00001200B4093421BD807220A4049B22823002916DA19001018414301206118487083
:20A0C0000025AA268D700A70B600A35D0220012B06D00123A355206800F096FD2800A555F1
:20A0E00070BD534319000020E31869316A33FF31FF3361181870E3E710B50C0021060CD52C
:20A1000007212140282401316143401899B2002A08D10273C180002010BD282161436931C4
:20A12000FF31F2E7012283600273F4E703680200BA20012110B58000B82411500020A40011
:20A14000105554331A8811430222198019880A431A8010BD704700000122036A70B59343C9
:20A160000362036A44688569723295430A681543022293438A681343144A904208D0144E81
:20A18000B04205D0134EB04202D0134EB04216D10826B343CE6833430426B343904208D0FF
:20A1A0000B4A904205D00B4A904202D00A4A904205D10A4A8E6922404C69344314434A68CC
:20A1C000446085614263036270BDC046002C0140004001400044014000480140FFFCFFFFC3
:20A1E00070B57325036A174A13400362036A4268C469AC430D682C43134D2B408D682D0216
:20A200002B43124DA8420ED1114D1D40CB681B022B43104D2B40104D4E6915408A69324396
:20A2200012012A4308E00D4DA842F4D00C4DA842F1D00C4DA842EED042604A68C461C2630B
:20A24000036270BDFFFEFFFFFFFDFFFF002C0140FFF7FFFFFFFBFFFFFFCFFFFF00400140D1
:20A260000044014000480140036A144A30B513400362026A124C4368C56925400C682402C6
:20A280002543104C22408C68240322430E4CA04208D00E4CA04205D00D4CA04202D00D4C8D
:20A2A000A04204D10C4C23404C69A401234343604B68C5610364026230BDC046FFEFFFFF46
:20A2C000FF8CFFFFFFDFFFFF002C0140004001400044014000480140FFBFFFFF020003005C
:20A2E00001203D32117881421CD1022111701B68DA680243DA600E4A934209D08022D2052E
:20A30000934205D00B4A934202D00B4A93420AD107219A6800200A40062A03D00122196857
:20A320000A431A6070471A68104318600020F9E7002C0140000400400040014070477047B2
:20A34000704770470222036810B51969040011420ED0D96811420BD0053A1A6104320277AC
:20A360009B699B0700D179E0FFF7E9FF00232377042223681969114210D0D96811420DD09B
:20A38000093A1A61073222779A69C0239B0020001A4269D0FFF7D3FF0023237708222368BD
:20A3A000196911420ED0D96811420BD0113A1A610D322277DB6920009B075BD0FFF7BFFFF8
:20A3C00000232377102223681969114210D0D96811420DD0213A1A6119322277DA69C023FD
:20A3E0009B0020001A424BD0FFF7A9FF00232377012223681969114207D0D968114204D00E
:20A40000033A20001A61FDF7FBFE802223681969114208D0D968114205D0023AFF3A20009F
:20A420001A6100F01AFA402223681969114207D0D968114204D0813A20001A61FFF781FFD0
:20A44000202223681969114207D0D968114204D0413A20001A6100F0FFF910BDFFF76EFFED
:20A460002000FFF76DFF81E7FFF768FF2000FFF767FF91E7FFF762FF2000FFF761FF9FE74E
:20A48000FFF75CFF2000FFF75BFFAFE7204A10B50368904206D08024E405A04202D01D4C79
:20A4A000A0420CD17024A3434C682343904212D08024E405A0420ED0164CA0420BD0164CC7
:20A4C000A04208D0154CA04205D0154CA04202D0144CA04203D1144C2340CC68234380247E
:20A4E000A3434C69234303608B68C3620B688362904208D0094B984205D0094B984202D0DB
:20A50000084B984201D10B6903630123436110BD002C01400004004000200040004001403B
:20A520000044014000480140FFFCFFFF70B504000120002C21D025003D352B78DAB2002BBC
:20A5400005D123003C3320001A70FDF747FF02232B702068211DFFF799FF22000123002035
:20A56000463213704534083A137053709370D37013715371937123702B7070BD70B50400C9
:20A580000120002C21D025003D352B78DAB2002B05D123003C3320001A70FDF70BFF022357
:20A5A0002B702068211DFFF771FF220001230020463213704534083A137053709370D3702C
:20A5C00013715371937123702B7070BD1022036A70B593430362026A164C43688569254009
:20A5E0000C68240225432024A2438C6824012243114CA0420FD18024A2431400CA681201B1
:20A6000022434024A2430D4E4C691E408B6923439B00334308E00A4CA042F4D0094CA04298
:20A62000F1D0094CA042EED043604B6885618363026270BDFF8CFFFF002C0140FFF3FFFFCB
:20A64000004001400044014000480140F8B507003C373B7804000E0015000220012B0AD042
:20A6600001383870082A3DD006D8002A17D0042A27D000233B70F8BD0C2AFAD12068FFF7A4
:20A68000F3FD802223681201D9690A43DA61DA691C490A40DA613269D96912022FE020680B
:20A6A000FFF75AFD0822236899690A4304219A619A698A439A619A6931690A439A61002059
:20A6C000D7E72068FFF782FF80222368120199690A439A619A690B490A409A6132699969FA
:20A6E0001202EAE72068FFF77BFD04212368DA691543DD61DA698A43DA61DA6931690A4381
:20A70000DA61DCE7FFFBFFFF1F2310B5012419408C408A40036AA3430362036A1A43026242
:20A7200010BD000010B503000400002905D101203E331A78824218D010BD04290FD13F3365
:20A740001B780120013B5A1E9341DBB2002BF3D102232200042926D13F32137007E00829CA
:20A7600001D14033ECE74133EAE702221A7001222068FFF7C9FF236817498B4219D0174A63
:20A78000934216D0164A934213D0164A934210D08022D205934214D107219A680A40062AFA
:20A7A00015D10020C8E7082901D14032D5E74132D3E78022586C120202435A648B42E7D184
:20A7C000EAE7094A9342E7D0044A9342E4D0012219680A431A60E4E7002C014000400140CE
:20A7E00000440140004801400004004010B5FFF799FF10BD70B5040002223C34257803008A
:20A800001000012D20D01D0070263D352A701B6858689A68B0430E68304358600B4883425A
:20A8200009D08020C005834205D00948834202D00848834204D18020496882430A439A6011
:20A84000012300202B70207070BDC046002C0140000400400040014070477047821D030014
:20A860000020D087014A0233DA87704780BFFFFF0230C38F024A1340C38700207047C04642
:20A880007F40000084B010B50400049205930122831C0020DA87D887A31D5034D8870391F5
:20A8A000208010BC08BC04B018470000F7B50E787C4AB300C3181C88CF7814400122050068
:20A8C0000092032F08D83800FAF71EF8023D3A378022920014430097734A1443A4B21C80BD
:20A8E0001888724C20403043104380B21880F0008446087BAC4450350195002800D06EE07C
:20A90000CD8848786D086D00002824D080200199C0000988614409180D801988490604D57D
:20A9200019880C4062490C431C80624C1988012F0BD00C402021614008E0C022D200144319
:20A9400000220092C8E78022F8E721400A4392B200981A80FEBD0198096907885648674451
:20A960003F1801983D800588544865442D182F88BF05BF0D2F803E290DD91F204F090140F8
:20A980000800414241417F1A2988BF020F434C49394389B205E0002914D1802729883F0275
:20A9A000394329801988490404D519880C4045490C431C80444D002E0BD1C0211C8889019B
:20A9C0002C40B8E701204F0801407F18BF022988DEE719880D40802189016940B6E71D88E1
:20A9E000022F3AD1394E2540354301981D80058880200E896544C00076082D187600019882
:20AA00002E8005884E892C48654476082D1876002E804978274E8C46802160462A4DC90190
:20AA200000281FD11F880F4204D01988254F2140394319801988490604D519880C401C498C
:20AA40000C431C8019882940C025AD014D401543ADB21D801988314078E71D4E35401543E4
:20AA6000ADB2C2E71888084204D0198815482140014319801988490604D519880C400C49C9
:20AA80000C431C801988012F09D00E4020217140114389B2198019880D402A4357E73140AF
:20AAA000F6E7C0468F89FFFF8080FFFF8F8FFFFFC0800000BF8FFFFF0404000006040000E5
:20AAC0000080FFFF80C000008FBFFFFF808100008F8EFFFFF0B50B780A7B9B00C0184D786B
:20AAE000324B002A1DD10288002D0FD0520605D502882F490A402F490A43028002882E4965
:20AB00000A4013439BB203800020F0BD520405D5028827490A4029490A4302800288284948
:20AB2000EEE78021224A244E254CC901002D1DD105880D4204D00188204D11402943018087
:20AB40000188204D490604D501881140294389B2018001880A401543ADB2058002881440E8
:20AB60001C43A4B2048002883240CAE70788164D0F4204D001881140294389B2018001884D
:20AB8000490604D501880B4F11403943018001880A401543ADB20580028832401A4392B2B0
:20ABA0000280028814402343ACE7C0468080FFFF8F8FFFFFC0800000BF8FFFFF80C0000050
:20ABC0008FBFFFFFC080FFFF80C0FFFF0B780B4A9B00C0184B78002B09D003880849194066
:20ABE00010234B4013439BB203800020704703880449194080235B01F3E7C0468080FFFF8C
:20AC0000BF8FFFFF8FBFFFFF0B7B002B19D10B789B00C0184B78002B15D003885B0605D572
:20AC20000388104A1340104A13430380CB78012B07D003880D4A1A40202353400C4A1343A5
:20AC400003800020704703885B0405D50388054A1340084A134303800388074A1A40C02365
:20AC60009B01EAE78F8FFFFFC0800000BF8FFFFF8080000080C000008FBFFFFF002902D137
:20AC800080234C30038000207047802258300388120213430380002070470630C08F80B20B
:20ACA000704730B580240133E40012195B0880185B00CB18401A44188B4200D130BD4A78D5
:20ACC0000D7812022A4322800231F4E7F0B54A7805000C000B7B85B0012A00D010E108692E
:20ACE0008E69864200D906002F00626950370192002B1DD1B6B23300E28801992800FFF7CC
:20AD0000D0FFB04A39882378AA18DB0052189B181E802078AC4A80002D182B881A40302303
:20AD20005340AA4A13439BB200202B8005B0F0BD2278236AD1000291E1789200022900D04B
:20AD4000C7E0AA18984200D3B2E01188A0489B1B0840A049084310801088402201001140BC
:20AD600023620391B3B2104252D09B4A38880299AA18121852181380280062890199FFF715
:20AD800090FF6369206A2269991961610023904201D9831B30006278236283B2002A2CD177
:20ADA000884A3F882678AA18F600D219B2181688B605B60D16803E280CD91F2746093840E5
:20ADC00047427841361A1088B60206438348304380B205E0002809D1802610883602304308
:20ADE000108022892800FFF75CFF92E70127460838403618B6021088E9E7012AF1D1714824
:20AE00003E8822782818D200801912181380E8E76C4A38880299AA18121852181380280079
:20AE200022890199FFF73DFF6369206A226999196161039B904201D9831B300062782362CF
:20AE400083B2002A29D1644A3F882678AA18F600D219B2181688B605B60D16803E280CD91C
:20AE60001F274609384047427841361A1088B60206435A48304380B205E0002806D18026C9
:20AE800010883602304310806289ABE70127460838403618B6021088ECE7012AF4D14E487D
:20AEA0003E8822782818D200801912181380EBE710884B4E45493040084380B21080414A31
:20AEC00038880299AA18121852189BB2138022890EE0AA189B1B128823623888B3B2520634
:20AEE00008D53D4A0299AA181218521813806289019977E7334A0299AA1812185218E5E74D
:20AF0000002B3CD18A6909698A4201D9531A0A00A3612B00503318882F4B2178EB18C90046
:20AF20001B18CB1819888905890D19803E2A0CD91F205109024050424241891A1A88890290
:20AF40001143264A0A4392B205E0002A10D180211A8809020A431A802078224A80002D18AE
:20AF60002B881A40C0239B0153401F4A1343DBE6012051080240891889021A88E2E7CB789C
:20AF8000022B00D07BE0002A4BD106000D4A5036318823788218DB0052189A1813889B0510
:20AFA0009B0D138023693E2B20D91F271F4079424F4158091188C01B800208430749014342
:20AFC00089B219E002040000BF8FFFFF8080FFFF8F8FFFFF80810000060400000080FFFF48
:20AFE0008F8EFFFF8FBFFFFF80800000002B2BD180201188000201431180524A30882178C6
:20B00000AA18C90012188A1811888905890D11803E2B20D8002B2BD18021138809020B436E
:20B020001380E369002B97D0237847499B00EB181A880A408A4202D0002A00D08CE7434953
:20B040001A880A40424985E7012158081940401880021188B3E71F20590903405842434123
:20B06000C91A1388890219433A4B0B439BB2D7E7012059080340C91889021388F5E70120C4
:20B08000834200D052E68B69096900208B4201D9581A0B00A061002A00D05DE72E002E4A54
:20B0A000503630882178AA18C90012188A1811888905890D11803E2B0CD91F2119404F429C
:20B0C00079415809401A1188800208432149014389B205E0002B19D1802011880002014333
:20B0E0001180184A30882178AA18C90012188A1811888905890D11803E2B0ED8002B19D103
:20B100008021138809020B43138025E7012158081940401880021188D9E71F205909034009
:20B1200058424341C91A138889021943094B0B439BB2E9E7012059080340C9188902138801
:20B14000F5E7C04606040000404000008F8FFFFFC08000000080FFFF02040000F0B5802559
:20B160005C08ED00521926000D008018471A7A19002E07D1640000190919DB0701D503886C
:20B180000B70F0BD1288013E92B22A70120A6A700235ECE7014B18607047C0461402002019
:20B1A000034A044B43601388002001331380704720020020BE0700000020704710B5084C20
:20B1C000038204600024074B44604361064B81608361064BC260C361054B036210BDC04693
:20B1E0000706000027B2000875B20008A1B10008B9B10008C361009B416182610362704706
:20B2000001607047006870474160704740687047038A9A4204DAC36800209200D150704744
:20B2200001204042FBE770B5050000242B8AA34201D8002070BD69682B6822B22800594082
:20B240000134FFF7E5FFA4B2F0E7038A8B4203D9C3688900C858704701204042FBE7038ADF
:20B26000934204D9836800209200D150704701204042FBE770B5050000242B8AA34201D861
:20B28000002070BD21002800FFF7DFFF29682200414001342800FFF7E2FFA4B2EDE7038A25
:20B2A0008B4203D983688900C858704701204042FBE7000070B50C00022913D11E4D280042
:20B2C000FFF7C3FF002201B2672001F049FB21002800FFF7E4FF002201B26B2001F040FB77
:20B2E000002070BD012910D1134D2800FFF7ADFF002201B2662001F033FB21002800FFF713
:20B30000CEFF002201B26A20E8E7002910D10A4D2800FFF79AFF220001B2652001F020FBB4
:20B3200021002800FFF7BBFF220001B26920D5E701204042D5E7C0468808002010B504001C
:20B34000FDF744F9FA218900F9F778FB2000FFF75BFF002010BD70B502210400FFF775FFA2
:20B3600005002000FFF74EFF03216840F9F7E0FA022201002000FFF772FF01212000FFF7EB
:20B3800064FF05002000FFF73DFF03216840F9F7CFFA012201002000FFF761FF0021200093
:20B3A000FFF753FF05002000FFF72CFF03216840F9F7BEFA002201002000FFF750FF0020E3
:20B3C00070BD0000F7B50500FFF720FF0126304004002800FFF71AFFFA270190FF002800CF
:20B3E000013CFFF70FFF3C40019BE419E11803235943022241402800FFF70AFF2800FFF752
:20B4000005FF30400400194A013C28003C40A418FFF7FCFE07002800FFF7F4FE0323320055
:20B420000026E119594341402800FFF7F1FE2800FFF7ECFEA62334005B00834274410C4993
:20B440000C4A64420C402800A418FFF7DFFE07002800FFF7D7FE0323E11959433200414084
:20B460002800FFF7D5FE3000FEBDC0467017000030F8FFFFB80B000013B504000423084A35
:20B480000849FFF79BFE084B084A00932000084B0849FFF7AFFE20000749FFF7B1FE13BD48
:20B4A000BC080020AC080020B5B2000857B300083DB30008C5B30008BE0B00000048704713
:20B4C00088080020AF239B00C35870B5002B0ED0AE22802592008458AD00605DFF2806D0BC
:20B4E000044A9B682100A25C9847FF236355002070BDC046010200004323038000487047E5
:20B500005C0200204323038000487047A00200204323038000487047F00200200A23038059
:20B5200000487047E402002070B5AE26B6000400855901F0A5FC83239B00E850A35902204C
:20B54000002B0AD0832381229B00E918B033E3589200DB68A8589847002070BDAE23F7B565
:20B560009B00C35805000F0002200193002B18D014264E43AE19F069002813D02822B02325
:20B580004A439B00EB589B18996BF9F757FA0C1E08D10B000A00F1612800390001F05EFC32
:20B5A0002000FEBD85230020019A9B00D050F8E7AE23F7B59B00C7586B466A460E00591D97
:20B5C000002305000B70D3803378901D1C006022144013422AD0202C46D1F4887078002CE9
:20B5E0001CD05BB2002B0EDAAF239B00EB58220039009B68984739002800F28800F0ACFCDF
:20B6000000242000FEBD80239B00F854194B220039002800FC5400F0B5FCF1E7AF239B0084
:20B62000EB58220031009B689847EAE773780A2B0ED00B2B13D0002B16D1A7239B00EB5CEC
:20B64000032B11D102220100280000F085FCD8E7A7239B00EB5C032B06D10122F4E7A723E4
:20B660009B00EB5C032BCCD03100280000F04CFC0224C6E70102000070B5040000258121C7
:20B6800001F0B3FB01212000E56201F0AEFB2300AE26FC331D6782212000B60001F0A5FB34
:20B6A000A3592564AB4208D0AF239B00E3585B689847A05901F0F0FBA551002070BDF8B531
:20B6C0000600037C0400FC36002B39D1802302229B00812101F07DFB01258023E5629B0062
:20B6E00029000222200001F074FB0823356703228221200001F06DFB01278720276480009B
:20B7000001F0C6FBAE239B0005003E00E050002814D00433E3581B689847852300229B0053
:20B72000EA500433EA508122267C9200002E10D139002000AA58183B01F099FB3000F8BD60
:20B74000012540230222812101F043FB4023E562C6E7402339002000AA5801F088FB0026BC
:20B76000ECE703000220002903D0AF220020920099507047AE239B00C358822080001950A0
:20B780008421890000205A507047AE239B00C258B43B0020D1507047AE239B00C25810B542
:20B7A0000223002A12D0852189005458013B002C0CD1535084239B00D3580C395258883978
:20B7C0000363FF399BB201F049FB2300180010BDAE239B00C35810B50224002B0AD0812227
:20B7E000047C92009A58002C06D1802301219B0001F03DFB200010BD4023012101F037FB24
:20B800000024F7E7022310B5002813D0AD239B00C458002C01D00024C450002902D0AC23AB
:20B820009B00C150A72301219B00C154027001F087FA0023180010BD03000220002903D0B3
:20B84000AD22002092009950704710B501F0B8FA002010BDAD239B00C35810B5002B01D12A
:20B86000022010BD1B6898470028FAD0F8E7AD2310B59B00C3585B689847002010BD0000CC
:20B88000AA239B0070B5C5180400280000F028FBA52301229B00E250114BE25A163BE2502C
:20B8A0001033E15C1F230B40012B09D0022B0CD0002B0FD12900200000F01EF9002070BDC5
:20B8C0002900200000F04EFAF8E72900200000F071FAF3E77F232000994301F08FFAEDE79E
:20B8E000AE02000070B50D0004001100002D2ED1A5239B00C258032A22D102005532FF32CE
:20B90000D368106983420AD91B1AD36082B2984200D99AB2200000F045FB280070BDAD23BB
:20B920009B00E3581B69002B06D0A7229200A25C032A01D120009847200000F03BFBECE73C
:20B94000052AEAD12900C55001F058FAE5E7AD239B00C3589B69002B08D0A7229200825CEA
:20B96000032A03D1290098470025D6E70225D4E7F8B50D0004001100002D4DD1A5239B007D
:20B98000C358022B41D1036A466AB34213D99B1B03629AB200F0EEFA2B002A002900200072
:20B9A00001F065FAA8239B00E25C012A01D10022E2542800F8BDC76931003800F9F73EF8A2
:20B9C00000290DD1BE420BD8A626B600A3599F4206D22A002900200000F0CCFAA551DBE765
:20B9E000AD239B00E358DB68002B06D0A7229200A25C032A01D1200098478021200001F054
:20BA0000FDF9200000F0E2FACCE704229343C9D1802101F0F3F9C5E7AD239B00C3585B6987
:20BA2000002B08D0A7229200825C032A03D1290098470025BDE70225BBE7002270B50400E4
:20BA40001100402301F0C5F9230001254026FC338021DD659E6600223300200001F0B9F9E6
:20BA6000A72300219B00A5616662E554083BE15010336160E1501433E3588B4205D0AD239C
:20BA80009B00E35820005B689847002070BD017400207047A7239B00C15C034A81540422AB
:20BAA000C25400207047C0469D020000A7239B00C25C042A02D1024A825CC2540020704759
:20BAC0009D020000A72310B59B00C35C032B06D1AD239B00C358DB69002B00D098470020B5
:20BAE00010BD10B50400802101F088F90021200001F084F910BD000060220B7873B51340A1
:20BB00000D001900921820390400114212D0002B00D096E06878092800D992E0F8F7FEFE0B
:20BB2000F0000E01910006019100830012009100DA00A400AD239B00C35829009B689847A8
:20BB4000002076BD00236A46D3806B88180A0138062876D8F8F7D8FE0417267575404B0027
:20BB6000AC239B00E358207C1B686A46911D98476B46D988002951D0EA88002A43D1200098
:20BB800000F018FADCE7AD23227C9B00E358002A06D19B6A6A46901D984702234370E7E7B4
:20BBA000DB6AF7E7D8B205284BD8AC239B00E358F8F7AAFE03080A0C0E105B68002B40D00F
:20BBC000207CD2E79B68F9E7DB68F7E71B69F5E75B69F3E79B69F1E7237C002B31D1AD2396
:20BBE0006A469B00E358901D5B6B9847C0E7237C002B26D1AD236A469B00E358901D1B6B7C
:20BC000098470723CAE70B1C914200D9131C69469AB2CB800100200000F09EF9EB88002BDC
:20BC200000D08DE7ABE7AB88002B0AD1EB88002B07D16E887F2E04D8A725AD00635D032B99
:20BC400003D12000FFF74DFF7AE7444BF1B2E154200001F0FAF8200000F0ACF90223002EDB
:20BC600000D1012363556BE7A9783D4D29700129E7D8A7239B00E25C022A09D0032A15D0DE
:20BC80002000FFF72EFF20002978FFF7F0FD57E7002900D173E7012103226160E2542000CD
:20BCA000FFF7D8FD022800D069E7CAE7002906D102222000E2546160FFF7D9FD5FE76168A8
:20BCC000012900D15BE7C9B22000FFF7D0FD29786160E4E7EA88012AB3D1A7239B00E35CD7
:20BCE000022B06D8002BACD000232100A360083102E0211D032BA4D1200000F02DF91FE713
:20BD0000A7239B00E35C013B022B9AD8EB88022B97D1013BE360A9239B00E358002B01D07F
:20BD20000323E360210002220C31E5E76B88012B00D005E7A9229200A35020E7A7239B00B5
:20BD4000E35C013B022B00D97BE76B88012B00D0F6E6A92300229B00E25010E79E020000E3
:20BD6000CC08002060230A7870B5134004000D00402B01D0530619D4A7239B00E35C013BDF
:20BD8000022B13D82B79012B10D8AD239B00E35829009B6820009847EB88002B04D1002867
:20BDA00002D1200000F006F9002070BD2000FFF798FEF9E70A780B0060210A4070B5040047
:20BDC000100049182038084229D0002A37D198885A78C1B2012A45D0032A29D0002A2ED131
:20BDE000A7239B00E35C022B56D0032B27D10F2214230A405A43A21800065DD59269002AC0
:20BE00001DD07F250D4001355D437F230A0065191A4019425AD12A600222290048E0AD2296
:20BE20009200A2581900200092689047002070BDA7229200A25C022A24D0032A03D0200086
:20BE4000FFF74FFEF2E75A88002A07D14A0605D0DB88002B02D1200000F0D0FF200000F06D
:20BE6000A9F8E3E7A7229200A25C022A0AD0032AE5D15B88002BD9D14B06EFD0200000F03D
:20BE8000C6FFEBE74B06DAD0200000F0B7FF8021200000F0B3FFC9E74B06D0D1210055319E
:20BEA000FF31030601D54139FF39002302220B60200000F051F8B9E7FC32D26D002ABED0F1
:20BEC0007F250D405D435535FF359EE7200000F0A7FF002802D001232B609DE728609BE7A1
:20BEE0000B7803704B784370CA788B7812029B1843804A790B7912029B188380CA798B79AF
:20BF000012029B18C380704710B50400802100F075FF0021200000F071FF10BD70B50025DA
:20BF2000461EA8420FD02B000135745D002CFAD1DBB201335B0013800B7003234B70013B64
:20BF40000578002D00D170BD5A1CCD54D2B202330130DBB28C54F3E71300A52210B50224AC
:20BF6000920084500A00C3610021036200F076FF002010BD10B513000A00002100F06EFFF5
:20BF8000002010BD1300A52210B50324920084500200FC32136653660A00002100F067FFA5
:20BFA000002010BD10B513000A00002100F05FFF002010BDA52304229B0010B5C2500023D3
:20BFC0001A00190000F04AFF002010BDA52305229B0010B5C25000231A00190000F047FF1B
:20BFE000002010BD0261C1604361704743681A7880235B421343026813700368597002235C
:020000040800F2
:20C0000003817047F7B50327036806001F70436839001D79DA782D0215436DBA0268ADB2CC
:20C020006B00537043689C785A782402144364BA6B1EA4B27C2B03D93000FFF7D7FFF7BD94
:20C04000200073699847002801DA0221F4E72B199BB2581E3900019380B27369984702271A
:20C060000028F2DB019B9C4203D301356D003581E5E720003369984733680012D855336945
:20C080002000984733680134DB195870A4B20237E8E770B50400436806219D785A782D02A6
:20C0A00015436DBAADB2280063699847022100280EDB63680122D91C2800E3689847032142
:20C0C000431C05D00621831C02D0002804DA04212000FFF78BFF70BD06232268137063689B
:20C0E00022685B785BB25370636822689B785BB2937063682268DB785BB2D370636822684E
:20C100001B795BB2137105232381E4E770B5426804001679D178957836020E43517876BA29
:20C120002D02B6B20D436DBA731EADB27A2B04D903212000FFF75AFF70BD1021280063699A
:20C140009847002801DA0221F3E7701901381021636980B298470028F5DB10232268280053
:20C160001370636822685B785BB25370636822689B785BB2937063682268DB785BB2D370D4
:20C18000636822681B795BB213710523238163683200991DE3689847431CC9D00621831CBE
:20C1A000C7D00028C8DA0421C3E70120404270470120704701204042704701204042704769
:20C1C000812292008150821CFF324A60421C0A6082228021920049008152030000200C49AD
:20C1E000083A98501C3299500432033999500A21043299520749183A99500749043299503D
:20C200000649043299500649043299507047C04603000100ABC10008B1C10008B5C1000815
:20C22000BBC1000810B58324A40001518421890042508522920083508623029A9B00C2505A
:20C2400010BD0000822370B59B00C55C0400002D27D1802101300833E358FF3049009847C3
:20C2600080239B00564EE052002816D08822A15B9200814202D1A35A01339DB28721A552AF
:20C280008900615AA94208D80023A352822301229B00E2540C33E358984780239B00E35A0A
:20C2A000A35382229200A35C012B0BD123004549FF335B78615C5BB25B1A59424B415B00D4
:20C2C000A3543EE0022B1CD1FF33FF33E15A601CFF30032911D901250026431802399A1E35
:20C2E0006D4289B25D57965700F080F82D02F6B23543ADB20323A84200D000238222920064
:20C30000DEE7032B3ED18125AD00605943681B785BB2032B28D1FFF775FE2A4B2000E35C60
:20C32000237063591989013189B200F05FF8635904221B89E3185870000A987082239B00BD
:20C34000E2548225AD00635D052B2ED181239B00E35820001989832303319B00E35889B23D
:20C3600098470623635570BD062B02D1FFF791FED3E7102B02D1FFF7C9FECEE70121FFF7F5
:20C3800035FECAE7042BDCD18821892089008000635A205A984204D30B4AA25A9B186352E1
:20C3A000CFE70023635205338AE7062BDBD186239B00E35898470128D5D10023D2E7C0465A
:20C3C000020200000902000022020000014BC1547047C04609020000014BC1527047C046E5
:20C3E0002202000089239B00C15270470200094870B50400084D013989B2A14200D170BDE1
:20C400001378060A4340DBB25B00585B01327040F1E7C046FFFF0000CCCF00080E4A0300A6
:20C420008218502A04D80D4A8318013398B207E082229200904204D3103200209342F4D3D8
:20C440007047A92803D90020B42BF9D8EDE7013080B2932BF4D8E8E740D9FFFF41D9FFFFE9
:20C46000F7B50D00140006B2012A0BD13000FFF7D5FF69782A7809021143C9BA220000F0BF
:20C480006FFAFEBD454A1388012B0AD9022B02D002204042F5E75388022BF9D10023138038
:20C4A0005380FE2113884B43D3181900FF314A78002AEDD11F00FC373C8001279880FE3304
:20C4C00000191A8003B24F700193019B334CB34213D10020FE2322885343E318FF3359782E
:20C4E000012903D101310132597022806388012B47D9013303206380CBE70122FF23AA5606
:20C5000030001A400023EB561B021A430092FFF785FF070000F062FA009B98421FDC3800AC
:20C5200000F066FA009B984219DBFE202788784320180100FE310A887A2A0CD8FF3043784E
:20C54000012B08D17E337B439B185B00E418009B0132E3800A80013636B20235B5E7FE238F
:20C56000228801205343E3181900FE310A884042002AAFD10A809A800239FF330A805A70F4
:20C580007FE79A1C92B26280002B03D1FF225200A35476E70022FC231A70FFDECE080020F5
:20C5A00010B5FFF73BFF00F009FA10BD014B8342804170471602000080230021014A9B007B
:20C5C000D1507047DC040020802310B50024034A9B00D45000F094FA200010BDDC04002080
:20C5E00010B500F0A3FA80B210BD10B5002000F0A3FA002010BD012070477047012070B5B6
:20C6000000F0DCF99623DB00984206DA962100220120C90000F0A4F970BD012000F0CEF9B2
:20C62000164B9842F2DC012000F0C8F9144C206160612000FAF79CFA00221620110000F07D
:20C640008FF9012000F0BAF90500022000F0B6F968430C4B98420CDDFA210022490002205B
:20C6600000F07EF9022000F0A9F920602000FAF7CDFA0122044B1A60CEE7C046DC050000BF
:20C68000CC030020A0BB0D000802002070B5022000F094F99623164C9B00984206DD0022C0
:20C6A00002200023E15E00F05BF970BD022000F085F920602000FAF7A9FA00221620110058
:20C6C00000F04EF9012000F079F90500022000F075F96843074B9842E7DD96210022C900DE
:20C6E000012000F03DF92000FAF742FADDE7C046CC030020A0BB0D0010B5042000F05EF955
:20C70000054B1864FAF704FA00220121162000F027F9FBF749FD10BD0004004010B50520A1
:20C7200000F04CF9054BD863FAF738FA00220121162000F015F9FBF737FD10BD0004004067
:20C7400010B5FCF795FB10BD062010B500F036F99623DB00984206DA962100220620C900A4
:20C7600000F0FEF810BD062000F028F9054B9842F2DC062000F022F90022034B1100D860ED
:20C780001620EDE7DC050000CC0300207047704710B53D2000F012F9012804D100F00EF93F
:20C7A000074B186110BD3D2000F008F9021EF9D1034B0120196909B200F0D2F8F2E7C04664
:20C7C000CC030020704710B5032000F0F7F8002803D10130FAF724FA10BD032000F0EEF8EA
:20C7E0000128F9D10020F5E77047000010B5FAF729FD0022014B1A6010BDC04608020020D2
:20C80000704770477047000070B5094CAD20257800F0D4F8074B6D00585323780133DBB28D
:20C820002370402B03D1FBF7BFFC0023237070BD3E0700205007002070B5AE2000F0BEF821
:20C84000012813D10024200000F0C0F80500200000F0D8F80134A4B22880B42CF3D1FBF731
:20C86000A3FC01221420110000F07AF870BD000010B5B32000F0A2F8012805D1FEF71EFEF0
:20C880002C49FEF7BDFC10BDB32000F097F8022803D1FEF713FE2849F3E7B32000F08EF8BE
:20C8A000032803D1FEF70AFE2449EAE7B32000F085F8042803D1FEF701FE2149E1E7B32005
:20C8C00000F07CF8052803D1FEF7F8FD1D49D8E7B32000F073F8062803D1FEF7EFFD1A4970
:20C8E000CFE7B32000F06AF8072803D1FEF7E6FD1649C6E7B32000F061F8082803D1FEF761
:20C90000DDFD1349BDE7B32000F058F8092803D1FEF7D4FD0F49B4E7B32000F04FF80A2830
:20C9200003D1FEF7CBFD0C49ABE7FEF7C7FD0B49A7E7C046DF0A0000070600001C060000C6
:20C94000230600006B060000F1060000EF0600000C070000FF06000045070000BE0B000024
:20C96000F7B506000192B3281FD8431E104C1D0162190227D05F884206DC0420125E8A42E6
:20C9800002DB0C4A5B0099526319DB7A012B01D1FBF70AFC0848019B06800026012B02D1C0
:20C9A0006419E36898473000FEBD01267642FAE7CCD10008D00A0020CE0A0020024B013808
:20C9C0004000185E7047C046D00A0020024B01384000C0187047C046D00A0020034B01380E
:20C9E000000118180223C05E7047C046CCD10008034B0138000118180423C05E7047C046A7
:20CA0000CCD10008034B0138000118180623C05E7047C046CCD1000810B5114C00222000AC
:20CA20001049FEF7EFFE002801D0FBF75BFC20000D49FEF701FF002801D0FBF753FC2000B4
:20CA40000A49FEF78EFE002801D0FBF74BFC2000FEF7FBFE002801D0FBF744FC10BDC046C4
:20CA6000000F0020440300202402002034030020002070470020704710B50378452B0AD14A
:20CA800043784E2B07D183784B2B04D1C3784F2B01D1FAF701FC0B4B1868AE239B00C25873
:20CAA000AC3BD358084A11885B1880211BB249008B4204DC1380FEF78BFE002010BD002381
:20CAC000F8E7C046C4110020C811002010B50848084C002208492060FEF74CFE0749206810
:20CAE000FEF753FE2068FEF773FE002010BDC046000F0020C4110020DC040020DC050020EA
:20CB00000022084B10B51A80074BFF201B68934207D0AE2292009858A83A81501800FEF78F
:20CB20003BFE10BDC8110020C4110020014B0020185E7047C8110020014B18807047C046CE
:20CB4000C8110020122301480B80704760030020042301480B8070477403002030B5002546
:20CB600052008A18040FE3B2092C07D830330B704D70023100018A42F4D130BD3733F6E771
:20CB80001A2370B50B800B4B0B4C18680B4B1B68C01800280BD00A4B0822A11C1D68FFF710
:20CBA000DDFF2100042228001231FFF7D7FF200070BDC046ACF7FF1F78030020B4F7FF1FA3
:20CBC000B0F7FF1F10B5044C0A0021000348FFF7A5F9200010BDC046CC1100200CDD000890
:20CBE00010B5044C0A0021000348FFF797F9200010BDC046CC11002022DD000810B5044C18
:20CC00000A0021000348FFF789F9200010BDC046CC11002038DD000810B5044C0A002100D9
:20CC20000348FFF77BF9200010BDC046CC11002043DD000803000220032B01D8014AD05C84
:20CC40007047C04651DD000807B50B4B02689A4211D18020094A0004D1690143D161D369C4
:20CC60000022034001931F201100019BFCF7CAF81F20FCF7F1F807BD005C0040001002404D
:20CC8000AC2310B59B00C1184033C058FEF7F8FD10BD28234B43C3187D33FF331A68BC2353
:20CCA00010B59B00C058FEF71DFE10BD28234B43C318DA6BBC2310B59B00C058FEF758FE84
:20CCC00010BDBC2310B59B00C058FEF7FBFE10BD836870B50400022B01D0FBF703FBBC2592
:20CCE000AD0001216059FEF7D2FE6059FEF7A5FE70BD0000BC2310B504009B00C058FEF719
:20CD0000C9FEA369002B04D00623024A11690B43136110BD00ED00E0836910B50400002B16
:20CD200006D00621054A13698B431361FAF7CCFCBC239B00E058FEF7B9FE10BD00ED00E038
:20CD4000BC2370B504001C489B00C4501B4BB025036008234360063B836003610023AD00F4
:20CD600060518361C3610362FCF75EFB002801D0FBF7B8FA0022605911001823FDF7BCF9DC
:20CD80006059582300228021FDF7B6F96059C02300228121FDF7B0F9882360590022012154
:20CDA0005B00FDF7A9F980236059002282215B00FDF7A2F9002070BDCC130020005C00408F
:20CDC000B02310B59B00C058FCF798FBFFF732FF10BD10B514001A002300B024A4000059A7
:20CDE000FDF790F8FFF726FF10BDB02310B59B00C058FDF7B5F8FFF71DFF10BDB02310B56C
:20CE00009B00C058FDF71BF9FFF714FF10BDB02310B59B00C058FDF73FF9FFF70BFF10BD3D
:20CE2000B0234AB29B00C358002A07DA7F2211400131573A51435B18987870472822514301
:20CE40005B186B33FF331878F7E7B02310B59B00C058FCF766FBFFF7EDFE10BD10B5B0243B
:20CE6000A4000059FDF7CEF8FFF7E4FE10BD10B5B024A4000059FDF79BF8FFF7DBFE10BD9D
:20CE8000B02310B59B00C058FDF7B3F810BD000000487047C01600207047000070B50026E4
:20CEA0000C4D0D4C641BA410A64209D1002600F021F80A4D0A4C641BA410A64205D170BDD1
:20CEC000B300EB5898470136EEE7B300EB5898470136F2E760DD000860DD000860DD0008BD
:20CEE00064DD000803008218934200D1704719700133F9E7F8B5C046F8BC08BC9E4670478C
:20CF0000F8B5C046F8BC08BC9E467047D84F0008A84F0008A84F0008A64F0008AC4F00081E
:20CF2000AC4F0008F4500008A64F0008AC4F0008F4500008AC4F0008A64F0008A05000085E
:20CF4000A0500008A0500008305100083853000826530008045300082E53000804530008FD
:20CF600006560008045300082E5300082653000826530008065600082E530008F05200082C
:20CF8000F0520008F05200087C560008465B0008045B0008045B0008005B00080A5B0008DC
:20CFA0000A5B0008165E0008005B00080A5B0008165E00080A5B0008005B0008AA5D00085D
:20CFC000AA5D0008AA5D0008805E00080000C1C081C1400101C3C003800241C201C6C006B0
:20CFE000800741C70005C1C581C4400401CCC00C800D41CD000FC1CF81CE400E000AC1CA89
:20D0000081CB400B01C9C009800841C801D8C018801941D9001BC1DB81DA401A001EC1DEC8
:20D0200081DF401F01DDC01D801C41DC0014C1D481D5401501D7C017801641D601D2C01268
:20D04000801341D30011C1D181D0401001F0C030803141F10033C1F381F240320036C1F668
:20D0600081F7403701F5C035803441F4003CC1FC81FD403D01FFC03F803E41FE01FAC03A08
:20D08000803B41FB0039C1F981F840380028C1E881E9402901EBC02B802A41EA01EEC02E88
:20D0A000802F41EF002DC1ED81EC402C01E4C024802541E50027C1E781E640260022C1E2E8
:20D0C00081E3402301E1C021802041E001A0C060806141A10063C1A381A240620066C1A628
:20D0E00081A7406701A5C065806441A4006CC1AC81AD406D01AFC06F806E41AE01AAC06A88
:20D10000806B41AB0069C1A981A840680078C1B881B9407901BBC07B807A41BA01BEC07EC7
:20D12000807F41BF007DC1BD81BC407C01B4C074807541B50077C1B781B640760072C1B267
:20D1400081B3407301B1C071807041B00050C190819140510193C053805241920196C056E7
:20D16000805741970055C19581944054019CC05C805D419D005FC19F819E405E005AC19A07
:20D18000819B405B0199C059805841980188C04880494189004BC18B818A404A004EC18E87
:20D1A000818F404F018DC04D804C418C0044C184818540450187C047804641860182C042E7
:20D1C000804341830041C181818040400100B004DC056405FEFF1101FDC5000802000000EA
:20D1E0005802F401FEFF11018DC600080300FFFF0100000000002101C7C7000804000000B8
:20D20000BF03000000001101F9C6000805000000BF03BF03000011011DC700080600B00432
:20D22000DC05AA05FEFF210149C700080700FFFF0100000000001101FBC50008080000003F
:20D24000A00FF401FEFF1101FBC500080900B004B80B6405FEFF2101FBC500080A00B004C5
:20D26000B80B6405FEFF1101FBC500080B000000007D000000001101FBC500080C0000003D
:20D28000007D000000001101FBC500080D000000FF7F102700001101FBC500080E0000008D
:20D2A000007D000000001101FBC500080F0000000A00000000001100FBC500081000000015
:20D2C0000100000000001100FBC5000811000000007D000000001100FBC500081200FFFFFD
:20D2E00001000000000011008FC7000813000000007D0000000011008DC7000814000000AD
:20D30000010000000000110041C70008150064007017D007FEFF110105C80008160000001A
:20D320000100000000001100FBC50008170000000000000000001101FBC50008180000000A
:20D340000000000000001101FBC50008190000000000000000001101FBC500081A000000E6
:20D360000000000000001101FBC500081B0000000100000000001101FBC500081C000000C1
:20D380000100010000001101FBC500081D0000000000000000001101FBC500081E0000009C
:20D3A0000000000000001101FBC500081F002003B0040004FDFF1101E9C700082000200390
:20D3C000B0040004FDFF1101E9C7000821002003B0040004FDFF1101E9C7000822002003C8
:20D3E000B0040004FDFF1101E9C7000823002003B0040004FDFF1101E9C70008240018FCB3
:20D40000E803000000001101E9C70008250018FCE803000000001101E9C70008260018FC2F
:20D42000E803000000001101E9C70008270018FCE803000000001101E9C70008280018FC0B
:20D44000E803000000001101E9C7000829000083007D000000001101E9C700082A00008377
:20D46000007D000000001101E9C700082B000083007D0000FEFF1101E9C700082C000083C4
:20D48000007D0000FEFF1101E9C700082D000083007D0000FEFF1101E9C700082E000083A3
:20D4A000007D0000FEFF1101E9C700082F000083007D0000FEFF1101E9C70008300000837F
:20D4C000007D0000FEFF1101E9C7000831000083007D0000FEFF1101E9C70008320000835B
:20D4E000007D0000FEFF1101E9C70008330000001027D0070000110101C800083400000090
:20D500001027E803FEFF110101C8000835000000102700000000110101C800083600000084
:20D52000102700000000110101C8000837000000102700000000110101C800083800000048
:20D54000102700000000110101C8000839000000010000000000110101C800083A0000005A
:20D560000A000000FEFF110101C800083B004100C80064000000110101C800083C000000FA
:20D58000102700000000110101C800083D000000010000000000110191C700083E00000083
:20D5A0006400030000001101C5C700083F00F6FF0A0000000000110191C700084000F6FF79
:20D5C0000A0000000000110191C700084100F6FF0A0000000000110191C700084200F6FFE6
:20D5E0000A0000000000110191C700084300F6FF0A0000000000110191C700084400F6FFC2
:20D600000A0000000000110191C700084500F6FF0A0000000000110191C700084600F6FF9D
:20D620000A0000000000110191C7000847000000007D000000001100EDC700084800000095
:20D640000020000400001100FBC50008490000000100010000001100FBC500084A0000005F
:20D660000A00020000001100FBC500084B00F6FF0A00000000001101FBC500084C00F6FF60
:20D680000A00000000001101FBC500084D00F6FF0A00000000001101FBC500084E00F6FF3D
:20D6A0000A00000000001101FBC500084F00F6FF0A00000000001101FBC500085000F6FF19
:20D6C0000A00000000001101FBC5000851000080FF7F00000000140103C80008520000805D
:20D6E000FF7F00000000140103C8000853000080FF7F00000000140103C8000854000080B7
:20D70000FF7F00000000140103C8000855000080FF7F00000000140103C800085600008092
:20D72000FF7F30300000140103C8000857000080FF7F30300000140103C8000858000080AE
:20D74000FF7F30300000140103C8000859000080FF7F30300000140103C800085A0000808A
:20D76000FF7F30300000140103C800085B000080FF7F30300000140103C800085C00008066
:20D78000FF7F30300000140103C800085D000080FF7F30300000140103C800085E00008042
:20D7A000FF7F00000000140103C800085F000080FF7F00000000140103C80008600000005E
:20D7C000007D17020000140003C8000861000000007D88130000140003C80008620000000A
:20D7E000007DA00F0000140003C8000863000000007DB80B0000140003C800086400000028
:20D80000007D70170000140003C8000865000080FF7F00000000140003C8000866000080ED
:20D82000FF7F00000000140003C8000867000080FF7F00000000140003C80008680000804F
:20D84000FF7F00000000140003C8000869000080FF7F00000000140003C800086A0000802B
:20D86000FF7F00000000140003C800086B000080FF7F00000000140003C800086C00008007
:20D88000FF7F00000000140003C800086D000080FF7F00000000140003C800086E000080E3
:20D8A000FF7F00000000140003C800086F000080FF7F00000000140003C8000870000080BF
:20D8C000FF7F00000000140003C8000871000080FF7F00000000140003C80008720000809B
:20D8E000FF7F00000000140003C8000873000080FF7FAA550000140103C800087400008077
:20D90000FF7F55AA0000140103C8000875000080FF7F00000000140003C800087600008052
:20D92000FF7F00000000140003C8000877000080FF7FBB660000140103C80008780000800C
:20D94000FF7F66BB0000140103C8000879000000020000000000140103C800087A000080E3
:20D96000FF7F00000000140003C800087B000080FF7F00000000140003C800087C000080E6
:20D98000FF7F00000000140003C800087D000080FF7F00000000140003C800087E000080C2
:20D9A000FF7F00000000140003C800087F000080FF7F00000000140003C80008800000809E
:20D9C000FF7F00000000140003C8000881000080FF7F00000000140003C80008820000807A
:20D9E000FF7F00000000140003C8000883000080FF7F00000000140003C800088400008056
:20DA0000FF7F00000000140003C8000885000080FF7F00000000140003C800088600008031
:20DA2000FF7F00000000140003C8000887000080FF7F00000000140003C80008880000800D
:20DA4000FF7FE4070000140103C8000889000080FF7F0C000000140103C800088A000080F0
:20DA6000FF7F1E000000140103C800088B000080FF7F43430000140103C800088C0000801F
:20DA8000FF7F53330000140103C800088D000080FF7F32300000140103C800088E000080B7
:20DAA000FF7F30000000140103C800088F000080FF7F00000000140103C80008900000804B
:20DAC000FF7F00000000140103C8000891000080FF7F00000000140103C800089200008057
:20DAE000FF7F00000000140103C8000893000080FF7F00000000140103C800089400008033
:20DB0000FF7F00000000140103C8000895000080FF7F000000001400FBC50008960000009A
:20DB20000100000000001400FBC50008970000000100000000001400FBC5000898000000FC
:20DB40000100000000001400FBC50008990000000100000000001400FBC500089A000000D8
:20DB60000100000000001400FBC500089B0000000100000000001400FBC500089C000000B4
:20DB80000100000000001400FBC500089D0000000100000000001400FBC500089E00000090
:20DBA0000100000000001400FBC500089F0000000100000000001400FBC50008A00000006C
:20DBC0000100000000001400FBC50008A1000180FF7F000000001400FBC50008A20000004A
:20DBE0000100000000001400FBC50008A30000000100000000001400FBC50008A400000024
:20DC00000100000000001400FBC50008A50000000100000000001400FBC50008A6000000FF
:20DC20000100000000001400FBC50008A70000000100000000001400FBC50008A8000000DB
:20DC40000100000000001400FBC50008A90000000100000000001400FBC50008AA000000B7
:20DC60000100000000001400FBC50008AB000080FF7F000000001400FBC50008AC00000096
:20DC8000FF7F000000001400FBC50008AD000080FF7F00000000140009C80008AE000000E4
:20DCA000010000000000140039C80008AF000080FF7F000000001400FBC50008B00000808D
:20DCC000FF7F000000001400FBC50008B1000080FF7F000000001400FBC50008B20000802D
:20DCE000FF7F000000001400FBC50008B3000080FF7F00000000140071C80008B400008090
:20DD0000FF7F000000001400FBC50008454E2D4B4F20436F6E74726F6C2053797374656DA9
:20DD2000730053544D3332205669727475616C20436F6D506F72740043444320436F6E66BC
:20DD400069670043444320496E7465726661636500000201020000001C8BFF7F010000004D
:20DD6000E9480008C1480008BF0300000100000001000000BF0300000100000000127A0046
:20DD80000100000004000000BE070000BFB6000879B60008B1B5000800000000C5B4000816
:20DDA0005DB5000829B5000800000000000000000000000005B50008F9B4000811B500081E
:20DDC0001DB5000809024300020100C03209040000010202010005240010010524010001AE
:20DDE0000424020205240600010705820308001009040100020A00000007050102400000B5
:20DE0000070581024000000009024300020100C0320904000001020201000524001001059E
:20DE2000240100010424020205240600010705820308001009040100020A00000007050190
:20DE40000200020007058102000200000A060002000000400100000009074300020104C0C0
:20DE600032090400000102020100052400100105240100010424020205240600010705820E
:20DE80000308001009040100020A000000070501024000000705810240000000CDCA000890
:20DEA00071CA000875CA000879CA000845CB000851CB0008C5CB0008E1CB000881CB0008B1
:20DEC000FDCB000819CC0008120100020202004083044057000201020301000004030904F1
:20DEE0001A030000000000000000000000000000000000000000000000000000FFFFFFFF09
:20DF0000FFFFFFFFFFFFFFFFFFFFFFFFFFFFFFFFFFFFFFFFFFFFFFFFFFFFFFFFFFFFFFFF21
:20DF2000FFFFFFFFFFFFFFFFFFFFFFFFFFFFFFFFFFFFFFFFFFFFFFFFFFFFFFFFFFFFFFFF01
:20DF4000FFFFFFFFFFFFFFFFFFFFFFFFFFFFFFFFFFFFFFFFFFFFFFFFFFFFFFFFFFFFFFFFE1
:20DF6000FFFFFFFFFFFFFFFFFFFFFFFFFFFFFFFFFFFFFFFFFFFFFFFFFFFFFFFFFFFFFFFFC1
:20DF8000FFFFFFFFFFFFFFFFFFFFFFFFFFFFFFFFFFFFFFFFFFFFFFFFFFFFFFFFFFFFFFFFA1
:20DFA000FFFFFFFFFFFFFFFFFFFFFFFFFFFFFFFFFFFFFFFFFFFFFFFFFFFFFFFFFFFFFFFF81
:20DFC000FFFFFFFFFFFFFFFFFFFFFFFFFFFFFFFFFFFFFFFFFFFFFFFFFFFFFFFFFFFFFFFF61
:20DFE000FFFFFFFFFFFFFFFFFFFFFFFFFFFFFFFFFFFFFFFFFFFFFFFFFFFFFFFFFFFFFFFF41
:020000040800F2
:20E00000FFFFFFFFFFFFFFFFFFFFFFFFFFFFFFFFFFFFFFFFFFFFFFFFFFFFFFFFFFFFFFFF20
:20E02000FFFFFFFFFFFFFFFFFFFFFFFFFFFFFFFFFFFFFFFFFFFFFFFFFFFFFFFFFFFFFFFF00
:20E04000FFFFFFFFFFFFFFFFFFFFFFFFFFFFFFFFFFFFFFFFFFFFFFFFFFFFFFFFFFFFFFFFE0
:20E06000FFFFFFFFFFFFFFFFFFFFFFFFFFFFFFFFFFFFFFFFFFFFFFFFFFFFFFFFFFFFFFFFC0
:20E08000FFFFFFFFFFFFFFFFFFFFFFFFFFFFFFFFFFFFFFFFFFFFFFFFFFFFFFFFFFFFFFFFA0
:20E0A000FFFFFFFFFFFFFFFFFFFFFFFFFFFFFFFFFFFFFFFFFFFFFFFFFFFFFFFFFFFFFFFF80
:20E0C000FFFFFFFFFFFFFFFFFFFFFFFFFFFFFFFFFFFFFFFFFFFFFFFFFFFFFFFFFFFFFFFF60
:20E0E000FFFFFFFFFFFFFFFFFFFFFFFFFFFFFFFFFFFFFFFFFFFFFFFFFFFFFFFFFFFFFFFF40
:20E10000FFFFFFFFFFFFFFFFFFFFFFFFFFFFFFFFFFFFFFFFFFFFFFFFFFFFFFFFFFFFFFFF1F
:20E12000FFFFFFFFFFFFFFFFFFFFFFFFFFFFFFFFFFFFFFFFFFFFFFFFFFFFFFFFFFFFFFFFFF
:20E14000FFFFFFFFFFFFFFFFFFFFFFFFFFFFFFFFFFFFFFFFFFFFFFFFFFFFFFFFFFFFFFFFDF
:20E16000FFFFFFFFFFFFFFFFFFFFFFFFFFFFFFFFFFFFFFFFFFFFFFFFFFFFFFFFFFFFFFFFBF
:20E18000FFFFFFFFFFFFFFFFFFFFFFFFFFFFFFFFFFFFFFFFFFFFFFFFFFFFFFFFFFFFFFFF9F
:20E1A000FFFFFFFFFFFFFFFFFFFFFFFFFFFFFFFFFFFFFFFFFFFFFFFFFFFFFFFFFFFFFFFF7F
:20E1C000FFFFFFFFFFFFFFFFFFFFFFFFFFFFFFFFFFFFFFFFFFFFFFFFFFFFFFFFFFFFFFFF5F
:20E1E000FFFFFFFFFFFFFFFFFFFFFFFFFFFFFFFFFFFFFFFFFFFFFFFFFFFFFFFFFFFFFFFF3F
:20E20000FFFFFFFFFFFFFFFFFFFFFFFFFFFFFFFFFFFFFFFFFFFFFFFFFFFFFFFFFFFFFFFF1E
:20E22000FFFFFFFFFFFFFFFFFFFFFFFFFFFFFFFFFFFFFFFFFFFFFFFFFFFFFFFFFFFFFFFFFE
:20E24000FFFFFFFFFFFFFFFFFFFFFFFFFFFFFFFFFFFFFFFFFFFFFFFFFFFFFFFFFFFFFFFFDE
:20E26000FFFFFFFFFFFFFFFFFFFFFFFFFFFFFFFFFFFFFFFFFFFFFFFFFFFFFFFFFFFFFFFFBE
:20E28000FFFFFFFFFFFFFFFFFFFFFFFFFFFFFFFFFFFFFFFFFFFFFFFFFFFFFFFFFFFFFFFF9E
:20E2A000FFFFFFFFFFFFFFFFFFFFFFFFFFFFFFFFFFFFFFFFFFFFFFFFFFFFFFFFFFFFFFFF7E
:20E2C000FFFFFFFFFFFFFFFFFFFFFFFFFFFFFFFFFFFFFFFFFFFFFFFFFFFFFFFFFFFFFFFF5E
:20E2E000FFFFFFFFFFFFFFFFFFFFFFFFFFFFFFFFFFFFFFFFFFFFFFFFFFFFFFFFFFFFFFFF3E
:20E30000FFFFFFFFFFFFFFFFFFFFFFFFFFFFFFFFFFFFFFFFFFFFFFFFFFFFFFFFFFFFFFFF1D
:20E32000FFFFFFFFFFFFFFFFFFFFFFFFFFFFFFFFFFFFFFFFFFFFFFFFFFFFFFFFFFFFFFFFFD
:20E34000FFFFFFFFFFFFFFFFFFFFFFFFFFFFFFFFFFFFFFFFFFFFFFFFFFFFFFFFFFFFFFFFDD
:20E36000FFFFFFFFFFFFFFFFFFFFFFFFFFFFFFFFFFFFFFFFFFFFFFFFFFFFFFFFFFFFFFFFBD
:20E38000FFFFFFFFFFFFFFFFFFFFFFFFFFFFFFFFFFFFFFFFFFFFFFFFFFFFFFFFFFFFFFFF9D
:20E3A000FFFFFFFFFFFFFFFFFFFFFFFFFFFFFFFFFFFFFFFFFFFFFFFFFFFFFFFFFFFFFFFF7D
:20E3C000FFFFFFFFFFFFFFFFFFFFFFFFFFFFFFFFFFFFFFFFFFFFFFFFFFFFFFFFFFFFFFFF5D
:20E3E000FFFFFFFFFFFFFFFFFFFFFFFFFFFFFFFFFFFFFFFFFFFFFFFFFFFFFFFFFFFFFFFF3D
:20E40000FFFFFFFFFFFFFFFFFFFFFFFFFFFFFFFFFFFFFFFFFFFFFFFFFFFFFFFFFFFFFFFF1C
:20E42000FFFFFFFFFFFFFFFFFFFFFFFFFFFFFFFFFFFFFFFFFFFFFFFFFFFFFFFFFFFFFFFFFC
:20E44000FFFFFFFFFFFFFFFFFFFFFFFFFFFFFFFFFFFFFFFFFFFFFFFFFFFFFFFFFFFFFFFFDC
:20E46000FFFFFFFFFFFFFFFFFFFFFFFFFFFFFFFFFFFFFFFFFFFFFFFFFFFFFFFFFFFFFFFFBC
:20E48000FFFFFFFFFFFFFFFFFFFFFFFFFFFFFFFFFFFFFFFFFFFFFFFFFFFFFFFFFFFFFFFF9C
:20E4A000FFFFFFFFFFFFFFFFFFFFFFFFFFFFFFFFFFFFFFFFFFFFFFFFFFFFFFFFFFFFFFFF7C
:20E4C000FFFFFFFFFFFFFFFFFFFFFFFFFFFFFFFFFFFFFFFFFFFFFFFFFFFFFFFFFFFFFFFF5C
:20E4E000FFFFFFFFFFFFFFFFFFFFFFFFFFFFFFFFFFFFFFFFFFFFFFFFFFFFFFFFFFFFFFFF3C
:20E50000FFFFFFFFFFFFFFFFFFFFFFFFFFFFFFFFFFFFFFFFFFFFFFFFFFFFFFFFFFFFFFFF1B
:20E52000FFFFFFFFFFFFFFFFFFFFFFFFFFFFFFFFFFFFFFFFFFFFFFFFFFFFFFFFFFFFFFFFFB
:20E54000FFFFFFFFFFFFFFFFFFFFFFFFFFFFFFFFFFFFFFFFFFFFFFFFFFFFFFFFFFFFFFFFDB
:20E56000FFFFFFFFFFFFFFFFFFFFFFFFFFFFFFFFFFFFFFFFFFFFFFFFFFFFFFFFFFFFFFFFBB
:20E58000FFFFFFFFFFFFFFFFFFFFFFFFFFFFFFFFFFFFFFFFFFFFFFFFFFFFFFFFFFFFFFFF9B
:20E5A000FFFFFFFFFFFFFFFFFFFFFFFFFFFFFFFFFFFFFFFFFFFFFFFFFFFFFFFFFFFFFFFF7B
:20E5C000FFFFFFFFFFFFFFFFFFFFFFFFFFFFFFFFFFFFFFFFFFFFFFFFFFFFFFFFFFFFFFFF5B
:20E5E000FFFFFFFFFFFFFFFFFFFFFFFFFFFFFFFFFFFFFFFFFFFFFFFFFFFFFFFFFFFFFFFF3B
:20E60000FFFFFFFFFFFFFFFFFFFFFFFFFFFFFFFFFFFFFFFFFFFFFFFFFFFFFFFFFFFFFFFF1A
:20E62000FFFFFFFFFFFFFFFFFFFFFFFFFFFFFFFFFFFFFFFFFFFFFFFFFFFFFFFFFFFFFFFFFA
:20E64000FFFFFFFFFFFFFFFFFFFFFFFFFFFFFFFFFFFFFFFFFFFFFFFFFFFFFFFFFFFFFFFFDA
:20E66000FFFFFFFFFFFFFFFFFFFFFFFFFFFFFFFFFFFFFFFFFFFFFFFFFFFFFFFFFFFFFFFFBA
:20E68000FFFFFFFFFFFFFFFFFFFFFFFFFFFFFFFFFFFFFFFFFFFFFFFFFFFFFFFFFFFFFFFF9A
:20E6A000FFFFFFFFFFFFFFFFFFFFFFFFFFFFFFFFFFFFFFFFFFFFFFFFFFFFFFFFFFFFFFFF7A
:20E6C000FFFFFFFFFFFFFFFFFFFFFFFFFFFFFFFFFFFFFFFFFFFFFFFFFFFFFFFFFFFFFFFF5A
:20E6E000FFFFFFFFFFFFFFFFFFFFFFFFFFFFFFFFFFFFFFFFFFFFFFFFFFFFFFFFFFFFFFFF3A
:20E70000FFFFFFFFFFFFFFFFFFFFFFFFFFFFFFFFFFFFFFFFFFFFFFFFFFFFFFFFFFFFFFFF19
:20E72000FFFFFFFFFFFFFFFFFFFFFFFFFFFFFFFFFFFFFFFFFFFFFFFFFFFFFFFFFFFFFFFFF9
:20E74000FFFFFFFFFFFFFFFFFFFFFFFFFFFFFFFFFFFFFFFFFFFFFFFFFFFFFFFFFFFFFFFFD9
:20E76000FFFFFFFFFFFFFFFFFFFFFFFFFFFFFFFFFFFFFFFFFFFFFFFFFFFFFFFFFFFFFFFFB9
:20E78000FFFFFFFFFFFFFFFFFFFFFFFFFFFFFFFFFFFFFFFFFFFFFFFFFFFFFFFFFFFFFFFF99
:20E7A000FFFFFFFFFFFFFFFFFFFFFFFFFFFFFFFFFFFFFFFFFFFFFFFFFFFFFFFFFFFFFFFF79
:20E7C000FFFFFFFFFFFFFFFFFFFFFFFFFFFFFFFFFFFFFFFFFFFFFFFFFFFFFFFFFFFFFFFF59
:20E7E000FFFFFFFFFFFFFFFFFFFFFFFFFFFFFFFFFFFFFFFFFFFFFFFFFFFFFFFFFFFFFFFF39
:20E80000FFFFFFFFFFFFFFFFFFFFFFFFFFFFFFFFFFFFFFFFFFFFFFFFFFFFFFFFFFFFFFFF18
:20E82000FFFFFFFFFFFFFFFFFFFFFFFFFFFFFFFFFFFFFFFFFFFFFFFFFFFFFFFFFFFFFFFFF8
:20E84000FFFFFFFFFFFFFFFFFFFFFFFFFFFFFFFFFFFFFFFFFFFFFFFFFFFFFFFFFFFFFFFFD8
:20E86000FFFFFFFFFFFFFFFFFFFFFFFFFFFFFFFFFFFFFFFFFFFFFFFFFFFFFFFFFFFFFFFFB8
:20E88000FFFFFFFFFFFFFFFFFFFFFFFFFFFFFFFFFFFFFFFFFFFFFFFFFFFFFFFFFFFFFFFF98
:20E8A000FFFFFFFFFFFFFFFFFFFFFFFFFFFFFFFFFFFFFFFFFFFFFFFFFFFFFFFFFFFFFFFF78
:20E8C000FFFFFFFFFFFFFFFFFFFFFFFFFFFFFFFFFFFFFFFFFFFFFFFFFFFFFFFFFFFFFFFF58
:20E8E000FFFFFFFFFFFFFFFFFFFFFFFFFFFFFFFFFFFFFFFFFFFFFFFFFFFFFFFFFFFFFFFF38
:20E90000FFFFFFFFFFFFFFFFFFFFFFFFFFFFFFFFFFFFFFFFFFFFFFFFFFFFFFFFFFFFFFFF17
:20E92000FFFFFFFFFFFFFFFFFFFFFFFFFFFFFFFFFFFFFFFFFFFFFFFFFFFFFFFFFFFFFFFFF7
:20E94000FFFFFFFFFFFFFFFFFFFFFFFFFFFFFFFFFFFFFFFFFFFFFFFFFFFFFFFFFFFFFFFFD7
:20E96000FFFFFFFFFFFFFFFFFFFFFFFFFFFFFFFFFFFFFFFFFFFFFFFFFFFFFFFFFFFFFFFFB7
:20E98000FFFFFFFFFFFFFFFFFFFFFFFFFFFFFFFFFFFFFFFFFFFFFFFFFFFFFFFFFFFFFFFF97
:20E9A000FFFFFFFFFFFFFFFFFFFFFFFFFFFFFFFFFFFFFFFFFFFFFFFFFFFFFFFFFFFFFFFF77
:20E9C000FFFFFFFFFFFFFFFFFFFFFFFFFFFFFFFFFFFFFFFFFFFFFFFFFFFFFFFFFFFFFFFF57
:20E9E000FFFFFFFFFFFFFFFFFFFFFFFFFFFFFFFFFFFFFFFFFFFFFFFFFFFFFFFFFFFFFFFF37
:20EA0000FFFFFFFFFFFFFFFFFFFFFFFFFFFFFFFFFFFFFFFFFFFFFFFFFFFFFFFFFFFFFFFF16
:20EA2000FFFFFFFFFFFFFFFFFFFFFFFFFFFFFFFFFFFFFFFFFFFFFFFFFFFFFFFFFFFFFFFFF6
:20EA4000FFFFFFFFFFFFFFFFFFFFFFFFFFFFFFFFFFFFFFFFFFFFFFFFFFFFFFFFFFFFFFFFD6
:20EA6000FFFFFFFFFFFFFFFFFFFFFFFFFFFFFFFFFFFFFFFFFFFFFFFFFFFFFFFFFFFFFFFFB6
:20EA8000FFFFFFFFFFFFFFFFFFFFFFFFFFFFFFFFFFFFFFFFFFFFFFFFFFFFFFFFFFFFFFFF96
:20EAA000FFFFFFFFFFFFFFFFFFFFFFFFFFFFFFFFFFFFFFFFFFFFFFFFFFFFFFFFFFFFFFFF76
:20EAC000FFFFFFFFFFFFFFFFFFFFFFFFFFFFFFFFFFFFFFFFFFFFFFFFFFFFFFFFFFFFFFFF56
:20EAE000FFFFFFFFFFFFFFFFFFFFFFFFFFFFFFFFFFFFFFFFFFFFFFFFFFFFFFFFFFFFFFFF36
:20EB0000FFFFFFFFFFFFFFFFFFFFFFFFFFFFFFFFFFFFFFFFFFFFFFFFFFFFFFFFFFFFFFFF15
:20EB2000FFFFFFFFFFFFFFFFFFFFFFFFFFFFFFFFFFFFFFFFFFFFFFFFFFFFFFFFFFFFFFFFF5
:20EB4000FFFFFFFFFFFFFFFFFFFFFFFFFFFFFFFFFFFFFFFFFFFFFFFFFFFFFFFFFFFFFFFFD5
:20EB6000FFFFFFFFFFFFFFFFFFFFFFFFFFFFFFFFFFFFFFFFFFFFFFFFFFFFFFFFFFFFFFFFB5
:20EB8000FFFFFFFFFFFFFFFFFFFFFFFFFFFFFFFFFFFFFFFFFFFFFFFFFFFFFFFFFFFFFFFF95
:20EBA000FFFFFFFFFFFFFFFFFFFFFFFFFFFFFFFFFFFFFFFFFFFFFFFFFFFFFFFFFFFFFFFF75
:20EBC000FFFFFFFFFFFFFFFFFFFFFFFFFFFFFFFFFFFFFFFFFFFFFFFFFFFFFFFFFFFFFFFF55
:20EBE000FFFFFFFFFFFFFFFFFFFFFFFFFFFFFFFFFFFFFFFFFFFFFFFFFFFFFFFFFFFFFFFF35
:20EC0000FFFFFFFFFFFFFFFFFFFFFFFFFFFFFFFFFFFFFFFFFFFFFFFFFFFFFFFFFFFFFFFF14
:20EC2000FFFFFFFFFFFFFFFFFFFFFFFFFFFFFFFFFFFFFFFFFFFFFFFFFFFFFFFFFFFFFFFFF4
:20EC4000FFFFFFFFFFFFFFFFFFFFFFFFFFFFFFFFFFFFFFFFFFFFFFFFFFFFFFFFFFFFFFFFD4
:20EC6000FFFFFFFFFFFFFFFFFFFFFFFFFFFFFFFFFFFFFFFFFFFFFFFFFFFFFFFFFFFFFFFFB4
:20EC8000FFFFFFFFFFFFFFFFFFFFFFFFFFFFFFFFFFFFFFFFFFFFFFFFFFFFFFFFFFFFFFFF94
:20ECA000FFFFFFFFFFFFFFFFFFFFFFFFFFFFFFFFFFFFFFFFFFFFFFFFFFFFFFFFFFFFFFFF74
:20ECC000FFFFFFFFFFFFFFFFFFFFFFFFFFFFFFFFFFFFFFFFFFFFFFFFFFFFFFFFFFFFFFFF54
:20ECE000FFFFFFFFFFFFFFFFFFFFFFFFFFFFFFFFFFFFFFFFFFFFFFFFFFFFFFFFFFFFFFFF34
:20ED0000FFFFFFFFFFFFFFFFFFFFFFFFFFFFFFFFFFFFFFFFFFFFFFFFFFFFFFFFFFFFFFFF13
:20ED2000FFFFFFFFFFFFFFFFFFFFFFFFFFFFFFFFFFFFFFFFFFFFFFFFFFFFFFFFFFFFFFFFF3
:20ED4000FFFFFFFFFFFFFFFFFFFFFFFFFFFFFFFFFFFFFFFFFFFFFFFFFFFFFFFFFFFFFFFFD3
:20ED6000FFFFFFFFFFFFFFFFFFFFFFFFFFFFFFFFFFFFFFFFFFFFFFFFFFFFFFFFFFFFFFFFB3
:20ED8000FFFFFFFFFFFFFFFFFFFFFFFFFFFFFFFFFFFFFFFFFFFFFFFFFFFFFFFFFFFFFFFF93
:20EDA000FFFFFFFFFFFFFFFFFFFFFFFFFFFFFFFFFFFFFFFFFFFFFFFFFFFFFFFFFFFFFFFF73
:20EDC000FFFFFFFFFFFFFFFFFFFFFFFFFFFFFFFFFFFFFFFFFFFFFFFFFFFFFFFFFFFFFFFF53
:20EDE000FFFFFFFFFFFFFFFFFFFFFFFFFFFFFFFFFFFFFFFFFFFFFFFFFFFFFFFFFFFFFFFF33
:20EE0000FFFFFFFFFFFFFFFFFFFFFFFFFFFFFFFFFFFFFFFFFFFFFFFFFFFFFFFFFFFFFFFF12
:20EE2000FFFFFFFFFFFFFFFFFFFFFFFFFFFFFFFFFFFFFFFFFFFFFFFFFFFFFFFFFFFFFFFFF2
:20EE4000FFFFFFFFFFFFFFFFFFFFFFFFFFFFFFFFFFFFFFFFFFFFFFFFFFFFFFFFFFFFFFFFD2
:20EE6000FFFFFFFFFFFFFFFFFFFFFFFFFFFFFFFFFFFFFFFFFFFFFFFFFFFFFFFFFFFFFFFFB2
:20EE8000FFFFFFFFFFFFFFFFFFFFFFFFFFFFFFFFFFFFFFFFFFFFFFFFFFFFFFFFFFFFFFFF92
:20EEA000FFFFFFFFFFFFFFFFFFFFFFFFFFFFFFFFFFFFFFFFFFFFFFFFFFFFFFFFFFFFFFFF72
:20EEC000FFFFFFFFFFFFFFFFFFFFFFFFFFFFFFFFFFFFFFFFFFFFFFFFFFFFFFFFFFFFFFFF52
:20EEE000FFFFFFFFFFFFFFFFFFFFFFFFFFFFFFFFFFFFFFFFFFFFFFFFFFFFFFFFFFFFFFFF32
:20EF0000FFFFFFFFFFFFFFFFFFFFFFFFFFFFFFFFFFFFFFFFFFFFFFFFFFFFFFFFFFFFFFFF11
:20EF2000FFFFFFFFFFFFFFFFFFFFFFFFFFFFFFFFFFFFFFFFFFFFFFFFFFFFFFFFFFFFFFFFF1
:20EF4000FFFFFFFFFFFFFFFFFFFFFFFFFFFFFFFFFFFFFFFFFFFFFFFFFFFFFFFFFFFFFFFFD1
:20EF6000FFFFFFFFFFFFFFFFFFFFFFFFFFFFFFFFFFFFFFFFFFFFFFFFFFFFFFFFFFFFFFFFB1
:20EF8000FFFFFFFFFFFFFFFFFFFFFFFFFFFFFFFFFFFFFFFFFFFFFFFFFFFFFFFFFFFFFFFF91
:20EFA000FFFFFFFFFFFFFFFFFFFFFFFFFFFFFFFFFFFFFFFFFFFFFFFFFFFFFFFFFFFFFFFF71
:20EFC000FFFFFFFFFFFFFFFFFFFFFFFFFFFFFFFFFFFFFFFFFFFFFFFFFFFFFFFFFFFFFFFF51
:20EFE000FFFFFFFFFFFFFFFFFFFFFFFFFFFFFFFFFFFFFFFFFFFFFFFFFFFFFFFFFFFFFFFF31
:20F00000FFFFFFFFFFFFFFFFFFFFFFFFFFFFFFFFFFFFFFFFFFFFFFFFFFFFFFFFFFFFFFFF10
:20F02000FFFFFFFFFFFFFFFFFFFFFFFFFFFFFFFFFFFFFFFFFFFFFFFFFFFFFFFFFFFFFFFFF0
:20F04000FFFFFFFFFFFFFFFFFFFFFFFFFFFFFFFFFFFFFFFFFFFFFFFFFFFFFFFFFFFFFFFFD0
:20F06000FFFFFFFFFFFFFFFFFFFFFFFFFFFFFFFFFFFFFFFFFFFFFFFFFFFFFFFFFFFFFFFFB0
:20F08000FFFFFFFFFFFFFFFFFFFFFFFFFFFFFFFFFFFFFFFFFFFFFFFFFFFFFFFFFFFFFFFF90
:20F0A000FFFFFFFFFFFFFFFFFFFFFFFFFFFFFFFFFFFFFFFFFFFFFFFFFFFFFFFFFFFFFFFF70
:20F0C000FFFFFFFFFFFFFFFFFFFFFFFFFFFFFFFFFFFFFFFFFFFFFFFFFFFFFFFFFFFFFFFF50
:20F0E000FFFFFFFFFFFFFFFFFFFFFFFFFFFFFFFFFFFFFFFFFFFFFFFFFFFFFFFFFFFFFFFF30
:20F10000FFFFFFFFFFFFFFFFFFFFFFFFFFFFFFFFFFFFFFFFFFFFFFFFFFFFFFFFFFFFFFFF0F
:20F12000FFFFFFFFFFFFFFFFFFFFFFFFFFFFFFFFFFFFFFFFFFFFFFFFFFFFFFFFFFFFFFFFEF
:20F14000FFFFFFFFFFFFFFFFFFFFFFFFFFFFFFFFFFFFFFFFFFFFFFFFFFFFFFFFFFFFFFFFCF
:20F16000FFFFFFFFFFFFFFFFFFFFFFFFFFFFFFFFFFFFFFFFFFFFFFFFFFFFFFFFFFFFFFFFAF
:20F18000FFFFFFFFFFFFFFFFFFFFFFFFFFFFFFFFFFFFFFFFFFFFFFFFFFFFFFFFFFFFFFFF8F
:20F1A000FFFFFFFFFFFFFFFFFFFFFFFFFFFFFFFFFFFFFFFFFFFFFFFFFFFFFFFFFFFFFFFF6F
:20F1C000FFFFFFFFFFFFFFFFFFFFFFFFFFFFFFFFFFFFFFFFFFFFFFFFFFFFFFFFFFFFFFFF4F
:20F1E000FFFFFFFFFFFFFFFFFFFFFFFFFFFFFFFFFFFFFFFFFFFFFFFFFFFFFFFFFFFFFFFF2F
:20F20000FFFFFFFFFFFFFFFFFFFFFFFFFFFFFFFFFFFFFFFFFFFFFFFFFFFFFFFFFFFFFFFF0E
:20F22000FFFFFFFFFFFFFFFFFFFFFFFFFFFFFFFFFFFFFFFFFFFFFFFFFFFFFFFFFFFFFFFFEE
:20F24000FFFFFFFFFFFFFFFFFFFFFFFFFFFFFFFFFFFFFFFFFFFFFFFFFFFFFFFFFFFFFFFFCE
:20F26000FFFFFFFFFFFFFFFFFFFFFFFFFFFFFFFFFFFFFFFFFFFFFFFFFFFFFFFFFFFFFFFFAE
:20F28000FFFFFFFFFFFFFFFFFFFFFFFFFFFFFFFFFFFFFFFFFFFFFFFFFFFFFFFFFFFFFFFF8E
:20F2A000FFFFFFFFFFFFFFFFFFFFFFFFFFFFFFFFFFFFFFFFFFFFFFFFFFFFFFFFFFFFFFFF6E
:20F2C000FFFFFFFFFFFFFFFFFFFFFFFFFFFFFFFFFFFFFFFFFFFFFFFFFFFFFFFFFFFFFFFF4E
:20F2E000FFFFFFFFFFFFFFFFFFFFFFFFFFFFFFFFFFFFFFFFFFFFFFFFFFFFFFFFFFFFFFFF2E
:20F30000FFFFFFFFFFFFFFFFFFFFFFFFFFFFFFFFFFFFFFFFFFFFFFFFFFFFFFFFFFFFFFFF0D
:20F32000FFFFFFFFFFFFFFFFFFFFFFFFFFFFFFFFFFFFFFFFFFFFFFFFFFFFFFFFFFFFFFFFED
:20F34000FFFFFFFFFFFFFFFFFFFFFFFFFFFFFFFFFFFFFFFFFFFFFFFFFFFFFFFFFFFFFFFFCD
:20F36000FFFFFFFFFFFFFFFFFFFFFFFFFFFFFFFFFFFFFFFFFFFFFFFFFFFFFFFFFFFFFFFFAD
:20F38000FFFFFFFFFFFFFFFFFFFFFFFFFFFFFFFFFFFFFFFFFFFFFFFFFFFFFFFFFFFFFFFF8D
:20F3A000FFFFFFFFFFFFFFFFFFFFFFFFFFFFFFFFFFFFFFFFFFFFFFFFFFFFFFFFFFFFFFFF6D
:20F3C000FFFFFFFFFFFFFFFFFFFFFFFFFFFFFFFFFFFFFFFFFFFFFFFFFFFFFFFFFFFFFFFF4D
:20F3E000FFFFFFFFFFFFFFFFFFFFFFFFFFFFFFFFFFFFFFFFFFFFFFFFFFFFFFFFFFFFFFFF2D
:20F40000FFFFFFFFFFFFFFFFFFFFFFFFFFFFFFFFFFFFFFFFFFFFFFFFFFFFFFFFFFFFFFFF0C
:20F42000FFFFFFFFFFFFFFFFFFFFFFFFFFFFFFFFFFFFFFFFFFFFFFFFFFFFFFFFFFFFFFFFEC
:20F44000FFFFFFFFFFFFFFFFFFFFFFFFFFFFFFFFFFFFFFFFFFFFFFFFFFFFFFFFFFFFFFFFCC
:20F46000FFFFFFFFFFFFFFFFFFFFFFFFFFFFFFFFFFFFFFFFFFFFFFFFFFFFFFFFFFFFFFFFAC
:20F48000FFFFFFFFFFFFFFFFFFFFFFFFFFFFFFFFFFFFFFFFFFFFFFFFFFFFFFFFFFFFFFFF8C
:20F4A000FFFFFFFFFFFFFFFFFFFFFFFFFFFFFFFFFFFFFFFFFFFFFFFFFFFFFFFFFFFFFFFF6C
:20F4C000FFFFFFFFFFFFFFFFFFFFFFFFFFFFFFFFFFFFFFFFFFFFFFFFFFFFFFFFFFFFFFFF4C
:20F4E000FFFFFFFFFFFFFFFFFFFFFFFFFFFFFFFFFFFFFFFFFFFFFFFFFFFFFFFFFFFFFFFF2C
:20F50000FFFFFFFFFFFFFFFFFFFFFFFFFFFFFFFFFFFFFFFFFFFFFFFFFFFFFFFFFFFFFFFF0B
:20F52000FFFFFFFFFFFFFFFFFFFFFFFFFFFFFFFFFFFFFFFFFFFFFFFFFFFFFFFFFFFFFFFFEB
:20F54000FFFFFFFFFFFFFFFFFFFFFFFFFFFFFFFFFFFFFFFFFFFFFFFFFFFFFFFFFFFFFFFFCB
:20F56000FFFFFFFFFFFFFFFFFFFFFFFFFFFFFFFFFFFFFFFFFFFFFFFFFFFFFFFFFFFFFFFFAB
:20F58000FFFFFFFFFFFFFFFFFFFFFFFFFFFFFFFFFFFFFFFFFFFFFFFFFFFFFFFFFFFFFFFF8B
:20F5A000FFFFFFFFFFFFFFFFFFFFFFFFFFFFFFFFFFFFFFFFFFFFFFFFFFFFFFFFFFFFFFFF6B
:20F5C000FFFFFFFFFFFFFFFFFFFFFFFFFFFFFFFFFFFFFFFFFFFFFFFFFFFFFFFFFFFFFFFF4B
:20F5E000FFFFFFFFFFFFFFFFFFFFFFFFFFFFFFFFFFFFFFFFFFFFFFFFFFFFFFFFFFFFFFFF2B
:20F60000FFFFFFFFFFFFFFFFFFFFFFFFFFFFFFFFFFFFFFFFFFFFFFFFFFFFFFFFFFFFFFFF0A
:20F62000FFFFFFFFFFFFFFFFFFFFFFFFFFFFFFFFFFFFFFFFFFFFFFFFFFFFFFFFFFFFFFFFEA
:20F64000FFFFFFFFFFFFFFFFFFFFFFFFFFFFFFFFFFFFFFFFFFFFFFFFFFFFFFFFFFFFFFFFCA
:20F66000FFFFFFFFFFFFFFFFFFFFFFFFFFFFFFFFFFFFFFFFFFFFFFFFFFFFFFFFFFFFFFFFAA
:20F68000FFFFFFFFFFFFFFFFFFFFFFFFFFFFFFFFFFFFFFFFFFFFFFFFFFFFFFFFFFFFFFFF8A
:20F6A000FFFFFFFFFFFFFFFFFFFFFFFFFFFFFFFFFFFFFFFFFFFFFFFFFFFFFFFFFFFFFFFF6A
:20F6C000FFFFFFFFFFFFFFFFFFFFFFFFFFFFFFFFFFFFFFFFFFFFFFFFFFFFFFFFFFFFFFFF4A
:20F6E000FFFFFFFFFFFFFFFFFFFFFFFFFFFFFFFFFFFFFFFFFFFFFFFFFFFFFFFFFFFFFFFF2A
:20F70000FFFFFFFFFFFFFFFFFFFFFFFFFFFFFFFFFFFFFFFFFFFFFFFFFFFFFFFFFFFFFFFF09
:20F72000FFFFFFFFFFFFFFFFFFFFFFFFFFFFFFFFFFFFFFFFFFFFFFFFFFFFFFFFFFFFFFFFE9
:20F74000FFFFFFFFFFFFFFFFFFFFFFFFFFFFFFFFFFFFFFFFFFFFFFFFFFFFFFFFFFFFFFFFC9
:20F76000FFFFFFFFFFFFFFFFFFFFFFFFFFFFFFFFFFFFFFFFFFFFFFFFFFFFFFFFFFFFFFFFA9
:20F78000FFFFFFFFFFFFFFFFFFFFFFFFFFFFFFFFFFFFFFFFFFFFFFFFFFFFFFFFFFFFFFFF89
:20F7A000FFFFFFFFFFFFFFFFFFFFFFFFFFFFFFFFFFFFFFFFFFFFFFFFFFFFFFFFFFFFFFFF69
:20F7C000FFFFFFFFFFFFFFFFFFFFFFFFFFFFFFFFFFFFFFFFFFFFFFFFFFFFFFFFFFFFFFFF49
:20F7E000FFFFFFFFFFFFFFFFFFFFFFFFFFFFFFFFFFFFFFFFFFFFFFFFFFFFFFFF454E4B4FF8
:20F800004CF80008C0FF00084CF800084CF80008FFFFFFFFFFFFFFFFFFFFFFFFFFFFFFFF4D
:20F82000FFFFFFFFFFFFFFFFFFFFFFFFFFFFFFFFFFFFFFFFFFFFFFFFFFFFFFFFFFFFFFFFE8
:20F84000FFFFFFFFFFFFFFFFFFFFFFFFDC05F401FFFF04010802AA05FFFFF401640564055D
:20F860000000000010270000000000000000FFFF00000000E8030000000000000000000068
:20F88000000001000000000000040004000400040004FFFFFFFFFFFFFFFFFFFFFFFFFFFF61
:20F8A000FFFFFFFFFFFFFFFFFFFFFFFFFFFFFFFFD007E80300000000000000000000000096
:20F8C0006400000000000300FFFFFFFFFFFFFFFFFFFFFFFFFFFFFFFF1000000401000200BA
:20F8E000FFFFFFFFFFFFFFFFFFFFFFFFFFFFFFFFFFFFFFFFFFFFFFFFFFFFFFFFFFFFFFFF28
:20F90000FFFFFFFFFFFFFFFFFFFF17028813A00FB80B7017FFFFFFFFFFFFFFFFFFFFFFFF50
:20F92000FFFFFFFFFFFFFFFFFFFFFFFFFFFFFFFFFFFFFFFFFFFFFFFFFFFFFFFF0000FFFFE5
:20F94000FFFFFFFF2E04FFFFFFFFFFFFFFFFFFFFFFFFFFFFFFFFFFFFFFFFFFFFFFFFFFFF93
:20F96000FFFFFFFFFFFFFFFFFFFFFFFFFFFFFFFFFFFFFFFF0000000000000000000000009B
:20F98000000000000000000000000000000000000000000000000000000000000000000067
:20F9A000FFFF00007B000000FFFFFFFFFFFFFFFFFFFFFFFFFFFFFFFFFFFFFFFFFFFFFFFFE6
:20F9C000FFFFFFFFFFFFFFFFFFFFFFFFFFFFFFFFFFFFFFFFFFFFFFFFFFFFFFFFFFFFFFFF47
:20F9E000FFFFFFFFFFFFFFFFFFFFFFFFFFFFFFFFFFFFFFFFFFFFFFFFFFFFFFFFFFFFFFFF27
:20FA0000FFFFFFFFFFFFFFFFFFFFFFFFFFFFFFFFFFFFFFFFFFFFFFFFFFFFFFFFFFFFFFFF06
:20FA2000FFFFFFFFFFFFFFFFFFFFFFFFFFFFFFFFFFFFFFFFFFFFFFFFFFFFFFFFFFFFFFFFE6
:20FA4000FFFFFFFFFFFFFFFFFFFFFFFFFFFFFFFFFFFFFFFFFFFFFFFFFFFFFFFFFFFFFFFFC6
:20FA6000FFFFFFFFFFFFFFFFFFFFFFFFFFFFFFFFFFFFFFFFFFFFFFFFFFFFFFFFFFFFFFFFA6
:20FA8000FFFFFFFFFFFFFFFFFFFFFFFFFFFFFFFFFFFFFFFFFFFFFFFFFFFFFFFFFFFFFFFF86
:20FAA000FFFFFFFFFFFFFFFFFFFFFFFFFFFFFFFFFFFFFFFFFFFFFFFFFFFFFFFFFFFFFFFF66
:20FAC000FFFFFFFFFFFFFFFFFFFFFFFFFFFFFFFFFFFFFFFFFFFFFFFFFFFFFFFFFFFFFFFF46
:20FAE000FFFFFFFFFFFFFFFFFFFFFFFFFFFFFFFFFFFFFFFFFFFFFFFFFFFFFFFFFFFFFFFF26
:20FB0000FFFFFFFFFFFFFFFFFFFFFFFFFFFFFFFFFFFFFFFFFFFFFFFFFFFFFFFFFFFFFFFF05
:20FB2000FFFFFFFFFFFFFFFFFFFFFFFFFFFFFFFFFFFFFFFFFFFFFFFFFFFFFFFFFFFFFFFFE5
:20FB4000FFFFFFFFFFFFFFFFFFFFFFFFFFFFFFFFFFFFFFFFFFFFFFFFFFFFFFFFFFFFFFFFC5
:20FB6000FFFFFFFFFFFFFFFFFFFFFFFFFFFFFFFFFFFFFFFFFFFFFFFFFFFFFFFFFFFFFFFFA5
:20FB8000FFFFFFFFFFFFFFFFFFFFFFFFFFFFFFFFFFFFFFFFFFFFFFFFFFFFFFFFFFFFFFFF85
:20FBA000FFFFFFFFFFFFFFFFFFFFFFFFFFFFFFFFFFFFFFFFFFFFFFFFFFFFFFFFFFFFFFFF65
:20FBC000FFFFFFFFFFFFFFFFFFFFFFFFFFFFFFFFFFFFFFFFFFFFFFFFFFFFFFFFFFFFFFFF45
:20FBE000FFFFFFFFFFFFFFFFFFFFFFFFFFFFFFFFFFFFFFFFFFFFFFFFFFFFFFFFFFFFFFFF25
:20FC0000FFFFFFFFFFFFFFFFFFFFFFFFFFFFFFFFFFFFFFFFFFFFFFFFFFFFFFFFFFFFFFFF04
:20FC2000FFFFFFFFFFFFFFFFFFFFFFFFFFFFFFFFFFFFFFFFFFFFFFFFFFFFFFFFFFFFFFFFE4
:20FC4000FFFFFFFFFFFFFFFFFFFFFFFFFFFFFFFFFFFFFFFFFFFFFFFFFFFFFFFFFFFFFFFFC4
:20FC6000FFFFFFFFFFFFFFFFFFFFFFFFFFFFFFFFFFFFFFFFFFFFFFFFFFFFFFFFFFFFFFFFA4
:20FC8000FFFFFFFFFFFFFFFFFFFFFFFFFFFFFFFFFFFFFFFFFFFFFFFFFFFFFFFFFFFFFFFF84
:20FCA000FFFFFFFFFFFFFFFFFFFFFFFFFFFFFFFFFFFFFFFFFFFFFFFFFFFFFFFFFFFFFFFF64
:20FCC000FFFFFFFFFFFFFFFFFFFFFFFFFFFFFFFFFFFFFFFFFFFFFFFFFFFFFFFFFFFFFFFF44
:20FCE000FFFFFFFFFFFFFFFFFFFFFFFFFFFFFFFFFFFFFFFFFFFFFFFFFFFFFFFFFFFFFFFF24
:20FD0000FFFFFFFFFFFFFFFFFFFFFFFFFFFFFFFFFFFFFFFFFFFFFFFFFFFFFFFFFFFFFFFF03
:20FD2000FFFFFFFFFFFFFFFFFFFFFFFFFFFFFFFFFFFFFFFFFFFFFFFFFFFFFFFFFFFFFFFFE3
:20FD4000FFFFFFFFFFFFFFFFFFFFFFFFFFFFFFFFFFFFFFFFFFFFFFFFFFFFFFFFFFFFFFFFC3
:20FD6000FFFFFFFFFFFFFFFFFFFFFFFFFFFFFFFFFFFFFFFFFFFFFFFFFFFFFFFFFFFFFFFFA3
:20FD8000FFFFFFFFFFFFFFFFFFFFFFFFFFFFFFFFFFFFFFFFFFFFFFFFFFFFFFFFFFFFFFFF83
:20FDA000FFFFFFFFFFFFFFFFFFFFFFFFFFFFFFFFFFFFFFFFFFFFFFFFFFFFFFFFFFFFFFFF63
:20FDC000FFFFFFFFFFFFFFFFFFFFFFFFFFFFFFFFFFFFFFFFFFFFFFFFFFFFFFFFFFFFFFFF43
:20FDE000FFFFFFFFFFFFFFFFFFFFFFFFFFFFFFFFFFFFFFFFFFFFFFFFFFFFFFFFFFFFFFFF23
:20FE0000FFFFFFFFFFFFFFFFFFFFFFFFFFFFFFFFFFFFFFFFFFFFFFFFFFFFFFFFFFFFFFFF02
:20FE2000FFFFFFFFFFFFFFFFFFFFFFFFFFFFFFFFFFFFFFFFFFFFFFFFFFFFFFFFFFFFFFFFE2
:20FE4000FFFFFFFFFFFFFFFFFFFFFFFFFFFFFFFFFFFFFFFFFFFFFFFFFFFFFFFFFFFFFFFFC2
:20FE6000FFFFFFFFFFFFFFFFFFFFFFFFFFFFFFFFFFFFFFFFFFFFFFFFFFFFFFFFFFFFFFFFA2
:20FE8000FFFFFFFFFFFFFFFFFFFFFFFFFFFFFFFFFFFFFFFFFFFFFFFFFFFFFFFFFFFFFFFF82
:20FEA000FFFFFFFFFFFFFFFFFFFFFFFFFFFFFFFFFFFFFFFFFFFFFFFFFFFFFFFFFFFFFFFF62
:20FEC000FFFFFFFFFFFFFFFFFFFFFFFFFFFFFFFFFFFFFFFFFFFFFFFFFFFFFFFFFFFFFFFF42
:20FEE000FFFFFFFFFFFFFFFFFFFFFFFFFFFFFFFFFFFFFFFFFFFFFFFFFFFFFFFFFFFFFFFF22
:20FF0000FFFFFFFFFFFFFFFFFFFFFFFFFFFFFFFFFFFFFFFFFFFFFFFFFFFFFFFFFFFFFFFF01
:20FF2000FFFFFFFFFFFFFFFFFFFFFFFFFFFFFFFFFFFFFFFFFFFFFFFFFFFFFFFFFFFFFFFFE1
:20FF4000FFFFFFFFFFFFFFFFFFFFFFFFFFFFFFFFFFFFFFFFFFFFFFFFFFFFFFFFFFFFFFFFC1
:20FF6000FFFFFFFFFFFFFFFFFFFFFFFFFFFFFFFFFFFFFFFFFFFFFFFFFFFFFFFFFFFFFFFFA1
:20FF8000FFFFFFFFFFFFFFFFFFFFFFFFFFFFFFFFFFFFFFFFFFFFFFFFFFFFFFFFFFFFFFFF81
:20FFA000FFFFFFFFFFFFFFFFFFFFFFFFFFFFFFFFFFFFFFFFFFFFFFFFFFFFFFFFFFFFFFFF61
:20FFC0007B007B007B007B007B007B007B007B007B007B007B007B007B007B007B007B0071
:20FFE0007B007B007B007B007B007B007B007B007B007B007B007B007B007B007B007B0051
:00000001FF
