:020000040800F2
:2000000000400020AD030008790300087B03000800000000000000000000000000000000BE
:200020000000000000000000000000007D03000800000000000000007F0300088103000822
:20004000FD030008FD030008FD030008FD030008FD030008FD030008FD030008FD03000860
:20006000FD030008FD030008FD030008FD030008FD030008FD030008FD030008FD03000840
:20008000FD030008FD030008FD030008FD030008FD030008FD030008FD030008FD03000820
:2000A000FD030008FD030008FD030008FD03000889030008FD030008FD03000899030008D8
:2000C00010B5064C2378002B07D1054B002B02D0044800E000BF0123237010BD90030020FC
:2000E00000000000B83B0008044B10B5002B03D00349044800E000BF10BDC04600000000E9
:2001000094030020B83B000802B4714649084900095C49008E4402BC7047C04603B47146BD
:20012000490840004900095A49008E4403BC7047002243088B4274D303098B425FD3030A58
:200140008B4244D3030B8B4228D3030C8B420DD3FF22090212BA030C8B4202D31212090251
:2001600065D0030B8B4219D300E0090AC30B8B4201D3CB03C01A5241830B8B4201D38B0329
:20018000C01A5241430B8B4201D34B03C01A5241030B8B4201D30B03C01A5241C30A8B4284
:2001A00001D3CB02C01A5241830A8B4201D38B02C01A5241430A8B4201D34B02C01A524161
:2001C000030A8B4201D30B02C01A5241CDD2C3098B4201D3CB01C01A524183098B4201D385
:2001E0008B01C01A524143098B4201D34B01C01A524103098B4201D30B01C01A5241C3086F
:200200008B4201D3CB00C01A524183088B4201D38B00C01A524143088B4201D34B00C01AD0
:200220005241411A00D20146524110467047FFE701B5002000F006F802BDC0460029F7D0B8
:2002400076E770477047C046D0400B00D1409C46203AD340184352426346934018437047D5
:2002600001221C4910B50B68934313430B600B681342FCD08023184C5B02626B1343636346
:2002800080239B02626B1A42FCD0F0226368934363606368114A1340032263606368134331
:2002A00063600932636813400C2BFBD10C4802F0CFF9032000F0B6F8002801D072B6FEE74A
:2002C000236B084A134080222363236B9343236310BDC0460020024000100240FFF8FFFF5D
:2002E000006CDC02FFFFFCFF00B589B000F0BEF8FFF7B6FF1022002104A803F055FC802099
:200300000E4B800259690143596180215A69C90202400192019A5A6909480A435A615B69C3
:200320000B400093009B202302A9836202931F3B039301F090FC02F0EBFAFEE70010024061
:200340000004004872B6FEE701200A4B82B099690143996180219A69490502400092009AFC
:20036000DA690A43DA61DB690B400193019B02B07047C04600100240FEE7FEE770477047FA
:2003800010B500F083F810BD10B5024801F004FB10BDC046AC03002010B5024800F056FC6E
:2003A00010BDC04608150020704700000D4885460D480E490E4A002302E0D458C4500433D6
:2003C000C4188C42F9D30B4A0B4C002301E013600432A242FBD3FFF7E7FF03F0C1FBFFF71B
:2003E00083FFFEE700400020000200208C030020203C0008900300201C1A0020FEE770475C
:20040000012210B50024064B52421A611C61DA60DC609A629C62FFF7F2FF200010BDC046A9
:200420000010024070B50500FA200D4B80001978FFF77EFE0B4B01001868FFF779FE00F017
:200440008FF804000120002C09D1032D07D802382200290000F03EF82000034B1D6070BD18
:200460000402002000020020080200201023064A10B5116803200B431360FFF7D3FFFFF7A7
:2004800063FF002010BDC04600200240034A044B11681B785B1813607047C0463404002002
:2004A00004020020014B18687047C0463404002070B50400FFF7F6FF0500631C02D0044B7C
:2004C0001B78E418FFF7EEFF401BA042FAD370BD0402002030B5FF2503242A000440E400CB
:2004E000A24089012940D243A140C3B200280ADBC0240B4B80088000C018A40003591A403B
:200500001143015130BD0F200340083B05489B089B001B18D86902401143D961F2E7C046E5
:2005200000E100E000ED00E0002805DB1F2318401E3B8340014A13607047C04600E100E033
:20054000002809DB1F2318401E3B8340034AD367BFF34F8FBFF36F8F7047C04604E100E090
:200560008022431E5204012093420DD2C021074A07485360036A09061B021B0A0B430362A8
:2005800000200723906013607047C04610E000E000ED00E030B5851CEB7F441C022B05D002
:2005A0000423836300230120E37730BD0E2103681A688A431A600122196891431960016CE2
:2005C000C36B1000884058600020EA77E077ECE770B5841CE37F022B04D004238363033B3F
:2005E000180070BD0E210368056C1A688A431A6001221968914319601100A940C36B596010
:20060000E27700248318DC77426B1300A242E7D090472300E4E700000C4A1021D06830B5AB
:2006200003000B40084205D002230948C4692343C3610B000420D168014205D00121044C2E
:200640000343E5692943E161D36030BD0020024038040020064B00201A69120606D5054A44
:200660005A60054A5A6018690006C00F7047C0460020024023016745AB89EFCD8023034A92
:20068000002011690B4313617047C0460020024070B50400FFF706FF01260500104BDA68F2
:2006A000324211D12022D968114200D0DA60D968102208001040114202D1DB685B0708D591
:2006C000FFF7AAFF012004E0621CE8D0002C01D1032070BDFFF7E6FE401BA042DED9F7E746
:2006E00000200240F0B585B003931C4B019102921A7E04000220012A2ED0012218481A76A1
:20070000FFF7C6FF002824D12600012C02D0022C00D004260024029803992201FFF794FDB0
:20072000002201270D4B0F4DDA612B69019A3B432B6163009B1880B218800948FFF7A8FF79
:200740002B69BB432B61002803D1E419E3B29E42E1D80022014B1A7605B0F0BD3804002098
:2007600050C30000002002400022064BDA61064B043219690A431A61402219690A431A61D9
:200780007047C04638040020002002400022064BDA61064B023219690A431A614022586146
:2007A00019690A431A6170473804002000200240F8B5214F04003B7E0E000220012B0CD068
:2007C00001233B7623681D48012B12D1FFF760FF002803D0012000233B76F8BDFFF7C4FF92
:2007E0001648FFF755FF0421154A13698B431361F1E7FFF74DFF0028ECD101235B423360BC
:2008000065680130A3686268DB029B18AB42E2D92800FFF7BBFF0948FFF73AFF0221084A00
:2008200013698B431361002801D03560D3E780231B01ED18E6E7C0463804002050C30000AC
:20084000002002405A4AF0B58218541EA241002389B0043203910592039A12681400DC40FA
:2008600001D109B0F0BD01210D0014009D402C408C4602942A4200D198E00324039A5E0075
:20088000526801922240B440E143541E049164452AD887680F400399CC680199B4403C43C4
:2008A00084604468AC4325000C0961460C409C402C434460C56804990D4003998C68B44002
:2008C0002C43C460022A11D107250F211D40AD00A940DC08A4000419276A8F430399096912
:2008E000A9400F43276201E0032AE3D1B2400468049921400A430260C02201999202114204
:2009000054D001262B4A032794691D003443946192699C0832400792079A274AA400A4184B
:20092000A2683D4094460F22AD00AA40614691439022D2059446002260450DD01F4A9446C9
:200940003200604508D01E4E9218B04204D01D4E3A00B04200D0059AAA400A430299A26032
:200960000D00194ACC43966801993543C90201D4350025409560D668029D0199354389023F
:2009800001D435002540D5605668029D01993543890301D43500254055601568029E0199DD
:2009A0002E43C90301D425402E001660013353E700F0FFB700100240000001400004004829
:2009C00000080048000C004800040140F0B5364A85B082180191511E8A4100230432039280
:2009E000019ADA4001D105B0F0BD01273A009A40019C009214400099019A0A4251D02B493A
:200A00009A089200521891681D000E0003210D40AD000C31A940029131400E009021C9053F
:200A20008C46002160450DD021498C463900604508D0204F4918B84204D01F4F0131B84217
:200A400000D00399A940B14210D11C490D68A5430D604D68A5434D60CD68A543CD608D68B5
:200A6000A5438D609168029CA143916003215C00A14007240F261C40A400A6400268009C88
:200A80008A430260DA0892008218156AB5431562C2688A43C2604268A243426082688A432A
:200AA000826001339CE7C04600F0FFB7000001400004004800080048000C0048000401407B
:200AC000002A01D0816170478162FCE7426913000B401B049143194381617047F0B5040022
:200AE000012587B0002832D0304D435DDAB2002B04D1AA239B00C25402F0E2FE0323635598
:200B0000206801F003F90023012719006068834220D3002228261100904233D823006A464B
:200B2000103343CB43C203CB03C2A268E3686168206801F0F5F80023621DD3770122625582
:200B40001D00E369934202D1200000F071FE280007B0F0BD29262822B4465A43A2189444B7
:200B6000664637702826B4469444664633702B26B4469444664601333170DBB29163D1635A
:200B80001164C4E733005343E3181F006A37FF373970013F3A70F97081336C3FF967FF338E
:200BA000803701323960D2B21960B5E7A902000070B5041E02D10125280070BD0323064E5F
:200BC0008355006801F0A8FA051EF4D1200002F093FEA555F0E7C046A902000070B5AA2541
:200BE000AD00435D04000220012B09D001236355206801F081F8206801F09EFA00206055C9
:200C000070BD70B5AA25AD00435D04000220012B09D001236355206801F078F8206801F0FD
:200C200093FA0020605570BD70B5AA25AD00435D04000220012B08D001236355631DD9770E
:200C4000206801F072FA0020605570BDF0B5040085B0006801F07FFA802305001B021D40DB
:200C6000184201D100F021FC2068821DD38F1BB2002B01DB05B0F0BD0F21D38F19400191FF
:200C80000F219AB20B4200D0C4E01023110019401A422AD10388B94A134080221202134336
:200CA0000380030050331A88230028331B78DB00C3189B18B24A20009B181B88E26B9B05B0
:200CC0009B0D6364D318E36302F040FE631DDA7F002AC9D0206C0028C6D18022D97F11430F
:200CE00022684C321180D877BEE7028880211600090193B20E400A4222D003005033198824
:200D0000B4235B00E35C9F4ADB00C3185B189B182200AC211B8869329B059B0DFF3289006E
:200D2000D3616118D28801F077FC22689649138820000B4080210B43138002F0F1FD93E7FD
:200D40001BB2002B00DB8FE703888F4A25001340802213430380030050331988B4235B009A
:200D6000E35C884ADB00C3185B189B181B8869359B059B0DFF35EB61002B0DD0696900297A
:200D80000AD0EA8801F048FC6B69EA6931009B1820006B6102F0CDFD21680A8893B21205A8
:200DA00000D561E7C02292011340934200D15BE70B00744A50331B888A18D3181A889205B1
:200DC000920D1A802A693E2A0CD91F2550092A4055426A41801A1A88800210436B4A0243A6
:200DE00092B205E0002A0ED180201A88000202431A800B88664A1A40C0239B015340654A40
:200E000013430B8030E7012550082A40801880021A88E4E7019B9F00C219138899B21BB2A2
:200E20000291002B00DBF7E0138857490B4080210B4313802823019A5343E3181A001D008C
:200E40007532FF3212786935FF35002A1AD10200503211882A78D20052184A491218521827
:200E600012889205950D002A00D1B4E01A006F327D33FF331900FF322B001288096801F002
:200E8000CBFBA8E019006C31FF3109782A78022900D085E08026F601B4466546029E813305
:200EA0002E4003960600503600966646029DFF331968354230D0009D2E88D5007619304D60
:200EC000361876193588AD05AD0D8D420DD900211960910041180B882D4E1E4080239B0128
:200EE00073402C4E33430B8002E0491B1960F0D0029B5B0607D592008218138826490B40EA
:200F000026490B431380002D65D02823019A5343E3181A007132ABE7009D2E88D5007619A2
:200F2000184D361876193588AD05AD0D8D420DD903991960910041180B88154E1E4080239B
:200F40009B017340134E33430B8002E0491B1960F0D0029B5B0607D49200821813880E496A
:200F60000B400E490B431380002D34D02823019A5343E3181A0073327AE7C0460F8FFFFF84
:200F800002040000060400008F0F00000080FFFF8FBFFFFF808000008F8FFFFFC08000007D
:200FA000920082181688C8493140C84E314311802A78910041180D88010050310988D200C4
:200FC000521812186D0463D5C149521812889205950D002A9DD128230199594362181600E4
:200FE0008536FF363068083E4019B06030684019306010008130FF300068002803D0FC32B8
:20100000D26F95424CD2019A20005343E3186933FF33197802F08DFC8022029B134200D10F
:2010200022E62068AB49C2191388019D0B40AA490B439BB2138028235D4365192A002B32BC
:201040001178EA1801295AD1002329002B6434310978994237D04021029E029F0E402935BF
:201060000F4235D02978994221D10300503319881378974DDB0040194018181803889649F0
:201080009B059B0D038003880B439BB203801AE09249521812889205950D002A9BD069E7E5
:2010A0006931FF312068611801F06EF8B4E7012909D10100864E50310D8811788019C90099
:2010C000401909180B801178200002F03FFCCBE52B78002B06D103005033198813787F4D62
:2010E000DB00C8E7012BEED103007C4D5033198813784019DB0040181B181E80E3E712784F
:20110000029F0392D20000928022029952002E6C174011421ED10200503212880099821822
:2011200052186B49521812889205920DB24202D303992F64C8E7E96BB61A8918E963696CCA
:201140002E648A1801996A6401315943611801F01BF889E540220300029F029917405033BF
:20116000114200D1DFE05A491A8847180099BA18525A9205920D94460022B44501D262462B
:20118000B21A282601994E43A619326480260299F60131400E00002A4AD129218C46AC44AD
:2011A0006146097800292ED11A884B49BF18009ABF183A889205920D3A803A880A4392B25C
:2011C0003A80464A1B888018C018009BC01803889B059B0D038003880B439BB20380200020
:2011E000039902F0B3FB002E00D1DBE02B0028331A78236892009A18138833490B4038492F
:201200000B431380CEE00B000129E8D14F339C46844463461B880099FB185B181A80634677
:201220002E491B884018C018009BC0180280D6E7002908D0039B990041180A88224B1340CF
:20124000274A13430B802823019A5343E3181E004C363278012A00D0A4E0DA6B996C62440C
:201260000292DA635A6C62445A649A6B914221D3891A99642B002933197893B2002948D168
:201280000100503109887F1800997F1839888905890D39803E2A25D91F26510932405642C7
:2012A0007241891A3A88890211430B4A114389B239801EE0002902D162463170DAE7002274
:2012C00032709A640A00D5E78F8FFFFFC0800000020400000F8FFFFF0080FFFF0604000022
:2012E00080C00000002A0DD13A88BA490A4392B23A802821019A514361180A8E029900F082
:201300002EFF4FE0012651083240891889023A88CCE70129EDD1020050321288BF18009A67
:20132000BF183B80E5E7AC491A888C46009984446244525A9205920DB24200D8B71A282612
:2013400001994E43A619376480260299F60131400E00002F40D12A0029321278002A2BD1DC
:201360009E491A8840188018009A9A49801802889205920D028002880A4392B202801B885D
:20138000009A63449B181A889205920D1A801A880A4392B21A802000039902F0D7FA002E6D
:2013A00000D123E7283529782368890059180B888B4A1A40302321E5012AECD103008749F9
:2013C00050331A8840188018009A801807801B8863449B181F80DEE7002908D1039B9900A5
:2013E00041180E887F4B33407F4E33430B80282301994B43E3181F004C3739780129D1D166
:20140000D96B9E6C89180291D963596C89185964996B8E4221D3761A9E642B0029331A7878
:201420008BB2002A37D1020050321288009E624492191688B605B60D16803E2917D91F27E1
:201440004E0939404F427941761A1188B6020E4360490E43B6B2168010E0002E02D1110045
:201460003E70DAE7002231009A643A70D5E700290AD11188574E314389B211802821019AE0
:20148000514361184A8E39E701274E0839407618B6021188DDE7012AF0D1020050321288A3
:2014A0000099624452181380E8E743050ED523684E490633DA8F20000A40DA8702F058FA23
:2014C00029002000FFF7B0FBFFF7D4FB430407D5236847490633DA8F0A40DA87FFF7CAFB17
:2014E000802301009B011940184204D0236841490633DA8FF0E7C3041AD5042023680233FD
:20150000DA8F8243DA87DA8F00188243DA87B8239B00E25C012A03D12000E15400F09CF908
:20152000200002F049FA236833490633DA8FD3E7030513D5082123689A1CD08F06330143BD
:20154000D187D98F2D480140D9870423D18F0B43D387200002F01EFAFFF78CFB80252842D0
:2015600021D0B82023688000991DCA8FAA43CA87225C002AEDD1991CCD8F04322A43CA87DF
:201580000822CD8F54332A43CA8701213C2221541B8820009B081340B9229200A35000F082
:2015A0005BF9FFF767FB83050AD5236814490633DA8F20000A40DA8702F0D3F9FFF75AFBBA
:2015C000C30501D4FFF756FB23680E490633DA8F82E7C0460080FFFF0604000002040000A6
:2015E000BF8FFFFF8F8FFFFF80C00000FFFBFFFFFFBFFFFFFFDFFFFFFFEFFFFFFFF7FFFFD3
:20160000FFFDFFFFFFFEFFFF70B505000720084049B2282400291ADA2100461C714301267A
:2016200069184E7008700A61CB70022B01D100230B71AA24A4002B5D0220012B06D001236D
:201640002B55286800F080FB0020285570BD4443210000262C1969316A34FF31FF34691816
:201660002670DFE707220A4049B270B528230400002914DA1900501C4143012061184870BA
:20168000AA250A70AD00635D0220012B06D001236355206800F06CFC0020605570BD53431C
:2016A00019006931FF31C318411800206A33FF331870E5E770B50724214021344C4305191D
:2016C0002E007D36FF3632602A008132FF3213602B0000268533FF3369351E60FF351B3B00
:2016E0001E70297021006931FF314118006800F04BFD300070BD07230B40282159434018D0
:201700008530FF300068704770B528260724214034004C4304192500E26301224C35236452
:201720002A700025A364230065642933A4191A702170891871434118006800F025FD280073
:2017400070BD70B504000722636801200A409A4218D848B22823002815DA1900501C4143A3
:201760000120611848700123AA258B700A70AD00625D02209A4205D06355206800F074FCD0
:201780000020605570BD4B4319000020E31869316A33FF31FF3361181870E4E770B50400F7
:2017A0000F23626801200B4093421BD807220A4049B22823002916DA190010184143012041
:2017C000611848700025AA268D700A70B600A35D0220012B06D00123A355206800F062FCA0
:2017E0002800A55570BD534319000020E31869316A33FF31FF3361181870E3E710B50C009B
:2018000021060CD507212140282401316143401899B2002A08D10273C180002010BD282183
:2018200061436931FF31F2E7012283600273F4E703680200BA20012110B58000B824115020
:201840000020A400105554331A8811430222198019880A431A8010BD70470000F8B5FEF777
:2018600021FE812305000226254C226813432360236833422CD00C266368224A1340636029
:20188000636833422CD1204B204A1A60204B1868FEF7C8FD051E30D123681E4A8027134006
:2018A000236023681C4ABF0413402360FEF7FAFD0600226813003B403A4218D16360E362A4
:2018C0002363A3608023626A5B041343636205E0FEF7E8FD401B0228CAD903252800F8BDAA
:2018E000FEF7E0FD0D4B401B9842C9D9F5E7FEF7D9FD801B0228DCD9EFE70125EEE7C046EF
:20190000001002400CF8FFF00002002000127A0008020020FFFFF6FEFFFFFBFF8813000025
:2019200030B5EFF31084012282F310880168124D0B682B400B6084F31088EFF3108482F311
:20194000108801688B6893438B6084F31088036E93420AD1EFF3108183F310881024026883
:201960001368A343136081F310882022031DDA6700230366836630BDDFFEFFFF7047704739
:20198000406A0023020010B55A321380083A1380FFF7F5FF10BD70470268F8B5D3690400FA
:2019A000A7481168966803420BD12020034200D180E0014200D17DE0A36E2000002B6FD1DD
:2019C0006FE0012037009F4D07400D403D4300D170E025000835034205D0CE0503D51062A6
:2019E000EE6F3043E8670220034206D0002F04D01062EE6F00183043E8670420034206D0A0
:201A0000002F04D01062EE6F02383043E8670820034207D020260E403E4303D01062EE6FFD
:201A20003043E86780200001034206D04E0104D510622022E86F0243EA67EA6F002A30D0DC
:201A40002022134206D0114204D0A36E002B01D0200098472268EB6F4027966828223E40D5
:201A6000134020001E4321D0FFF75AFF23689B683B4217D0EFF31081012383F31088226831
:201A80009368BB43936081F31088606F002809D06D4B4363FEF79CFD002802D0606F436B1B
:201AA0009847F8BD2000FFF76AFFFAE7FFF767FFEE67F6E7206E012800D095E010252B4206
:201AC00000D191E0294200D18EE01562936840211E000E400B424FD0626F13685B689BB213
:201AE000002BDED02600583637889F42D9D927005A373B809369202B32D0EFF3108780F35F
:201B000010882268514D13682B40136087F31088EFF3108780F310882268936883439360D8
:201B200087F31088EFF3108C80F31088230080CBBA688A43BA608CF310882022DA670023D6
:201B40002366EFF3108180F31088226812351368FF35AB43136081F31088606FFEF71AFDB6
:201B60000223636623005A331B883188C91A89B22000FFF710FF94E722005A3213881288CA
:201B80009BB2002A00D18CE7220058321188C91A89B2002900D184E7EFF3108780F310883E
:201BA00022682B4D13682B40136087F31088EFF3108C80F31088230080CBBA688243BA60C0
:201BC0008CF310882022DA672666A666EFF3108680F310881020226813688343136086F369
:201BE000108802236366C3E780204003034206D0750204D51062200000F02CF851E78022E7
:201C0000134203D0114201D0E36ED6E64022134200D146E7114200D143E7EFF310800123D2
:201C200083F3108821680B6893430B6080F310882023E36700232000E366FFF79FFE30E78B
:201C40000F0800002001000481190008FFFEFFFFDFFEFFFF7047F7B5002302000C68009341
:201C60002000009BD84000D1FEBD0120009B984023000340044231D0486803250190180043
:201C800058434543019EED43771E012F0BD88F68966847432E40374397605768CE68A7436D
:201CA00074433C4354600C69D76844432F403C43D460019C022C0BD14F69FF2B11D8040067
:201CC0000F26444366437C43136AB34323431362019C136860432B4003431360009B0133E4
:201CE000BCE70F261B0A5B435B435E437B43546AB4431C435462EBE7821D03000020D08797
:201D0000014A0233DA87704780BFFFFF0230C38F024A1340C38700207047C0467F400000E5
:201D200084B010B50400049205930122831C0020DA87D887A31D5034D8870391208010BC33
:201D400008BC04B018470000F7B50E787C4AB300C3181C88CF781440012205000092032FFB
:201D600008D83800FEF7D0F9023D3A378022920014430097734A1443A4B21C801888724C57
:201D800020403043104380B21880F0008446087BAC4450350195002800D06EE0CD884878B0
:201DA0006D086D00002824D080200199C0000988614409180D801988490604D519880C4091
:201DC00062490C431C80624C1988012F0BD00C402021614008E0C022D2001443002200923E
:201DE000C8E78022F8E721400A4392B200981A80FEBD019809690788564867443F18019801
:201E00003D800588544865442D182F88BF05BF0D2F803E290DD91F204F0901400800414248
:201E200041417F1A2988BF020F434C49394389B205E0002914D1802729883F0239432980C6
:201E40001988490404D519880C4045490C431C80444D002E0BD1C0211C8889012C40B8E7A0
:201E600001204F0801407F18BF022988DEE719880D40802189016940B6E71D88022F3AD19B
:201E8000394E2540354301981D80058880200E896544C00076082D18760001982E8005886E
:201EA0004E892C48654476082D1876002E804978274E8C46802160462A4DC90100281FD19F
:201EC0001F880F4204D01988254F2140394319801988490604D519880C401C490C431C80A5
:201EE00019882940C025AD014D401543ADB21D801988314078E71D4E35401543ADB2C2E7B3
:201F00001888084204D0198815482140014319801988490604D519880C400C490C431C80D1
:201F20001988012F09D00E4020217140114389B2198019880D402A4357E73140F6E7C046A2
:201F40008F89FFFF8080FFFF8F8FFFFFC0800000BF8FFFFF04040000060400000080FFFF35
:201F600080C000008FBFFFFF808100008F8EFFFFF0B50B780A7B9B00C0184D78324B002A2D
:201F80001DD10288002D0FD0520605D502882F490A402F490A43028002882E490A40134357
:201FA0009BB203800020F0BD520405D5028827490A4029490A43028002882849EEE780215E
:201FC000224A244E254CC901002D1DD105880D4204D00188204D1140294301800188204DF3
:201FE000490604D501881140294389B2018001880A401543ADB20580028814401C43A4B215
:020000040800F2
:20200000048002883240CAE70788164D0F4204D001881140294389B201800188490604D5C5
:2020200001880B4F11403943018001880A401543ADB20580028832401A4392B202800288B7
:2020400014402343ACE7C0468080FFFF8F8FFFFFC0800000BF8FFFFF80C000008FBFFFFFFB
:20206000C080FFFF80C0FFFF0B780B4A9B00C0184B78002B09D003880849194010234B40DF
:2020800013439BB203800020704703880449194080235B01F3E7C0468080FFFFBF8FFFFFE9
:2020A0008FBFFFFF0B7B002B19D10B789B00C0184B78002B15D003885B0605D50388104AC5
:2020C0001340104A13430380CB78012B07D003880D4A1A40202353400C4A134303800020D3
:2020E000704703885B0405D50388054A1340084A134303800388074A1A40C0239B01EAE787
:202100008F8FFFFFC0800000BF8FFFFF8080000080C000008FBFFFFF0123821CD387831DCF
:202120000020D8870323D3877047002902D180234C300380002070478022583003881202AB
:202140001343038000207047583003885B045B0C0380002070470630C08F80B2704730B549
:2021600080240133E40012195B0880185B00CB18401A44188B4200D130BD4A780D781202A3
:202180002A4322800231F4E7F0B54A7805000C000B7B85B0012A00D010E108698E698642D3
:2021A00000D906002F00626950370192002B1DD1B6B23300E28801992800FFF7D0FFB04A8D
:2021C00039882378AA18DB0052189B181E802078AC4A80002D182B881A4030235340AA4A11
:2021E00013439BB200202B8005B0F0BD2278236AD1000291E1789200022900D0C7E0AA1835
:20220000984200D3B2E01188A0489B1B0840A04908431080108840220100114023620391D7
:20222000B3B2104252D09B4A38880299AA18121852181380280062890199FFF790FF63699E
:20224000206A2269991961610023904201D9831B30006278236283B2002A2CD1884A3F8804
:202260002678AA18F600D219B2181688B605B60D16803E280CD91F27460938404742784107
:20228000361A1088B60206438348304380B205E0002809D1802610883602304310802289DA
:2022A0002800FFF75CFF92E70127460838403618B6021088E9E7012AF1D171483E882278CA
:2022C0002818D200801912181380E8E76C4A38880299AA1812185218138028002289019960
:2022E000FFF73DFF6369206A226999196161039B904201D9831B30006278236283B2002A81
:2023000029D1644A3F882678AA18F600D219B2181688B605B60D16803E280CD91F274609B1
:20232000384047427841361A1088B60206435A48304380B205E0002806D180261088360259
:20234000304310806289ABE70127460838403618B6021088ECE7012AF4D14E483E882278B8
:202360002818D200801912181380EBE710884B4E45493040084380B21080414A3888029901
:20238000AA18121852189BB2138022890EE0AA189B1B128823623888B3B2520608D53D4AF6
:2023A0000299AA181218521813806289019977E7334A0299AA1812185218E5E7002B3CD144
:2023C0008A6909698A4201D9531A0A00A3612B00503318882F4B2178EB18C9001B18CB1834
:2023E00019888905890D19803E2A0CD91F205109024050424241891A1A8889021143264AAE
:202400000A4392B205E0002A10D180211A8809020A431A802078224A80002D182B881A4030
:20242000C0239B0153401F4A1343DBE6012051080240891889021A88E2E7CB78022B00D077
:202440007BE0002A4BD106000D4A5036318823788218DB0052189A1813889B059B0D13809D
:2024600023693E2B20D91F271F4079424F4158091188C01B800208430749014389B219E014
:2024800002040000BF8FFFFF8080FFFF8F8FFFFF80810000060400000080FFFF8F8EFFFF2C
:2024A0008FBFFFFF80800000002B2BD180201188000201431180524A30882178AA18C90021
:2024C00012188A1811888905890D11803E2B20D8002B2BD18021138809020B431380E369E6
:2024E000002B97D0237847499B00EB181A880A408A4202D0002A00D08CE743491A880A4012
:20250000424985E7012158081940401880021188B3E71F205909034058424341C91A13885C
:20252000890219433A4B0B439BB2D7E7012059080340C91889021388F5E70120834200D078
:2025400052E68B69096900208B4201D9581A0B00A061002A00D05DE72E002E4A5036308876
:202560002178AA18C90012188A1811888905890D11803E2B0CD91F2119404F42794158098A
:20258000401A1188800208432149014389B205E0002B19D180201188000201431180184A26
:2025A00030882178AA18C90012188A1811888905890D11803E2B0ED8002B19D18021138885
:2025C00009020B43138025E7012158081940401880021188D9E71F205909034058424341F3
:2025E000C91A138889021943094B0B439BB2E9E7012059080340C91889021388F5E7C04609
:2026000006040000404000008F8FFFFFC08000000080FFFF02040000F0B580255C08ED00B5
:20262000521926000D008018471A7A19002E07D1640000190919DB0701D503880B70F0BD60
:202640001288013E92B22A70120A6A700235ECE7014B18607047C04600020020F0B587B044
:2026600006001422002101A801F09EFA8020C0259024134A800251696D01014351615369D9
:20268000E40503402900200000930027009BFEF79DF90123200001A9029301950397049797
:2026A000FEF7D0F83A0029002000FEF709FA3000FDF7FEFE29002000FEF788F907B0F0BD9F
:2026C0000010024037B56B46DD1DA723094A9B002870D35C032B0AD037BD013C002CFBD062
:2026E0000121280001F054F80028F6D1F4E780246402F5E74408002073B5114B08240093F4
:20270000002301250F4E01934118884201D1009876BD009A0378534000932300009A2A405D
:202720000192009A52080092019A002A02D0009A72400092013B9BB2002BEFD10130E4E79B
:202740000A14C9F8010000A010B50378452B04D02020FFF7B7FF012010BD43784E2BF7D19F
:2027600083784B2BF4D1C3784F2BF1D1F82380201B060C680005C918FFF7BEFF8442E7D046
:202780000020E9E737B505000C00FFF7B5FF0190019B2A5905209A4203D11D30FFF792FF49
:2027A00006203EBD70B50F4B1A78032A01D1013A1A700D4A0C6813681B19F324A400A34209
:2027C0000DD9C0460AE01468C65C2C19E65401330C689C42F7D81168CB18136070BD002392
:2027E000024DF5E7180200203C08002070040020F0B585B0009101920500FDF72BFF1A4AF7
:202800001178CBB200290FD1013118481170184A03A942601622036082600393FDF7C8FF18
:20282000FA204000FDF734FFFA272C007F00009A631B9A4201D805B0F0BD6678A3783602EB
:202840001B041E43237838001E43E3781B061E43FDF71EFF019B3200591B0919002302202D
:20286000FDF740FF0434E2E7680400205804002000480008002310B58B4200D310BD9C18C3
:202880002468C4540433F7E710B50320FFF71AFF0C4C2368D8B2FFF715FF2368180AC0B2F2
:2028A000FFF710FF2368180CC0B2FFF70BFF01CC000EFFF707FF044B9C42EAD11120FFF70C
:2028C00001FF10BDC0FF00080000010870B50400084800F01BFB6420FFF7C0FE656823684C
:2028E00083F30888FDF78CFDFEF7B8FFA847C04670BDC04644080020A723044A9B00D05C36
:202900000338431E9841C0B27047C04644080020F7B56420FFF7A2FE00F0E2FE00222021AE
:202920008D48FEF7CDF8002303228C4F3B708C4B1A70FDF7B7FD8B4B1860FDF7B3FD894C6A
:202940002368C01AFA239B00984211D986498748FFF7FAFE0028E1D1012220217E48FEF711
:20296000AFF82520FFF7AEFE8148FFF7AFFFF7BDFFF7C2FF0028E0D1794D2B78042BE5D0CB
:20298000FDF790FD2060FDF78DFD2368C01A794B984208D80620FFF795FE6420FDF788FD29
:2029A0002B78022BEFD16E4B1B78022BC5D13B78042B0ED92420FFF785FE0423684A137096
:2029C000BBE7FDF76FFD674B1B68C01A694B984205D8F322684B92001B689342F1D31320D2
:2029E000FFF770FE654DF3222B689200DEB2644B1B6801936B461B799C46624B1B68019346
:202A00006B461879604B1968604BC9B29A18019264461A7872401A705A7862405A709A7815
:202A200042409A70DA784A40DA70019A04339342EED1514E554C31682000FFF7A3FE0628C0
:202A400003D11C30FFF73EFE4EE02278032A33D1A37862781B021343012B0ED02120414CEB
:202A6000012A00D12220FFF72DFE3B780133DBB23B7000233360236095E7FDF7EBFDA3792B
:202A80003F4A2B60E3791360237A3E4A1360627A3D4B1A6007223E4B1A70FFF7F5FE002395
:202AA00033600022344B1A60FDF7FCFC2D4B18601120FFF707FE76E7002A0FD10423284961
:202AC00025480B702021FDF7FBFFFDF7D7FDFFF7DBFEFA208000FDF7EBFC64E7012AE0D1AC
:202AE0002B4B1B78072B06D03B780133DBB23B700023336057E7A578627823792D02154398
:202B0000E27861791B021343A2790904043D0B43ADB212061A4329001E48FFF769FE2379FB
:202B2000E2781B0261791343E21CD27809040B431206290017481A43FFF79CFE2000316805
:202B4000FFF720FE052801D022207BE720210248FDF7BCFFA5E7C04600040048400800203F
:202B6000180200206C040020F8F70008FCF7000800480008B80B00003C0800200C020020F4
:202B8000100200201402002064040020700400206904002077040020AF239B00C35870B5DC
:202BA000002B0ED0AE22802592008458AD00605DFF2806D0044A9B682100A25C9847FF2351
:202BC0006355002070BDC046010200004323038000487047540200204323038000487047A1
:202BE000980200204323038000487047E80200200A23038000487047DC02002070B5AE2683
:202C0000B6000400855900F09DFF83239B00E850A3590220002B0AD0832381229B00E9180F
:202C2000B033E3589200DB68A8589847002070BDAE23F7B59B00C35805000F000220019378
:202C4000002B18D014264E43AE19F069002813D02822B0234A439B00EB589B18996BFDF738
:202C6000EDFA0C1E08D10B000A00F1612800390000F056FF2000FEBD85230020019A9B0084
:202C8000D050F8E7AE23F7B59B00C7586B466A460E00591D002305000B70D3803378901DCB
:202CA0001C006022144013422AD0202C46D1F4887078002C1CD05BB2002B0EDAAF239B0067
:202CC000EB58220039009B68984739002800F28800F0C0FC00242000FEBD80239B00F85464
:202CE000194B220039002800FC5400F0C9FCF1E7AF239B00EB58220031009B689847EAE75A
:202D000073780A2B0ED00B2B13D0002B16D1A7239B00EB5C032B11D102220100280000F091
:202D200099FCD8E7A7239B00EB5C032B06D10122F4E7A7239B00EB5C032BCCD031002800C1
:202D400000F060FC0224C6E70102000070B504000025812100F0ABFE01212000E56200F04F
:202D6000A6FE2300AE26FC331D6782212000B60000F09DFEA3592564AB4208D0AF239B004A
:202D8000E3585B689847A05900F0E8FEA551002070BDF8B50600037C0400FC36002B39D1A7
:202DA000802302229B00812100F075FE01258023E5629B0029000222200000F06CFE08230F
:202DC000356703228221200000F065FE012787202764800000F0BEFEAE239B0005003E00E7
:202DE000E050002814D00433E3581B689847852300229B00EA500433EA508122267C9200DC
:202E0000002E10D139002000AA58183B00F091FE3000F8BD012540230222812100F03BFE19
:202E20004023E562C6E7402339002000AA5800F080FE0026ECE703000220002903D0AF2224
:202E40000020920099507047AE239B00C3588220800019508421890000205A507047AE238E
:202E60009B00C258B43B0020D1507047AE239B00C25810B50223002A12D08521890054585F
:202E8000013B002C0CD1535084239B00D3580C39525888390363FF399BB200F041FE2300F0
:202EA000180010BDAE239B00C35810B50224002B0AD08122047C92009A58002C06D1802369
:202EC00001219B0000F035FE200010BD4023012100F02FFE0024F7E7022310B5002813D08C
:202EE000AD239B00C458002C01D00024C450002902D0AC239B00C150A72301219B00C15404
:202F0000027000F06DFD0023180010BDA72301229B0010B5C25443680400D9B2AD239B00D5
:202F2000C3585B689847200000F0ACFD200000F097FD002010BD03000220002903D0AD229A
:202F4000002092009950704710B500F092FD002010BDAD239B00C35810B5002B01D1022084
:202F600010BD1B6898470028FAD0F8E7AD2310B59B00C3585B689847002010BDAA239B000F
:202F800070B5C5180400280000F028FBA52301229B00E250114BE25A163BE2501033E15C9D
:202FA0001F230B40012B09D0022B0CD0002B0FD12900200000F01EF9002070BD2900200085
:202FC00000F04EFAF8E72900200000F071FAF3E77F232000994300F073FDEDE7AE020000DA
:202FE00070B50D0004001100002D2ED1A5239B00C258032A22D102005532FF32D368106953
:2030000083420AD91B1AD36082B2984200D99AB2200000F045FB280070BDAD239B00E35822
:203020001B69002B06D0A7229200A25C032A01D120009847200000F03BFBECE7052AEAD1B1
:203040002900C55000F03CFDE5E7AD239B00C3589B69002B08D0A7229200825C032A03D176
:20306000290098470025D6E70225D4E7F8B50D0004001100002D4DD1A5239B00C358022BBF
:2030800041D1036A466AB34213D99B1B03629AB200F0EEFA2B002A002900200000F049FD0D
:2030A000A8239B00E25C012A01D10022E2542800F8BDC76931003800FDF7C0F800290DD1EE
:2030C000BE420BD8A626B600A3599F4206D22A002900200000F0CCFAA551DBE7AD239B008A
:2030E000E358DB68002B06D0A7229200A25C032A01D1200098478021200000F0E1FC20004C
:2031000000F0E2FACCE704229343C9D1802100F0D7FCC5E7AD239B00C3585B69002B08D03D
:20312000A7229200825C032A03D1290098470025BDE70225BBE7002270B5040011004023FC
:2031400000F0A9FC230001254026FC338021DD659E6600223300200000F09DFCA72300212C
:203160009B00A5616662E554083BE15010336160E1501433E3588B4205D0AD239B00E3583A
:2031800020005B689847002070BD017400207047A7239B00C15C034A81540422C2540020D4
:2031A0007047C0469D020000A7239B00C25C042A02D1024A825CC254002070479D02000079
:2031C000A72310B59B00C35C032B06D1AD239B00C358DB69002B00D09847002010BD10B54B
:2031E0000400802100F06CFC0021200000F068FC10BD000060220B7873B513400D001900CA
:20320000921820390400114212D0002B00D096E06878092800D992E0FCF780FFF0000E0134
:20322000910006019100830012009100DA00A400AD239B00C35829009B689847002076BDDD
:2032400000236A46D3806B88180A0138062876D8FCF75AFF0417267575404B00AC239B0012
:20326000E358207C1B686A46911D98476B46D988002951D0EA88002A43D1200000F018FA89
:20328000DCE7AD23227C9B00E358002A06D19B6A6A46901D984702234370E7E7DB6AF7E71C
:2032A000D8B205284BD8AC239B00E358FCF72CFF03080A0C0E105B68002B40D0207CD2E7DF
:2032C0009B68F9E7DB68F7E71B69F5E75B69F3E79B69F1E7237C002B31D1AD236A469B0029
:2032E000E358901D5B6B9847C0E7237C002B26D1AD236A469B00E358901D1B6B9847072347
:20330000CAE70B1C914200D9131C69469AB2CB800100200000F09EF9EB88002B00D08DE72A
:20332000ABE7AB88002B0AD1EB88002B07D16E887F2E04D8A725AD00635D032B03D1200072
:20334000FFF74DFF7AE7444BF1B2E154200000F0DEFB200000F0ACF90223002E00D101237D
:2033600063556BE7A9783D4D29700129E7D8A7239B00E25C022A09D0032A15D02000FFF746
:203380002EFF20002978FFF7F1FD57E7002900D173E7012103226160E2542000FFF7D9FD9F
:2033A000022800D069E7CAE7002906D102222000E2546160FFF7DAFD5FE76168012900D100
:2033C0005BE7C9B22000FFF7D1FD29786160E4E7EA88012AB3D1A7239B00E35C022B06D84F
:2033E000002BACD000232100A360083102E0211D032BA4D1200000F02DF91FE7A7239B0042
:20340000E35C013B022B9AD8EB88022B97D1013BE360A9239B00E358002B01D00323E36004
:20342000210002220C31E5E76B88012B00D005E7A9229200A35020E7A7239B00E35C013B2C
:20344000022B00D97BE76B88012B00D0F6E6A92300229B00E25010E79E020000410800207E
:2034600060230A7870B5134004000D00402B01D0530619D4A7239B00E35C013B022B13D844
:203480002B79012B10D8AD239B00E35829009B6820009847EB88002B04D1002802D1200015
:2034A00000F006F9002070BD2000FFF798FEF9E70A780B0060210A4070B504001000491852
:2034C0002038084229D0002A37D198885A78C1B2012A45D0032A29D0002A2ED1A7239B00C6
:2034E000E35C022B56D0032B27D10F2214230A405A43A21800065DD59269002A1DD07F251D
:203500000D4001355D437F230A0065191A4019425AD12A600222290048E0AD229200A25824
:203520001900200092689047002070BDA7229200A25C022A24D0032A03D02000FFF74FFE58
:20354000F2E75A88002A07D14A0605D0DB88002B02D1200000F0B4FA200000F0A9F8E3E7EF
:20356000A7229200A25C022A0AD0032AE5D15B88002BD9D14B06EFD0200000F0AAFAEBE7BB
:203580004B06DAD0200000F09BFA8021200000F097FAC9E74B06D0D121005531FF310306C7
:2035A00001D54139FF39002302220B60200000F051F8B9E7FC32D26D002ABED07F250D40C2
:2035C0005D435535FF359EE7200000F08BFA002802D001232B609DE728609BE70B78037046
:2035E0004B784370CA788B7812029B1843804A790B7912029B188380CA798B7912029B1867
:20360000C380704710B50400802100F059FA0021200000F055FA10BD70B50025461EA8421E
:203620000FD02B000135745D002CFAD1DBB201335B0013800B7003234B70013B0578002D91
:2036400000D170BD5A1CCD54D2B202330130DBB28C54F3E71300A52210B502249200845079
:203660000A00C3610021036200F05AFA002010BD10B513000A00002100F052FA002010BD39
:203680001300A52210B50324920084500200FC32136653660A00002100F04BFA002010BD4F
:2036A00010B513000A00002100F043FA002010BDA52304229B0010B5C25000231A00190037
:2036C00000F02EFA002010BDA52305229B0010B5C25000231A00190000F02BFA002010BD2C
:2036E00010B5114C002220001049FFF7F5FB002801D0FCF727FE20000D49FFF71CFC00286A
:2037000001D0FCF71FFE20000A49FFF794FB002801D0FCF717FE2000FFF716FC002801D0AE
:20372000FCF710FE10BDC046440800203C0300201C0200202C0300200020704700207047AF
:2037400070B50D000400074E01003000FFF787FB29002000FFF726F83000FFF7A3FB0020F4
:2037600070BDC0464408002010B5064C002220000549FFF769FB20000449FFF770FB0020BB
:2037800010BDC04644080020080F0020080B00200A00AE2110B5084C890003006058A4396D
:2037A00041580120002906D119002000FFF74CFB2000FFF75BFB10BD4408002012230148B6
:2037C0000B80704758030020042301480B8070476C03002030B5002552008A18040FE3B245
:2037E000092C07D830330B704D70023100018A42F4D130BD3733F6E71A2370B50B800B4BDE
:203800000B4C18680B4B1B68C01800280BD00A4B0822A11C1D68FFF7DDFF2100042228001B
:203820001231FFF7D7FF200070BDC046ACF7FF1F70030020B4F7FF1FB0F7FF1F10B5044C2F
:203840000A0021000348FFF7E7FE200010BDC04608130020D03B000810B5044C0A00210096
:203860000348FFF7D9FE200010BDC04608130020E33B000810B5044C0A0021000348FFF75B
:20388000CBFE200010BDC04608130020F93B000810B5044C0A0021000348FFF7BDFE200099
:2038A00010BDC04608130020043C000803000220032B01D8014AD05C7047C046123C0008FC
:2038C00007B50B4B02689A4211D18020094A0004D1690143D161D3690022034001931F2093
:2038E0001100019BFCF7F6FD1F20FCF71DFE07BD005C004000100240064B026810B59A42DA
:2039000007D1054A0549D3691F200B40D361FCF717FE10BD005C004000100240FFFF7FFFF9
:20392000AC2310B59B00C1184033C058FFF726FB10BD28234B43C3187D33FF331A68BC2319
:2039400010B59B00C058FFF74BFB10BD28234B43C318DA6BBC2310B59B00C058FFF786FB1F
:2039600010BDBC2310B59B00C058FFF729FC10BD836870B50400022B01D0FCF7E3FCBC2576
:20398000AD0001216059FFF700FC6059FFF7D3FB70BD0000BC2310B504009B00C058FFF7B2
:2039A000F7FBA369002B04D00623024A11690B43136110BD00ED00E0836910B50400002BDF
:2039C00006D00621054A13698B431361FCF748FCBC239B00E058FFF7E7FB10BD00ED00E082
:2039E000BC2370B504001C489B00C4501B4BB025036008234360063B836003610023AD00E8
:203A000060518361C3610362FDF768F8002801D0FCF798FC0022605911001823FDF7EEFEAD
:203A20006059582300228021FDF7E8FE6059C02300228121FDF7E2FE8823605900220121D9
:203A40005B00FDF7DBFE80236059002282215B00FDF7D4FE002070BD08150020005C0040D6
:203A6000B02310B59B00C058FDF7A2F8FFF71EFF10BDB02310B59B00C058FDF7AFF8FFF7B1
:203A800015FF10BDB02310B59B00C058FDF7B9F8FFF70CFF10BD10B514001A002300B0249D
:203AA000A4000059FDF7B0FDFFF700FF10BDB02310B59B00C058FDF7D5FDFFF7F7FE10BDDD
:203AC000B02310B59B00C058FDF73BFEFFF7EEFE10BDB02310B59B00C058FDF75FFEFFF72D
:203AE000E5FE10BDB0234AB29B00C358002A07DA7F2211400131573A51435B189878704703
:203B0000282251435B186B33FF331878F7E7B02310B59B00C058FDF787F8FFF7C7FE10BDD0
:203B200010B5B024A4000059FDF7EEFDFFF7BEFE10BD10B5B024A4000059FDF7BBFDFFF759
:203B4000B5FE10BDB02310B59B00C058FDF7D3FD10BD000000487047FC1700207047000020
:203B600070B500260C4D0D4C641BA410A64209D1002600F021F80A4D0A4C641BA410A6425C
:203B800005D170BDB300EB5898470136EEE7B300EB5898470136F2E7183C0008183C0008A4
:203BA000183C00081C3C000803008218934200D1704719700133F9E7F8B5C046F8BC08BC87
:203BC0009E467047F8B5C046F8BC08BC9E46704753544D6963726F656C656374726F6E691E
:203BE00063730053544D3332205669727475616C20436F6D506F72740043444320436F6EA1
:203C00006669670043444320496E7465726661636500000201020000E9000008C100000834
:203C200000127A00010000000400000040000000E20000000100000003000000932D000805
:203C40004D2D0008852C000800000000992B0008312C0008FD2B00080000000000000000C8
:203C600000000000D92B0008CD2B0008E52B0008F12B000809024300020100C032090400AC
:203C80000001020201000524001001052401000104240202052406000107058203080010B4
:203CA00009040100020A00000007050102400000070581024000000009024300020100C0BB
:203CC000320904000001020201000524001001052401000104240202052406000107058250
:203CE0000308001009040100020A0000000705010200020007058102000200000A060002DB
:203D0000000000400100000009074300020104C032090400000102020100052400100105C4
:203D2000240100010424020205240600010705820308001009040100020A00000007050131
:203D400002400000070581024000000069370008393700083D37000841370008BD3700083A
:203D6000C93700083D38000859380008F9370008753800089138000812010002020200400E
:203D8000830440570002010203010000040309041A030000000000000000000000000000CB
:203DA000000000000000000000000000FFFFFFFFFFFFFFFFFFFFFFFFFFFFFFFFFFFFFFFF17
:203DC000FFFFFFFFFFFFFFFFFFFFFFFFFFFFFFFFFFFFFFFFFFFFFFFFFFFFFFFFFFFFFFFF03
:203DE000FFFFFFFFFFFFFFFFFFFFFFFFFFFFFFFFFFFFFFFFFFFFFFFFFFFFFFFFFFFFFFFFE3
:203E0000FFFFFFFFFFFFFFFFFFFFFFFFFFFFFFFFFFFFFFFFFFFFFFFFFFFFFFFFFFFFFFFFC2
:203E2000FFFFFFFFFFFFFFFFFFFFFFFFFFFFFFFFFFFFFFFFFFFFFFFFFFFFFFFFFFFFFFFFA2
:203E4000FFFFFFFFFFFFFFFFFFFFFFFFFFFFFFFFFFFFFFFFFFFFFFFFFFFFFFFFFFFFFFFF82
:203E6000FFFFFFFFFFFFFFFFFFFFFFFFFFFFFFFFFFFFFFFFFFFFFFFFFFFFFFFFFFFFFFFF62
:203E8000FFFFFFFFFFFFFFFFFFFFFFFFFFFFFFFFFFFFFFFFFFFFFFFFFFFFFFFFFFFFFFFF42
:203EA000FFFFFFFFFFFFFFFFFFFFFFFFFFFFFFFFFFFFFFFFFFFFFFFFFFFFFFFFFFFFFFFF22
:203EC000FFFFFFFFFFFFFFFFFFFFFFFFFFFFFFFFFFFFFFFFFFFFFFFFFFFFFFFFFFFFFFFF02
:203EE000FFFFFFFFFFFFFFFFFFFFFFFFFFFFFFFFFFFFFFFFFFFFFFFFFFFFFFFFFFFFFFFFE2
:203F0000FFFFFFFFFFFFFFFFFFFFFFFFFFFFFFFFFFFFFFFFFFFFFFFFFFFFFFFFFFFFFFFFC1
:203F2000FFFFFFFFFFFFFFFFFFFFFFFFFFFFFFFFFFFFFFFFFFFFFFFFFFFFFFFFFFFFFFFFA1
:203F4000FFFFFFFFFFFFFFFFFFFFFFFFFFFFFFFFFFFFFFFFFFFFFFFFFFFFFFFFFFFFFFFF81
:203F6000FFFFFFFFFFFFFFFFFFFFFFFFFFFFFFFFFFFFFFFFFFFFFFFFFFFFFFFFFFFFFFFF61
:203F8000FFFFFFFFFFFFFFFFFFFFFFFFFFFFFFFFFFFFFFFFFFFFFFFFFFFFFFFFFFFFFFFF41
:203FA000FFFFFFFFFFFFFFFFFFFFFFFFFFFFFFFFFFFFFFFFFFFFFFFFFFFFFFFFFFFFFFFF21
:203FC000FFFFFFFFFFFFFFFFFFFFFFFFFFFFFFFFFFFFFFFFFFFFFFFFFFFFFFFFFFFFFFFF01
:203FE000FFFFFFFFFFFFFFFFFFFFFFFFFFFFFFFFFFFFFFFFFFFFFFFFFFFFFFFFFFFFFFFFE1
:020000040800F2
:2040000001D0FCF7C3F920000D49FFF71CFC002801D0FCF7BBF920000A49FFF794FB0028DC
:2040200001D0FCF7B3F92000FFF716FC002801D0FCF7ACF910BDC046100C00203C030020E9
:204040001C0200202C030020002070470020704770B50D000400074E01003000FFF787FBF1
:2040600029002000FFF718F83000FFF7A3FB002070BDC046100C002010B5064C0022200045
:204080000549FFF769FB20000449FFF770FB002010BDC046100C0020D4120020D40E002073
:2040A0000A00AE2110B5084C890003006058A43941580120002906D119002000FFF74CFBBD
:2040C0002000FFF75BFB10BD100C0020122301480B80704758030020042301480B8070477E
:2040E0006C03002030B5002552008A18040FE3B2092C07D830330B704D70023100018A42DC
:20410000F4D130BD3733F6E71A2370B50B800B4B0B4C18680B4B1B68C01800280BD00A4B83
:204120000822A11C1D68FFF7DDFF2100042228001231FFF7D7FF200070BDC046ACF7FF1FAF
:2041400070030020B4F7FF1FB0F7FF1F10B5044C0A0021000348FFF7E7FE200010BDC046E5
:20416000D41600200B45000810B5044C0A0021000348FFF7D9FE200010BDC046D416002088
:204180001E45000810B5044C0A0021000348FFF7CBFE200010BDC046D416002034450008EC
:2041A00010B5044C0A0021000348FFF7BDFE200010BDC046D41600203F4500080300022015
:2041C000032B01D8014AD05C7047C0464D45000807B50B4B02689A4211D18020094A0004D9
:2041E000D1690143D161D3690022034001931F201100019BFCF7CAF91F20FCF7F1F907BD58
:20420000005C004000100240064B026810B59A4207D1054A0549D3691F200B40D361FCF7F2
:20422000EBF910BD005C004000100240FFFF7FFFAC2310B59B00C1184033C058FFF726FBB9
:2042400010BD28234B43C3187D33FF331A68BC2310B59B00C058FFF74BFB10BD28234B4340
:20426000C318DA6BBC2310B59B00C058FFF786FB10BDBC2310B59B00C058FFF729FC10BD44
:20428000836870B50400022B01D0FCF77FF8BC25AD0001216059FFF700FC6059FFF7D3FBCA
:2042A00070BD0000BC2310B504009B00C058FFF7F7FBA369002B04D00623024A11690B4346
:2042C000136110BD00ED00E0836910B50400002B06D00621054A13698B431361FBF7CAFF2B
:2042E000BC239B00E058FFF7E7FB10BD00ED00E0BC2370B504001C489B00C4501B4BB02544
:20430000036008234360063B836003610023AD0060518361C3610362FCF73CFC002801D0D2
:20432000FCF734F80022605911001823FDF7C2FA6059582300228021FDF7BCFA6059C0234A
:2043400000228121FDF7B6FA88236059002201215B00FDF7AFFA80236059002282215B00D9
:20436000FDF7A8FA002070BDD4180020005C0040B02310B59B00C058FCF776FCFFF71EFFEF
:2043800010BDB02310B59B00C058FCF783FCFFF715FF10BDB02310B59B00C058FCF78DFCF5
:2043A000FFF70CFF10BD10B514001A002300B024A4000059FDF784F9FFF700FF10BDB02342
:2043C00010B59B00C058FDF7A9F9FFF7F7FE10BDB02310B59B00C058FDF70FFAFFF7EEFEED
:2043E00010BDB02310B59B00C058FDF733FAFFF7E5FE10BDB0234AB29B00C358002A07DA4E
:204400007F2211400131573A51435B1898787047282251435B186B33FF331878F7E7B023B7
:2044200010B59B00C058FCF75BFCFFF7C7FE10BD10B5B024A4000059FDF7C2F9FFF7BEFE3B
:2044400010BD10B5B024A4000059FDF78FF9FFF7B5FE10BDB02310B59B00C058FDF7A7F928
:2044600010BD000000487047C81B00207047000070B500260C4D0D4C641BA410A64209D1C4
:20448000002600F021F80A4D0A4C641BA410A64205D170BDB300EB5898470136EEE7B3008E
:2044A000EB5898470136F2E75445000854450008544500085845000803008218934200D1FF
:2044C000704719700133F9E7F8B5C046F8BC08BC9E467047F8B5C046F8BC08BC9E467047FC
:2044E000000000000102030402030405060708090A0B0C0D0E0F10100102030405060708F7
:20450000090A0B0C0D0E0F1004080253544D6963726F656C656374726F6E69637300535446
:204520004D3332205669727475616C20436F6D506F72740043444320436F6E66696700435B
:20454000444320496E746572666163650000020102000000E9000008C100000800127A00D8
:20456000010000000400000040000000E20000000100000003000000A33600085D36000894
:204580009535000800000000A9340008413500080D3500080000000000000000000000009C
:2045A000E9340008DD340008F53400080135000809024300020100C03209040000010202F9
:2045C000010005240010010524010001042402020524060001070582030800100904010062
:2045E000020A00000007050102400000070581024000000009024300020100C03209040041
:2046000000010202010005240010010524010001042402020524060001070582030800102A
:2046200009040100020A0000000705010200020007058102000200000A060002000000406C
:204640000100000009074300020104C0320904000001020201000524001001052401000195
:204660000424020205240600010705820308001009040100020A00000007050102400000CC
:20468000070581024000000079400008494000084D40000851400008CD400008D940000895
:2046A0004D410008694100080941000885410008A141000812010002020200408304405731
:2046C0000002010203010000040309041A03000000000000000000000000000000000000A0
:2046E0000000000000000000FFFFFFFFFFFFFFFFFFFFFFFFFFFFFFFFFFFFFFFFFFFFFFFFD2
:20470000FFFFFFFFFFFFFFFFFFFFFFFFFFFFFFFFFFFFFFFFFFFFFFFFFFFFFFFFFFFFFFFFB9
:20472000FFFFFFFFFFFFFFFFFFFFFFFFFFFFFFFFFFFFFFFFFFFFFFFFFFFFFFFFFFFFFFFF99
:20474000FFFFFFFFFFFFFFFFFFFFFFFFFFFFFFFFFFFFFFFFFFFFFFFFFFFFFFFFFFFFFFFF79
:20476000FFFFFFFFFFFFFFFFFFFFFFFFFFFFFFFFFFFFFFFFFFFFFFFFFFFFFFFFFFFFFFFF59
:20478000FFFFFFFFFFFFFFFFFFFFFFFFFFFFFFFFFFFFFFFFFFFFFFFFFFFFFFFFFFFFFFFF39
:2047A000FFFFFFFFFFFFFFFFFFFFFFFFFFFFFFFFFFFFFFFFFFFFFFFFFFFFFFFFFFFFFFFF19
:2047C000FFFFFFFFFFFFFFFFFFFFFFFFFFFFFFFFFFFFFFFFFFFFFFFFFFFFFFFFFFFFFFFFF9
:2047E000FFFFFFFFFFFFFFFFFFFFFFFFFFFFFFFFFFFFFFFFFFFFFFFFFFFFFFFFFFFFFFFFD9
:2048000000400020D17F0008D17C0008D37C00080000000000000000000000000000000034
:20482000000000000000000000000000D57C00080000000000000000D77C0008D97C000867
:2048400021800008218000082180000821800008218000082180000821800008E57C000850
:2048600021800008F97C00082180000821800008218000082180000821800008218000081C
:20488000218000082180000821800008097D000821800008218000082180000821800008EB
:2048A000218000082180000821800008218000082180000821800008197D0008297D0008B6
:2048C00010B5064C2378002B07D1054B002B02D0044800E000BF0123237010BD98030020AC
:2048E0000000000018CB0008044B10B5002B03D00349044800E000BF10BDC04600000000B1
:204900009C03002018CB000802B4714649084900095C49008E4402BC7047C04603B471467D
:20492000490840004900095A49008E4403BC7047002243088B4274D303098B425FD3030A10
:204940008B4244D3030B8B4228D3030C8B420DD3FF22090212BA030C8B4202D31212090209
:2049600065D0030B8B4219D300E0090AC30B8B4201D3CB03C01A5241830B8B4201D38B03E1
:20498000C01A5241430B8B4201D34B03C01A5241030B8B4201D30B03C01A5241C30A8B423C
:2049A00001D3CB02C01A5241830A8B4201D38B02C01A5241430A8B4201D34B02C01A524119
:2049C000030A8B4201D30B02C01A5241CDD2C3098B4201D3CB01C01A524183098B4201D33D
:2049E0008B01C01A524143098B4201D34B01C01A524103098B4201D30B01C01A5241C30827
:204A00008B4201D3CB00C01A524183088B4201D38B00C01A524143088B4201D34B00C01A88
:204A20005241411A00D20146524110467047FFE701B5002000F006F802BDC0460029F7D070
:204A400076E770477047C046D0400B00D1409C46203AD3401843524263469340184370478D
:204A60008446100062468C461900634600E0C0461FB500F057FC002801D40021C8421FBD1F
:204A800010B500F0A7FB4042013010BD10B500F049FC002801DB002010BD012010BDC04660
:204AA00010B500F03FFC002801DD002010BD012010BDC04610B500F0CFFB002801DC00207B
:204AC00010BD012010BDC04610B500F0C5FB002801DA002010BD012010BDC046002B15D1AB
:204AE000002A13D1002906DB01DC002806D00020C043410802E080210906002007B40248A0
:204B000001A14018029003BD3DFFFFFF03B4684601B5029800F052F8019B9E4602B00CBC26
:204B20007047C046F0B5CE469946030C9C46130447461B0C1D000E0061460404240C80B525
:204B40000700100C4B436543414360432C0CC01820188C46834203D980235B029846C44434
:204B6000494679435643030C2D042D0C8919634400044019C918C0BCB946B046F0BDC0462D
:204B800070B500220C4B04000D00FFF79DFF002804D12000290001F06DFA70BD064B002296
:204BA0002000290000F0E4FE01F064FA80231B069C466044F1E7C0460000E041F8B5CE4681
:204BC000474680B59146984604000D0001F0D6FA07000E0002000B0048464146FFF7A2FFBE
:204BE000241A8D41089B380031001C605D60C0BCB946B046F8BDC046F0B557464E464546D7
:204C0000DE46E0B50C031F004B0081469246050085B0240B5B0DCE0F002B00D152E1D24ACA
:204C2000934200D16EE1420FE40014438022120422439046CD4AC50093469B44002399466A
:204C400000933C037B005046240B5B0DFF0F002B00D11AE1C44A934200D15EE1420FE400AD
:204C60002243802424041443C04AC10094465A466344D31A9B46002033007B409A464B4673
:204C80000F2B27D8BA4A9B00D3589F46B246009B022B16D0032B00D187E2012B00D0D5E06D
:204CA0000023002200251B0513435246D20713432800190005B0F0BCBB46B246A946A046DD
:204CC000F0BD00220025A84BEDE7BA46A0460D000090DCE7444500D2C4E100D1BFE101233E
:204CE0005B429C462E0040460025E34423020C0E1C431B0C994623040A021F0C4946009212
:204D00000197FFF79BFE02007A430B04310C804619438A4207D901235B429C460919E044AA
:204D20008C4200D801E2881A4946FFF787FE019A360442430904360C03000E43B24204D970
:204D40003619013BB44200D8E9E1B01A4246009E12041A43330C1F00110C904602931304D0
:204D60003204160C32001B0C5A4303967B434E437943170CBC469B1963449E4203D980265F
:204D80007602B44661441E0C711816041B04360C9E19884202D312D1B54210D243465A1EBB
:204DA000009B9C4665441F009D429B415B421B19C018844200D29EE100D199E19046AE1B49
:204DC000B542AD41401A6D42401B844200D1D2E14946FFF733FE019A0B044243310C050019
:204DE00019438A4200D96CE1881A4946FFF726FE019A360442430904360C03000E43B24229
:204E000000D953E10398B61A02002D041D43029F2B041B0C5A437B439C46290C4843130C74
:204E2000844463447943984203D98020400284466144180C12041B04120C40189B188642F6
:204E400000D200E100D1FBE001231D43494B5B44002B00DCAAE06A0700D03DE1E9084246D3
:204E6000D20106D54246444B1A4080239046DB005B44424A934200DD23E742465B05550794
:204E800052020D43120B5B0D0DE75146214300D17CE0002C00D1FBE0200001F051F9020098
:204EA0000B3A1D239B1A52460100DA40534608398B408C4019001443314B58449B46834464
:204EC0000020D9E603002343984644D0002C00D1CFE0200001F034F9010002000B391D2327
:204EE0005B1A49461000D940083884400B004D46234398468540234B9B1A9B4600239946D4
:204F000000939EE60200224390461DD108229B46022300259146009393E65146214309D142
:204F200002234A461A43184B91469C4600240220E344A1E603234A461A43134B91469C4625
:204F400051460320E34497E60C229B460323A0469146009375E60423994600239B460133D5
:204F6000002500936DE6C046FF07000001FCFFFF30CB0008FF030000FFFFFFFEFE0700001A
:204F8000F30300000DFCFFFF01F8FFFF4A4601231A439146002401206EE6002380229A46F7
:204FA0000025884B12037EE601256D420122D21A382A00DD74E61F2A00DCBDE01F21494276
:204FC000CB1A4146D9400B00202A04D041467E4A5A4491400D4329004A1E9141194307232C
:204FE0001D0000220D400B4200D1D0E00F2200230A40042A00D1C7E00A1D8A4289414942CB
:205000005B1811001A0200D4BEE001230022002549E6802243461203134208D0144206D14A
:2050200022431203BA460D00664B120B3BE68022434612031A431203B246624B120B32E66E
:20504000002B00D102E7A6196A1EA64200D289E0864200D29FE000D1AFE01500F4E6A942AE
:2050600000D93CE64346DE0758086B081E43ED073CE601F065F801000200153120321C294F
:2050800000DC2CE74B46083883400025984632E701F056F803001A00153220301C2A00DC5C
:2050A000FFE65446083B00219C4005E73619013BB44200D9A6E6B24200D8A3E6831E36191A
:2050C000A0E60919013D8C4200D98DE68A4200D88AE6851E091987E60F222A40042A00D1F0
:2050E000BCE6291DA942AD416D42C908A844B6E6AF4200D962E6814204D800D05EE6AE4232
:2051000000D85BE602235B429C46009BE0449C4665449D429B415B421B19C0184FE6B242FB
:2051200000D812E6831E36190FE68A4200D8FAE5831E98460919F6E5244B28005B444146FE
:205140009D409940D0406B1E9D41434601432943D3404A0700D155E70F220A40042A00D0FF
:205160004AE74FE71500864200D06DE6009A9A4200D069E66AE6164B5B44002B00DC13E7E2
:2051800001250021A8446AE65D075B021A0BC90800230D4387E50099023D4A008A42BF4108
:2051A0007F423F19F6190092DDE78022434612031A431203034B120B75E500999942EAD3C9
:2051C0001500D3E7FF0700003E0400001E040000FF030000F0B54E464546DE465746904639
:2051E000E0B517001A03120B0500844619480E034C0091465A00DB0F9B46360B640DC90FB6
:20520000520D844219D0824210D0012094420ED14E450CD10120C44509D1594517D0002CE1
:2052200005D130002843431E984100E00120F0BCBB46B246A946A046F0BD330001202B43D9
:20524000F5D1A242F3D14B463B43F0D1E2E70020EDE7C046FF070000F0B54746CE460400FD
:20526000180016001B031B0B2D4D4A00994680B543000F03A446B0463F0B520DC90F5B0DC6
:20528000C00FAA4221D0AB4213D0002A22D13C43002B02D14D462E4322D0002C10D0814233
:2052A00022D00220013908400138C0BCB946B046F0BD4D462E4329D1002AF0D13C43EED1DA
:2052C0000028F2D101204042EFE73D0025431DD19342EED0002BE2D14C462643DFD1E0E7F4
:2052E0000020002CE1D0DCE79A420ADCE8DB4F45D7D80ED000204F45D7D20029E2D0080008
:20530000D3E74342584140000138CEE702204042CBE7C445C5D80020C445C6D2EDE7C046F0
:20532000FF070000F0B54746CE460400180016001B031B0B2C4D4A00994680B543000F037F
:20534000A446B0463F0B520DC90F5B0DC00FAA420DD0AB4210D0002A27D13C43002B11D171
:205360004D462E430ED10020002C15D00EE03D00254310D1934218D14D462E430BD1002ADD
:2053800002D13C43002C0BD0814214D0022001390840013800E00220C0BCB946B046F0BD10
:2053A0000028F9D101204042F6E7002BECD14C462643E9D1EAE79A4204DD434258414000F2
:2053C0000138E9E79A42EBDB4F45DFD806D000204F45E1D20029E5D00800DDE7C445D5D83A
:2053E0000020C445D8D2F5E7FF070000F0B54546DE4657464E46E0B51F000B031B0B9B46AA
:205400004D00CB0F04009146984687B06D0D00D1CDE1CE4B9D4200D1E9E15A46430FD20025
:205420001343802212041A43C3009A46C84B93469C4600230026654400933C037B004846C3
:20544000240B5B0DFF0F002B00D189E1BF4A934219D0420FE4002243802424041443BC4AB7
:2054600000219446424663445B190193019B7A400133C000D2B202930A2E1CDD3A000B2EF3
:205480005ED0474656E04946B04B2143EB18019300292AD18020022200012B00844616435F
:2054A000424663447A40D2B202930A2E00DD31E2002000240221022E26DC013E012E52D891
:2054C00002294CD0012900D018E10023002400251B052343D20713432800190007B0F0BCCD
:2054E000BB46B246A946A046F0BD8021032209012B008C461643424663447A40D2B2029309
:205500000A2E00DD28E203210125B540AC46A6266346F600354033420BD19026B600334229
:2055200018D1B93EFF3E1E421DD0A3468246009100E0170000993A00022910D05C465046B2
:205540000329BFD180231B031C43240305007F4B240BBDE7802400227C4B2403B8E700242F
:2055600000257A4BB4E753461E04360C1F0C3300010C0004000C4343984603007B4399462A
:2055800033004B439C4643460D001B0C9A467D43CC44D4440095E14504D980235B0299466C
:2055A0004D44009563461B0C1D0063461B049C4643461B041B0C9846634643440393230C8C
:2055C000984633002404240C63439C4623007B43994643465E435F434E446346B2461E0CF1
:2055E0005644B14503D980235B0299464F44330C99463B004B4405936346AC461F043F0C44
:205600003604F619B444634604935B461B0C9C465B461F043F0C3B00434399466346434381
:205620009A464B4660461B0C9B4648437943514459448A4503D980235B029A4650440B0C9C
:205640009A464B461B041B0C99463B006343090445464944994663465C436B439C464B4666
:205660001B0C98466F433F1947445044BC4203D980235B029846C444049B009D9846454499
:20568000B542B641734298464B461E04059B3C049946360CA4194C44A14683466E18C1444D
:2056A0008E428941CB445D4649426D189C42A441C1459B41834580418D4289415B42644284
:2056C0001C434042039B4942014370023F0C1843E419471EB84164186444F60D610230430C
:2056E000EC0D6E020C433043C90100D4F1E00121430801400B43E007184364081549029B6B
:205700008C466344002B00DC97E0410709D00F210140042905D0011D81428041404224189E
:205720000800E10106D58021C9008C460A4B1C40029B634409498B4200DD10E76107C5084B
:2057400064025B050D43240B5B0DC1E6FF07000001FCFFFFFF030000FFFFFFFEFE070000F2
:205760004B46234359D0002C00D1A3E0200000F0E7FC010003000B391D22521A49461800FC
:20578000D1404A4608388240844010000C43744AEB1A9446424663440193019B7A40013359
:2057A0000021D2B202930A2E00DD67E683E65B4603439A462AD05B46002B6DD0584600F08C
:2057C000BFFC010003000B391D22521A210018005D46D140083885400A0084402A43934615
:2057E000A2465F4D0026ED1A0023009325E65B4603439A4605D100239B4602330826009390
:205800001BE6032382460C26009316E600239B4601330426002500930FE642460133019577
:205820001E43019B7A400133002400200121D2B202930A2E00DD21E63DE60121C91A382959
:2058400000DD42E61F2947DD1F2625007642F31ADD402B00202905D04249029D8C4665449D
:20586000AC402043411E8841184307231D000024054003424AD00F2300240340042B42D06D
:20588000031D8342804140422418180023023AD50123002400251BE600F052FC01000300A8
:2058A000153120331C298FDD0838002284409246A34696E700F044FC01000300153120336D
:2058C0001C2900DC58E702004C46083A002094405DE7019B029311E7234B26009C460300B8
:2058E000029DCB406544AE401E430300AB40581E834130001843CC404307C7D00F230340F1
:20590000042BBDD1C2E765076402240BC00800230543DDE5002502230F2E0CD180245B4682
:20592000240323420ED021420CD10C4324033A000E4B240BCCE50B2E00D0A2E58B46AA4683
:205940000093F7E580245B4624031C43240342465546064B240BBBE54D4621000323DBE707
:205960000DFCFFFF3E0400001E040000FF070000F0B557464E464546DE46E0B50D0004008B
:20598000190010002B035B0A620F1A43E3000C03640A470F2743D04C6E00914683B04A007F
:2059A000C0009846A246760DED0F520DC90F0190A24200D1B9E0012461408B468D4200D195
:2059C0008DE0B41AA446002C00DCB7E0002A00D1CBE0C14A964200D186E180221204174330
:2059E0006246382A00DDA4E11F2A00DD1DE2614620223C00521A010090409440421E9041AF
:205A00006246A0466446D7404A46E1404446D21B91460C4304431C1BA34292414B4652428E
:205A20009B1A9A4653461B0200D42BE153465A02530A9A465346002B00D166E1504600F0A7
:205A40007FFB0300083B20222000D21A5146D040994002009C400A439E4200DD64E19B1BD5
:205A6000591C1F2900DDFEE02023100026005B1A9C409840CE40CA40631E9C41304392464B
:205A800000260443630709D00F232340042B05D0231DA342A4416442A2441C0053461B0255
:205AA00000D4F2E08C4B01369E4200D10FE153468A49E4080B4019005B07234372054C0248
:205AC000240B520D12052243ED072A431800110003B0F0BCBB46B246A946A046F0BDB41A8A
:205AE000A446002C59DD002A00D1B0E0564500D1FAE08022120417436246382A00DDD4E0DC
:205B00001F2A00DCC0E13900203AD1406246202A06D064464022121B3C009440044301942E
:205B2000019C621E94410C43C3E03C0004432BD08B468D422ED06A4CA446B4446446002CF7
:205B40005FD0941BA446002E00D020E14C461C4300D1C7E161464C1E012900D123E25E4D58
:205B6000AC4500D1D8E1A4461AE13A00024300D1E4E02200013A012C00D1C3E156498C4245
:205B800000D1B1E094462BE7012461408B468D4200D016E752498C46B4446446002C00D178
:205BA000D3E0911B8C46002E00D15EE14A498A4200D1BEE180214C4609040C43A14661468A
:205BC000382900DDBAE11F2900DD27E22024641A4946A1401E0088466146A340CE40414681
:205BE0005C1EA341314319430C0063464946D9407F18241884429B415B429A461600BA4414
:205C00005DE0384C721C224200D0DFE04A461A43002E00D05CE1002A00D1CFE13A000243F0
:205C200000D17FE11C1A4A46A3428941D21B4942521A9246120200D40AE2C41AA0428041AD
:205C40004B464042FF1A3B1A9A465D461AE73A00024373D02200013A012C00D1CBE05445DE
:205C600042D0944648E710001F3BD840202903D040235B1A9A401443631E9C4100230026BB
:205C80009A460443630700D0FEE65246E308520713435246B446D2080F498C452AD01203E9
:205CA000140B62465205520D0CE73C000443621E9441E4189C42924152424A44924653465C
:205CC0001B02DFD5044B01369E4200D0A0E0320000240023F6E6C046FF070000FFFF7FFF60
:205CE00001F8FFFFFE070000DB084A46520713434A46D2081900114300D1B5E1802424037D
:205D000014432403D54A240BDCE6200000F018FA030018331F2B00DC95E6220008388240C0
:205D200000249E4200DC9AE6F61ACD4B1A409246A8E63C000443621E94416CE64A46DB087E
:205D4000520713434A46D208A6E7C64C721C224200D0ACE04A461A43002E00D005E1002A42
:205D600000D156E13A00024300D1DBE01C189C429B414F44BA465B429A4453461B0200D48A
:205D800080E75246B64B01261A4092467AE7B34CA24200D1C0E080244D4624042543A9463F
:205DA0006446382C53DC61461F2C00DDCDE020251E002D1B4C46AB40AC40CE405D1EAB41A1
:205DC000344323434C46CC403F1B45E04A461C1AD11BA3429241524292460A005146521AE6
:205DE0009246120200D583E05346234300D021E60022002553E71C189C429B414F44BA46A7
:205E00005B429A44534601261B0200D43AE702265246934B01211A401300214062080A43F0
:205E2000DC075B089A4614432CE63900203AD1406246202A06D064464022121B3C0094401E
:205E400004430194019C621E94410C43E3E5494619430B005C1EA341C41AA0429B415B42D0
:205E6000FB1A9A465D461600DCE54946194300D1AEE0614664460139012C00D1E0E0774C5D
:205E8000A44556D08C469AE6614620223C00521A944001009040A0466446421E9041624602
:205EA000E1404446D7400C430443B94401E76B498A4200D10CE7181898429B414F445B424B
:205EC000FB18DC0740085B089A4616000443D9E6002A00D081E03B0003431DD18022002594
:205EE00012030BE7C0087B075D460343FA08D3E6C41AA04280414B464042FF1A3B1A9A46CB
:205F00005D4697E51C1A4A46A3429B41D71B5B42FB1A9A46012685E5C0087B075D46034393
:205F2000FA08E7E64A46DB08520713434A46D208B5E6C0087B070343FA08DBE6494619432D
:205F40000B00591E8B411C0053E64D46203CE540202905D04024641A4946A1400B439846EE
:205F600043465C1EA3412B4376E7002AE1D03A00DB08024300D1B8E64A46520780241343E0
:205F80004A462403D208224207D0FE08264204D15D463200C3087F073B43590FDB004907BB
:205FA000DB080B43A6E6C41AA04280414B464042FF1A3B1A9A465D46012633E53B000343DF
:205FC00000D115E7C0087B075D460343FA0866E6C0087B070343FA085EE63A00DB0802433B
:205FE00000D182E64A465207802413434A462403D208224207D0FE08264204D15D463200A1
:020000040800F2
:20600000C3087F073B43590FDB00DB0849070B4370E6C0087B070343FA0840E64C462039F4
:20602000CC406146202906D066464021891B4E468E40334398464346591E8B411C43D8E53F
:206040001C18844280414F44BA4640428244D9E65346234300D1CBE614E6C046FF07000064
:20606000FFFF7FFFFE0700000023014A1C0029E5FF0700000A0030B5134C5300090305004F
:20608000090B00205B0DD20FA34204DD0F48834202DD0F4BD01830BD8020400301430D4817
:2060A000C01A1F2808DD0C48C31AD9400B005842002AF0D11800EEE7084CC540A446634429
:2060C00099400B002B43F2E7FE0300001D040000FFFFFF7F3304000013040000EDFBFFFFC3
:2060E00070B5002816D0C317C5185D40C40F280000F026F8114B1B1A0A2816DC02002E002B
:20610000153296400B22121AD5405B052D032D0B5B0D03E000240023002500261B052B43C1
:20612000E40723433000190070BD0B3885405B052D0300262D0B5B0DF0E7C0461E0400003B
:206140001C2101231B04984201D3000C10391B0A984201D3000A08391B09984201D30009C3
:20616000043902A2105C40187047C04604030202010101010000000000000000F0B557466C
:206180004E464546DE46E0B50F001900002306009846100083B0002F07DA33003C0000270F
:2061A0005E42A74101235B429846002907DA4346DB430C009846030000215842A141340049
:2061C0003D0082468946B94269D866D04946504600F0BAF883463900300000F0B5F85B4642
:2061E0001B1A9C46203B6BD4514699409B4660460B00514681400A00BB4200D973E0BB4264
:2062000000D17AE034003D005946A41A9D41002900DA75E000210020012600900191594626
:206220008E400196614601268E4061460096002960D0D90756080E435F08614601220023E4
:206240000CE0AF4201D1A6420AD8A41BBD4124196D410139A4185D41002906D0AF42F0D9D0
:20626000013924196D410029F8D1009801995B4600196941002B4EDB2E002C00DE406346FC
:20628000DC405B46002B56DB34009C4023006446A6403200801A994103E0B04296D9002018
:2062A00000214346002B04D003000C0000215842A14103B0F0BCBB46B246A946A046F0BDAF
:2062C000624648469B462023514690409B1AD94003000091009960460B43514681400A00AC
:2062E000BB4200D88BE70021002000900191614600299ED100980199D3E7B142F3D881E7A3
:20630000614620260127761A00200021F74000900191019786E7624620239B1A2A009A4095
:20632000260013006246D6402C001E436346DC405B46002BA8DA62462023350094409B1A1D
:20634000DD4023002B43A2E710B5002903D1FFF7F7FE203002E00800FFF7F2FE10BDC04666
:2063600030B585B0019004B2051401200291039206F034F9201A0A281EDD1D4B1D4AD06BC6
:2063800019681D4B884204D9D16B0139D163002201E01A6801321A60184B1868281A0A283A
:2063A0001BDD144B164A196C1268914202D21A6C0A321A6405B030BD012006F00FF9241A41
:2063C0000A3408DA0B4B0F4AD96B12689142E3D2DA6B0132DA63084BD9E70A30EADA054B92
:2063E000094A196C12689142E4D91A6C013AE0E7B803002000040040E8030020CC0300201A
:20640000000200200C020020B4030020074B0849DA6B28320A60D96B064A282903D9DB6BA2
:20642000283B136070470023FBE7C046000400400C020020B803002010B5FFF751FE084B1A
:20644000084AFEF7D3FFFEF79BFB0023B32801D90300B33B044AD363FFF7D8FF10BDC046AB
:2064600083C0D23F8D976E1200040040012010B506F0B4F89623DB0098420ADB012006F0EE
:20648000ADF8044B984204DC012006F0A7F8FFF7D3FF10BDB80B0000074B08491A6C643281
:2064A0000A60196C064A642903D91B6C643B136070470023FBE7C046000400400002002073
:2064C000B403002010B5FFF70BFE0022094BFEF793FB0022084BFEF789FFFEF751FB074AA4
:2064E0000023904201D8064B1B1A064A1364FFF7D3FF10BD000059400080584055040000E2
:2065000056040000000400409623006810B5DB00984202DC00B2FFF7D5FF10BD002210B534
:20652000012802D0002805D1012290200421C00502F0CAFC10BD9020042110B5C00502F0CF
:20654000BDFC0023012805D090200421C00502F0B5FC0123180010BD1FB515200CB206F05E
:206560003DF80123844200DC0023D8B204B010BD1FB503B201AC012002910392002B0CD06C
:20658000074AE3889B18074A9BB2934205D80823E05E963843425841C0B204B010BDC046EE
:2065A000BFE0FFFFDE2E000084B00392084A01901268002001AB02911F2A06D902215B5EA9
:2065C0000122632B00DC021CD0B204B07047C046E80300200020054B090CC918044B89B222
:2065E0008B42404184B0C0B204B07047BFE0FFFFDE2E000070B5040047200D0005F0EEFF14
:206600000023844221D0124B1B68002B1DD0114B1B68002B19D0002229B2492005F0B0FFAB
:20662000012240210C4802F04FFC012210210A4802F04AFC01222021074802F045FC00225F
:20664000472021B205F09CFF2300180070BDC04604020020080200200004004870B504003D
:206660000F2800D949E1FEF759F910002700390068008C009900A600C300D000DD00EA009C
:20668000F700040121012E013B01A22005F0A6FF012802D10024200070BD00220121A220A2
:2066A00005F06EFF0124A12005F0A0FF0122A2400388134303803EE0A22005F08FFF00280A
:2066C000E8D00022A220110005F05AFFA12005F08DFF0122A2400388934342E0962005F04A
:2066E0007DFF0128D6D000220121962005F048FF00220121492005F043FF0125492005F0B1
:206700006DFF0024C1B24020FFF774FF7C4B95201C6005F06BFF0122AA40038813430380E5
:20672000FFF709FF012805D0902022000421C00502F0CAFBC0460224ADE7962005F04EFF32
:206740000028A7D000229620110005F019FF012501246B4B95201C6005F048FFAC400388BF
:20676000A3430122038011001E2005F009FFFFF7E2FE0224002800D18DE70020FFF7CEFEF6
:2067800089E7A32005F02AFF012800D182E700220121A32005F0F4FE022484E7A32005F00E
:2067A0001DFF002800D175E70022A320110005F0E7FE02248AE7972005F010FF012800D14C
:2067C00068E700220121972005F0DAFE80210022C900482005F0D4FE002201214A2005F044
:2067E000CFFE00224920110005F0CAFE022585E7972005F0F3FE002800D14BE7002297203F
:20680000110005F0BDFE0225A2E7A42005F0E6FE012800D13EE700220121A42005F0B0FEA0
:20682000032440E7A42005F0D9FE002800D131E70022A420110005F0A3FE032446E7A520C3
:2068400005F0CCFE012800D124E700220121A52005F096FE042426E7A52005F0BFFE00280E
:2068600000D117E70022A520110005F089FE04242CE7982005F0B2FE012800D10AE7002230
:206880000121982005F07CFE80210022C900482005F076FE002202214A2005F071FE00221D
:2068A0004920110005F06CFE032527E7982005F095FE002800D1EDE600229820110005F0DD
:2068C0005FFE032544E7A72005F088FE012800D1E0E600220121A72005F052FE0624E2E6C4
:2068E000A72005F07BFE002800D1D3E60022A720110005F045FE0624E8E60024E6E6C04691
:2069000004020020F0B5294B85B015B201AE1F78274C01907160B2605D2D23DC012F15D170
:20692000244A9169126863328A4218DA5A2D03DD2068C0B205B0F0BD022005F04FFE0100FA
:2069400064313A00022009B205F01AFE0520FFF785FE0720FFF782FE00232360E8E70022AC
:206960001A70F3E701222260002F03D11A70114B1A689A61022005F031FEC72809DD02206B
:2069800005F02CFE010064390122022009B205F0F7FD0420FFF762FE692DC9DD0A22B35E5E
:2069A0005C2BC5DD0620FFF759FEC1E700040020C8030020CC030020F0B589B01D000EABE1
:2069C000079200229B5E05900F200493069105F005FE05ACC0B2012D07D0012842D002288C
:2069E00000D188E0002800D0E2E001200021774E3268736812184B4132607360744E3268B1
:206A0000736812184B4132607360724B00220C21595E05F0B5FD00212020FFF7EBFDFFF7E1
:206A20008AFD002802D00020FFF778FD0223E05EFFF756FB060002200F0005F0CFFDFFF7B2
:206A40004FFB654A654BFEF7D1FC02000B0030003900FEF739F8021E02D10121012D46D1D5
:206A600009B0F0BD0126002758495D4C0A684B6892197B410A604B602268636892197B41BB
:206A800022606360534B00220C21595E05F078FD00212020FFF7AEFDFFF74DFD002802D067
:206AA0000020FFF73BFD4A4B18685968002326686768CA0F12184B4100920193019BD90701
:206AC000009B5A08019B0A435B10BB4265DC01D1B24262D80C2005F081FD22686368C1175B
:206AE00099425ADC01D1904257D8002202210F2005F046FD51E0374D00226969012009B281
:206B000005F03EFD01200021304C2268636812184B4122606360FFF70EFD002802D000201C
:206B2000FFF7FCFC2A4E2E4F3268736802920393386879682268636800920193029A039B9D
:206B400012184B4192185B4101998B4225DC02D100998A4221D80D2005F040FD22686368EC
:206B6000C117994219DC01D1904216D8102005F035FD0090012810D100220F20110005F093
:206B8000FFFC009805F02AFD00220023686122606360326073603A607B60012005F01EFDE8
:206BA000049B0022C01801B2012005F0E9FC57E700214020FFF71EFD002202214A2005F01A
:206BC000DFFC802100224820C90091E7C0030020F0030020CC030020666666666666EE3FF8
:206BE000F803002010B5084C01222000402102F06BF920000122102102F066F9012220213E
:206C0000200002F061F910BD000400480321034A13688B43034313607047C046000001407E
:206C2000044BDA68002902D00243DA6070478243FBE7C04600100240C046704713B504000A
:206C400001F07CFF002811D18022E4021205A4180122074B0190186001A918005C609A606D
:206C600002F01CF8002801D101F07CFF16BDC0460404002003000C4830B50C4C0D180120CD
:206C8000A5420FD8C240541E824000205B1A904206D00D68023080B25D5004318442F6DC60
:206CA000C046002030BDC04600087FFFFF078007F8B507000E00140001F040FF002807D1A2
:206CC0000500A408AB009919A54202DB01F04AFFF8BDFA580220002301F078FF0028F7D104
:206CE0000135EFE7920892005218401A914201D1002070470B6843500431F7E7F0B58027B7
:206D00000E4C0F4EA5440C00BF003A00310005006846FFF7E7FF0B4B1F20E4186B46A40820
:206D2000A400E550FFF78AFF3A0031006846FFF7BFFF0020044B9D44F0BDC046FCF7FFFF3A
:206D400000F800080008FFF70408000030B585B00C22002101A805F0B2FE08222E4C2F4B54
:206D6000626180225202A261C222002523600123FF32E2612000621D6560A560E560236101
:206D80002562D377A56201F0F5F9A84201D000F085FF80235B0102930623200001A90195F0
:206DA000039301F021FB002801D000F077FF0123200001A9019301F017FB002801D000F063
:206DC0006DFF0323200001A9019301F00DFB002801D000F063FF0423200001A9019301F009
:206DE00003FB002801D000F059FF0723200001A9019301F0F9FA002801D000F04FFF10237E
:206E0000200001A9019301F0EFFA002801D000F045FF05B030BDC0461004002000240140CC
:206E200030B5050089B01422002103A805F047FE1E4B2A689A4236D180211D4B89009A6980
:206E400090200A439A619A69C0050A4080210192019A5A6989020A435A615B690B4002935F
:206E6000029B9B2303A90393983B049301F060FF104C114B2000236000236360A3608033C4
:206E8000E360803323618023DB0063612023A36180235B01E36101F079FD002801D000F05C
:206EA000FDFE2C63656209B030BDC046002401400010024050040020080002400B480C4BB6
:206EC000802210B5036010239202436002610023C0228361920383838360C360426101F0FD
:206EE0005FFB002801D000F0D9FE10BD940400200064004010B5040088B01422002103A84C
:206F000005F0DDFD164B22689A4227D18021154B8904DA6914480A43DA61DA690A40802100
:206F20000192019A5A69C9020A435A615B690B400293029BC0239B00039302230493013348
:206F4000069303A90133079301F0F2FE00221E20110001F0BDFC1E2001F0E4FC08B010BD8E
:206F600000640040001002400004004807B50121084B09205A690A435A615B6900220B4079
:206F800001934918019B01F0A3FC092001F0CAFC07BDC04600100240F0B589B0142200219F
:206FA00003A805F08CFD8021274B89025A6990270A435A615A69254C0A4080210192019A3B
:206FC0005A69C9020A435A615B69214EFF050B403800210002930022029B01F075FF002265
:206FE00030001C4901F070FF012503940024380003A904950594069401F09AFE20230393A9
:20700000882338005B0303A90493059401F090FE104B300003A9039304950594069401F04A
:2070200087FE0823300003A903930494059401F07FFE22002900072001F04AFC072001F0CE
:2070400071FC09B0F0BDC046001002404480000000040048708000000123224910B50A683F
:207060009A431A430A600A681A42FCD01E4C626B134363630223626B1A42FCD0F823626B7D
:207080009A43783B134363638023626B5B021343636380239B02626B1A42FCD0F022636849
:2070A000934363606368114A1340032263606368134363600932636813400C2BFBD10C4842
:2070C00003F0FCFD002000F0ADFF002801D072B6FEE70422636B93436363236B7C32934360
:2070E000236310BD0020024000100240FFF8FFFF006CDC02F8B500250124404B1868596887
:20710000001969417F25186059601A685B68154272D1222005F062FA9623394E394C3288E6
:2071200052099B1A584380122081212005F056FA7288354B5343354A1B129B18584380124F
:20714000E080232005F04AFAFA23B2885B0053431B1258438012A0801F2005F03FFAF288AA
:207160002B4B5343DB12584380122080202005F035FA3289274B53431B135843264A801257
:20718000608073890021525E3D209B1A234A0021525E5A43D3179B059B0D9B189B121E3372
:2071A000638105F01BFA0700012812D11C4B3E201E690223E25ED3171D40AD1805F00EFA14
:2071C000ED11ADB26843361A380005F00FFAB6B20680162005F002FA00280DD16088238873
:2071E000E18800041843A388628909041943238912041A43FFF7B4F8F8BDC0465007002055
:20720000BC040020DA040020330300003F1D000017070000E3090000D6040020C80400200E
:20722000CC0300207047000007231A4A70B51068516803422CD115685668174B1C68AC4273
:2072400002D15868B04223D01068516818605960124A134B1188188809184908198051887D
:20726000588809184908598091889888091849089980D188D88809184908D9801189188960
:2072800009184908198152895989521852085A8170BDC0465007002030070020CA04002097
:2072A000BC04002070B501240C4D20000023EE5E05F0A4F9864209DA200005F0B3F9288016
:2072C0000134A4B20235B42CEFD170BD20000023EE5E05F09DF98642EEDCF1E7680B002008
:2072E00070B51C4C236801330FD121001A48FFF705FD1A491A48FFF701FD1A491648FFF777
:20730000FDFC19491448FFF7F9FC21681748184AFFF7B0FC041E1AD1104B802215481968F7
:20732000FFF7A8FC041E12D1FFF7BCFF022005F055F9114D2860042005F050F96860052063
:2073400005F04CF9A860062005F048F9E860200070BDC04600F800084CF8000804F80008A4
:20736000C0FF000808F800080CF80008680B00202E04000058070020CC030020F0B5D44B3B
:20738000D449D54A87B01868C85004339342FAD101210800FFF744FC0320FFF737FCCF4B45
:2073A0001B78012B00D1C04600F060FEFFF754FEFFF7F2FDFFF7DAFDFFF7C8FC05F03CF90B
:2073C00000F02EFDFFF77AFD00F0B8FC00F0F0FC00F0B6FDC24C200001F08AF80622C1492F
:2073E000200000F06BFF04F07BFEBF4FBF4C3800210004F073FCBE48BE4BBF4ABF49009021
:20740000380004F09DFC20000124BD4BBD4ABE4904F076FB0121380004F066FD02213800DB
:2074200004F068FD0A21380004F06AFD03F0DAFD03F0B6FDB54D200005F0F4F80134B44B8E
:20744000A4B2288002359C42F5D1FFF749FF022005F0C4F8AF4D2860162005F0BFF80028B4
:2074600000D01EE12800FFF74FF82800FEF7FEFFA94900227D2005F083F8A84BA84AA948C7
:20748000DA6207229A6202F083FCA74BA74C00229B5EA74A1380A74A0020105EA64A108097
:2074A000C01AFEF71DFE02000B000020A349FDF7A3FBA34B0022FDF799FFFEF7DBFD0121AC
:2074C00020800020FFF796F801214020FFF792F8472005F083F8002281B29A4801F0F4FC77
:2074E000FA20400000F0E4FD01212020FFF782F8472005F073F8002281B2924801F0E4FCC8
:20750000FA20400000F0D4FD01211020FFF772F8472005F063F8002281B28A4801F0D4FCFF
:20752000FA20400000F0C4FD012005F057F82861686190202021C00501F0C0FC824B1870D1
:207540003E2005F053F804003E2005F06BF8002220801100952005F013F80022A120110057
:2075600005F00EF8012200211D2005F009F8774B58881A88D988000410439A88090411431A
:207580005A891C8912042243FEF7F2FF012800D09BE00020FFF762F801221E20110004F0B8
:2075A000EFFF002304930593694805F01FF8674C0022A35E0380674805F018F80222A35E9C
:2075C0000380654805F012F80622A35E03808320800005F00BF80822A35E03805F4805F06B
:2075E00005F80422A35E03805D4804F0FFFF0A22A35E0380162004F0F1FF00280ED1594ED5
:207600000430F36B03936B6004F0F0FF039B366C03800520AE6004F0E9FF06800F2004F019
:20762000DDFF00220100AC2004F0AAFF4E4B049A18685968904202D1059A914206D01A68FB
:207640005B6838000492059304F08AFB492004F0C5FF002800D01AE100F024FD434E336837
:20766000984200D886E000F01DFD0390482004F0B5FF039BC018306000F014FD33689842C9
:2076800003D9482004F0AAFF30600022384B1A60472004F0A3FF012281B22A4801F014FC94
:2076A0008AE0162004F09AFF012800D0E0E6033004F094FF2B4CE063FEF7A8FE052004F0B6
:2076C0008DFF2064FEF7E8FED2E6012062E7C0460048000800B8FF17C0480008FCF700086E
:2076E00010040020CA040020E8040020100700201FC1000813C1000809C10008F1C00008D6
:20770000D5C00008C9C000087DBF0008680B002017020000CC0300203B04000000200040BD
:207720005FEA000020080020B8F7FF1FC8040020D6040020C2F7FF1FD8040020000054409E
:20774000000090400004004810020020DA040020090200000A0200000B0200000D020000AA
:207760000F0200000004004050070020380700204007002000F096FCC54E336898421BD979
:2077800000F090FC8030306000F08CFC3368984201D9802333604A2004F020FFBD4A40006C
:2077A0001368984268D901334720136004F016FF81B2B94801F08EFB60882388E18800046E
:2077C0001843A388628909041943238912041A43FEF7C2FE01286AD10130FEF73FFFAF4B39
:2077E000AF4E1868596832687368904202D1994200D191E0306871680023AA4AFDF76EF931
:207800001A4300D088E030687168A44B18605960AF2004F0E3FE01280DD160882388E1889B
:2078200000041843A388628909041943238912041A43FFF767F89C4B1B78012B00D0B3E6E7
:207840009A4C60882388E18800041843A388628909041943238912041A43FEF7BBFE060095
:20786000012826D0392004F0B9FE012800D09BE60730FEF7F3FE97E6472004F0AFFE81B296
:20788000854801F01BFB012800D195E700E7472004F0A4FE81B2804801F010FB002800D1CA
:2078A0008AE7472004F09AFE002281B2F5E6032093E700220100392004F062FE0920FEF7A9
:2078C000CDFE0623E05EFEF70BFC794A794BFDF78DFD0022784BFEF74BF8FEF7CBFB04B2E7
:2078E0003A2004F07BFE2200193A4243734B34201A80734B1E7004F071FEA04201DD0B2081
:20790000B7E70A20FEF7AAFE3B2004F067FEA04202DA0A20FEF7A2FE644C60882388E18825
:2079200000041843A388628909041943238912041A43FEF739FE012843D10B30FEF78EFE25
:207940001C2004F04BFE421E511E8A41564B06001A70012841D104F041FEE123DB009842BC
:2079600031DB01214020FEF745FEFEF7E4FD002802D00020FEF7D2FD494B4A4A1868596824
:207980000023FDF7ABF81A4300D00DE6464B1B78012B00D008E6494A4A4B0021525E434C77
:2079A0001B78009260882288E18800041043A288090411436289268912043243FEF7FCFFB0
:2079C000F2E50D20BAE7300004F008FEC823DB009842C6DC31001020C5E702202E6804F0DD
:2079E00005FE0680FEF7A7FD002802D00020FEF795FD1B2004F0F2FD060001286AD100221A
:207A0000A35EE122D200934216DB02002E4904F0B7FDAF2132000901062004F0B1FD0022B3
:207A20001B20110004F0ACFD0022A35EE122D200934219DB0F201CE7C822D200934213DCEA
:207A40000200224904F09CFD32002149062004F097FD00221B20110004F092FD0022A35ECE
:207A6000C822D2009342E5DD012296211000C90004F086FD01221649062004F081FD00224D
:207A80001B20110004F07CFD0E20FEF7E7FD73E73C07002040070020000400484807002047
:207AA00050070020FFFF000044070020DA040020B37BF2B0506B9A3F002070402807002065
:207AC000450700202A070020C80A000064050000AA0500001B2004F081FD002800D04BE728
:207AE000013004F083FDE1260022835EF600B34209DB01214020FEF77DFD0022A35EB342FF
:207B000000DA39E796E7012004F070FDC8260022835EF600B34212DC012004F067FD962370
:207B20000021425EDB009A4209DD01211020FEF761FD0022A35EB34200DD1DE77AE70021C7
:207B40004020FEF757FD9FE710B5104C102221000020FFF7C7F8002817D11F30FFF76EF8F2
:207B6000002812D110222100FFF7A2F800280CD10748084A2168FFF79BF8002805D1064B10
:207B8000402206481968FFF793F810BD00F80008680B00201702000004F800085807002037
:207BA000374B026873B59A423FD190202021C00501F084F9334D2B78834236D090202021C2
:207BC000C00501F07BF9304B00282FD11A6801321A60312A29D92D4A1178012925D01860B5
:207BE000012313702A4B1B78012B12D1294A2A4C0021525E009260882288E1880004104329
:207C0000A288090411436289268912043243FEF7D3FE00210F200A00297004F0B1FC8420B6
:207C2000800004F0E3FC0123038073BD0024174E220002210F201C60347004F0A1FC8420C8
:207C4000800004F0D3FC124B04801B78012B13D1104A114C0021525E337800926088228806
:207C6000E18800041043A288090411436289268912043243FEF7A0FE01232B70D5E7C04680
:207C800000200040100200202C0700202A0700204407002028070020DA04002072B6FEE7E9
:207CA00001210A4B82B09A690A439A619A690A4080210092009ADA6949050A43DA61DB6959
:207CC0000B400193019B02B07047C04600100240FEE7FEE77047704710B5FFF70BFA00F080
:207CE000D5F910BD10B5202001F0FCF88020000201F0F8F810BD000010B5024800F0B6FEFC
:207D000010BDC0465004002010B5024802F074F810BDC0462008002010B5024800F0D6FCC3
:207D200010BDC0469404002010B5024801F076F910BDC046641400207047000010B586B02C
:207D40001022002102A804F0BAFE08220021684604F0B5FE144C154B200023600023636091
:207D6000A360E36023616361A36102F039F9002801D0FFF793FF802320005B0102A902936D
:207D800002F02CFA002801D0FFF788FF0023694620000093019302F0BBFA002801D0FFF7A6
:207DA0007DFF06B010BDC046D8070020002C014010B586B01022002102A804F080FE0822BE
:207DC0000021684604F07BFE8023144CDB052360002320006360A360E3602361A36102F03B
:207DE000FFF8002801D0FFF759FF802320005B0102A9029302F0F2F9002801D0FFF74EFFCD
:207E00000023694620000093019302F081FA002801D0FFF743FF06B010BDC0466808002092
:207E200009480A4BFA2210B503600023920043608360C2600361836102F0D2F8002801D0FE
:207E4000FFF72CFF10BDC04620080020002000401FB50368194A93420BD18021184B090125
:207E60009A690A439A619B690B400193019B05B000BD8022D205934209D10121104BDA69DE
:207E80000A43DA61DB690B400293029BEFE70D4A9342ECD180210A4B4900DA6913200A43D8
:207EA000DA61DB6900220B400393FF39039B00F00FFD132000F036FDD9E7C046002C0140E5
:207EC0000010024000200040074B026882B09A4208D10221054BDA690A43DA61DB690B4080
:207EE0000193019B02B07047000400400010024010B5040086B01422002101A804F0DFFD84
:207F00000C4B22689A4213D180210B4BC9025A690A480A435A615B690B400093009B03237E
:207F20000193013B029301A9013B059300F000FF06B010BD0004004000100240000400480A
:207F400030B500258BB00822002101A804F0B7FD1C22002103A804F0B2FD1B4C1B4B2000A6
:207F600023606560A560E5602561A56102F060F8A84201D0FFF792FE200001A90195029561
:207F800002F0C6F9002801D0FFF788FE6023039300230822200003A904930593079302F0CE
:207FA000AFF8002801D0FFF779FE0C22200003A902F0A6F8002801D0FFF770FE2000FFF7B7
:207FC00097FF0BB030BDC046B0080020000400400D4885460D480E490E4A002302E0D458EC
:207FE000C4500433C4188C42F9D30B4A0B4C002301E013600432A242FBD3FFF79DFE04F030
:020000040800F2
:2080000067FDFFF7BBF9FEE70040002000020020940300200CD900089803002078190020DB
:20802000FEE7000070B50500FA200D4B80001978FCF77EFC0B4C01002068FCF779FC00F009
:208040008BFC04000120002C09D1032D07D802382200290000F03CFC2000034B1D6070BD9A
:2080600018020020140200201C0200201023064A10B5116800200B431360FFF7D3FFFFF7F2
:208080000FFE002010BDC04600200240034A044B11681B785B1813607047C046F808002013
:2080A00018020020014B18687047C046F808002070B50400FFF7F6FF0500631C02D0044B24
:2080C0001B78E418FFF7EEFF401BA042FAD370BD18020020002373B503210193036804004B
:2080E0009A680A40012A07D11968114201D0002076BDDA681204FAD499681B4A114208D082
:2081000010230120A26B1343A363E36B0343E363EEE7012299680A439A60144B144918684C
:20812000FCF706FC0190019B002B19D1FFF7BAFF0125060023681B682B42D8D1FFF7B2FF62
:20814000801B0228F6D923681B682B42F2D11023A26B01201343A363E36B2B43E363C7E7E0
:20816000019B013B0193DEE7170000801402002040420F0070B504000120002C7ED0A36B9E
:20818000002B06D122003432E36320001370FEF747FEA36BDB0600D584E0226893685B0723
:2081A00000D57FE0A16B424B19400633FF330B430321A36393680B40012B05D1116819429A
:2081C0000ED1D3681B040BD41821D3688B43A1680B43D360136961689B009B080B43136176
:2081E000D36834490B40D360237E607E9B03C0030343A17EE068034348030343601DC07F29
:2082000040000343A06A0138451EA84100030343206902384542684180000343E07E0128C0
:2082200004D100292BD1802149020B43C220E169FF30814202D0206A01430B438020D16825
:2082400040051943D160E16A814202D0481E062807D8072550692940A84350615069014312
:208260005161D26814490A409A4210D100200323E063A26B9A43023B1343A36370BD202134
:20828000A56B2943A163E16B0843E063CEE712230120A26B9A43023B1343A363E36B034362
:2082A000E363EBE71023A26B01201343A363E5E7FDFEFFFF1902FEFFE7FF3F83F7B503684D
:2082C00004009B680E00022001925B0730D4270034373B78012B2BD001233B70637E012B26
:2082E00027D1A26B164B00251A4080235B001343A363E5633D70206B124B21688362124B97
:20830000C362124B03631C230B604A680C3B13434B600123CA681343CB603200019B4031BB
:2083200000F066FB04232800226891680B439360FEBD2000FFF7CEFE0028D2D0F8E7C0468D
:20834000FEF0FFFF51830008C3830008CF8300085022436A10B5996B11422BD1996BB1328F
:20836000FF320A43C0219A631A680901D068084213D1997E002910D1116809070DD591682A
:2083800049070ED40C20516881435160996B0B4A11400432FF320A439A631800FEF744FFA6
:2083A00010BD2022996B0A439A630122D96B0A43DA63F2E71B6B1B6B9847F1E7FEFEFFFFD9
:2083C000704710B5406AFFF7FBFF10BD70474023406A10B5826B134383630423C26B13435E
:2083E000C363FFF7F3FF10BDF7B5002204000192343422780300C56A0220012A2AD0013889
:2084000020701A68966876075FD40B684F681E00BC46304F9840103EBC453FD0976A384321
:2084200090628020400585420FD0013D062D0CD90720556989680540A94206D0556901408E
:2084400085435561556929435161022E03D9002000232370FEBD20480168102B1BD01A0014
:20846000113A55426A411D4D52422A4080256D0452190A430260102BE9D1194B194918689C
:20848000FCF756FA0A2343430193019B002BDED0019B013BF8E780221204EAE7916A8143DE
:2084A0009162022ED3D80C4A1168102B0BD0113B58424341C0205B42000403400A481B1856
:2084C0000B401360C3E7094BFAE72022996B0A439A63BDE70110000008270140000040FF0B
:2084E0001402002040420F00FFFFFFFEFFFF7FFFF8B506003436337804000220012B45D00F
:2085000001230321337023689A680A40012A05D1196811423BD1DA68120438D4A16B1F4ADF
:2085200011400632FF320A430321A263DD68DA688A43DA608022996812060A439A60FFF785
:20854000B1FD070023689A68002A0DDB0321DA680D401543DD6001230020A26B8A4313430B
:20856000A3630023337011E0FFF79CFDC01B0228E8D923689B68002BE4DA1223A26B01200F
:208580009A43023B1343A36300233370F8BD2023A26B01201343A363E3E7C046FDFEFFFF54
:2085A000F8B504000120002C64D02518EB7F002B02D12000FEF79EFC0127226813683B438A
:2085C0001360FFF76FFD060023685A683A4244D002271A68BA431A60FFF764FD06002368D9
:2085E0005A683A4247D1217E8022012949D119680A431A60617E4022012946D119680A4308
:208600001A60A17E2022012943D119680A431A60E17E1022012940D1196891431960217FBF
:20862000082201293DD119680A431A60617F042201293AD119680A431A60E168A26800209A
:208640000A4321690A4361690A43616801390A43DA6101236062EB770CE0FFF723FD801B6F
:208660000A28B1D98023626A9B021343636205230120EB77F8BDFFF715FD801B0A28AED95B
:20868000F0E7196891431960B4E7196891431960B7E7196891431960BAE719680A431A6077
:2086A000BDE7196891431960C0E7196891431960C3E7704770477047704770477047704728
:2086C000704770477047704770477047F0B5036885B05E695A689F680192DA6834000292DE
:2086E0001A69050003929A69009201221440164222D03C001440174206D09A60BB0700D4B8
:20870000AAE0FFF7D6FF002480235B001F4207D02A689360BB0500D4AEE02800FFF7CAFF1C
:2087200080235B021F4207D02A689360BA0300D4B1E02800FFF7BFFF330708D51023029A98
:208740001A4204D08022920014432A68D360730708D50823029A1A4204D02A682800D3605E
:20876000FFF7AEFFB30706D52B68DB689B0702D02800FFF7A4FF730608D51023039A1A4234
:2087800004D08022D20014432A681361B30608D50823039A1A4204D02A6828001361FFF782
:2087A00091FFF30606D52B681B699B0702D02800FFF787FFB30308D51023019A1A4204D095
:2087C0002A6828005360FFF77EFFF30308D50823019A1A4204D02A6828005360FFF774FF1A
:2087E00033042FD5019B2A685B0729D5F30504D501230099194200D01C43B30504D50223E2
:208800000099194200D01C43730504D504230099194200D01C43360512D57021009B0098B4
:208820000B4008420CD0402B49D040D8202B48D0302B48D0102B41D0702193698B439361BA
:2088400004235360002C05D06B6A280023436B62FFF73BFF05B0F0BD7B0707D408233C00B7
:208860001C401F4205D1FFF727FF4DE7802424014AE78024640147E77B0503D580239B014D
:208880001C434DE73B0502D58023DB01F8E72800FFF713FF44E77A0303D580231B021C4301
:2088A0004AE73F03FBD42800FFF708FF44E7502B0BD0602BC0D180235B0000E008231C434C
:2088C000BAE71023FBE72023F9E78023F7E7000030B5FF2503242A000440E400A240890150
:2088E0002940D243A140C3B200280ADBC0240B4B80088000C018A400035913400B43035188
:2089000030BD0F200340083B05489B089B001B18D86902400A43DA61F2E7C04600E100E04C
:2089200000ED00E0002805DB1F2318401E3B8340014A13607047C04600E100E0BFF34F8FE0
:20894000034B044ADA60BFF34F8FC046FDE7C04600ED00E00400FA058022431E5204012077
:2089600093420DD2C021074A07485360036A09061B021B0A0B4303620020072390601360F1
:208980007047C04610E000E000ED00E070B504000120002C24D00223A51CEB772068114BE7
:2089A0000268A1681A4063680B43E1680B4321690B4361690B43A1690B43E1690B43134304
:2089C0000360094B1421C018FBF7B2FF074B80002064E36300200123A063E418EB77E07798
:2089E00070BDC0460FC0FFFFF8FFFDBF00000240F7B5451C0193EB7F04000220012B27D02E
:208A000001232718EB77FB7F00269C466046DBB2012828D10130F8772068A6630568266C8A
:208A20009D43B3400560E56B6B60019B43606368102B0ED18260C160E36A0268002B0BD0FF
:208A40000E231343036001230268134303600020FEBD8160C260EFE70A2313430422036025
:208A600003689343EEE70220EE77F1E7F8B504273E00016CC26B8E40156803681C68354220
:208A80000DD03C420BD01968890602D41968B9431960C36A5660002B19D0984717E00227CE
:208AA0003E008E40354213D03C4211D01968890606D40A241968A14319600121C319D977AD
:208AC00056600022431CDA77836A9342E5D1F8BD082637008F403D42F9D03442F7D00E25F5
:208AE0001C68AC431C6001231C008C405460821C8363D3770022C318DA77036BE5E7000071
:208B00000C4A1021D06830B503000B40084205D002230948C4692343C3610B000420D168AF
:208B2000014205D00121044C0343E5692943E161D36030BD0020024000090020064B00204D
:208B40001A69120606D5054A5A60054A5A6018690006C00F7047C046002002402301674548
:208B6000AB89EFCD8023034A002011690B4313617047C0460020024070B50400FFF792FAEF
:208B800001260500104BDA68324211D12022D968114200D0DA60D9681022080010401142B8
:208BA00002D1DB685B0708D5FFF7AAFF012004E0621CE8D0002C01D1032070BDFFF772FAD6
:208BC000401BA042DED9F7E700200240F0B585B003931D4B009102921A7E04000220012A7B
:208BE00030D0012219481A76FFF7C6FF002826D12600012C02D0022C00D004260024124BB9
:208C00000193029803992201FBF71EFF00220127019B0F4DDA612B69009A3B432B61630040
:208C20009B1880B218800948FFF7A6FF2B69BB432B61002803D1E419E3B29E42E1D8002264
:208C4000014B1A7605B0F0BD0009002050C30000002002400022064BDA61064B0432196981
:208C60000A431A61402219690A431A617047C04600090020002002400022064BDA61064B39
:208C8000023219690A431A614022586119690A431A6170470009002000200240F8B5214F92
:208CA00004003B7E0E000220012B0CD001233B7623681D48012B12D1FFF75EFF002803D09D
:208CC000012000233B76F8BDFFF7C4FF1648FFF753FF0421154A13698B431361F1E7FFF77B
:208CE0004BFF0028ECD101235B42336065680130A3686268DB029B18AB42E2D92800FFF7C8
:208D0000BBFF0948FFF738FF0221084A13698B431361002801D03560D3E780231B01ED18DC
:208D2000E6E7C0460009002050C30000002002405B4AF0B58218541EA241002389B00432F7
:208D400005920A681400DC4001D109B0F0BD01242500A4469D4014002C4002942A4200D13E
:208D60009CE003244A685F0001922240BC40E4430394541E64452FD88668039C2640CC6847
:208D8000BC403443664684604468AC432500019C240934409C402C434460C568039C2540B2
:208DA0008C68BC402C43C460022A17D107250F261D40AD00AE40B446DC08A400041904948C
:208DC000246A26006446A643B4460E696446AE402643049C266201E0032ADED1BA4004688F
:208DE000039D25402A430260C022019C9202144254D001262B4A1D009469344394619269F5
:208E00009C0832400792079A274AA400A418A268944603221540AD000C32AA406746974377
:208E20009022D2059446002260450DD01F4A94463200604508D01E4E9218B04204D01D4EF2
:208E40000132B04200D0059AAA403A43A2601A4A029C9668029D019FE4433543FF0201D461
:208E6000350025409560D668029D019F3543BF0201D435002540D5605668029D019F354394
:208E8000BF0301D43500254055601568029E019F2E43FF0301D425402E001660013350E773
:208EA00000F0FFB700100240000001400004004800080048000C0048000401400069084093
:208EC000431E9841C0B27047002A01D0816170478162FCE7426913000B401B0491430B438B
:208EE00083617047044B10B55A69104202D05861FEF798F910BDC04600040140F0B50400DC
:208F0000012587B0002832D0304D435DDAB2002B04D1AA239B00C25403F0A8FC032363552E
:208F2000206801F033FA0023012719006068834220D3002228261100904233D823006A4676
:208F4000103343CB43C203CB03C2A268E3686168206801F025FA0023621DD37701226255AC
:208F6000E2691D00012A02D1200000F03AFE280007B0F0BD29262822B4465A43A2189444F5
:208F8000664637702826B4469444664633702B26B4469444664601333170DBB29163D163B6
:208FA0001164C4E733005343E3181F006A37FF373970013F3A70F97081336C3FF967FF33EA
:208FC000803701323960D2B21960B5E7A902000070B5AA25AD00435D04000220012B09D05E
:208FE00001236355206801F0C7F9206801F0D5FB0020605570BD70B5AA25AD00435D0400CC
:209000000220012B08D001236355631DD977206801F0BCFB0020605570BD0000F0B50400A3
:2090200085B0006801F0C1FB802305001B021D40184201D100F017FC2068821DD38F1BB23F
:20904000002B01DB05B0F0BD0F21D38F194001910F219AB20B4200D0C3E010231100194051
:209060001A422AD10388B84A13408022120213430380030050331A88230028331B78DB0016
:20908000C3189B18B14A20009B181B88E26B9B059B0D6364D318E36303F01AFC631DDA7F62
:2090A000002AC9D0206C22680028C5D18025D97F4C3229431180D877BEE70288802116006C
:2090C000090193B20E400A4222D0030050331A88B4235B00E35CAC21DB00C3189B189C4A00
:2090E00089009B1822001B8869329B059B0DFF32D3616118D28801F0C5FD2268954913889E
:2091000020000B4080210B43138003F0CBFB93E71BB2002B00DB8FE703888E4A250013400B
:20912000802213430380030050331A88B4235B00E35C6935DB00C3189B18854AFF359B185E
:209140001B889B059B0DEB610DD0696900290AD0EA8801F097FD6B69EA6931009B18200004
:209160006B6103F0A8FB21680A8893B2120500D562E7C02292011340934200D15CE70B003C
:2091800050331A88724BCB189B181A889205920D1A802A693E2A0CD91F2550092A40554267
:2091A0006A41801A1A88800210436B4A024392B205E0002A0ED180201A88000202431A80A4
:2091C0000A88664B1A40C0239B015340644A13430B8031E7012550082A40801880021A8895
:2091E000E4E7019B9F00C219138899B21BB20291002B00DBF6E0138856490B4080210B43F8
:2092000013802823019A5343E3181A001D007532FF3212786935FF35002A1AD10200503240
:2092200011882A78D200521849491218521812889205950D002A00D1B3E01A006F327D33C5
:20924000FF331900FF322B001288096801F01AFDA7E019006C31FF3109782A78022900D0C9
:2092600084E08026F601B4466546029E81332E4003960600503600966646029DFF331968CD
:20928000354230D0009D2E88D50076192F4D361876193588AD05AD0D8D420DD900211960CF
:2092A000910041180E882D4B1E4080239B0173402B4E33430B8002E0491B1960F0D0029BD0
:2092C0005B0607D592008218138826490B4026490B431380002D64D02823019A5343E318A8
:2092E0001A007132ABE7009D2E88D5007619184D361876193588AD05AD0D8D420DD90399AC
:209300001960910041180E88144B1E4080239B017340134E33430B8002E0491B1960F0D0C4
:20932000029B5B0607D49200821813880D490B400D490B431380002D33D02823019A534309
:20934000E3181A0073327AE70F8FFFFF02040000060400008F0F00000080FFFF8FBFFFFFDE
:20936000808000008F8FFFFFC0800000920082181688CE493140CE4E314311802A789100EB
:2093800041180D88010050310988D200521812186D0462D5C749521812889205950D002A47
:2093A0009ED1282301995943621816008536FF363068083E4019B060306840193060100065
:2093C0008130FF300068002803D0FC32D26F95424BD2019A20005343E3186933FF3319783C
:2093E00003F069FA8022029B2068134200D123E6C2191388B049019D0B40B0490B439BB235
:20940000138028235D4365192A002B321178EA18012959D1002329002B643431097899424E
:2094200036D04021029E029F0E4029350F4234D02978994220D10300117850331D889D4B7A
:20944000C900C3185B19C9180B889C489B059B0D0B800B8803439BB219E0994952181288C4
:209460009205950D002A9CD06BE76931FF312068611801F0B3F9B5E7012909D101008D4EE7
:2094800050310D8811788019C900401909180B801178200003F01CFACEE52B78002B06D1BC
:2094A0000300117850331D88C900854BC9E7012BEED10300824D5033198813784019DB000F
:2094C00040181B181E80E3E71278029F0392D20000928022029952002E6C174011421ED1B3
:2094E0000200503212880099821852187149521812889205920DB24202D303992F64C8E716
:20950000E96BB61A8918E963696C2E648A1801996A6401315943611801F060F98CE5402265
:209520000300029F029917405033114200D1DCE060491A8847180099BA18525A9205920D3B
:2095400094460022B44501D26246B21A282601994E43A619326480260299F60131400E004A
:20956000002A4AD129218C46AC446146097800292ED11A880099BA18521817884F49BF05D8
:20958000BF0D178017880F43BFB217804C4A1B888018C018009BC01803889B059B0D0380FD
:2095A00003880B439BB203802000039903F090F9002E00D1D8E02B0028331B7822689B00D5
:2095C000D218138839490B403E490B431380CBE00B000129E8D14F339C46844463461B88C0
:2095E0000099FB185B181A80634635491B884018C018009BC0180280D6E7002908D0039B67
:20960000990041180A88294B13402E4A13430B802823019A5343E3181E004C363278012ABA
:2096200000D0A1E0DA6B996C62440292DA635A6C62445A649A6B914229D3891A99642B004F
:209640002933197893B2002945D1010050310988009E791889190E88B605B60D0E803E2AAB
:209660001FD91F2756093A4057427A41B61A0A88B6023243114E324392B20A80282201996A
:209680004A43A218128E029901F093F86CE0002902D162463170D2E7002232709A640A00B6
:2096A000CDE7002A10D10A88E4E7C0468F8FFFFFC0800000020400000F8FFFFF0080FFFF0C
:2096C0000604000080C00000012756083A40B618B6020A88CFE70129D0D102005032128889
:2096E000BF18009ABF183B80C8E7A9491A888C46009984446244525A9205920DB24200D89D
:20970000B71A282601994E43A619376480260299F60131400E00002F40D12A00293212789F
:20972000002A2BD19B491A8840188018009A9A49801802889205920D028002880A4392B21B
:2097400002801B88009A63449B181A889205920D1A801A880A4392B21A802000039903F002
:20976000B7F8002E00D126E728352B7821689B00C9180A88894B1A40302326E5012AECD123
:209780000300844950331A8840188018009A801807801B8863449B181F80DEE7002908D1C8
:2097A000039B990041180E887D4B33407D4E33430B80282301994B43E3181F004C373978BB
:2097C0000129D1D1D96B9E6C89180291D963596C89185964996B8E4226D3761A9E642B0052
:2097E00029331A788BB2002A33D1020050321288009E624492191688B605B60D16803E29EA
:209800001CD91F274E0939404F427941761A1188B6023143604E314389B2118028220199CB
:209820004A43A218528E2EE7002E02D111003E70D5E7002231009A643A70D0E7002901D1C3
:209840001188E7E701274E0839407618B6021188E1E7012AE2D102005032128800996244C8
:2098600052181380DAE743050ED523684E490633DA8F20000A40DA8703F03CF82900200000
:20988000FFF7B9FBFFF7DEFB430407D5236847490633DA8F0A40DA87FFF7D4FB802301005B
:2098A0009B011940184204D0236841490633DA8FF0E7C3041AD5042023680233DA8F82432F
:2098C000DA87DA8F00188243DA87B8239B00E25C012A03D12000E15400F097F9200003F0E5
:2098E0002DF8236833490633DA8FD3E7030513D5082123689A1CD08F06330143D187D98FEA
:209900002D480140D9870423D18F0B43D387200003F002F8FFF796FB8025284221D0B82096
:2099200023688000991DCA8FAA43CA87225C002AEDD1991CCD8F04322A43CA870822CD8FDE
:2099400054332A43CA8701213C2221541B8820009B081340B9229200A35000F056F9FFF77F
:2099600071FB83050AD5236814490633DA8F20000A40DA8702F0B7FFFFF764FBC00501D428
:20998000FFF760FB23680E490633DA8F82E7C04606040000020400000080FFFFBF8FFFFFA9
:2099A0008F8FFFFF80C00000FFFBFFFFFFBFFFFFFFDFFFFFFFEFFFFFFFF7FFFFFFFDFFFFE1
:2099C000FFFEFFFF70B505000720084049B22824002919DA411C6143273C69184C70087077
:2099E0000A61CB70022B01D100230B71AA24A4002B5D0220012B06D001232B55286800F0E1
:209A0000E3FC0020285570BD4443210000262C1969316A34FF31FF3469182670DFE70722E9
:209A20000A4049B270B528230400002913DA511C5943273B41184B70AA250A70AD00635D22
:209A40000220012B06D001236355206800F0CAFD0020605570BD534319006931FF31C31871
:209A6000411800206A33FF331870E5E770B50724214021344C4305192E007D36FF363260EF
:209A80002A008132FF3213602B0000268533FF3369351E60FF351B3B1E7029702100693182
:209AA000FF314118006800F099FE300070BD07230B402821594340188530FF30006870471C
:209AC00070B528260724214034004C4304192500E26301224C3523642A700025A364230029
:209AE00065642933A4191A702170891871434118006800F073FE280070BD0722436870B5A4
:209B00000A40040001209A4217D848B22823002814DA511C5943273B61184B700123AA251E
:209B20008B700A70AD00625D02209A4205D06355206800F0D1FD0020605570BD4B431900CA
:209B40000020E31869316A33FF31FF3361181870E4E70F23426870B50B400400012093423F
:209B600019D807220A4049B22823002914DA11185943611848700025AA268D700A70B6000C
:209B8000A35D0220012B06D00123A355206800F0C3FD2800A55570BD534319000020E31834
:209BA00069316A33FF31FF3361181870E3E710B50C0021060CD507212140282401316143BD
:209BC000401899B2002A08D10273C180002010BD282161436931FF31F2E701228360027331
:209BE000F4E703680200BA20012110B58000B82411500020A400105554331A8811430222D5
:209C0000198019880A431A8010BD70470122036A70B593430362036A44688569723295432C
:209C20000A681543022293438A681343144A904208D0144EB04205D0134EB04202D0134E61
:209C4000B04216D10826B343CE6833430426B343904208D00B4A904205D00B4A904202D09C
:209C60000A4A904205D10A4A8E6922404C69344314434A68446085614263036270BDC0463F
:209C8000002C0140004001400044014000480140FFFCFFFF036A184A70B51340036273238D
:209CA000056A4268C4699C430B681C43134B1D408B681B022B43124DA8420ED1114D1D4091
:209CC000CB681B022B43104D2B40104D4E6915408A69324312012A4308E00D4DA842F4D0BD
:209CE0000C4DA842F1D00C4DA842EED042604A68C461C263036270BDFFFEFFFFFFFDFFFF3A
:209D0000002C0140FFF7FFFFFFFBFFFFFFCFFFFF004001400044014000480140036A144AC4
:209D200030B513400362046A124D4368C2692A400D682D021543104A14408A681203224363
:209D40000E4CA04208D00E4CA04205D00D4CA04202D00D4CA04204D10C4C1C404B699B01BD
:209D6000234343604B68C5610364026230BDC046FFEFFFFFFF8CFFFFFFDFFFFF002C014085
:209D8000004001400044014000480140FFBFFFFF0200030001203D32117881421CD1022187
:209DA00011701B68DA680243DA600E4A934209D08022D205934205D00B4A934202D00B4A64
:209DC00093420AD107219A6800200A40062A03D0012219680A431A6070471A6802431A60D9
:209DE0000020F9E7002C0140000400400040014070477047704770470222036810B519697F
:209E0000040011420ED0D96811420BD0053A1A61043202779B699B0700D179E0FFF7E9FF87
:209E200000232377042223681969114210D0D96811420DD0093A1A61073222779A69C02318
:209E40009B0020001A4269D0FFF7D3FF0023237708222368196911420ED0D96811420BD056
:209E6000113A1A610D322277DB6920009B075BD0FFF7BFFF00232377102223681969114210
:209E800010D0D96811420DD0213A1A6119322277DA69C0239B0020001A424BD0FFF7A9FFC1
:209EA00000232377012223681969114207D0D968114204D0033A20001A61FDF771FE802246
:209EC00023681969114208D0D968114205D0023AFF3A20001A6100F04EFA4022236819692A
:209EE000114207D0D968114204D0813A20001A61FFF781FF202223681969114207D0D9684A
:209F0000114204D0413A20001A6100F033FA10BDFFF76EFF2000FFF76DFF81E7FFF768FF70
:209F20002000FFF767FF91E7FFF762FF2000FFF761FF9FE7FFF75CFF2000FFF75BFFAFE783
:209F4000204A10B50368904206D08024E405A04202D01D4CA0420CD17024A3434C682343C2
:209F6000904212D08024E405A0420ED0164CA0420BD0164CA04208D0154CA04205D0154C2C
:209F8000A04202D0144CA04203D1144C1C40CB6823438024A3434C69234303608B68C36282
:209FA0000B688362904208D0094B984205D0094B984202D0084B984201D10B69036301239F
:209FC000436110BD002C01400004004000200040004001400044014000480140FFFCFFFF77
:209FE00070B504000120002C21D025003D352B78DAB2002B05D123003C3320001A70FDF703
:020000040800F2
:20A0000027FF02232B702068211DFFF799FF220001230020463213704534083A13705370A4
:20A020009370D37013715371937123702B7070BD70B504000120002C21D025003D352B7892
:20A04000DAB2002B05D123003C3320001A70FDF73BFF02232B702068211DFFF771FF2200FB
:20A0600001230020463213704534083A137053709370D37013715371937123702B7070BDB3
:20A080001022036A70B593430362056A164C4368826922400C6824021443202295438A68FB
:20A0A00012012A43114DA8420FD18025AA431600CA68403D12013243AA430D4D4E691D40BE
:20A0C0008B6933439B002B4308E00A4DA842F4D0094DA842F1D0094DA842EED043604B68CB
:20A0E00084618363026270BDFF8CFFFF002C0140FFF3FFFF0040014000440140004801408F
:20A10000F8B506003C361400327803000D000220012A0AD001383070082C41D006D8002CFD
:20A1200019D0042C29D000233370F8BD0C2CFAD11C682000FFF7F2FD8023E2691B011343A6
:20A14000E361E3691E4A1340E3612B69E2691B021343E3610FE01F683800FFF757FD0823B7
:20A16000BA6913430422BB61BB699343BB61BB692A691343BB610020D5E71C682000FFF76F
:20A180007FFF8023A2691B011343A361A3690C4A1340A3612B69A2691B021343A361EAE77D
:20A1A0001F683800FFF776FD0422FB691C43FC61FB699343FB61FB692A691343FB61DAE731
:20A1C000FFFBFFFF30B58468034D0A431B022C4013432343836030BDFF00FFFFF8B5050055
:20A1E00002243C352A7803002000012A1CD01E0001223D362A7034701C684348A36803409D
:20A20000A3600B68602B52D02FD8402B66D014D8202B0CD009D810211800884307D0100084
:20A220000123337000232B70F8BD302BF7D17021A2688A43134307222BE0502BEFD14868E4
:20A24000CB68216A276A1B0197432762F027A269BA4313430A2291430A00A36170230243D5
:20A260002262A2689A43193B13E0802700207F01BB42D5D08020800183420ED01000702BD4
:20A28000CED1CB684A6820008968FFF79BFF7723A26813430020A360C2E7CB684A682000CE
:20A2A0008968FFF78FFF8023A268DB01F1E710204B68CA68216A154F81432162A06912035F
:20A2C00038400243A020216A1B0181430B43A26123627023A2689A43093BDAE74868CB685E
:20A2E000216A276A1B0197432762F027A269BA4313430A2291430A00A361702302432262E4
:20A30000A2689A43293BC4E78800FFFFFF0FFFFF70B5040002223C34257803001000012D1A
:20A3200020D01D0070263D352A701B6858689A68B0430E68304358600B48834209D0802004
:20A34000C005834205D00948834202D00848834204D18020496882430A439A60012300202B
:20A360002B70207070BDC046002C0140000400400040014070477047821D03000020D087C6
:20A38000014A0233DA87704780BFFFFF0230C38F024A1340C38700207047C0467F400000DF
:20A3A00084B010B50400049205930122831C0020DA87D887A31D5034D8870391208010BC2D
:20A3C00008BC04B018470000F7B50E78794AB300C3181C88CF781440012205000092032FF8
:20A3E00008D83800FAF790FA02423F3C8022920014430097704A1443A4B21C8018886F4C8B
:20A4000020403043104380B21880F0008446087BAC4450350195002800D068E0CD884878AF
:20A420006D086D00002823D080200199C0000988614409180D801988490604D51988214076
:20A440005F4C214319805F4D012F00D1ABE020211C882C4061400A4392B200981A80FEBDAC
:20A46000C022D200144300220092C3E78022F8E7019809690788544867443F1801983D8064
:20A480000588524865442D182F88BF05BF0D2F803E290DD91F204F0901400800414241417F
:20A4A0007F1A2988BF020F434949394389B205E0002915D1802729883F02394329801988A3
:20A4C000490404D519882140424C2143198042491C880C40C021002E00D080218901B9E7A4
:20A4E00001204F0801407F18BF022988DDE71D88022F3AD1394E2540354301981D800588CE
:20A5000080200E896544C00076082D18760001982E8005884E892C48654476082D18760061
:20A520002E804978274E8C46802160462A4DC90100281FD11F880F4204D01988254F214083
:20A54000394319801988490604D5198821401C4C21431980C0211C8889012C406140114346
:20A5600089B219801988314075E71D4E35401543ADB2C2E71888084204D01988154821403C
:20A58000014319801988490604D5198821400C4C21431980012F09D020211C8834406140BB
:20A5A000114389B219801988294054E719883140F6E7C0468F89FFFF8080FFFF8F8FFFFF09
:20A5C000C0800000BF8FFFFF04040000060400000080FFFF80C000008FBFFFFF80810000D2
:20A5E0008F8EFFFFF0B50B784A78097B9B00C018314B00291AD1002A0CD00288520605D50D
:20A6000002882E490A402E490A43028002882D490A402FE00288520405D5028827490A4052
:20A6200029490A43028002882849F1E78027234E244D2649FF01002A21D102883A4204D018
:20A640000288214C3240224302800288204C520604D502883240224392B202800288324060
:20A660001443A4B2048002880A401A4392B2028002882A4013439BB203800020F0BD028841
:20A68000144C3A4204D002883240224392B202800288520604D50288094F32403A430280D5
:20A6A000028832401443A4B2048002882A401A4392B202800288ABE78080FFFF8F8FFFFF20
:20A6C000C0800000BF8FFFFF80C000008FBFFFFFC080FFFF80C0FFFF0B780C4A9B00C0189A
:20A6E0004B780188002B08D0094B194010234B4013439BB2038000207047064B1940802356
:20A700005B014B401A4392B20280F4E78080FFFFBF8FFFFF8FBFFFFF0B7B002B19D10B78A0
:20A720009B00C0184B78002B15D003885B0605D50388104A1340104A13430380CB78012B33
:20A7400007D00E4B02881A40202353400C4A134303800020704703885B0405D50388054A6B
:20A760001340084A13430380074B02881A40C0239B01EAE78F8FFFFFC0800000BF8FFFFF2D
:20A780008080000080C000008FBFFFFF002902D180234C3003800020704780225830038803
:20A7A000120213430380002070470630C08F80B2704730B580240133E40012195B088018A0
:20A7C0005B00CB18401A44188B4200D130BD4A780D7812022A4322800231F4E7F0B54A781B
:20A7E00005000C000B7B87B0012A00D01BE10A698F690292974200D917002A005032616956
:20A800000192002B1DD1BFB23B00E2882800FFF7D0FF019BB54A19882378AA18DB005218AB
:20A820009B181F802378B24A9B00EB181988114030224A40AF490A4392B200201A8007B0C9
:20A84000F0BD2278E0789300D200266AEB180392022800D0D1E0029AB24200D3BBE01A8881
:20A86000A548F61B1040A54A104318801B8840209C466246024005926246CB19049326629F
:20A88000BBB2024255D0019A128894469C4AA818039A60448218138062892800FFF789FF2E
:20A8A000049B029A63610023B24201D2F31B3E0062782362B3B2002A2ED1019A8B4910886F
:20A8C000227869180918D200521811888905890D11803E2E0CD91F203040710946427041FF
:20A8E000091A1088890208438649014389B205E0002E0AD1802011880002014311802289D0
:20A9000004992800FFF755FF8CE7012170083140401880021188E8E7012AF0D12A00734996
:20A920005032108822786918D200091852181380E5E7019A128894466C4AA818039A604460
:20A940008218138022892800FFF733FF049B029A6361059BB24201D2F31B3E0062782362BE
:20A96000B3B2002A2AD1019A65491088227869180918D200521811888905890D11803E2E3A
:20A980000CD91F203040710946427041091A1088890208435B49014389B205E0002E06D1D2
:20A9A000802011880002014311806289A8E7012170080E40801911888002ECE7012AF4D1AE
:20A9C0002A004F495032108822786918D200091852181380E9E718884B4F464A384010432B
:20A9E00080B21880019B039A1888404BEB181B189A18B3B21380228983E71888F61B019AE8
:20AA000026621688BBB2400607D53D4AA818039A801982181380628973E7344AA818039AB7
:20AA200080198218E6E7002B3CD18A6909698A4201D9531A0A00A3612B0031495033188890
:20AA4000237869180918DB005B1819888905890D19803E2A18D91F205109024050424241C4
:20AA6000891A1A8889021143264A0A4392B21A802378264A9B00EB1819881140C022920107
:20AA80004A4023490A43D8E6002A04D180211A8809020A43EBE70120510802408918890261
:20AAA0001A88E2E7CB78022B00D07CE0002A4CD106000E4B503631882278C3185B18D200F0
:20AAC000D21813889B059B0D138023693E2B21D91F201840474278415909091A10888902A6
:20AAE00008430849014389B21AE0C04602040000BF8FFFFF8080FFFF8F8FFFFF80810000CE
:20AB0000060400000080FFFF8F8EFFFF8FBFFFFF80800000002B2BD18020118800020143A0
:20AB2000118052493088227869180918D200521811888905890D11803E2B20D8002B2BD1E3
:20AB40008021138809020B431380E369002B8FD0237847499B00EB181A880A408A4202D0A4
:20AB6000002A00D084E743491A880A40424990E7012158081940401880021188B2E71F20D0
:20AB80005909034058424341C91A1388890219433A4B0B439BB2D7E7012059080340C91809
:20ABA00089021388F5E70120834200D047E68B69096900208B4201D9581A0B00A061002ADB
:20ABC00000D055E72E002E4950363088227869180918D200521811888905890D11803E2B57
:20ABE0000CD91F201840474278415909091A1088890208432149014389B205E0002B19D1C1
:20AC00008020118800020143118018493088227869180918D200521811888905890D118045
:20AC20003E2B0ED8002B19D18021138809020B4313801DE701215808194040188002118836
:20AC4000D9E71F205909034058424341C91A138889021943094B0B439BB2E9E7012059088C
:20AC60000340C91889021388F5E7C04606040000404000008F8FFFFFC08000000080FFFF44
:20AC800002040000F0B580255C08ED00521926000D008018471A7A19002E07D16400001966
:20ACA0000919DB0701D503880B70F0BD1288013E92B22A70120A6A700235ECE7014B18608C
:20ACC0007047C04614020020034A044B43601388002001331380704720020020BE07000002
:20ACE0000020704710B5084C038204600024074B44604361064B81608361064BC260C36110
:20AD0000054B036210BDC046070600004FAD00089DAD0008C9AC0008E1AC0008C361009B77
:20AD2000416182610362704701607047006870474160704740687047038A9A4204DAC36812
:20AD400000209200D150704701204042FBE770B5050000242B8AA34201D8002070BD696805
:20AD60002B6822B2280059400134FFF7E5FFA4B2F0E7038A8B4203D9C3688900C8587047AE
:20AD800001204042FBE7038A934204D9836800209200D150704701204042FBE770B50500CB
:20ADA00000242B8AA34201D8002070BD21002800FFF7DFFF29682200414001342800FFF70B
:20ADC000E2FFA4B2EDE7038A8B4203D983688900C858704701204042FBE7000070B50C0031
:20ADE000022913D11E4D2800FFF7C3FF002201B2672001F0C5FB21002800FFF7E4FF0022A8
:20AE000001B26B2001F0BCFB002070BD012910D1134D2800FFF7ADFF002201B2662001F07E
:20AE2000AFFB21002800FFF7CEFF002201B26A20E8E7002910D10A4D2800FFF79AFF2200F4
:20AE400001B2652001F09CFB21002800FFF7BBFF220001B26920D5E701204042D5E7C046BA
:20AE60002009002010B50400FDF71CF9FA218900F9F7E4FD2000FFF75BFF002010BD70B5C0
:20AE800002210400FFF775FF05002000FFF74EFF03216840F9F74CFD022201002000FFF779
:20AEA00072FF01212000FFF764FF05002000FFF73DFF03216840F9F73BFD012201002000F7
:20AEC000FFF761FF00212000FFF753FF05002000FFF72CFF03216840F9F72AFD0022010047
:20AEE0002000FFF750FF002070BD0000F7B50500FFF720FF0126304004002800FFF71AFF08
:20AF0000FA270190FF002800013CFFF70FFF3C40019BE419E118032359430222414028007A
:20AF2000FFF70AFF2800FFF705FF30400400194A013C28003C40A418FFF7FCFE070028005D
:20AF4000FFF7F4FE032332000026E119594341402800FFF7F1FE2800FFF7ECFEA623340062
:20AF60005B00834274410C4B64421C400B4B2800E418FFF7DFFE07002800FFF7D7FE032138
:20AF8000E4196143320041402800FFF7D5FE3000FEBDC0467017000030F8FFFFB80B00000B
:20AFA00013B504000423084A0849FFF79BFE0848084B094A009009492000FFF7AFFE2000B1
:20AFC0000749FFF7B1FE13BD5409002044090020DDAD000865AE00087FAE0008EDAE00083D
:20AFE000BE0B00000048704720090020AF239B00C35870B5002B0ED0AE22802592008458A7
:20B00000AD00605DFF2806D0044A9B682100A25C9847FF236355002070BDC046010200004A
:20B0200043230380004870475C0200204323038000487047A0020020432303800048704718
:20B04000F00200200A23038000487047E402002070B5AE26B6000400855901F023FD8323E1
:20B060009B00E850A3590220002B0AD0832381229B00E918B033E3589200DB68A858984723
:20B08000002070BDAE23F7B59B00C35805000F0002200193002B18D01426B0234E43AE19EE
:20B0A000F0699B00EB58002810D028224A439B18996BF9F7C3FC0C1E08D10B000A00F161AA
:20B0C0002800390001F0DCFC2000FEBD85230020019A9B00D050F8E7AE23F7B59B00C75837
:20B0E0006B466A460E00591D002305000B70D3803378901D1C006022144013422AD0202C90
:20B1000046D1F4887078002C1CD05BB2002B0EDAAF239B00EB58220039009B689847390056
:20B120002800F28800F0A6FC00242000FEBD80239B00F854194B220039002800FC5400F02B
:20B14000AFFCF1E7AF239B00EB58220031009B689847EAE773780A2B0ED00B2B13D0002B74
:20B1600016D1A7239B00EB5C032B11D102220100280000F07FFCD8E7A7239B00EB5C032BDB
:20B1800006D10122F4E7A7239B00EB5C032BCCD03100280000F046FC0224C6E70102000003
:20B1A00070B504000025812101F031FC01212000E56201F02CFC2300AE26FC331D67822192
:20B1C0002000B60001F023FCA3592564AB4208D0AF239B00E3585B689847A05901F06EFCA1
:20B1E000A551002070BDF8B5037C0400002B3AD1802381219B00022201F0FDFB01218023F4
:20B20000E1629B000222200001F0F5FB23000126FC33032282211E672000082301F0EBFB43
:20B2200087202664800001F045FCAE239B0005003700E050002814D00433E3581B68984773
:20B24000852300229B00EA500433EA508122277C9200002F10D131002000AA58183B01F05F
:20B2600018FC3800F8BD40238121022201F0C3FB01214023E162C5E7402331002000AA58CB
:20B2800001F007FC0027ECE703000220002903D0AF220020920099507047AE239B00C358F5
:20B2A0008220800019508421890000205A507047AE239B00C258B43B0020D1507047AE2316
:20B2C0009B00C25810B50223002A12D0852189005458013B002C0CD1535084239B00D35893
:20B2E0000C39525888390363FF399BB201F0C8FB2300180010BDAE239B00C35810B5022485
:20B30000002B0AD08122047C92009A58002C06D1802301219B0001F0BCFB200010BD402326
:20B32000012101F0B6FB0024F7E7022310B5002813D0AD239B00C458002C01D00024C45096
:20B34000002902D0AC239B00C150A72301219B00C154027001F006FB0023180010BD03006C
:20B360000220002903D0AD22002092009950704710B501F037FB002010BDAD239B00C25834
:20B3800010B50223002A04D013689847431E98414300180010BDAD2310B59B00C3585B68FB
:20B3A0009847002010BD0000AA239B0070B5C5180400280000F022FBA52301229B00E25066
:20B3C000114BE25A163BE2501033E15C1F230B40012B09D0022B0CD0002B0FD129002000E3
:20B3E00000F01EF9002070BD2900200000F04EFAF8E72900200000F071FAF3E77F23200059
:20B40000994301F00DFBEDE7AE02000070B50D0004001100002D2ED1A5239B00C258032AB6
:20B4200022D102005532FF32D368106983420AD91B1AD36082B2984200D99AB2200000F058
:20B440003FFB280070BDAD239B00E3581B69002B06D0A7229200A25C032A01D120009847DB
:20B46000200000F035FBECE7052AEAD12900C55001F0D6FAE5E7AD239B00C3589B69002B4F
:20B4800008D0A7229200825C032A03D1290098470025D6E70225D4E7F8B50D0004001100FF
:20B4A000002D4DD1A5239B00C358022B41D1036A466AB34213D99B1B03629AB200F0E8FA4D
:20B4C0002B002A002900200001F0E3FAA8239B00E25C012A01D10022E2542800F8BDC769FA
:20B4E00031003800F9F7AAFA00290DD1BE420BD8A626B600A3599F4206D22A0029002000BB
:20B5000000F0C6FAA551DBE7AD239B00E358DB68002B06D0A7229200A25C032A01D1200061
:20B5200098478021200001F07BFA200000F0DCFACCE704229343C9D1802101F071FAC5E72D
:20B54000AD239B00C3585B69002B08D0A7229200825C032A03D1290098470025BDE702256C
:20B56000BBE7002270B504001100402301F043FA230001254026FC338021DD659E66002255
:20B580003300200001F037FAA72300219B00A5616662E554083BE15010336160E1501433B9
:20B5A000E3588B4205D0AD239B00E35820005B689847002070BD017400207047A7239B0048
:20B5C000C15C034A81540422C25400207047C0469D020000A7239B00C25C042A02D1024AA4
:20B5E000825CC254002070479D020000A72310B59B00C35C032B06D1AD239B00C358DB69C9
:20B60000002B00D09847002010BD10B50400802101F006FA0021200001F002FA10BD00000D
:20B6200060220B7873B513400D001900921820390400114212D0002B00D096E068780928A6
:20B6400000D992E0F9F76AF9F0000D01910005019100830012009100DA00A400AD239B0017
:20B66000C35829009B689847002076BD00236A46D3806B88180A0138062876D8F9F744F934
:20B680000417267575404B00AC239B00E358207C1B686A46911D98476B46D988EA88002946
:20B6A00050D0002A43D1200000F012FADCE7AD23227C9B00E358002A06D19B6A6A46901DA6
:20B6C000984702234370E7E7DB6AF7E7D8B205284BD8AC239B00E358F9F716F903080A0C23
:20B6E0000E105B68002B40D0207CD2E79B68F9E7DB68F7E71B69F5E75B69F3E79B69F1E7FB
:20B70000237C002B31D1AD236A469B00E358901D5B6B9847C0E7237C002B26D1AD236A46CD
:20B720009B00E358901D1B6B98470723CAE70B1C914200D9131C69469AB2CB8001002000DD
:20B7400000F098F9EB88002B00D08DE7ABE7AB88002B0AD1EB88002B07D16E887F2E04D8C6
:20B76000A725AD00635D032B03D12000FFF74DFF7AE7444BF1B2E154200001F078F92000C2
:20B7800000F0A6F90223002E00D1012363556BE7A9783D4D29700129E7D8A7239B00E25CF8
:20B7A000022A09D0032A15D02000FFF72EFF20002978FFF7F0FD57E7002900D173E70121D7
:20B7C00003226160E2542000FFF7D7FD022800D069E7CAE7002906D102222000E25461602D
:20B7E000FFF7D9FD5FE76168012900D15BE7C9B22000FFF7D0FD29786160E4E7EA88012A09
:20B80000B3D1A7239B00E35C022B06D8002BACD000232100A360083102E0211D032BA4D10B
:20B82000200000F027F91FE7A7239B00E35C013B022B9AD8EB88022B97D1A9239B00E258AA
:20B840000323002A00D1023B21000222E3600C31E6E76B88012B00D006E7A9229200A350CC
:20B8600021E7A7239B00E35C013B022B00D97CE76B88012B00D0F7E6A92300229B00E250F0
:20B8800011E7C0469E0200006409002060220B7870B51A4004000D00402A01D05B0619D45F
:20B8A000A7239B00E35C013B022B13D82B79012B10D8AD239B00E35829009B682000984707
:20B8C000EB88002B04D1002802D1200000F000F9002070BD2000FFF798FEF9E770B50A7871
:20B8E00004000B00888860210A4015004918203D0D422BD0002A39D15A78C1B2012A48D085
:20B90000032A2CD0002A31D1A7239B00E35C022B59D0032B2AD10F2314220B405343E3186B
:20B92000000660D59B69002B20D07F230B4001335343E51800204B0604D0200001F082F829
:20B94000431E984102222900286048E0AD229200A2581900200092689047002070BDA72235
:20B960009200A25C022A24D0032A03D02000FFF74CFEF2E75A88002A07D14A0605D0DB8872
:20B98000002B02D1200001F04BF8200000F0A0F8E3E7A7229200A25C022A0AD0032AE5D1A1
:20B9A0005B88002BD9D14B06EFD0200001F041F8EBE74B06DAD0200001F032F880212000AC
:20B9C00001F02EF8C9E74906D0D121005531FF31000601D54139FF39002302220B60200079
:20B9E00000F048F8B9E7FC33DB6D002BBED07F230B405A435532FF32A5189BE70B780370D0
:20BA00004B784370CA788B7812029B1843804A790B7912029B188380CA798B7912029B18C2
:20BA2000C380704710B50400802100F0F9FF0021200000F0F5FF10BD70B50025461EA84230
:20BA40000FD02B000135745D002CFAD1DBB201335B0013800B7003234B70013B0578002DED
:20BA600000D170BD5A1CCD54D2B202330130DBB28C54F3E71300A52210B5022492008450D5
:20BA80000A00C3610021036200F0FAFF002010BD10B513000A00002100F0F2FF002010BD4B
:20BAA0001300A52210B50324920084500200FC32136653660A00002100F0EBFF002010BD06
:20BAC00010B513000A00002100F0E3FF002010BDA52304229B0010B5C25000231A001900EE
:20BAE00000F0CEFF002010BDA52305229B0010B5C25000231A00190000F0CBFF002010BD3E
:20BB00000261C1604361704710B5436802681C7880235B42234313700368597002230381D2
:20BB200010BDF7B50327036806001F70436839001D79DA782D0215436DBA0368ADB26A00B4
:20BB40005A7043689C785A782402144364BA6B1EA4B27C2B10D843692000984700280ADBC9
:20BB60002B199BB2581E3900019380B2736998470227002813DA02213000FFF7C5FFF7BD05
:20BB800020003369984733680012D85533692000984733680134DB195870A4B20237019BDE
:20BBA0009C42EDD301356D003581E8E770B5436806219D785A782D0215436DBAADB2436928
:20BBC000040028009847022100280EDB6168012203312800E36898470321431C05D0062135
:20BBE000831C02D0002804DA04212000FFF78CFF70BD062223681A7062682368527852B27B
:20BC00005A7062682368927852B29A7062682368D27852B2DA7062682368127952B21A7191
:20BC200005232381E4E770B5436804001E79DA789D78360216435A7876BA2D02B6B2154319
:20BC40006DBA731EADB27A2B04D903212000FFF75BFF70BD4369102128009847002801DAA3
:20BC60000221F3E7701901381021636980B298470028F5DB1022236828001A70626823683B
:20BC8000527852B25A7062682368927852B29A7062682368D27852B2DA70626823681279D2
:20BCA00052B21A710523616823813200E36806319847431CC9D00621831CC7D00028C8DAAE
:20BCC0000421C3E7012040427047012070470120404270470120404270470000812292007A
:20BCE0008150821CFF324A60421C0A6082228021920049008152030000200C49083A98509D
:20BD00001C3299500432033999500A21043299528321074A89005A50064A04315A50064A9E
:20BD200004315A50054A04315A50704703000100C5BC0008CBBC0008CFBC0008D5BC0008F7
:20BD400010B58324A40001518421890042508522920083508623029A9B00C25010BD0000F6
:20BD6000822370B59B00C55C0400002D27D1802101300833E358FF304900984780239B0037
:20BD8000564EE052002816D08822A15B9200814202D1A35A01339DB28721A5528900615A8E
:20BDA000A94208D80023A352822301229B00E2540C33E358984780239B00E35AA353822299
:20BDC0009200A35C012B0BD123004549FF335B78615C5BB25B1A59424B415B00A3543EE03E
:20BDE000022B1CD1FF33FF33E15A601CFF30032911D901250026431802399A1E6D4289B245
:20BE00005D57965700F080F82D02F6B23543ADB20323A84200D0002382229200DEE7032B3F
:20BE20003ED18125AD00605943681B785BB2032B28D1FFF776FE2A4B2000E35C23706359E8
:20BE40001989013189B200F05FF8635904221B89E3185870000A987082239B00E254822514
:20BE6000AD00635D052B2ED181239B00E35820001989832303319B00E35889B298470623F7
:20BE8000635570BD062B02D1FFF790FED3E7102B02D1FFF7C8FECEE70121FFF735FECAE700
:20BEA000042BDCD18821892089008000635A205A984204D30B4AA25A9B186352CFE70023D1
:20BEC000635205338AE7062BDBD186239B00E35898470128D5D10023D2E7C0460202000014
:20BEE0000902000022020000014BC1547047C04609020000014BC1527047C04622020000AA
:20BF000089239B00C15270470200094870B50400084D013989B2A14200D170BD1378060A4E
:20BF20004340DBB25B00585B01327040F1E7C046FFFF000070CB00080E4A03008218502A72
:20BF400004D80D4A8318013398B207E082229200904204D3103200209342F4D37047A92849
:20BF600003D90020B42BF9D8EDE7013080B2932BF4D8E8E740D9FFFF41D9FFFFF0B50F00A2
:20BF8000150085B006B2012A0CD13000FFF7D4FF79783B78090219432A00C9BA00F0F0FA0C
:20BFA00005B0F0BD474C2388012B0AD9022B02D002204042F4E76388022BF9D100232380AC
:20BFC0006380FE2223885343E3181900FF314A780192002AECD1FC3294469C446246158078
:20BFE00001224A70019A9880FE3340191A8003B20393039B334DB34213D10020FE23228860
:020000040800F2
:20C000005343E318FF335978012903D101310132597022806B88012B47D9013303206B803D
:20C02000C7E70122FF23BA5630001A400023FB561B021A430192FFF77FFF029000F0DEFA24
:20C04000019B98421FDC029800F0E2FA019B984219DBFE2328884343EB181900FE310A886B
:20C060007A2A0CD8FF335B78012B08D17E3343439B1801985B00EB180132D8800A80013601
:20C0800036B20237B5E7FE23228801205343E3181900FE310A884042002AAFD10A809A80BC
:20C0A0000239FF330A805A707AE79A1C92B26A80002B03D1FF225200AB5471E70022FC2370
:20C0C0001A70FFDE6609002010B5FFF735FF00F085FA10BD014B834280417047160200009E
:20C0E00080220021014B920099507047E8040020802210B50024034B92009C5000F010FBA1
:20C10000200010BDE804002010B500F01FFB80B210BD10B5002000F01FFB002010BD01205B
:20C1200070477047012070B500F058FA9623DB0098420BDA962100220120C90000F020FAE9
:20C14000012200211D2000F01BFA70BD012000F045FA164B9842EDDC012000F03FFA144C2E
:20C16000206160612000FAF781F900221620110000F006FA012000F031FA0500022000F046
:20C180002DFA68430B4B98420CDDFA2100224900022000F0F5F9022000F020FA2060200062
:20C1A000FAF7B2F90122044B1A60CAE7B80B0000CC03002060E316000802002070B50220CA
:20C1C00000F00CFA9625184CED00A8420BDD002202200023E15E00F0D3F9012200211D20A8
:20C1E00000F0CEF970BD022000F0F8F920602000FAF78AF900221620110000F0C1F9012010
:20C2000000F0ECF90600022000F0E8F97043074B9842E2DD00222900012000F0B1F920008C
:20C22000FAF724F9D9E7C046CC03002060E3160010B50120C82400F0D1F9E400A0421FDC95
:20C240000220FA2400F0CAF96400A04205DC00221F491D2000F094F910BD022000F0BEF9EA
:20C26000A04209DD022000F0B9F9FA239B00984202DC00221749ECE796210022C900E8E7FC
:20C28000012000F0ABF9A042E6DD012000F0A6F9114B9842E0DC0220FA2400F09FF9640076
:20C2A000A04202DC00220D49D3E7022000F096F9A04209DD022000F091F9FA239B009842F5
:20C2C00002DC00220649C4E7962100220901C0E7B5040000BA040000B80B00006509000032
:20C2E0006A09000010B5042000F078F9054BD863FAF78CF800220121162000F041F9FBF7EB
:20C3000023FC10BD0004004010B5052000F066F9054B1864FAF7C0F800220121162000F0D5
:20C320002FF9FBF711FC10BD0004004010B5FCF705FB10BD062010B500F050F99623DB0088
:20C34000984206DA962100220620C90000F018F910BD062000F042F9054B9842F2DC06201E
:20C3600000F03CF90022034B1100D8601620EDE7B80B0000CC0300207047704710B53D2093
:20C3800000F02CF9012804D100F028F9074B186110BD3D2000F022F9021EF9D1034B012020
:20C3A000196909B200F0ECF8F2E7C046CC030020704710B5032000F011F9002803D10130D8
:20C3C000FAF7ACF810BD032000F008F90128F9D10020F5E77047000010B5FAF703FC00226A
:20C3E000014B1A6010BDC04608020020704770477047000070B5094CAD20257800F0EEF89B
:20C40000074B6D00585323780133DBB22370402B03D1FBF799FB0023237070BD46070020AE
:20C420005807002070B5AE2000F0D8F8012813D10024200000F0DAF80500200000F0F2F8B8
:20C440000134A4B22880B42CF3D1FBF77DFB01221420110000F094F870BD000010B5B320F2
:20C4600000F0BCF8012805D1FEF7BCFD2C49FEF75BFC10BDB32000F0B1F8022803D1FEF77E
:20C48000B1FD2849F3E7B32000F0A8F8032803D1FEF7A8FD2449EAE7B32000F09FF80428E3
:20C4A00003D1FEF79FFD2149E1E7B32000F096F8052803D1FEF796FD1D49D8E7B32000F023
:20C4C0008DF8062803D1FEF78DFD1A49CFE7B32000F084F8072803D1FEF784FD1649C6E779
:20C4E000B32000F07BF8082803D1FEF77BFD1349BDE7B32000F072F8092803D1FEF772FDFF
:20C500000F49B4E7B32000F069F80A2803D1FEF769FD0C49ABE7FEF765FD0B49A7E7C0467D
:20C52000DF0A0000070600001C060000230600006B060000F1060000EF0600000C0700004A
:20C54000FF06000045070000BE0B000010B51E2000F044F801280DD190204021C005FCF7C2
:20C56000ADFC012805D1902000224021C005FCF7ABFC10BD1E2000F031F80028F9D1EBE799
:20C58000F7B506000192B3281FD8431E104C1D0162190227D05F884206DC0420125E8A42CA
:20C5A00002DB0C4A5B0099526319DB7A012B01D1FBF7CAFA0848019B06800026012B02D1E6
:20C5C0006419E36898473000FEBD01267642FAE770CD0008680B0020660B0020024B01381A
:20C5E0004000185E7047C046680B0020024B01384000C0187047C046680B0020034B0138C0
:20C6000000011B180220185E7047C04670CD0008034B013800011B180420185E7047C0463A
:20C6200070CD0008034B013800011B180620185E7047C04670CD000810B5114C00222000F8
:20C640001049FEF772FE002801D0FBF727FB20000D49FEF784FE002801D0FBF71FFB2000FD
:20C660000A49FEF711FE002801D0FBF717FB2000FEF77EFE002801D0FBF710FB10BDC0460C
:20C68000980F0020440300202402002034030020002070470020704710B50378452B0AD196
:20C6A00043784E2B07D183784B2B04D1C3784F2B01D1FAF7C1FA0B4B1868AE239B00C25899
:20C6C000AC3BD358084A11885B1880211BB249008B4204DC1380FEF70EFE002010BD0023E2
:20C6E000F8E7C0465C1200206012002010B50848084C002208492060FEF7CFFD0749206840
:20C70000FEF7D6FD2068FEF7F6FD002010BDC046980F00205C120020E8040020E805002080
:20C720000022084B10B51A80074BFF201B68934207D0AE2292009858A83A81501800FEF773
:20C74000BEFD10BD601200205C120020014B0020185E704760120020014B18807047C04665
:20C7600060120020122301480B80704760030020042301480B807047740300200023F0B5D3
:20C780001F00060FF5B22C003734092E00D8073C0133DBB20C704F70000102319A42F0D108
:20C7A000F0BD00001A2370B50B800B4B0B4C18680B4B1B68C01800280BD00A4B0822A11CC2
:20C7C0001D68FFF7DBFF2100042228001231FFF7D5FF200070BDC046ACF7FF1F78030020D9
:20C7E000B4F7FF1FB0F7FF1F10B5044C0A0021000348FFF721F9200010BDC0466412002087
:20C80000B0D8000810B5044C0A0021000348FFF713F9200010BDC04664120020C6D80008CC
:20C8200010B5044C0A0021000348FFF705F9200010BDC04664120020DCD8000810B5044C1F
:20C840000A0021000348FFF7F7F8200010BDC04664120020E7D8000803000220032B01D801
:20C86000014AD05C7047C046F5D8000807B50B4B02689A4211D18021094B0904DA691F20F1
:20C880000A43DA610022DB690B4001931100019BFCF71EF81F20FCF745F807BD005C004046
:20C8A00000100240AC2310B59B00C1184033C058FEF77AFD10BD28234B43C3187D33FF33C4
:20C8C0001A68BC2310B59B00C058FEF79FFD10BD28234B43C318DA6BBC2310B59B00C058D1
:20C8E000FEF7DAFD10BDBC2310B59B00C058FEF77DFE10BD836870B50400022B01D0FBF707
:20C90000CDF9BC25AD0001216059FEF754FE6059FEF727FE70BD0000BC2310B504009B005E
:20C92000C058FEF74BFEA369002B04D00623024A11690B43136110BD00ED00E0836910B59A
:20C940000400002B06D00621054A13698B431361FAF782FBBC239B00E058FEF73BFE10BD83
:20C9600000ED00E0BC2370B504001C489B00C4501B4BB025036008234360063B83600361DB
:20C980000023AD0060518361C3610362FCF7B6FA002801D0FBF782F9002260591100182379
:20C9A000FDF705F96059582300228021FDF7FFF86059C02300228121FDF7F9F888236059FA
:20C9C000002201215B00FDF7F2F880236059002282215B00FDF7EBF8002070BD64140020A2
:20C9E000005C0040B02310B59B00C058FCF7F0FAFFF732FF10BD10B514001A002300B02495
:20CA0000A4000059FCF7DEFFFFF726FF10BDB02310B59B00C058FDF702F8FFF71DFF10BD49
:20CA2000B02310B59B00C058FDF767F8FFF714FF10BDB02310B59B00C058FDF78AF8FFF7CB
:20CA40000BFF10BDB0234AB29B00C358002A07DA7F2211400131573A4A439B1898787047B3
:20CA600028224A439B186B33FF331878F7E7B02310B59B00C058FCF7BEFAFFF7EDFE10BD4A
:20CA800010B5B024A4000059FDF71AF8FFF7E4FE10BD10B5B024A4000059FCF7E7FFFFF7F0
:20CAA000DBFE10BDB02310B59B00C058FCF7FFFF10BD00000048704758170020704703007F
:20CAC0008218934200D1704719700133F9E7000070B500260C4C0D4D641BA410A64209D1D0
:20CAE000002600F019F80A4C0A4D641BA410A64205D170BDB300EB5898470136EEE7B300B0
:20CB0000EB5898470136F2E704D9000804D9000808D9000804D90008F8B5C046F8BC08BC20
:20CB20009E467047F8B5C046F8BC08BC9E467047D44C0008C24C0008A04C0008CA4C000844
:20CB4000A04C00089A4F0008A04C0008CA4C0008C24C0008C24C00089A4F0008CA4C0008A3
:20CB60008C4C00088C4C00088C4C0008125000080000C1C081C1400101C3C003800241C29B
:20CB800001C6C006800741C70005C1C581C4400401CCC00C800D41CD000FC1CF81CE400EF5
:20CBA000000AC1CA81CB400B01C9C009800841C801D8C018801941D9001BC1DB81DA401A55
:20CBC000001EC1DE81DF401F01DDC01D801C41DC0014C1D481D5401501D7C017801641D6B5
:20CBE00001D2C012801341D30011C1D181D0401001F0C030803141F10033C1F381F2403215
:20CC00000036C1F681F7403701F5C035803441F4003CC1FC81FD403D01FFC03F803E41FE74
:20CC200001FAC03A803B41FB0039C1F981F840380028C1E881E9402901EBC02B802A41EAD4
:20CC400001EEC02E802F41EF002DC1ED81EC402C01E4C024802541E50027C1E781E6402634
:20CC60000022C1E281E3402301E1C021802041E001A0C060806141A10063C1A381A2406294
:20CC80000066C1A681A7406701A5C065806441A4006CC1AC81AD406D01AFC06F806E41AEF4
:20CCA00001AAC06A806B41AB0069C1A981A840680078C1B881B9407901BBC07B807A41BA54
:20CCC00001BEC07E807F41BF007DC1BD81BC407C01B4C074807541B50077C1B781B64076B4
:20CCE0000072C1B281B3407301B1C071807041B00050C190819140510193C0538052419214
:20CD00000196C056805741970055C19581944054019CC05C805D419D005FC19F819E405E73
:20CD2000005AC19A819B405B0199C059805841980188C04880494189004BC18B818A404AD3
:20CD4000004EC18E818F404F018DC04D804C418C0044C184818540450187C0478046418633
:20CD60000182C042804341830041C181818040400100B004B80B6405FEFF110125C10008C5
:20CD800002000000B004F401FEFF1101BDC100080300FFFF0100000000002101B3C30008B1
:20CDA00004000000BF03000000001101E5C2000805000000BF03BF030000110109C300087D
:20CDC0000600B004B80BAA05FEFF210135C300080700FFFF010000000000110123C1000804
:20CDE00008000000A00FF401FEFF110123C100080900B004B80B6405FEFF210123C1000898
:20CE00000A00B004B80B6405FEFF110123C100080B000000007D00000000110123C10008A7
:20CE20000C000000007D00000000110123C100080D000000FF7F10270000110123C10008AB
:20CE40000E000000007D00000000110123C100080F0000000A0000000000110023C1000833
:20CE600010000000010000000000110023C1000811000000007D00000000110023C1000819
:20CE80001200FFFF01000000000011007BC3000813000000007D00000000110079C3000845
:20CEA0001400000001000000000011002DC30008150064007017D007FEFF1101F1C30008B2
:20CEC00016000000010000000000110023C1000817000000000000000000110123C1000829
:20CEE00018000000000000000000110123C1000819000000000000000000110123C1000805
:20CF00001A000000000000000000110123C100081B000000010000000000110123C10008DF
:20CF20001C000000010001000000110123C100081D000000007D00000000110031C200082F
:20CF40001E00000001000000000011004DC500081F002003B0040004FDFF1101D5C30008DF
:20CF600020002003B0040004FDFF1101D5C3000821002003B0040004FDFF1101D5C300085E
:20CF800022002003B0040004FDFF1101D5C3000823002003B0040004FDFF1101D5C300083A
:20CFA000240018FCE803000000001101D5C30008250018FCE803000000001101D5C30008C6
:20CFC000260018FCE803000000001101D5C30008270018FCE803000000001101D5C30008A2
:20CFE000280018FCE803000000001101D5C3000829000083007D000000001101D5C300087D
:20D000002A000083007D000000001101D5C300082B000083007D0000FEFF1101D5C300085A
:20D020002C000083007D0000FEFF1101D5C300082D000083007D0000FEFF1101D5C3000839
:20D040002E000083007D0000FEFF1101D5C300082F000083007D0000FEFF1101D5C3000815
:20D0600030000083007D0000FEFF1101D5C3000831000083007D0000FEFF1101D5C30008F1
:20D0800032000083007D0000FEFF1101D5C30008330000001027D00700001101EDC30008A4
:20D0A000340000001027E803FEFF1101EDC30008350000001027000000001101EDC300081D
:20D0C000360000001027000000001101EDC30008370000001027000000001101EDC30008E1
:20D0E000380000001027000000001101EDC30008390000000100000000001101EDC30008F3
:20D100003A0000000A000000FEFF1101EDC300083B004100C800640000001101EDC3000892
:20D120003C0000001027000000001101EDC300083D00000001000000000011017DC300081A
:20D140003E0000006400030000001101B1C300083F00F6FF0A000000000011017DC3000804
:20D160004000F6FF0A000000000011017DC300084100F6FF0A000000000011017DC300087C
:20D180004200F6FF0A000000000011017DC300084300F6FF0A000000000011017DC3000858
:20D1A0004400F6FF0A000000000011017DC300084500F6FF0A000000000011017DC3000834
:20D1C0004600F6FF0A000000000011017DC3000847000000007D000000001100D9C3000837
:20D1E00048000000002000040000110023C1000849000000010001000000110023C100087E
:20D200004A0000000A0002000000110023C100084B00F6FF0A0000000000110123C1000873
:20D220004C00F6FF0A0000000000110123C100084D00F6FF0A0000000000110123C100085B
:20D240004E00F6FF0A0000000000110123C100084F00F6FF0A0000000000110123C1000837
:20D260005000F6FF0A0000000000110123C1000851000080FF7F000000001401EFC3000843
:20D2800052000080FF7F000000001401EFC3000853000080FF7F000000001401EFC300084F
:20D2A00054000080FF7F000000001401EFC3000855000080FF7F000000001401EFC300082B
:20D2C00056000080FF7F303000001401EFC3000857000080FF7F303000001401EFC3000847
:20D2E00058000080FF7F303000001401EFC3000859000080FF7F303000001401EFC3000823
:20D300005A000080FF7F303000001401EFC300085B000080FF7F303000001401EFC30008FE
:20D320005C000080FF7F303000001401EFC300085D000080FF7F303000001401EFC30008DA
:20D340005E000080FF7F000000001401EFC300085F000080FF7F000000001401EFC3000876
:20D3600060000000007D170200001400EFC3000861000000007D881300001400EFC30008A2
:20D3800062000000007DA00F00001400EFC3000863000000007DB80B00001400EFC30008C0
:20D3A00064000000007D701700001400EFC3000865000080FF7F000000001400EFC3000806
:20D3C00066000080FF7F000000001400EFC3000867000080FF7F000000001400EFC30008E8
:20D3E00068000080FF7F000000001400EFC3000869000080FF7F000000001400EFC30008C4
:20D400006A000080FF7F000000001400EFC300086B000080FF7F000000001400EFC300089F
:20D420006C000080FF7F000000001400EFC300086D000080FF7F000000001400EFC300087B
:20D440006E000080FF7F000000001400EFC300086F000080FF7F000000001400EFC3000857
:20D4600070000080FF7F000000001400EFC3000871000080FF7F000000001400EFC3000833
:20D4800072000080FF7F000000001400EFC3000873000080FF7FAA5500001401EFC300080F
:20D4A00074000080FF7F55AA00001401EFC3000875000080FF7F000000001400EFC30008EB
:20D4C00076000080FF7F000000001400EFC3000877000080FF7FBB6600001401EFC30008A5
:20D4E00078000080FF7F66BB00001401EFC30008790000000200000000001401EFC300087C
:20D500007A000080FF7F000000001400EFC300087B000080FF7F000000001400EFC300087E
:20D520007C000080FF7F000000001400EFC300087D000080FF7F000000001400EFC300085A
:20D540007E000080FF7F000000001400EFC300087F000080FF7F000000001400EFC3000836
:20D5600080000080FF7F000000001400EFC3000881000080FF7F000000001400EFC3000812
:20D5800082000080FF7F000000001400EFC3000883000080FF7F000000001400EFC30008EE
:20D5A00084000080FF7F000000001400EFC3000885000080FF7F000000001400EFC30008CA
:20D5C00086000080FF7F000000001400EFC3000887000080FF7F000000001400EFC30008A6
:20D5E00088000080FF7FE40700001401EFC3000889000080FF7F0C0000001401EFC3000889
:20D600008A000080FF7F1E0000001401EFC300088B000080FF7F434300001401EFC30008B7
:20D620008C000080FF7F533300001401EFC300088D000080FF7F323000001401EFC300084F
:20D640008E000080FF7F300000001401EFC300088F000080FF7F000000001401EFC30008E3
:20D6600090000080FF7F000000001401EFC3000891000080FF7F000000001401EFC30008EF
:20D6800092000080FF7F000000001401EFC3000893000080FF7F000000001401EFC30008CB
:20D6A00094000080FF7F000000001401EFC3000895000080FF7F00000000140023C1000876
:20D6C00096000000010000000000140023C1000897000000010000000000140023C100081B
:20D6E00098000000010000000000140023C1000899000000010000000000140023C10008F7
:20D700009A000000010000000000140023C100089B000000010000000000140023C10008D2
:20D720009C000000010000000000140023C100089D000000010000000000140023C10008AE
:20D740009E000000010000000000140023C100089F000000010000000000140023C100088A
:20D76000A0000000010000000000140023C10008A1000180FF7F00000000140023C1000868
:20D78000A2000000010000000000140023C10008A3000000010000000000140023C1000842
:20D7A000A4000000010000000000140023C10008A5000000010000000000140023C100081E
:20D7C000A6000000010000000000140023C10008A7000000010000000000140023C10008FA
:20D7E000A8000000010000000000140023C10008A9000000010000000000140023C10008D6
:20D80000AA000000010000000000140023C10008AB000080FF7F00000000140023C10008B4
:20D82000AC000000FF7F00000000140023C10008AD000080FF7F000000001400F5C300083F
:20D84000AE000000010000000000140025C40008AF000000010001000000140123C1000862
:20D86000B0000080FF7F00000000140023C10008B1000080FF7F00000000140023C100084B
:20D88000B2000080FF7F00000000140023C10008B3000080FF7F0000000014005DC40008EA
:20D8A000B4000080FF7F00000000140023C10008454E2D4B4F20436F6E74726F6C2053796F
:20D8C0007374656D730053544D3332205669727475616C20436F6D506F72740043444320EE
:20D8E000436F6E6669670043444320496E7465726661636500000201020000008088FF7FCC
:20D9000001000000E9480008C1480008BF0300000100000001000000BF0300000100000035
:20D9200000127A000100000004000000BE070000E7B10008A1B10008D9B000080000000006
:20D94000EDAF000885B0000851B000080000000000000000000000002DB0000821B000081F
:20D9600039B0000845B0000809024300020100C03209040000010202010005240010010524
:20D98000240100010424020205240600010705820308001009040100020A00000007050135
:20D9A00002400000070581024000000009024300020100C0320904000001020201000524D7
:20D9C00000100105240100010424020205240600010705820308001009040100020A0000EC
:20D9E000000705010200020007058102000200000A060002000000400100000009074300DF
:20DA0000020104C0320904000001020201000524001001052401000104240202052406003A
:20DA2000010705820308001009040100020A00000007050102400000070581024000000004
:20DA4000EDC6000891C6000895C6000899C6000865C7000871C70008E9C7000805C80008E1
:20DA6000A5C7000821C800083DC800081201000202020040830440570002010203010000B4
:20DA8000040309041A03000000000000000000000000000000000000000000000000000055
:20DAA000FFFFFFFFFFFFFFFFFFFFFFFFFFFFFFFFFFFFFFFFFFFFFFFFFFFFFFFFFFFFFFFF86
:20DAC000FFFFFFFFFFFFFFFFFFFFFFFFFFFFFFFFFFFFFFFFFFFFFFFFFFFFFFFFFFFFFFFF66
:20DAE000FFFFFFFFFFFFFFFFFFFFFFFFFFFFFFFFFFFFFFFFFFFFFFFFFFFFFFFFFFFFFFFF46
:20DB0000FFFFFFFFFFFFFFFFFFFFFFFFFFFFFFFFFFFFFFFFFFFFFFFFFFFFFFFFFFFFFFFF25
:20DB2000FFFFFFFFFFFFFFFFFFFFFFFFFFFFFFFFFFFFFFFFFFFFFFFFFFFFFFFFFFFFFFFF05
:20DB4000FFFFFFFFFFFFFFFFFFFFFFFFFFFFFFFFFFFFFFFFFFFFFFFFFFFFFFFFFFFFFFFFE5
:20DB6000FFFFFFFFFFFFFFFFFFFFFFFFFFFFFFFFFFFFFFFFFFFFFFFFFFFFFFFFFFFFFFFFC5
:20DB8000FFFFFFFFFFFFFFFFFFFFFFFFFFFFFFFFFFFFFFFFFFFFFFFFFFFFFFFFFFFFFFFFA5
:20DBA000FFFFFFFFFFFFFFFFFFFFFFFFFFFFFFFFFFFFFFFFFFFFFFFFFFFFFFFFFFFFFFFF85
:20DBC000FFFFFFFFFFFFFFFFFFFFFFFFFFFFFFFFFFFFFFFFFFFFFFFFFFFFFFFFFFFFFFFF65
:20DBE000FFFFFFFFFFFFFFFFFFFFFFFFFFFFFFFFFFFFFFFFFFFFFFFFFFFFFFFFFFFFFFFF45
:20DC0000FFFFFFFFFFFFFFFFFFFFFFFFFFFFFFFFFFFFFFFFFFFFFFFFFFFFFFFFFFFFFFFF24
:20DC2000FFFFFFFFFFFFFFFFFFFFFFFFFFFFFFFFFFFFFFFFFFFFFFFFFFFFFFFFFFFFFFFF04
:20DC4000FFFFFFFFFFFFFFFFFFFFFFFFFFFFFFFFFFFFFFFFFFFFFFFFFFFFFFFFFFFFFFFFE4
:20DC6000FFFFFFFFFFFFFFFFFFFFFFFFFFFFFFFFFFFFFFFFFFFFFFFFFFFFFFFFFFFFFFFFC4
:20DC8000FFFFFFFFFFFFFFFFFFFFFFFFFFFFFFFFFFFFFFFFFFFFFFFFFFFFFFFFFFFFFFFFA4
:20DCA000FFFFFFFFFFFFFFFFFFFFFFFFFFFFFFFFFFFFFFFFFFFFFFFFFFFFFFFFFFFFFFFF84
:20DCC000FFFFFFFFFFFFFFFFFFFFFFFFFFFFFFFFFFFFFFFFFFFFFFFFFFFFFFFFFFFFFFFF64
:20DCE000FFFFFFFFFFFFFFFFFFFFFFFFFFFFFFFFFFFFFFFFFFFFFFFFFFFFFFFFFFFFFFFF44
:20DD0000FFFFFFFFFFFFFFFFFFFFFFFFFFFFFFFFFFFFFFFFFFFFFFFFFFFFFFFFFFFFFFFF23
:20DD2000FFFFFFFFFFFFFFFFFFFFFFFFFFFFFFFFFFFFFFFFFFFFFFFFFFFFFFFFFFFFFFFF03
:20DD4000FFFFFFFFFFFFFFFFFFFFFFFFFFFFFFFFFFFFFFFFFFFFFFFFFFFFFFFFFFFFFFFFE3
:20DD6000FFFFFFFFFFFFFFFFFFFFFFFFFFFFFFFFFFFFFFFFFFFFFFFFFFFFFFFFFFFFFFFFC3
:20DD8000FFFFFFFFFFFFFFFFFFFFFFFFFFFFFFFFFFFFFFFFFFFFFFFFFFFFFFFFFFFFFFFFA3
:20DDA000FFFFFFFFFFFFFFFFFFFFFFFFFFFFFFFFFFFFFFFFFFFFFFFFFFFFFFFFFFFFFFFF83
:20DDC000FFFFFFFFFFFFFFFFFFFFFFFFFFFFFFFFFFFFFFFFFFFFFFFFFFFFFFFFFFFFFFFF63
:20DDE000FFFFFFFFFFFFFFFFFFFFFFFFFFFFFFFFFFFFFFFFFFFFFFFFFFFFFFFFFFFFFFFF43
:20DE0000FFFFFFFFFFFFFFFFFFFFFFFFFFFFFFFFFFFFFFFFFFFFFFFFFFFFFFFFFFFFFFFF22
:20DE2000FFFFFFFFFFFFFFFFFFFFFFFFFFFFFFFFFFFFFFFFFFFFFFFFFFFFFFFFFFFFFFFF02
:20DE4000FFFFFFFFFFFFFFFFFFFFFFFFFFFFFFFFFFFFFFFFFFFFFFFFFFFFFFFFFFFFFFFFE2
:20DE6000FFFFFFFFFFFFFFFFFFFFFFFFFFFFFFFFFFFFFFFFFFFFFFFFFFFFFFFFFFFFFFFFC2
:20DE8000FFFFFFFFFFFFFFFFFFFFFFFFFFFFFFFFFFFFFFFFFFFFFFFFFFFFFFFFFFFFFFFFA2
:20DEA000FFFFFFFFFFFFFFFFFFFFFFFFFFFFFFFFFFFFFFFFFFFFFFFFFFFFFFFFFFFFFFFF82
:20DEC000FFFFFFFFFFFFFFFFFFFFFFFFFFFFFFFFFFFFFFFFFFFFFFFFFFFFFFFFFFFFFFFF62
:20DEE000FFFFFFFFFFFFFFFFFFFFFFFFFFFFFFFFFFFFFFFFFFFFFFFFFFFFFFFFFFFFFFFF42
:20DF0000FFFFFFFFFFFFFFFFFFFFFFFFFFFFFFFFFFFFFFFFFFFFFFFFFFFFFFFFFFFFFFFF21
:20DF2000FFFFFFFFFFFFFFFFFFFFFFFFFFFFFFFFFFFFFFFFFFFFFFFFFFFFFFFFFFFFFFFF01
:20DF4000FFFFFFFFFFFFFFFFFFFFFFFFFFFFFFFFFFFFFFFFFFFFFFFFFFFFFFFFFFFFFFFFE1
:20DF6000FFFFFFFFFFFFFFFFFFFFFFFFFFFFFFFFFFFFFFFFFFFFFFFFFFFFFFFFFFFFFFFFC1
:20DF8000FFFFFFFFFFFFFFFFFFFFFFFFFFFFFFFFFFFFFFFFFFFFFFFFFFFFFFFFFFFFFFFFA1
:20DFA000FFFFFFFFFFFFFFFFFFFFFFFFFFFFFFFFFFFFFFFFFFFFFFFFFFFFFFFFFFFFFFFF81
:20DFC000FFFFFFFFFFFFFFFFFFFFFFFFFFFFFFFFFFFFFFFFFFFFFFFFFFFFFFFFFFFFFFFF61
:20DFE000FFFFFFFFFFFFFFFFFFFFFFFFFFFFFFFFFFFFFFFFFFFFFFFFFFFFFFFFFFFFFFFF41
:020000040800F2
:20E00000FFFFFFFFFFFFFFFFFFFFFFFFFFFFFFFFFFFFFFFFFFFFFFFFFFFFFFFFFFFFFFFF20
:20E02000FFFFFFFFFFFFFFFFFFFFFFFFFFFFFFFFFFFFFFFFFFFFFFFFFFFFFFFFFFFFFFFF00
:20E04000FFFFFFFFFFFFFFFFFFFFFFFFFFFFFFFFFFFFFFFFFFFFFFFFFFFFFFFFFFFFFFFFE0
:20E06000FFFFFFFFFFFFFFFFFFFFFFFFFFFFFFFFFFFFFFFFFFFFFFFFFFFFFFFFFFFFFFFFC0
:20E08000FFFFFFFFFFFFFFFFFFFFFFFFFFFFFFFFFFFFFFFFFFFFFFFFFFFFFFFFFFFFFFFFA0
:20E0A000FFFFFFFFFFFFFFFFFFFFFFFFFFFFFFFFFFFFFFFFFFFFFFFFFFFFFFFFFFFFFFFF80
:20E0C000FFFFFFFFFFFFFFFFFFFFFFFFFFFFFFFFFFFFFFFFFFFFFFFFFFFFFFFFFFFFFFFF60
:20E0E000FFFFFFFFFFFFFFFFFFFFFFFFFFFFFFFFFFFFFFFFFFFFFFFFFFFFFFFFFFFFFFFF40
:20E10000FFFFFFFFFFFFFFFFFFFFFFFFFFFFFFFFFFFFFFFFFFFFFFFFFFFFFFFFFFFFFFFF1F
:20E12000FFFFFFFFFFFFFFFFFFFFFFFFFFFFFFFFFFFFFFFFFFFFFFFFFFFFFFFFFFFFFFFFFF
:20E14000FFFFFFFFFFFFFFFFFFFFFFFFFFFFFFFFFFFFFFFFFFFFFFFFFFFFFFFFFFFFFFFFDF
:20E16000FFFFFFFFFFFFFFFFFFFFFFFFFFFFFFFFFFFFFFFFFFFFFFFFFFFFFFFFFFFFFFFFBF
:20E18000FFFFFFFFFFFFFFFFFFFFFFFFFFFFFFFFFFFFFFFFFFFFFFFFFFFFFFFFFFFFFFFF9F
:20E1A000FFFFFFFFFFFFFFFFFFFFFFFFFFFFFFFFFFFFFFFFFFFFFFFFFFFFFFFFFFFFFFFF7F
:20E1C000FFFFFFFFFFFFFFFFFFFFFFFFFFFFFFFFFFFFFFFFFFFFFFFFFFFFFFFFFFFFFFFF5F
:20E1E000FFFFFFFFFFFFFFFFFFFFFFFFFFFFFFFFFFFFFFFFFFFFFFFFFFFFFFFFFFFFFFFF3F
:20E20000FFFFFFFFFFFFFFFFFFFFFFFFFFFFFFFFFFFFFFFFFFFFFFFFFFFFFFFFFFFFFFFF1E
:20E22000FFFFFFFFFFFFFFFFFFFFFFFFFFFFFFFFFFFFFFFFFFFFFFFFFFFFFFFFFFFFFFFFFE
:20E24000FFFFFFFFFFFFFFFFFFFFFFFFFFFFFFFFFFFFFFFFFFFFFFFFFFFFFFFFFFFFFFFFDE
:20E26000FFFFFFFFFFFFFFFFFFFFFFFFFFFFFFFFFFFFFFFFFFFFFFFFFFFFFFFFFFFFFFFFBE
:20E28000FFFFFFFFFFFFFFFFFFFFFFFFFFFFFFFFFFFFFFFFFFFFFFFFFFFFFFFFFFFFFFFF9E
:20E2A000FFFFFFFFFFFFFFFFFFFFFFFFFFFFFFFFFFFFFFFFFFFFFFFFFFFFFFFFFFFFFFFF7E
:20E2C000FFFFFFFFFFFFFFFFFFFFFFFFFFFFFFFFFFFFFFFFFFFFFFFFFFFFFFFFFFFFFFFF5E
:20E2E000FFFFFFFFFFFFFFFFFFFFFFFFFFFFFFFFFFFFFFFFFFFFFFFFFFFFFFFFFFFFFFFF3E
:20E30000FFFFFFFFFFFFFFFFFFFFFFFFFFFFFFFFFFFFFFFFFFFFFFFFFFFFFFFFFFFFFFFF1D
:20E32000FFFFFFFFFFFFFFFFFFFFFFFFFFFFFFFFFFFFFFFFFFFFFFFFFFFFFFFFFFFFFFFFFD
:20E34000FFFFFFFFFFFFFFFFFFFFFFFFFFFFFFFFFFFFFFFFFFFFFFFFFFFFFFFFFFFFFFFFDD
:20E36000FFFFFFFFFFFFFFFFFFFFFFFFFFFFFFFFFFFFFFFFFFFFFFFFFFFFFFFFFFFFFFFFBD
:20E38000FFFFFFFFFFFFFFFFFFFFFFFFFFFFFFFFFFFFFFFFFFFFFFFFFFFFFFFFFFFFFFFF9D
:20E3A000FFFFFFFFFFFFFFFFFFFFFFFFFFFFFFFFFFFFFFFFFFFFFFFFFFFFFFFFFFFFFFFF7D
:20E3C000FFFFFFFFFFFFFFFFFFFFFFFFFFFFFFFFFFFFFFFFFFFFFFFFFFFFFFFFFFFFFFFF5D
:20E3E000FFFFFFFFFFFFFFFFFFFFFFFFFFFFFFFFFFFFFFFFFFFFFFFFFFFFFFFFFFFFFFFF3D
:20E40000FFFFFFFFFFFFFFFFFFFFFFFFFFFFFFFFFFFFFFFFFFFFFFFFFFFFFFFFFFFFFFFF1C
:20E42000FFFFFFFFFFFFFFFFFFFFFFFFFFFFFFFFFFFFFFFFFFFFFFFFFFFFFFFFFFFFFFFFFC
:20E44000FFFFFFFFFFFFFFFFFFFFFFFFFFFFFFFFFFFFFFFFFFFFFFFFFFFFFFFFFFFFFFFFDC
:20E46000FFFFFFFFFFFFFFFFFFFFFFFFFFFFFFFFFFFFFFFFFFFFFFFFFFFFFFFFFFFFFFFFBC
:20E48000FFFFFFFFFFFFFFFFFFFFFFFFFFFFFFFFFFFFFFFFFFFFFFFFFFFFFFFFFFFFFFFF9C
:20E4A000FFFFFFFFFFFFFFFFFFFFFFFFFFFFFFFFFFFFFFFFFFFFFFFFFFFFFFFFFFFFFFFF7C
:20E4C000FFFFFFFFFFFFFFFFFFFFFFFFFFFFFFFFFFFFFFFFFFFFFFFFFFFFFFFFFFFFFFFF5C
:20E4E000FFFFFFFFFFFFFFFFFFFFFFFFFFFFFFFFFFFFFFFFFFFFFFFFFFFFFFFFFFFFFFFF3C
:20E50000FFFFFFFFFFFFFFFFFFFFFFFFFFFFFFFFFFFFFFFFFFFFFFFFFFFFFFFFFFFFFFFF1B
:20E52000FFFFFFFFFFFFFFFFFFFFFFFFFFFFFFFFFFFFFFFFFFFFFFFFFFFFFFFFFFFFFFFFFB
:20E54000FFFFFFFFFFFFFFFFFFFFFFFFFFFFFFFFFFFFFFFFFFFFFFFFFFFFFFFFFFFFFFFFDB
:20E56000FFFFFFFFFFFFFFFFFFFFFFFFFFFFFFFFFFFFFFFFFFFFFFFFFFFFFFFFFFFFFFFFBB
:20E58000FFFFFFFFFFFFFFFFFFFFFFFFFFFFFFFFFFFFFFFFFFFFFFFFFFFFFFFFFFFFFFFF9B
:20E5A000FFFFFFFFFFFFFFFFFFFFFFFFFFFFFFFFFFFFFFFFFFFFFFFFFFFFFFFFFFFFFFFF7B
:20E5C000FFFFFFFFFFFFFFFFFFFFFFFFFFFFFFFFFFFFFFFFFFFFFFFFFFFFFFFFFFFFFFFF5B
:20E5E000FFFFFFFFFFFFFFFFFFFFFFFFFFFFFFFFFFFFFFFFFFFFFFFFFFFFFFFFFFFFFFFF3B
:20E60000FFFFFFFFFFFFFFFFFFFFFFFFFFFFFFFFFFFFFFFFFFFFFFFFFFFFFFFFFFFFFFFF1A
:20E62000FFFFFFFFFFFFFFFFFFFFFFFFFFFFFFFFFFFFFFFFFFFFFFFFFFFFFFFFFFFFFFFFFA
:20E64000FFFFFFFFFFFFFFFFFFFFFFFFFFFFFFFFFFFFFFFFFFFFFFFFFFFFFFFFFFFFFFFFDA
:20E66000FFFFFFFFFFFFFFFFFFFFFFFFFFFFFFFFFFFFFFFFFFFFFFFFFFFFFFFFFFFFFFFFBA
:20E68000FFFFFFFFFFFFFFFFFFFFFFFFFFFFFFFFFFFFFFFFFFFFFFFFFFFFFFFFFFFFFFFF9A
:20E6A000FFFFFFFFFFFFFFFFFFFFFFFFFFFFFFFFFFFFFFFFFFFFFFFFFFFFFFFFFFFFFFFF7A
:20E6C000FFFFFFFFFFFFFFFFFFFFFFFFFFFFFFFFFFFFFFFFFFFFFFFFFFFFFFFFFFFFFFFF5A
:20E6E000FFFFFFFFFFFFFFFFFFFFFFFFFFFFFFFFFFFFFFFFFFFFFFFFFFFFFFFFFFFFFFFF3A
:20E70000FFFFFFFFFFFFFFFFFFFFFFFFFFFFFFFFFFFFFFFFFFFFFFFFFFFFFFFFFFFFFFFF19
:20E72000FFFFFFFFFFFFFFFFFFFFFFFFFFFFFFFFFFFFFFFFFFFFFFFFFFFFFFFFFFFFFFFFF9
:20E74000FFFFFFFFFFFFFFFFFFFFFFFFFFFFFFFFFFFFFFFFFFFFFFFFFFFFFFFFFFFFFFFFD9
:20E76000FFFFFFFFFFFFFFFFFFFFFFFFFFFFFFFFFFFFFFFFFFFFFFFFFFFFFFFFFFFFFFFFB9
:20E78000FFFFFFFFFFFFFFFFFFFFFFFFFFFFFFFFFFFFFFFFFFFFFFFFFFFFFFFFFFFFFFFF99
:20E7A000FFFFFFFFFFFFFFFFFFFFFFFFFFFFFFFFFFFFFFFFFFFFFFFFFFFFFFFFFFFFFFFF79
:20E7C000FFFFFFFFFFFFFFFFFFFFFFFFFFFFFFFFFFFFFFFFFFFFFFFFFFFFFFFFFFFFFFFF59
:20E7E000FFFFFFFFFFFFFFFFFFFFFFFFFFFFFFFFFFFFFFFFFFFFFFFFFFFFFFFFFFFFFFFF39
:20E80000FFFFFFFFFFFFFFFFFFFFFFFFFFFFFFFFFFFFFFFFFFFFFFFFFFFFFFFFFFFFFFFF18
:20E82000FFFFFFFFFFFFFFFFFFFFFFFFFFFFFFFFFFFFFFFFFFFFFFFFFFFFFFFFFFFFFFFFF8
:20E84000FFFFFFFFFFFFFFFFFFFFFFFFFFFFFFFFFFFFFFFFFFFFFFFFFFFFFFFFFFFFFFFFD8
:20E86000FFFFFFFFFFFFFFFFFFFFFFFFFFFFFFFFFFFFFFFFFFFFFFFFFFFFFFFFFFFFFFFFB8
:20E88000FFFFFFFFFFFFFFFFFFFFFFFFFFFFFFFFFFFFFFFFFFFFFFFFFFFFFFFFFFFFFFFF98
:20E8A000FFFFFFFFFFFFFFFFFFFFFFFFFFFFFFFFFFFFFFFFFFFFFFFFFFFFFFFFFFFFFFFF78
:20E8C000FFFFFFFFFFFFFFFFFFFFFFFFFFFFFFFFFFFFFFFFFFFFFFFFFFFFFFFFFFFFFFFF58
:20E8E000FFFFFFFFFFFFFFFFFFFFFFFFFFFFFFFFFFFFFFFFFFFFFFFFFFFFFFFFFFFFFFFF38
:20E90000FFFFFFFFFFFFFFFFFFFFFFFFFFFFFFFFFFFFFFFFFFFFFFFFFFFFFFFFFFFFFFFF17
:20E92000FFFFFFFFFFFFFFFFFFFFFFFFFFFFFFFFFFFFFFFFFFFFFFFFFFFFFFFFFFFFFFFFF7
:20E94000FFFFFFFFFFFFFFFFFFFFFFFFFFFFFFFFFFFFFFFFFFFFFFFFFFFFFFFFFFFFFFFFD7
:20E96000FFFFFFFFFFFFFFFFFFFFFFFFFFFFFFFFFFFFFFFFFFFFFFFFFFFFFFFFFFFFFFFFB7
:20E98000FFFFFFFFFFFFFFFFFFFFFFFFFFFFFFFFFFFFFFFFFFFFFFFFFFFFFFFFFFFFFFFF97
:20E9A000FFFFFFFFFFFFFFFFFFFFFFFFFFFFFFFFFFFFFFFFFFFFFFFFFFFFFFFFFFFFFFFF77
:20E9C000FFFFFFFFFFFFFFFFFFFFFFFFFFFFFFFFFFFFFFFFFFFFFFFFFFFFFFFFFFFFFFFF57
:20E9E000FFFFFFFFFFFFFFFFFFFFFFFFFFFFFFFFFFFFFFFFFFFFFFFFFFFFFFFFFFFFFFFF37
:20EA0000FFFFFFFFFFFFFFFFFFFFFFFFFFFFFFFFFFFFFFFFFFFFFFFFFFFFFFFFFFFFFFFF16
:20EA2000FFFFFFFFFFFFFFFFFFFFFFFFFFFFFFFFFFFFFFFFFFFFFFFFFFFFFFFFFFFFFFFFF6
:20EA4000FFFFFFFFFFFFFFFFFFFFFFFFFFFFFFFFFFFFFFFFFFFFFFFFFFFFFFFFFFFFFFFFD6
:20EA6000FFFFFFFFFFFFFFFFFFFFFFFFFFFFFFFFFFFFFFFFFFFFFFFFFFFFFFFFFFFFFFFFB6
:20EA8000FFFFFFFFFFFFFFFFFFFFFFFFFFFFFFFFFFFFFFFFFFFFFFFFFFFFFFFFFFFFFFFF96
:20EAA000FFFFFFFFFFFFFFFFFFFFFFFFFFFFFFFFFFFFFFFFFFFFFFFFFFFFFFFFFFFFFFFF76
:20EAC000FFFFFFFFFFFFFFFFFFFFFFFFFFFFFFFFFFFFFFFFFFFFFFFFFFFFFFFFFFFFFFFF56
:20EAE000FFFFFFFFFFFFFFFFFFFFFFFFFFFFFFFFFFFFFFFFFFFFFFFFFFFFFFFFFFFFFFFF36
:20EB0000FFFFFFFFFFFFFFFFFFFFFFFFFFFFFFFFFFFFFFFFFFFFFFFFFFFFFFFFFFFFFFFF15
:20EB2000FFFFFFFFFFFFFFFFFFFFFFFFFFFFFFFFFFFFFFFFFFFFFFFFFFFFFFFFFFFFFFFFF5
:20EB4000FFFFFFFFFFFFFFFFFFFFFFFFFFFFFFFFFFFFFFFFFFFFFFFFFFFFFFFFFFFFFFFFD5
:20EB6000FFFFFFFFFFFFFFFFFFFFFFFFFFFFFFFFFFFFFFFFFFFFFFFFFFFFFFFFFFFFFFFFB5
:20EB8000FFFFFFFFFFFFFFFFFFFFFFFFFFFFFFFFFFFFFFFFFFFFFFFFFFFFFFFFFFFFFFFF95
:20EBA000FFFFFFFFFFFFFFFFFFFFFFFFFFFFFFFFFFFFFFFFFFFFFFFFFFFFFFFFFFFFFFFF75
:20EBC000FFFFFFFFFFFFFFFFFFFFFFFFFFFFFFFFFFFFFFFFFFFFFFFFFFFFFFFFFFFFFFFF55
:20EBE000FFFFFFFFFFFFFFFFFFFFFFFFFFFFFFFFFFFFFFFFFFFFFFFFFFFFFFFFFFFFFFFF35
:20EC0000FFFFFFFFFFFFFFFFFFFFFFFFFFFFFFFFFFFFFFFFFFFFFFFFFFFFFFFFFFFFFFFF14
:20EC2000FFFFFFFFFFFFFFFFFFFFFFFFFFFFFFFFFFFFFFFFFFFFFFFFFFFFFFFFFFFFFFFFF4
:20EC4000FFFFFFFFFFFFFFFFFFFFFFFFFFFFFFFFFFFFFFFFFFFFFFFFFFFFFFFFFFFFFFFFD4
:20EC6000FFFFFFFFFFFFFFFFFFFFFFFFFFFFFFFFFFFFFFFFFFFFFFFFFFFFFFFFFFFFFFFFB4
:20EC8000FFFFFFFFFFFFFFFFFFFFFFFFFFFFFFFFFFFFFFFFFFFFFFFFFFFFFFFFFFFFFFFF94
:20ECA000FFFFFFFFFFFFFFFFFFFFFFFFFFFFFFFFFFFFFFFFFFFFFFFFFFFFFFFFFFFFFFFF74
:20ECC000FFFFFFFFFFFFFFFFFFFFFFFFFFFFFFFFFFFFFFFFFFFFFFFFFFFFFFFFFFFFFFFF54
:20ECE000FFFFFFFFFFFFFFFFFFFFFFFFFFFFFFFFFFFFFFFFFFFFFFFFFFFFFFFFFFFFFFFF34
:20ED0000FFFFFFFFFFFFFFFFFFFFFFFFFFFFFFFFFFFFFFFFFFFFFFFFFFFFFFFFFFFFFFFF13
:20ED2000FFFFFFFFFFFFFFFFFFFFFFFFFFFFFFFFFFFFFFFFFFFFFFFFFFFFFFFFFFFFFFFFF3
:20ED4000FFFFFFFFFFFFFFFFFFFFFFFFFFFFFFFFFFFFFFFFFFFFFFFFFFFFFFFFFFFFFFFFD3
:20ED6000FFFFFFFFFFFFFFFFFFFFFFFFFFFFFFFFFFFFFFFFFFFFFFFFFFFFFFFFFFFFFFFFB3
:20ED8000FFFFFFFFFFFFFFFFFFFFFFFFFFFFFFFFFFFFFFFFFFFFFFFFFFFFFFFFFFFFFFFF93
:20EDA000FFFFFFFFFFFFFFFFFFFFFFFFFFFFFFFFFFFFFFFFFFFFFFFFFFFFFFFFFFFFFFFF73
:20EDC000FFFFFFFFFFFFFFFFFFFFFFFFFFFFFFFFFFFFFFFFFFFFFFFFFFFFFFFFFFFFFFFF53
:20EDE000FFFFFFFFFFFFFFFFFFFFFFFFFFFFFFFFFFFFFFFFFFFFFFFFFFFFFFFFFFFFFFFF33
:20EE0000FFFFFFFFFFFFFFFFFFFFFFFFFFFFFFFFFFFFFFFFFFFFFFFFFFFFFFFFFFFFFFFF12
:20EE2000FFFFFFFFFFFFFFFFFFFFFFFFFFFFFFFFFFFFFFFFFFFFFFFFFFFFFFFFFFFFFFFFF2
:20EE4000FFFFFFFFFFFFFFFFFFFFFFFFFFFFFFFFFFFFFFFFFFFFFFFFFFFFFFFFFFFFFFFFD2
:20EE6000FFFFFFFFFFFFFFFFFFFFFFFFFFFFFFFFFFFFFFFFFFFFFFFFFFFFFFFFFFFFFFFFB2
:20EE8000FFFFFFFFFFFFFFFFFFFFFFFFFFFFFFFFFFFFFFFFFFFFFFFFFFFFFFFFFFFFFFFF92
:20EEA000FFFFFFFFFFFFFFFFFFFFFFFFFFFFFFFFFFFFFFFFFFFFFFFFFFFFFFFFFFFFFFFF72
:20EEC000FFFFFFFFFFFFFFFFFFFFFFFFFFFFFFFFFFFFFFFFFFFFFFFFFFFFFFFFFFFFFFFF52
:20EEE000FFFFFFFFFFFFFFFFFFFFFFFFFFFFFFFFFFFFFFFFFFFFFFFFFFFFFFFFFFFFFFFF32
:20EF0000FFFFFFFFFFFFFFFFFFFFFFFFFFFFFFFFFFFFFFFFFFFFFFFFFFFFFFFFFFFFFFFF11
:20EF2000FFFFFFFFFFFFFFFFFFFFFFFFFFFFFFFFFFFFFFFFFFFFFFFFFFFFFFFFFFFFFFFFF1
:20EF4000FFFFFFFFFFFFFFFFFFFFFFFFFFFFFFFFFFFFFFFFFFFFFFFFFFFFFFFFFFFFFFFFD1
:20EF6000FFFFFFFFFFFFFFFFFFFFFFFFFFFFFFFFFFFFFFFFFFFFFFFFFFFFFFFFFFFFFFFFB1
:20EF8000FFFFFFFFFFFFFFFFFFFFFFFFFFFFFFFFFFFFFFFFFFFFFFFFFFFFFFFFFFFFFFFF91
:20EFA000FFFFFFFFFFFFFFFFFFFFFFFFFFFFFFFFFFFFFFFFFFFFFFFFFFFFFFFFFFFFFFFF71
:20EFC000FFFFFFFFFFFFFFFFFFFFFFFFFFFFFFFFFFFFFFFFFFFFFFFFFFFFFFFFFFFFFFFF51
:20EFE000FFFFFFFFFFFFFFFFFFFFFFFFFFFFFFFFFFFFFFFFFFFFFFFFFFFFFFFFFFFFFFFF31
:20F00000FFFFFFFFFFFFFFFFFFFFFFFFFFFFFFFFFFFFFFFFFFFFFFFFFFFFFFFFFFFFFFFF10
:20F02000FFFFFFFFFFFFFFFFFFFFFFFFFFFFFFFFFFFFFFFFFFFFFFFFFFFFFFFFFFFFFFFFF0
:20F04000FFFFFFFFFFFFFFFFFFFFFFFFFFFFFFFFFFFFFFFFFFFFFFFFFFFFFFFFFFFFFFFFD0
:20F06000FFFFFFFFFFFFFFFFFFFFFFFFFFFFFFFFFFFFFFFFFFFFFFFFFFFFFFFFFFFFFFFFB0
:20F08000FFFFFFFFFFFFFFFFFFFFFFFFFFFFFFFFFFFFFFFFFFFFFFFFFFFFFFFFFFFFFFFF90
:20F0A000FFFFFFFFFFFFFFFFFFFFFFFFFFFFFFFFFFFFFFFFFFFFFFFFFFFFFFFFFFFFFFFF70
:20F0C000FFFFFFFFFFFFFFFFFFFFFFFFFFFFFFFFFFFFFFFFFFFFFFFFFFFFFFFFFFFFFFFF50
:20F0E000FFFFFFFFFFFFFFFFFFFFFFFFFFFFFFFFFFFFFFFFFFFFFFFFFFFFFFFFFFFFFFFF30
:20F10000FFFFFFFFFFFFFFFFFFFFFFFFFFFFFFFFFFFFFFFFFFFFFFFFFFFFFFFFFFFFFFFF0F
:20F12000FFFFFFFFFFFFFFFFFFFFFFFFFFFFFFFFFFFFFFFFFFFFFFFFFFFFFFFFFFFFFFFFEF
:20F14000FFFFFFFFFFFFFFFFFFFFFFFFFFFFFFFFFFFFFFFFFFFFFFFFFFFFFFFFFFFFFFFFCF
:20F16000FFFFFFFFFFFFFFFFFFFFFFFFFFFFFFFFFFFFFFFFFFFFFFFFFFFFFFFFFFFFFFFFAF
:20F18000FFFFFFFFFFFFFFFFFFFFFFFFFFFFFFFFFFFFFFFFFFFFFFFFFFFFFFFFFFFFFFFF8F
:20F1A000FFFFFFFFFFFFFFFFFFFFFFFFFFFFFFFFFFFFFFFFFFFFFFFFFFFFFFFFFFFFFFFF6F
:20F1C000FFFFFFFFFFFFFFFFFFFFFFFFFFFFFFFFFFFFFFFFFFFFFFFFFFFFFFFFFFFFFFFF4F
:20F1E000FFFFFFFFFFFFFFFFFFFFFFFFFFFFFFFFFFFFFFFFFFFFFFFFFFFFFFFFFFFFFFFF2F
:20F20000FFFFFFFFFFFFFFFFFFFFFFFFFFFFFFFFFFFFFFFFFFFFFFFFFFFFFFFFFFFFFFFF0E
:20F22000FFFFFFFFFFFFFFFFFFFFFFFFFFFFFFFFFFFFFFFFFFFFFFFFFFFFFFFFFFFFFFFFEE
:20F24000FFFFFFFFFFFFFFFFFFFFFFFFFFFFFFFFFFFFFFFFFFFFFFFFFFFFFFFFFFFFFFFFCE
:20F26000FFFFFFFFFFFFFFFFFFFFFFFFFFFFFFFFFFFFFFFFFFFFFFFFFFFFFFFFFFFFFFFFAE
:20F28000FFFFFFFFFFFFFFFFFFFFFFFFFFFFFFFFFFFFFFFFFFFFFFFFFFFFFFFFFFFFFFFF8E
:20F2A000FFFFFFFFFFFFFFFFFFFFFFFFFFFFFFFFFFFFFFFFFFFFFFFFFFFFFFFFFFFFFFFF6E
:20F2C000FFFFFFFFFFFFFFFFFFFFFFFFFFFFFFFFFFFFFFFFFFFFFFFFFFFFFFFFFFFFFFFF4E
:20F2E000FFFFFFFFFFFFFFFFFFFFFFFFFFFFFFFFFFFFFFFFFFFFFFFFFFFFFFFFFFFFFFFF2E
:20F30000FFFFFFFFFFFFFFFFFFFFFFFFFFFFFFFFFFFFFFFFFFFFFFFFFFFFFFFFFFFFFFFF0D
:20F32000FFFFFFFFFFFFFFFFFFFFFFFFFFFFFFFFFFFFFFFFFFFFFFFFFFFFFFFFFFFFFFFFED
:20F34000FFFFFFFFFFFFFFFFFFFFFFFFFFFFFFFFFFFFFFFFFFFFFFFFFFFFFFFFFFFFFFFFCD
:20F36000FFFFFFFFFFFFFFFFFFFFFFFFFFFFFFFFFFFFFFFFFFFFFFFFFFFFFFFFFFFFFFFFAD
:20F38000FFFFFFFFFFFFFFFFFFFFFFFFFFFFFFFFFFFFFFFFFFFFFFFFFFFFFFFFFFFFFFFF8D
:20F3A000FFFFFFFFFFFFFFFFFFFFFFFFFFFFFFFFFFFFFFFFFFFFFFFFFFFFFFFFFFFFFFFF6D
:20F3C000FFFFFFFFFFFFFFFFFFFFFFFFFFFFFFFFFFFFFFFFFFFFFFFFFFFFFFFFFFFFFFFF4D
:20F3E000FFFFFFFFFFFFFFFFFFFFFFFFFFFFFFFFFFFFFFFFFFFFFFFFFFFFFFFFFFFFFFFF2D
:20F40000FFFFFFFFFFFFFFFFFFFFFFFFFFFFFFFFFFFFFFFFFFFFFFFFFFFFFFFFFFFFFFFF0C
:20F42000FFFFFFFFFFFFFFFFFFFFFFFFFFFFFFFFFFFFFFFFFFFFFFFFFFFFFFFFFFFFFFFFEC
:20F44000FFFFFFFFFFFFFFFFFFFFFFFFFFFFFFFFFFFFFFFFFFFFFFFFFFFFFFFFFFFFFFFFCC
:20F46000FFFFFFFFFFFFFFFFFFFFFFFFFFFFFFFFFFFFFFFFFFFFFFFFFFFFFFFFFFFFFFFFAC
:20F48000FFFFFFFFFFFFFFFFFFFFFFFFFFFFFFFFFFFFFFFFFFFFFFFFFFFFFFFFFFFFFFFF8C
:20F4A000FFFFFFFFFFFFFFFFFFFFFFFFFFFFFFFFFFFFFFFFFFFFFFFFFFFFFFFFFFFFFFFF6C
:20F4C000FFFFFFFFFFFFFFFFFFFFFFFFFFFFFFFFFFFFFFFFFFFFFFFFFFFFFFFFFFFFFFFF4C
:20F4E000FFFFFFFFFFFFFFFFFFFFFFFFFFFFFFFFFFFFFFFFFFFFFFFFFFFFFFFFFFFFFFFF2C
:20F50000FFFFFFFFFFFFFFFFFFFFFFFFFFFFFFFFFFFFFFFFFFFFFFFFFFFFFFFFFFFFFFFF0B
:20F52000FFFFFFFFFFFFFFFFFFFFFFFFFFFFFFFFFFFFFFFFFFFFFFFFFFFFFFFFFFFFFFFFEB
:20F54000FFFFFFFFFFFFFFFFFFFFFFFFFFFFFFFFFFFFFFFFFFFFFFFFFFFFFFFFFFFFFFFFCB
:20F56000FFFFFFFFFFFFFFFFFFFFFFFFFFFFFFFFFFFFFFFFFFFFFFFFFFFFFFFFFFFFFFFFAB
:20F58000FFFFFFFFFFFFFFFFFFFFFFFFFFFFFFFFFFFFFFFFFFFFFFFFFFFFFFFFFFFFFFFF8B
:20F5A000FFFFFFFFFFFFFFFFFFFFFFFFFFFFFFFFFFFFFFFFFFFFFFFFFFFFFFFFFFFFFFFF6B
:20F5C000FFFFFFFFFFFFFFFFFFFFFFFFFFFFFFFFFFFFFFFFFFFFFFFFFFFFFFFFFFFFFFFF4B
:20F5E000FFFFFFFFFFFFFFFFFFFFFFFFFFFFFFFFFFFFFFFFFFFFFFFFFFFFFFFFFFFFFFFF2B
:20F60000FFFFFFFFFFFFFFFFFFFFFFFFFFFFFFFFFFFFFFFFFFFFFFFFFFFFFFFFFFFFFFFF0A
:20F62000FFFFFFFFFFFFFFFFFFFFFFFFFFFFFFFFFFFFFFFFFFFFFFFFFFFFFFFFFFFFFFFFEA
:20F64000FFFFFFFFFFFFFFFFFFFFFFFFFFFFFFFFFFFFFFFFFFFFFFFFFFFFFFFFFFFFFFFFCA
:20F66000FFFFFFFFFFFFFFFFFFFFFFFFFFFFFFFFFFFFFFFFFFFFFFFFFFFFFFFFFFFFFFFFAA
:20F68000FFFFFFFFFFFFFFFFFFFFFFFFFFFFFFFFFFFFFFFFFFFFFFFFFFFFFFFFFFFFFFFF8A
:20F6A000FFFFFFFFFFFFFFFFFFFFFFFFFFFFFFFFFFFFFFFFFFFFFFFFFFFFFFFFFFFFFFFF6A
:20F6C000FFFFFFFFFFFFFFFFFFFFFFFFFFFFFFFFFFFFFFFFFFFFFFFFFFFFFFFFFFFFFFFF4A
:20F6E000FFFFFFFFFFFFFFFFFFFFFFFFFFFFFFFFFFFFFFFFFFFFFFFFFFFFFFFFFFFFFFFF2A
:20F70000FFFFFFFFFFFFFFFFFFFFFFFFFFFFFFFFFFFFFFFFFFFFFFFFFFFFFFFFFFFFFFFF09
:20F72000FFFFFFFFFFFFFFFFFFFFFFFFFFFFFFFFFFFFFFFFFFFFFFFFFFFFFFFFFFFFFFFFE9
:20F74000FFFFFFFFFFFFFFFFFFFFFFFFFFFFFFFFFFFFFFFFFFFFFFFFFFFFFFFFFFFFFFFFC9
:20F76000FFFFFFFFFFFFFFFFFFFFFFFFFFFFFFFFFFFFFFFFFFFFFFFFFFFFFFFFFFFFFFFFA9
:20F78000FFFFFFFFFFFFFFFFFFFFFFFFFFFFFFFFFFFFFFFFFFFFFFFFFFFFFFFFFFFFFFFF89
:20F7A000FFFFFFFFFFFFFFFFFFFFFFFFFFFFFFFFFFFFFFFFFFFFFFFFFFFFFFFFFFFFFFFF69
:20F7C000FFFFFFFFFFFFFFFFFFFFFFFFFFFFFFFFFFFFFFFFFFFFFFFFFFFFFFFFFFFFFFFF49
:20F7E000FFFFFFFFFFFFFFFFFFFFFFFFFFFFFFFFFFFFFFFFFFFFFFFFFFFFFFFF454E4B4FF8
:20F800004CF80008C0FF00084CF800084CF80008FFFFFFFFFFFFFFFFFFFFFFFFFFFFFFFF4D
:20F82000FFFFFFFFFFFFFFFFFFFFFFFFFFFFFFFFFFFFFFFFFFFFFFFFFFFFFFFFFFFFFFFFE8
:20F84000FFFFFFFFFFFFFFFFFFFFFFFFDC05E803FFFF2C011E00AA05FFFFF401640564052B
:20F860000000000010270000000000000000FFFF00000000E8030000000000000000000068
:20F8800000000100BA04010000040004000400040004FFFFFFFFFFFFFFFFFFFFFFFFFFFFA2
:20F8A000FFFFFFFFFFFFFFFFFFFFFFFFFFFFFFFFD007E80300000000000000000000000096
:20F8C0006400000000000300FFFFFFFFFFFFFFFFFFFFFFFFFFFFFFFF1000000401000200BA
:20F8E000FFFFFFFFFFFFFFFFFFFFFFFFFFFFFFFFFFFFFFFFFFFFFFFFFFFFFFFFFFFFFFFF28
:20F90000FFFFFFFFFFFFFFFFFFFF17028813A00FB80B7017FFFFFFFFFFFFFFFFFFFFFFFF50
:20F92000FFFFFFFFFFFFFFFFFFFFFFFFFFFFFFFFFFFFFFFFFFFFFFFFFFFFFFFF0000FFFFE5
:20F94000FFFFFFFF3B04FFFFFFFFFFFFFFFFFFFFFFFFFFFFFFFFFFFFFFFFFFFFFFFFFFFF86
:20F96000FFFFFFFFFFFFFFFFFFFFFFFFFFFFFFFFFFFFFFFF0000000000000000000000009B
:20F98000000000000000000000000000020001000000000000000000000000000000000064
:20F9A000FFFF00007B0000000000FFFFFFFFFFFFFFFFFFFFFFFFFFFFFFFFFFFFFFFFFFFFE4
:20F9C000FFFFFFFFFFFFFFFFFFFFFFFFFFFFFFFFFFFFFFFFFFFFFFFFFFFFFFFFFFFFFFFF47
:20F9E000FFFFFFFFFFFFFFFFFFFFFFFFFFFFFFFFFFFFFFFFFFFFFFFFFFFFFFFFFFFFFFFF27
:20FA0000FFFFFFFFFFFFFFFFFFFFFFFFFFFFFFFFFFFFFFFFFFFFFFFFFFFFFFFFFFFFFFFF06
:20FA2000FFFFFFFFFFFFFFFFFFFFFFFFFFFFFFFFFFFFFFFFFFFFFFFFFFFFFFFFFFFFFFFFE6
:20FA4000FFFFFFFFFFFFFFFFFFFFFFFFFFFFFFFFFFFFFFFFFFFFFFFFFFFFFFFFFFFFFFFFC6
:20FA6000FFFFFFFFFFFFFFFFFFFFFFFFFFFFFFFFFFFFFFFFFFFFFFFFFFFFFFFFFFFFFFFFA6
:20FA8000FFFFFFFFFFFFFFFFFFFFFFFFFFFFFFFFFFFFFFFFFFFFFFFFFFFFFFFFFFFFFFFF86
:20FAA000FFFFFFFFFFFFFFFFFFFFFFFFFFFFFFFFFFFFFFFFFFFFFFFFFFFFFFFFFFFFFFFF66
:20FAC000FFFFFFFFFFFFFFFFFFFFFFFFFFFFFFFFFFFFFFFFFFFFFFFFFFFFFFFFFFFFFFFF46
:20FAE000FFFFFFFFFFFFFFFFFFFFFFFFFFFFFFFFFFFFFFFFFFFFFFFFFFFFFFFFFFFFFFFF26
:20FB0000FFFFFFFFFFFFFFFFFFFFFFFFFFFFFFFFFFFFFFFFFFFFFFFFFFFFFFFFFFFFFFFF05
:20FB2000FFFFFFFFFFFFFFFFFFFFFFFFFFFFFFFFFFFFFFFFFFFFFFFFFFFFFFFFFFFFFFFFE5
:20FB4000FFFFFFFFFFFFFFFFFFFFFFFFFFFFFFFFFFFFFFFFFFFFFFFFFFFFFFFFFFFFFFFFC5
:20FB6000FFFFFFFFFFFFFFFFFFFFFFFFFFFFFFFFFFFFFFFFFFFFFFFFFFFFFFFFFFFFFFFFA5
:20FB8000FFFFFFFFFFFFFFFFFFFFFFFFFFFFFFFFFFFFFFFFFFFFFFFFFFFFFFFFFFFFFFFF85
:20FBA000FFFFFFFFFFFFFFFFFFFFFFFFFFFFFFFFFFFFFFFFFFFFFFFFFFFFFFFFFFFFFFFF65
:20FBC000FFFFFFFFFFFFFFFFFFFFFFFFFFFFFFFFFFFFFFFFFFFFFFFFFFFFFFFFFFFFFFFF45
:20FBE000FFFFFFFFFFFFFFFFFFFFFFFFFFFFFFFFFFFFFFFFFFFFFFFFFFFFFFFFFFFFFFFF25
:20FC0000FFFFFFFFFFFFFFFFFFFFFFFFFFFFFFFFFFFFFFFFFFFFFFFFFFFFFFFFFFFFFFFF04
:20FC2000FFFFFFFFFFFFFFFFFFFFFFFFFFFFFFFFFFFFFFFFFFFFFFFFFFFFFFFFFFFFFFFFE4
:20FC4000FFFFFFFFFFFFFFFFFFFFFFFFFFFFFFFFFFFFFFFFFFFFFFFFFFFFFFFFFFFFFFFFC4
:20FC6000FFFFFFFFFFFFFFFFFFFFFFFFFFFFFFFFFFFFFFFFFFFFFFFFFFFFFFFFFFFFFFFFA4
:20FC8000FFFFFFFFFFFFFFFFFFFFFFFFFFFFFFFFFFFFFFFFFFFFFFFFFFFFFFFFFFFFFFFF84
:20FCA000FFFFFFFFFFFFFFFFFFFFFFFFFFFFFFFFFFFFFFFFFFFFFFFFFFFFFFFFFFFFFFFF64
:20FCC000FFFFFFFFFFFFFFFFFFFFFFFFFFFFFFFFFFFFFFFFFFFFFFFFFFFFFFFFFFFFFFFF44
:20FCE000FFFFFFFFFFFFFFFFFFFFFFFFFFFFFFFFFFFFFFFFFFFFFFFFFFFFFFFFFFFFFFFF24
:20FD0000FFFFFFFFFFFFFFFFFFFFFFFFFFFFFFFFFFFFFFFFFFFFFFFFFFFFFFFFFFFFFFFF03
:20FD2000FFFFFFFFFFFFFFFFFFFFFFFFFFFFFFFFFFFFFFFFFFFFFFFFFFFFFFFFFFFFFFFFE3
:20FD4000FFFFFFFFFFFFFFFFFFFFFFFFFFFFFFFFFFFFFFFFFFFFFFFFFFFFFFFFFFFFFFFFC3
:20FD6000FFFFFFFFFFFFFFFFFFFFFFFFFFFFFFFFFFFFFFFFFFFFFFFFFFFFFFFFFFFFFFFFA3
:20FD8000FFFFFFFFFFFFFFFFFFFFFFFFFFFFFFFFFFFFFFFFFFFFFFFFFFFFFFFFFFFFFFFF83
:20FDA000FFFFFFFFFFFFFFFFFFFFFFFFFFFFFFFFFFFFFFFFFFFFFFFFFFFFFFFFFFFFFFFF63
:20FDC000FFFFFFFFFFFFFFFFFFFFFFFFFFFFFFFFFFFFFFFFFFFFFFFFFFFFFFFFFFFFFFFF43
:20FDE000FFFFFFFFFFFFFFFFFFFFFFFFFFFFFFFFFFFFFFFFFFFFFFFFFFFFFFFFFFFFFFFF23
:20FE0000FFFFFFFFFFFFFFFFFFFFFFFFFFFFFFFFFFFFFFFFFFFFFFFFFFFFFFFFFFFFFFFF02
:20FE2000FFFFFFFFFFFFFFFFFFFFFFFFFFFFFFFFFFFFFFFFFFFFFFFFFFFFFFFFFFFFFFFFE2
:20FE4000FFFFFFFFFFFFFFFFFFFFFFFFFFFFFFFFFFFFFFFFFFFFFFFFFFFFFFFFFFFFFFFFC2
:20FE6000FFFFFFFFFFFFFFFFFFFFFFFFFFFFFFFFFFFFFFFFFFFFFFFFFFFFFFFFFFFFFFFFA2
:20FE8000FFFFFFFFFFFFFFFFFFFFFFFFFFFFFFFFFFFFFFFFFFFFFFFFFFFFFFFFFFFFFFFF82
:20FEA000FFFFFFFFFFFFFFFFFFFFFFFFFFFFFFFFFFFFFFFFFFFFFFFFFFFFFFFFFFFFFFFF62
:20FEC000FFFFFFFFFFFFFFFFFFFFFFFFFFFFFFFFFFFFFFFFFFFFFFFFFFFFFFFFFFFFFFFF42
:20FEE000FFFFFFFFFFFFFFFFFFFFFFFFFFFFFFFFFFFFFFFFFFFFFFFFFFFFFFFFFFFFFFFF22
:20FF0000FFFFFFFFFFFFFFFFFFFFFFFFFFFFFFFFFFFFFFFFFFFFFFFFFFFFFFFFFFFFFFFF01
:20FF2000FFFFFFFFFFFFFFFFFFFFFFFFFFFFFFFFFFFFFFFFFFFFFFFFFFFFFFFFFFFFFFFFE1
:20FF4000FFFFFFFFFFFFFFFFFFFFFFFFFFFFFFFFFFFFFFFFFFFFFFFFFFFFFFFFFFFFFFFFC1
:20FF6000FFFFFFFFFFFFFFFFFFFFFFFFFFFFFFFFFFFFFFFFFFFFFFFFFFFFFFFFFFFFFFFFA1
:20FF8000FFFFFFFFFFFFFFFFFFFFFFFFFFFFFFFFFFFFFFFFFFFFFFFFFFFFFFFFFFFFFFFF81
:20FFA000FFFFFFFFFFFFFFFFFFFFFFFFFFFFFFFFFFFFFFFFFFFFFFFFFFFFFFFFFFFFFFFF61
:20FFC0007B007B007B007B007B007B007B007B007B007B007B007B007B007B007B007B0071
:20FFE0007B007B007B007B007B007B007B007B007B007B007B007B007B007B007B007B0051
:00000001FF
